[
    {
        "index": 0,
        "step": "(*\n * Copyright 2020, Data61, CSIRO (ABN 41 687 119 230)\n *\n * SPDX-License-Identifier: BSD-2-Clause\n *)\n\n",
        "output": "",
        "raw_output": "",
        "step_time": 0.006251335144042969
    },
    {
        "index": 1,
        "step": "theory Less_Monad_Syntax (* use instead of HOL-Library.Monad_Syntax *)\n  imports \"HOL-Library.Monad_Syntax\"\nbegin",
        "output": "",
        "raw_output": "",
        "step_time": 0.00634002685546875
    },
    {
        "index": 2,
        "step": "\n\n(* remove >> from Monad_Syntax, clashes with word shift *)\n",
        "output": "",
        "raw_output": "",
        "step_time": 0.005297183990478516
    },
    {
        "index": 3,
        "step": "no_syntax\n  \"_thenM\" :: \"['a, 'b] \\<Rightarrow> 'c\" (infixl \">>\" 54)",
        "output": "",
        "raw_output": "",
        "step_time": 0.04675579071044922
    },
    {
        "index": 4,
        "step": "\n\n(* remove input version of >>= from Monad_Syntax, avoid clash with Nondet_Monad *)\n",
        "output": "",
        "raw_output": "",
        "step_time": 0.0050640106201171875
    },
    {
        "index": 5,
        "step": "no_notation\n  Monad_Syntax.bind (infixl \">>=\" 54)",
        "output": "",
        "raw_output": "",
        "step_time": 0.008761882781982422
    },
    {
        "index": 6,
        "step": "\n\n(* use ASCII >>= instead of \\<bind> *)\n",
        "output": "",
        "raw_output": "",
        "step_time": 0.005124568939208984
    },
    {
        "index": 7,
        "step": "notation (output)\n  bind_do (infixl \">>=\" 54)",
        "output": "",
        "raw_output": "",
        "step_time": 0.005368947982788086
    },
    {
        "index": 8,
        "step": "\n\n(* enable pretty printing for do { .. } syntax globally *)\n",
        "output": "",
        "raw_output": "",
        "step_time": 0.0041484832763671875
    },
    {
        "index": 9,
        "step": "translations\n  \"CONST bind_do\" <= \"CONST bind\"",
        "output": "",
        "raw_output": "",
        "step_time": 0.04709792137145996
    },
    {
        "index": 10,
        "step": "end",
        "output": "",
        "raw_output": "",
        "step_time": 0.007678985595703125
    }
]