[
    {
        "index": 0,
        "step": "(*\n * Copyright 2020, Data61, CSIRO (ABN 41 687 119 230)\n *\n * SPDX-License-Identifier: BSD-2-Clause\n *)\n\n",
        "output": "",
        "raw_output": "",
        "step_time": 0.008825063705444336
    },
    {
        "index": 1,
        "step": "section \\<open>Manipulating Hoare Logic Assertions\\<close>",
        "output": "",
        "raw_output": "",
        "step_time": 0.0060002803802490234
    },
    {
        "index": 2,
        "step": "theory Strengthen\nimports Main\nbegin",
        "output": "",
        "raw_output": "",
        "step_time": 0.010117053985595703
    },
    {
        "index": 3,
        "step": "text \\<open>Implementation of the @{text strengthen} tool and the @{text mk_strg}\nattribute. See the theory @{text Strengthen_Demo} for a demonstration.\\<close>",
        "output": "",
        "raw_output": "",
        "step_time": 0.005461692810058594
    },
    {
        "index": 4,
        "step": "locale strengthen_implementation begin",
        "output": "",
        "raw_output": "",
        "step_time": 0.005115509033203125
    },
    {
        "index": 5,
        "step": "definition \"st P rel x y = (x = y \\<or> (P \\<and> rel x y) \\<or> (\\<not> P \\<and> rel y x))\"",
        "output": "",
        "raw_output": "",
        "step_time": 0.05085134506225586
    },
    {
        "index": 6,
        "step": "definition\n  st_prop1 :: \"prop \\<Rightarrow> prop \\<Rightarrow> prop\"\nwhere\n  \"st_prop1 (PROP P) (PROP Q) \\<equiv> (PROP Q \\<Longrightarrow> PROP P)\"",
        "output": "",
        "raw_output": "",
        "step_time": 0.014348745346069336
    },
    {
        "index": 7,
        "step": "definition\n  st_prop2 :: \"prop \\<Rightarrow> prop \\<Rightarrow> prop\"\nwhere\n  \"st_prop2 (PROP P) (PROP Q) \\<equiv> (PROP P \\<Longrightarrow> PROP Q)\"",
        "output": "",
        "raw_output": "",
        "step_time": 0.013444185256958008
    },
    {
        "index": 8,
        "step": "definition \"failed == True\"",
        "output": "",
        "raw_output": "",
        "step_time": 0.01304483413696289
    },
    {
        "index": 9,
        "step": "definition elim :: \"prop \\<Rightarrow> prop\"\nwhere\n \"elim (P :: prop) == P\"",
        "output": "",
        "raw_output": "",
        "step_time": 0.011898517608642578
    },
    {
        "index": 10,
        "step": "definition \"oblig (P :: prop) == P\"",
        "output": "",
        "raw_output": "",
        "step_time": 0.012946128845214844
    },
    {
        "index": 11,
        "step": "end",
        "output": "",
        "raw_output": "",
        "step_time": 0.006070137023925781
    },
    {
        "index": 12,
        "step": "notation strengthen_implementation.elim (\"{elim| _ |}\")",
        "output": "",
        "raw_output": "",
        "step_time": 0.00772404670715332
    },
    {
        "index": 13,
        "step": "notation strengthen_implementation.oblig (\"{oblig| _ |}\")",
        "output": "",
        "raw_output": "",
        "step_time": 0.006242275238037109
    },
    {
        "index": 14,
        "step": "notation strengthen_implementation.failed (\"<strg-failed>\")",
        "output": "",
        "raw_output": "",
        "step_time": 0.006165266036987305
    },
    {
        "index": 15,
        "step": "syntax\n  \"_ap_strg_bool\" :: \"['a, 'a] => 'a\"  (\"_ =strg<--|=> _\")\n  \"_ap_wkn_bool\" :: \"['a, 'a] => 'a\"  (\"_ =strg-->|=> _\")\n  \"_ap_ge_bool\" :: \"['a, 'a] => 'a\"  (\"_ =strg<=|=> _\")\n  \"_ap_le_bool\" :: \"['a, 'a] => 'a\"  (\"_ =strg>=|=> _\")",
        "output": "",
        "raw_output": "",
        "step_time": 0.05663299560546875
    },
    {
        "index": 16,
        "step": "syntax(xsymbols)\n  \"_ap_strg_bool\" :: \"['a, 'a] => 'a\"  (\"_ =strg\\<longleftarrow>|=> _\")\n  \"_ap_wkn_bool\" :: \"['a, 'a] => 'a\"  (\"_ =strg\\<longrightarrow>|=> _\")\n  \"_ap_ge_bool\" :: \"['a, 'a] => 'a\"  (\"_ =strg\\<le>|=> _\")\n  \"_ap_le_bool\" :: \"['a, 'a] => 'a\"  (\"_ =strg\\<ge>|=> _\")",
        "output": "",
        "raw_output": "",
        "step_time": 0.0128631591796875
    },
    {
        "index": 17,
        "step": "translations\n  \"P =strg\\<longleftarrow>|=> Q\" == \"CONST strengthen_implementation.st (CONST False) (CONST HOL.implies) P Q\"\n  \"P =strg\\<longrightarrow>|=> Q\" == \"CONST strengthen_implementation.st (CONST True) (CONST HOL.implies) P Q\"\n  \"P =strg\\<le>|=> Q\" == \"CONST strengthen_implementation.st (CONST False) (CONST Orderings.less_eq) P Q\"\n  \"P =strg\\<ge>|=> Q\" == \"CONST strengthen_implementation.st (CONST True) (CONST Orderings.less_eq) P Q\"",
        "output": "",
        "raw_output": "",
        "step_time": 0.017781972885131836
    },
    {
        "index": 18,
        "step": "context strengthen_implementation begin",
        "output": "",
        "raw_output": "",
        "step_time": 0.013639688491821289
    },
    {
        "index": 19,
        "step": "lemma failedI:\n  \"<strg-failed>\"",
        "output": "",
        "raw_output": "proof (prove)\ngoal (1 subgoal):\n 1. <strg-failed>",
        "step_time": 0.00822138786315918
    },
    {
        "index": 20,
        "step": "by (simp add: failed_def)",
        "output": "",
        "raw_output": "",
        "step_time": 0.008109092712402344
    },
    {
        "index": 21,
        "step": "lemma strengthen_refl:\n  \"st P rel x x\"",
        "output": "",
        "raw_output": "proof (prove)\ngoal (1 subgoal):\n 1. st P rel x x",
        "step_time": 0.010094881057739258
    },
    {
        "index": 22,
        "step": "by (simp add: st_def)",
        "output": "",
        "raw_output": "",
        "step_time": 0.01036977767944336
    },
    {
        "index": 23,
        "step": "lemma st_prop_refl:\n  \"PROP (st_prop1 (PROP P) (PROP P))\"\n  \"PROP (st_prop2 (PROP P) (PROP P))\"",
        "output": "",
        "raw_output": "proof (prove)\ngoal (1 subgoal):\n 1. st_prop1 PROP P PROP P &&& st_prop2 PROP P PROP P",
        "step_time": 0.010734081268310547
    },
    {
        "index": 24,
        "step": "unfolding st_prop1_def st_prop2_def",
        "output": "",
        "raw_output": "proof (prove)\ngoal (1 subgoal):\n 1. (PROP P \\<Longrightarrow> PROP P) &&& (PROP P \\<Longrightarrow> PROP P)",
        "step_time": 0.007881402969360352
    },
    {
        "index": 25,
        "step": "by safe",
        "output": "",
        "raw_output": "",
        "step_time": 0.007693767547607422
    },
    {
        "index": 26,
        "step": "lemma strengthenI:\n  \"rel x y \\<Longrightarrow> st True rel x y\"\n  \"rel y x \\<Longrightarrow> st False rel x y\"",
        "output": "",
        "raw_output": "proof (prove)\ngoal (1 subgoal):\n 1. (rel x y \\<Longrightarrow> st True rel x y) &&& (rel y x \\<Longrightarrow> st False rel x y)",
        "step_time": 0.013554811477661133
    },
    {
        "index": 27,
        "step": "by (simp_all add: st_def)",
        "output": "",
        "raw_output": "",
        "step_time": 0.010097742080688477
    },
    {
        "index": 28,
        "step": "lemmas imp_to_strengthen = strengthenI(2)[where rel=\"(\\<longrightarrow>)\"]",
        "output": "",
        "raw_output": "",
        "step_time": 0.008643865585327148
    },
    {
        "index": 29,
        "step": "lemmas rev_imp_to_strengthen = strengthenI(1)[where rel=\"(\\<longrightarrow>)\"]",
        "output": "",
        "raw_output": "",
        "step_time": 0.008594512939453125
    },
    {
        "index": 30,
        "step": "lemmas ord_to_strengthen = strengthenI[where rel=\"(\\<le>)\"]",
        "output": "",
        "raw_output": "",
        "step_time": 0.009924888610839844
    },
    {
        "index": 31,
        "step": "lemma use_strengthen_imp:\n  \"st False (\\<longrightarrow>) Q P \\<Longrightarrow> P \\<Longrightarrow> Q\"",
        "output": "",
        "raw_output": "proof (prove)\ngoal (1 subgoal):\n 1. \\<lbrakk>Q =strg<--|=> P; P\\<rbrakk> \\<Longrightarrow> Q",
        "step_time": 0.010925769805908203
    },
    {
        "index": 32,
        "step": "by (simp add: st_def)",
        "output": "",
        "raw_output": "",
        "step_time": 0.011017799377441406
    },
    {
        "index": 33,
        "step": "lemma use_strengthen_prop_elim:\n  \"PROP P \\<Longrightarrow> PROP (st_prop2 (PROP P) (PROP Q))\n    \\<Longrightarrow> (PROP Q \\<Longrightarrow> PROP R) \\<Longrightarrow> PROP R\"",
        "output": "",
        "raw_output": "proof (prove)\ngoal (1 subgoal):\n 1. \\<lbrakk>PROP P; st_prop2 PROP P PROP Q; PROP Q \\<Longrightarrow> PROP R\\<rbrakk> \\<Longrightarrow> PROP R",
        "step_time": 0.010363101959228516
    },
    {
        "index": 34,
        "step": "unfolding st_prop2_def",
        "output": "",
        "raw_output": "proof (prove)\ngoal (1 subgoal):\n 1. \\<lbrakk>PROP P; PROP P \\<Longrightarrow> PROP Q; PROP Q \\<Longrightarrow> PROP R\\<rbrakk> \\<Longrightarrow> PROP R",
        "step_time": 0.007187843322753906
    },
    {
        "index": 35,
        "step": "apply (drule(1) meta_mp)+",
        "output": "",
        "raw_output": "proof (prove)\ngoal (1 subgoal):\n 1. \\<lbrakk>PROP P; PROP Q; PROP R\\<rbrakk> \\<Longrightarrow> PROP R",
        "step_time": 0.005785703659057617
    },
    {
        "index": 36,
        "step": "apply assumption",
        "output": "",
        "raw_output": "proof (prove)\ngoal:\nNo subgoals!",
        "step_time": 0.005816459655761719
    },
    {
        "index": 37,
        "step": "done",
        "output": "",
        "raw_output": "",
        "step_time": 0.0071375370025634766
    },
    {
        "index": 38,
        "step": "lemma strengthen_Not:\n  \"st False rel x y \\<Longrightarrow> st (\\<not> True) rel x y\"\n  \"st True rel x y \\<Longrightarrow> st (\\<not> False) rel x y\"",
        "output": "",
        "raw_output": "proof (prove)\ngoal (1 subgoal):\n 1. (st False rel x y \\<Longrightarrow> st (\\<not> True) rel x y) &&& (st True rel x y \\<Longrightarrow> st (\\<not> False) rel x y)",
        "step_time": 0.015548944473266602
    },
    {
        "index": 39,
        "step": "by auto",
        "output": "",
        "raw_output": "",
        "step_time": 0.00924372673034668
    },
    {
        "index": 40,
        "step": "lemmas gather =\n    swap_prems_eq[where A=\"PROP (Trueprop P)\" and B=\"PROP (elim Q)\" for P Q]\n    swap_prems_eq[where A=\"PROP (Trueprop P)\" and B=\"PROP (oblig Q)\" for P Q]",
        "output": "",
        "raw_output": "",
        "step_time": 0.009225606918334961
    },
    {
        "index": 41,
        "step": "lemma mk_True_imp:\n  \"P \\<equiv> True \\<longrightarrow> P\"",
        "output": "",
        "raw_output": "proof (prove)\ngoal (1 subgoal):\n 1. P \\<equiv> True \\<longrightarrow> P",
        "step_time": 0.007996797561645508
    },
    {
        "index": 42,
        "step": "by simp",
        "output": "",
        "raw_output": "",
        "step_time": 0.007551431655883789
    },
    {
        "index": 43,
        "step": "lemma narrow_quant:\n  \"(\\<And>x. PROP P \\<Longrightarrow> PROP (Q x)) \\<equiv> (PROP P \\<Longrightarrow> (\\<And>x. PROP (Q x)))\"\n  \"(\\<And>x. (R \\<longrightarrow> S x)) \\<equiv> PROP (Trueprop (R \\<longrightarrow> (\\<forall>x. S x)))\"\n  \"(\\<And>x. (S x \\<longrightarrow> R)) \\<equiv> PROP (Trueprop ((\\<exists>x. S x) \\<longrightarrow> R))\"",
        "output": "",
        "raw_output": "proof (prove)\ngoal (1 subgoal):\n 1. ((\\<And>x. PROP P \\<Longrightarrow> PROP Q x) \\<equiv> (PROP P \\<Longrightarrow> (\\<And>x. PROP Q x))) &&& ((\\<And>x. R \\<longrightarrow> S x) \\<equiv> R \\<longrightarrow> (\\<forall>x. S x)) &&& (\\<And>x. S x \\<longrightarrow> R) \\<equiv> (\\<exists>x. S x) \\<longrightarrow> R",
        "step_time": 0.016222238540649414
    },
    {
        "index": 44,
        "step": "apply (simp_all add: atomize_all)",
        "output": "",
        "raw_output": "proof (prove)\ngoal (1 subgoal):\n 1. (\\<And>x. PROP P \\<Longrightarrow> PROP Q x) \\<equiv> (PROP P \\<Longrightarrow> (\\<And>x. PROP Q x))",
        "step_time": 0.009686946868896484
    },
    {
        "index": 45,
        "step": "apply rule",
        "output": "",
        "raw_output": "proof (prove)\ngoal (2 subgoals):\n 1. \\<And>x. \\<lbrakk>\\<And>x. PROP P \\<Longrightarrow> PROP Q x; PROP P\\<rbrakk> \\<Longrightarrow> PROP Q x\n 2. \\<And>x. \\<lbrakk>\\<And>x. PROP P \\<Longrightarrow> PROP Q x; PROP P\\<rbrakk> \\<Longrightarrow> PROP Q x",
        "step_time": 0.00738978385925293
    },
    {
        "index": 46,
        "step": "apply assumption",
        "output": "",
        "raw_output": "proof (prove)\ngoal (1 subgoal):\n 1. \\<And>x. \\<lbrakk>\\<And>x. PROP P \\<Longrightarrow> PROP Q x; PROP P\\<rbrakk> \\<Longrightarrow> PROP Q x",
        "step_time": 0.006621122360229492
    },
    {
        "index": 47,
        "step": "apply assumption",
        "output": "",
        "raw_output": "proof (prove)\ngoal:\nNo subgoals!",
        "step_time": 0.00637364387512207
    },
    {
        "index": 48,
        "step": "done",
        "output": "",
        "raw_output": "",
        "step_time": 0.009291648864746094
    },
    {
        "index": 49,
        "step": "ML \\<open>\nstructure Make_Strengthen_Rule = struct\n\nfun binop_conv' cv1 cv2 = Conv.combination_conv (Conv.arg_conv cv1) cv2;\n\nval mk_elim = Conv.rewr_conv @{thm elim_def[symmetric]}\nval mk_oblig = Conv.rewr_conv @{thm oblig_def[symmetric]}\n\nfun count_vars t = Term.fold_aterms\n    (fn (Var v) => Termtab.map_default (Var v, 0) (fn x => x + 1)\n        | _ => I) t Termtab.empty\n\nfun gather_to_imp ctxt drule pattern = let\n    val pattern = (if drule then \"D\" :: pattern else pattern)\n    fun inner pat ct = case (head_of (Thm.term_of ct), pat) of\n        (@{term Pure.imp}, (\"E\" :: pat)) => binop_conv' mk_elim (inner pat) ct\n      | (@{term Pure.imp}, (\"A\" :: pat)) => binop_conv' mk_elim (inner pat) ct\n      | (@{term Pure.imp}, (\"O\" :: pat)) => binop_conv' mk_oblig (inner pat) ct\n      | (@{term Pure.imp}, _) => binop_conv' (Object_Logic.atomize ctxt) (inner (drop 1 pat)) ct\n      | (_, []) => Object_Logic.atomize ctxt ct\n      | (_, pat) => raise THM (\"gather_to_imp: leftover pattern: \" ^ commas pat, 1, [])\n    fun simp thms = Raw_Simplifier.rewrite ctxt false thms\n    fun ensure_imp ct = case strip_comb (Thm.term_of ct) |> apsnd (map head_of)\n     of\n        (@{term Pure.imp}, _) => Conv.arg_conv ensure_imp ct\n      | (@{term HOL.Trueprop}, [@{term HOL.implies}]) => Conv.all_conv ct\n      | (@{term HOL.Trueprop}, _) => Conv.arg_conv (Conv.rewr_conv @{thm mk_True_imp}) ct\n      | _ => raise CTERM (\"gather_to_imp\", [ct])\n    val gather = simp @{thms gather}\n        then_conv (if drule then Conv.all_conv else simp @{thms atomize_conjL})\n        then_conv simp @{thms atomize_imp}\n        then_conv ensure_imp\n  in Conv.fconv_rule (inner pattern then_conv gather) end\n\nfun imp_list t = let\n    val (x, y) = Logic.dest_implies t\n  in x :: imp_list y end handle TERM _ => [t]\n\nfun mk_ex (xnm, T) t = HOLogic.exists_const T $ Term.lambda (Var (xnm, T)) t\nfun mk_all (xnm, T) t = HOLogic.all_const T $ Term.lambda (Var (xnm, T)) t\n\nfun quantify_vars ctxt drule thm = let\n    val (lhs, rhs) = Thm.concl_of thm |> HOLogic.dest_Trueprop\n      |> HOLogic.dest_imp\n    val all_vars = count_vars (Thm.prop_of thm)\n    val new_vars = count_vars (if drule then rhs else lhs)\n    val quant = filter (fn v => Termtab.lookup new_vars v = Termtab.lookup all_vars v)\n            (Termtab.keys new_vars)\n        |> map (Thm.cterm_of ctxt)\n  in fold Thm.forall_intr quant thm\n    |> Conv.fconv_rule (Raw_Simplifier.rewrite ctxt false @{thms narrow_quant})\n  end\n\nfun mk_strg (typ, pat) ctxt thm = let\n    val drule = typ = \"D\" orelse typ = \"D'\"\n    val imp = gather_to_imp ctxt drule pat thm\n      |> (if typ = \"I'\" orelse typ = \"D'\"\n          then quantify_vars ctxt drule else I)\n  in if typ = \"I\" orelse typ = \"I'\"\n    then imp RS @{thm imp_to_strengthen}\n    else if drule then imp RS @{thm rev_imp_to_strengthen}\n    else if typ = \"lhs\" then imp RS @{thm ord_to_strengthen(1)}\n    else if typ = \"rhs\" then imp RS @{thm ord_to_strengthen(2)}\n    else raise THM (\"mk_strg: unknown type: \" ^ typ, 1, [thm])\n end\n\nfun auto_mk ctxt thm = let\n    val concl_C = try (fst o dest_Const o head_of\n        o HOLogic.dest_Trueprop) (Thm.concl_of thm)\n  in case (Thm.nprems_of thm, concl_C) of\n    (_, SOME @{const_name failed}) => thm\n  | (_, SOME @{const_name st}) => thm\n  | (0, SOME @{const_name HOL.implies}) => (thm RS @{thm imp_to_strengthen}\n      handle THM _ => @{thm failedI})\n  | _ => mk_strg (\"I'\", []) ctxt thm\n  end\n\nfun mk_strg_args (SOME (typ, pat)) ctxt thm = mk_strg (typ, pat) ctxt thm\n  | mk_strg_args NONE ctxt thm = auto_mk ctxt thm\n\nval arg_pars = Scan.option (Scan.first (map Args.$$$ [\"I\", \"I'\", \"D\", \"D'\", \"lhs\", \"rhs\"])\n  -- Scan.repeat (Args.$$$ \"A\" || Args.$$$ \"E\" || Args.$$$ \"O\" || Args.$$$ \"_\"))\n\nval attr_pars : attribute context_parser\n    = (Scan.lift arg_pars -- Args.context)\n        >> (fn (args, ctxt) => Thm.rule_attribute [] (K (mk_strg_args args ctxt)))\n\n\nend\n\\<close>",
        "output": "",
        "raw_output": "",
        "step_time": 0.08328604698181152
    },
    {
        "index": 50,
        "step": "end",
        "output": "",
        "raw_output": "",
        "step_time": 0.007544755935668945
    },
    {
        "index": 51,
        "step": "attribute_setup mk_strg = \\<open>Make_Strengthen_Rule.attr_pars\\<close>\n          \"put rule in 'strengthen' form (see theory Strengthen_Demo)\"",
        "output": "",
        "raw_output": "",
        "step_time": 0.0178530216217041
    },
    {
        "index": 52,
        "step": "text \\<open>Quick test.\\<close>",
        "output": "",
        "raw_output": "",
        "step_time": 0.008075237274169922
    },
    {
        "index": 53,
        "step": "lemmas foo = nat.induct[mk_strg I O O]\n    nat.induct[mk_strg D O]\n    nat.induct[mk_strg I' E]\n    exI[mk_strg I'] exI[mk_strg I]",
        "output": "",
        "raw_output": "",
        "step_time": 0.013866662979125977
    },
    {
        "index": 54,
        "step": "context strengthen_implementation begin",
        "output": "",
        "raw_output": "",
        "step_time": 0.012951850891113281
    },
    {
        "index": 55,
        "step": "lemma do_elim:\n  \"PROP P \\<Longrightarrow> PROP elim (PROP P)\"",
        "output": "",
        "raw_output": "proof (prove)\ngoal (1 subgoal):\n 1. PROP P \\<Longrightarrow> {elim| PROP P |}",
        "step_time": 0.00885009765625
    },
    {
        "index": 56,
        "step": "by (simp add: elim_def)",
        "output": "",
        "raw_output": "",
        "step_time": 0.0081787109375
    },
    {
        "index": 57,
        "step": "lemma intro_oblig:\n  \"PROP P \\<Longrightarrow> PROP oblig (PROP P)\"",
        "output": "",
        "raw_output": "proof (prove)\ngoal (1 subgoal):\n 1. PROP P \\<Longrightarrow> {oblig| PROP P |}",
        "step_time": 0.00840306282043457
    },
    {
        "index": 58,
        "step": "by (simp add: oblig_def)",
        "output": "",
        "raw_output": "",
        "step_time": 0.008221149444580078
    },
    {
        "index": 59,
        "step": "ML \\<open>\n\nstructure Strengthen = struct\n\nstructure Congs = Theory_Data\n(struct\n    type T = thm list\n    val empty = []\n    val merge = Thm.merge_thms;\nend);\n\nval tracing = Attrib.config_bool @{binding strengthen_trace} (K false)\n\nfun map_context_total f (Context.Theory t) = (Context.Theory (f t))\n  | map_context_total f (Context.Proof p)\n    = (Context.Proof (Context.raw_transfer (f (Proof_Context.theory_of p)) p))\n\nval strg_add = Thm.declaration_attribute\n        (fn thm => map_context_total (Congs.map (Thm.add_thm thm)));\n\nval strg_del = Thm.declaration_attribute\n        (fn thm => map_context_total (Congs.map (Thm.del_thm thm)));\n\nval setup =\n  Attrib.setup @{binding \"strg\"} (Attrib.add_del strg_add strg_del)\n    \"strengthening congruence rules\"\n    #> snd tracing;\n\nfun goal_predicate t = let\n    val gl = Logic.strip_assums_concl t\n    val cn = head_of #> dest_Const #> fst\n  in if cn gl = @{const_name oblig} then \"oblig\"\n    else if cn gl = @{const_name elim} then \"elim\"\n    else if cn gl = @{const_name st_prop1} then \"st_prop1\"\n    else if cn gl = @{const_name st_prop2} then \"st_prop2\"\n    else if cn (HOLogic.dest_Trueprop gl) = @{const_name st} then \"st\"\n    else \"\"\n  end handle TERM _ => \"\"\n\nfun do_elim ctxt = SUBGOAL (fn (t, i) => if goal_predicate t = \"elim\"\n    then eresolve_tac ctxt @{thms do_elim} i else all_tac)\n\nfun final_oblig_strengthen ctxt = SUBGOAL (fn (t, i) => case goal_predicate t of\n    \"oblig\" => resolve_tac ctxt @{thms intro_oblig} i\n  | \"st\" => resolve_tac ctxt @{thms strengthen_refl} i\n  | \"st_prop1\" => resolve_tac ctxt @{thms st_prop_refl} i\n  | \"st_prop2\" => resolve_tac ctxt @{thms st_prop_refl} i\n  | _ => all_tac)\n\ninfix 1 THEN_TRY_ALL_NEW;\n\n(* Like THEN_ALL_NEW but allows failure, although at least one subsequent\n   method must succeed. *)\nfun (tac1 THEN_TRY_ALL_NEW tac2) i st = let\n    fun inner b j st = if i > j then (if b then all_tac else no_tac) st\n      else ((tac2 j THEN inner true (j - 1)) ORELSE inner b (j - 1)) st\n  in st |> (tac1 i THEN (fn st' =>\n    inner false (i + Thm.nprems_of st' - Thm.nprems_of st) st')) end\n\nfun maybe_trace_tac false _ _ = K all_tac\n  | maybe_trace_tac true ctxt msg = SUBGOAL (fn (t, _) => let\n    val tr = Pretty.big_list msg [Syntax.pretty_term ctxt t]\n  in\n    Pretty.writeln tr;\n    all_tac\n  end)\n\nfun maybe_trace_rule false _ _ rl = rl\n  | maybe_trace_rule true ctxt msg rl = let\n    val tr = Pretty.big_list msg [Syntax.pretty_term ctxt (Thm.prop_of rl)]\n  in\n    Pretty.writeln tr;\n    rl\n  end\n\ntype params = {trace : bool, once : bool}\n\nfun params once ctxt = {trace = Config.get ctxt (fst tracing), once = once}\n\nfun apply_tac_as_strg ctxt (params : params) (tac : tactic)\n  = SUBGOAL (fn (t, i) => case Logic.strip_assums_concl t of\n      @{term Trueprop} $ (@{term \"st False (\\<longrightarrow>)\"} $ x $ _)\n      => let\n    val triv = Thm.trivial (Thm.cterm_of ctxt (HOLogic.mk_Trueprop x))\n    val trace = #trace params\n  in\n    fn thm => tac triv\n        |> Seq.map (maybe_trace_rule trace ctxt \"apply_tac_as_strg: making strg\")\n        |> Seq.maps (Seq.try (Make_Strengthen_Rule.auto_mk ctxt))\n        |> Seq.maps (fn str_rl => resolve_tac ctxt [str_rl] i thm)\n  end | _ => no_tac)\n\nfun opt_tac f (SOME v) = f v\n  | opt_tac _ NONE = K no_tac\n\nfun apply_strg ctxt (params : params) congs rules tac = EVERY' [\n    maybe_trace_tac (#trace params) ctxt \"apply_strg\",\n    DETERM o TRY o resolve_tac ctxt @{thms strengthen_Not},\n    DETERM o ((resolve_tac ctxt rules THEN_ALL_NEW do_elim ctxt)\n        ORELSE' (opt_tac (apply_tac_as_strg ctxt params) tac)\n        ORELSE' (resolve_tac ctxt congs THEN_TRY_ALL_NEW\n            (fn i => apply_strg ctxt params congs rules tac i)))\n]\n\nfun setup_strg ctxt params thms meths = let\n    val congs = Congs.get (Proof_Context.theory_of ctxt)\n    val rules = map (Make_Strengthen_Rule.auto_mk ctxt) thms\n    val tac = case meths of [] => NONE\n      | _ => SOME (FIRST (map (fn meth => NO_CONTEXT_TACTIC ctxt\n        (Method.evaluate meth ctxt [])) meths))\n  in apply_strg ctxt params congs rules tac\n        THEN_ALL_NEW final_oblig_strengthen ctxt end\n\nfun strengthen ctxt asm concl thms meths = let\n    val strg = setup_strg ctxt (params false ctxt) thms meths\n  in\n    (if not concl then K no_tac\n        else resolve_tac ctxt @{thms use_strengthen_imp} THEN' strg)\n    ORELSE' (if not asm then K no_tac\n        else eresolve_tac ctxt @{thms use_strengthen_prop_elim} THEN' strg)\n  end\n\nfun default_strengthen ctxt thms = strengthen ctxt false true thms []\n\nval strengthen_args =\n  Attrib.thms >> curry (fn (rules, ctxt) =>\n    Method.CONTEXT_METHOD (fn _ =>\n      Method.RUNTIME (CONTEXT_TACTIC\n        (strengthen ctxt false true rules [] 1))\n    )\n  );\n\nval strengthen_asm_args =\n  Attrib.thms >> curry (fn (rules, ctxt) =>\n    Method.CONTEXT_METHOD (fn _ =>\n      Method.RUNTIME (CONTEXT_TACTIC\n        (strengthen ctxt true false rules [] 1))\n    )\n  );\n\nval strengthen_method_args =\n  Method.text_closure >> curry (fn (meth, ctxt) =>\n    Method.CONTEXT_METHOD (fn _ =>\n      Method.RUNTIME (CONTEXT_TACTIC\n        (strengthen ctxt true true [] [meth] 1))\n    )\n  );\n\nend\n\n\\<close>",
        "output": "",
        "raw_output": "",
        "step_time": 0.10866785049438477
    },
    {
        "index": 60,
        "step": "end",
        "output": "",
        "raw_output": "",
        "step_time": 0.008551836013793945
    },
    {
        "index": 61,
        "step": "setup \"Strengthen.setup\"",
        "output": "",
        "raw_output": "",
        "step_time": 0.008646011352539062
    },
    {
        "index": 62,
        "step": "method_setup strengthen = \\<open>Strengthen.strengthen_args\\<close>\n  \"strengthen the goal (see theory Strengthen_Demo)\"",
        "output": "",
        "raw_output": "",
        "step_time": 0.011155128479003906
    },
    {
        "index": 63,
        "step": "method_setup strengthen_asm = \\<open>Strengthen.strengthen_asm_args\\<close>\n  \"apply ''strengthen'' to weaken an assumption\"",
        "output": "",
        "raw_output": "",
        "step_time": 0.01219034194946289
    },
    {
        "index": 64,
        "step": "method_setup strengthen_method = \\<open>Strengthen.strengthen_method_args\\<close>\n  \"use an argument method in ''strengthen'' sites\"",
        "output": "",
        "raw_output": "",
        "step_time": 0.012235879898071289
    },
    {
        "index": 65,
        "step": "text \\<open>Important strengthen congruence rules.\\<close>",
        "output": "",
        "raw_output": "",
        "step_time": 0.00786137580871582
    },
    {
        "index": 66,
        "step": "context strengthen_implementation begin",
        "output": "",
        "raw_output": "",
        "step_time": 0.012503385543823242
    },
    {
        "index": 67,
        "step": "lemma strengthen_imp_imp[simp]:\n  \"st True (\\<longrightarrow>) A B = (A \\<longrightarrow> B)\"\n  \"st False (\\<longrightarrow>) A B = (B \\<longrightarrow> A)\"",
        "output": "",
        "raw_output": "proof (prove)\ngoal (1 subgoal):\n 1. A =strg-->|=> B = (A \\<longrightarrow> B) &&& A =strg<--|=> B = (B \\<longrightarrow> A)",
        "step_time": 0.010050773620605469
    },
    {
        "index": 68,
        "step": "by (simp_all add: st_def)",
        "output": "",
        "raw_output": "",
        "step_time": 0.01008296012878418
    },
    {
        "index": 69,
        "step": "abbreviation(input)\n  \"st_ord t \\<equiv> st t ((\\<le>) :: ('a :: preorder) \\<Rightarrow> _)\"",
        "output": "",
        "raw_output": "",
        "step_time": 0.009178638458251953
    },
    {
        "index": 70,
        "step": "lemma strengthen_imp_ord[simp]:\n  \"st_ord True A B = (A \\<le> B)\"\n  \"st_ord False A B = (B \\<le> A)\"",
        "output": "",
        "raw_output": "proof (prove)\ngoal (1 subgoal):\n 1. A =strg>=|=> B = (A \\<le> B) &&& A =strg<=|=> B = (B \\<le> A)",
        "step_time": 0.011292219161987305
    },
    {
        "index": 71,
        "step": "by (auto simp add: st_def)",
        "output": "",
        "raw_output": "",
        "step_time": 0.011063575744628906
    },
    {
        "index": 72,
        "step": "lemma strengthen_imp_conj [strg]:\n  \"\\<lbrakk> A' \\<Longrightarrow> st F (\\<longrightarrow>) B B'; B \\<Longrightarrow> st F (\\<longrightarrow>) A A' \\<rbrakk>\n    \\<Longrightarrow> st F (\\<longrightarrow>) (A \\<and> B) (A' \\<and> B')\"",
        "output": "",
        "raw_output": "proof (prove)\ngoal (1 subgoal):\n 1. \\<lbrakk>A' \\<Longrightarrow> st F (\\<longrightarrow>) B B'; B \\<Longrightarrow> st F (\\<longrightarrow>) A A'\\<rbrakk> \\<Longrightarrow> st F (\\<longrightarrow>) (A \\<and> B) (A' \\<and> B')",
        "step_time": 0.015531063079833984
    },
    {
        "index": 73,
        "step": "by (cases F, auto)",
        "output": "",
        "raw_output": "",
        "step_time": 0.01578497886657715
    },
    {
        "index": 74,
        "step": "lemma strengthen_imp_disj [strg]:\n  \"\\<lbrakk> \\<not> A' \\<Longrightarrow> st F (\\<longrightarrow>) B B'; \\<not> B \\<Longrightarrow> st F (\\<longrightarrow>) A A' \\<rbrakk>\n    \\<Longrightarrow> st F (\\<longrightarrow>) (A \\<or> B) (A' \\<or> B')\"",
        "output": "",
        "raw_output": "proof (prove)\ngoal (1 subgoal):\n 1. \\<lbrakk>\\<not> A' \\<Longrightarrow> st F (\\<longrightarrow>) B B'; \\<not> B \\<Longrightarrow> st F (\\<longrightarrow>) A A'\\<rbrakk> \\<Longrightarrow> st F (\\<longrightarrow>) (A \\<or> B) (A' \\<or> B')",
        "step_time": 0.010996103286743164
    },
    {
        "index": 75,
        "step": "by (cases F, auto)",
        "output": "",
        "raw_output": "",
        "step_time": 0.02188420295715332
    },
    {
        "index": 76,
        "step": "lemma strengthen_imp_implies [strg]:\n  \"\\<lbrakk> st (\\<not> F) (\\<longrightarrow>) X X'; X \\<Longrightarrow> st F (\\<longrightarrow>) Y Y' \\<rbrakk>\n    \\<Longrightarrow> st F (\\<longrightarrow>) (X \\<longrightarrow> Y) (X' \\<longrightarrow> Y')\"",
        "output": "",
        "raw_output": "proof (prove)\ngoal (1 subgoal):\n 1. \\<lbrakk>st (\\<not> F) (\\<longrightarrow>) X X'; X \\<Longrightarrow> st F (\\<longrightarrow>) Y Y'\\<rbrakk> \\<Longrightarrow> st F (\\<longrightarrow>) (X \\<longrightarrow> Y) (X' \\<longrightarrow> Y')",
        "step_time": 0.008107185363769531
    },
    {
        "index": 77,
        "step": "by (cases F, auto)",
        "output": "",
        "raw_output": "",
        "step_time": 0.011869192123413086
    },
    {
        "index": 78,
        "step": "lemma strengthen_all[strg]:\n  \"\\<lbrakk> \\<And>x. st F (\\<longrightarrow>) (P x) (Q x) \\<rbrakk>\n    \\<Longrightarrow> st F (\\<longrightarrow>) (\\<forall>x. P x) (\\<forall>x. Q x)\"",
        "output": "",
        "raw_output": "proof (prove)\ngoal (1 subgoal):\n 1. (\\<And>x. st F (\\<longrightarrow>) (P x) (Q x)) \\<Longrightarrow> st F (\\<longrightarrow>) (\\<forall>x. P x) (\\<forall>x. Q x)",
        "step_time": 0.009166955947875977
    },
    {
        "index": 79,
        "step": "by (cases F, auto)",
        "output": "",
        "raw_output": "",
        "step_time": 0.010784149169921875
    },
    {
        "index": 80,
        "step": "lemma strengthen_ex[strg]:\n  \"\\<lbrakk> \\<And>x. st F (\\<longrightarrow>) (P x) (Q x) \\<rbrakk>\n    \\<Longrightarrow> st F (\\<longrightarrow>) (\\<exists>x. P x) (\\<exists>x. Q x)\"",
        "output": "",
        "raw_output": "proof (prove)\ngoal (1 subgoal):\n 1. (\\<And>x. st F (\\<longrightarrow>) (P x) (Q x)) \\<Longrightarrow> st F (\\<longrightarrow>) (\\<exists>x. P x) (\\<exists>x. Q x)",
        "step_time": 0.00950932502746582
    },
    {
        "index": 81,
        "step": "by (cases F, auto)",
        "output": "",
        "raw_output": "",
        "step_time": 0.011126995086669922
    },
    {
        "index": 82,
        "step": "lemma strengthen_Ball[strg]:\n  \"\\<lbrakk> st_ord (Not F) S S';\n        \\<And>x. x \\<in> S \\<Longrightarrow> st F (\\<longrightarrow>) (P x) (Q x) \\<rbrakk>\n    \\<Longrightarrow> st F (\\<longrightarrow>) (\\<forall>x \\<in> S. P x) (\\<forall>x \\<in> S'. Q x)\"",
        "output": "",
        "raw_output": "proof (prove)\ngoal (1 subgoal):\n 1. \\<lbrakk>st (\\<not> F) (\\<subseteq>) S S'; \\<And>x. x \\<in> S \\<Longrightarrow> st F (\\<longrightarrow>) (P x) (Q x)\\<rbrakk> \\<Longrightarrow> st F (\\<longrightarrow>) (\\<forall>x\\<in>S. P x) (\\<forall>x\\<in>S'. Q x)",
        "step_time": 0.011987447738647461
    },
    {
        "index": 83,
        "step": "by (cases F, auto)",
        "output": "",
        "raw_output": "",
        "step_time": 0.017632484436035156
    },
    {
        "index": 84,
        "step": "lemma strengthen_Bex[strg]:\n  \"\\<lbrakk> st_ord F S S';\n        \\<And>x. x \\<in> S \\<Longrightarrow> st F (\\<longrightarrow>) (P x) (Q x) \\<rbrakk>\n    \\<Longrightarrow> st F (\\<longrightarrow>) (\\<exists>x \\<in> S. P x) (\\<exists>x \\<in> S'. Q x)\"",
        "output": "",
        "raw_output": "proof (prove)\ngoal (1 subgoal):\n 1. \\<lbrakk>st F (\\<subseteq>) S S'; \\<And>x. x \\<in> S \\<Longrightarrow> st F (\\<longrightarrow>) (P x) (Q x)\\<rbrakk> \\<Longrightarrow> st F (\\<longrightarrow>) (\\<exists>x\\<in>S. P x) (\\<exists>x\\<in>S'. Q x)",
        "step_time": 0.011636734008789062
    },
    {
        "index": 85,
        "step": "by (cases F, auto)",
        "output": "",
        "raw_output": "",
        "step_time": 0.015937328338623047
    },
    {
        "index": 86,
        "step": "lemma strengthen_Collect[strg]:\n  \"\\<lbrakk> \\<And>x. st F (\\<longrightarrow>) (P x) (P' x) \\<rbrakk>\n    \\<Longrightarrow> st_ord F {x. P x} {x. P' x}\"",
        "output": "",
        "raw_output": "proof (prove)\ngoal (1 subgoal):\n 1. (\\<And>x. st F (\\<longrightarrow>) (P x) (P' x)) \\<Longrightarrow> st F (\\<subseteq>) {x. P x} {x. P' x}",
        "step_time": 0.010483980178833008
    },
    {
        "index": 87,
        "step": "by (cases F, auto)",
        "output": "",
        "raw_output": "",
        "step_time": 0.01302337646484375
    },
    {
        "index": 88,
        "step": "lemma strengthen_mem[strg]:\n  \"\\<lbrakk> st_ord F S S' \\<rbrakk>\n    \\<Longrightarrow> st F (\\<longrightarrow>) (x \\<in> S) (x \\<in> S')\"",
        "output": "",
        "raw_output": "proof (prove)\ngoal (1 subgoal):\n 1. st F (\\<subseteq>) S S' \\<Longrightarrow> st F (\\<longrightarrow>) (x \\<in> S) (x \\<in> S')",
        "step_time": 0.010368108749389648
    },
    {
        "index": 89,
        "step": "by (cases F, auto)",
        "output": "",
        "raw_output": "",
        "step_time": 0.011627197265625
    },
    {
        "index": 90,
        "step": "lemma strengthen_ord[strg]:\n  \"st_ord (\\<not> F) x x' \\<Longrightarrow> st_ord F y y'\n    \\<Longrightarrow> st F (\\<longrightarrow>) (x \\<le> y) (x' \\<le> y')\"",
        "output": "",
        "raw_output": "proof (prove)\ngoal (1 subgoal):\n 1. \\<lbrakk>st (\\<not> F) (\\<le>) x x'; st F (\\<le>) y y'\\<rbrakk> \\<Longrightarrow> st F (\\<longrightarrow>) (x \\<le> y) (x' \\<le> y')",
        "step_time": 0.011192798614501953
    },
    {
        "index": 91,
        "step": "by (cases F, simp_all, (metis order_trans)+)",
        "output": "",
        "raw_output": "",
        "step_time": 0.02973484992980957
    },
    {
        "index": 92,
        "step": "lemma strengthen_strict_ord[strg]:\n  \"st_ord (\\<not> F) x x' \\<Longrightarrow> st_ord F y y'\n    \\<Longrightarrow> st F (\\<longrightarrow>) (x < y) (x' < y')\"",
        "output": "",
        "raw_output": "proof (prove)\ngoal (1 subgoal):\n 1. \\<lbrakk>st (\\<not> F) (\\<le>) x x'; st F (\\<le>) y y'\\<rbrakk> \\<Longrightarrow> st F (\\<longrightarrow>) (x < y) (x' < y')",
        "step_time": 0.01045846939086914
    },
    {
        "index": 93,
        "step": "by (cases F, simp_all, (metis order_le_less_trans order_less_le_trans)+)",
        "output": "",
        "raw_output": "",
        "step_time": 0.03448319435119629
    },
    {
        "index": 94,
        "step": "lemma strengthen_image[strg]:\n  \"st_ord F S S' \\<Longrightarrow> st_ord F (f ` S) (f ` S')\"",
        "output": "",
        "raw_output": "proof (prove)\ngoal (1 subgoal):\n 1. st F (\\<subseteq>) S S' \\<Longrightarrow> st F (\\<subseteq>) (f ` S) (f ` S')",
        "step_time": 0.010747671127319336
    },
    {
        "index": 95,
        "step": "by (cases F, auto)",
        "output": "",
        "raw_output": "",
        "step_time": 0.014949560165405273
    },
    {
        "index": 96,
        "step": "lemma strengthen_vimage[strg]:\n  \"st_ord F S S' \\<Longrightarrow> st_ord F (f -` S) (f -` S')\"",
        "output": "",
        "raw_output": "proof (prove)\ngoal (1 subgoal):\n 1. st F (\\<subseteq>) S S' \\<Longrightarrow> st F (\\<subseteq>) (f -` S) (f -` S')",
        "step_time": 0.01278233528137207
    },
    {
        "index": 97,
        "step": "by (cases F, auto)",
        "output": "",
        "raw_output": "",
        "step_time": 0.013838052749633789
    },
    {
        "index": 98,
        "step": "lemma strengthen_Int[strg]:\n  \"st_ord F A A' \\<Longrightarrow> st_ord F B B' \\<Longrightarrow> st_ord F (A \\<inter> B) (A' \\<inter> B')\"",
        "output": "",
        "raw_output": "proof (prove)\ngoal (1 subgoal):\n 1. \\<lbrakk>st F (\\<subseteq>) A A'; st F (\\<subseteq>) B B'\\<rbrakk> \\<Longrightarrow> st F (\\<subseteq>) (A \\<inter> B) (A' \\<inter> B')",
        "step_time": 0.012484312057495117
    },
    {
        "index": 99,
        "step": "by (cases F, auto)",
        "output": "",
        "raw_output": "",
        "step_time": 0.012201070785522461
    },
    {
        "index": 100,
        "step": "lemma strengthen_Un[strg]:\n  \"st_ord F A A' \\<Longrightarrow> st_ord F B B' \\<Longrightarrow> st_ord F (A \\<union> B) (A' \\<union> B')\"",
        "output": "",
        "raw_output": "proof (prove)\ngoal (1 subgoal):\n 1. \\<lbrakk>st F (\\<subseteq>) A A'; st F (\\<subseteq>) B B'\\<rbrakk> \\<Longrightarrow> st F (\\<subseteq>) (A \\<union> B) (A' \\<union> B')",
        "step_time": 0.011895895004272461
    },
    {
        "index": 101,
        "step": "by (cases F, auto)",
        "output": "",
        "raw_output": "",
        "step_time": 0.012152671813964844
    },
    {
        "index": 102,
        "step": "lemma strengthen_UN[strg]:\n  \"st_ord F A A' \\<Longrightarrow> (\\<And>x. x \\<in> A \\<Longrightarrow> st_ord F (B x) (B' x))\n    \\<Longrightarrow> st_ord F (\\<Union>x \\<in> A. B x) (\\<Union>x \\<in> A'. B' x)\"",
        "output": "",
        "raw_output": "proof (prove)\ngoal (1 subgoal):\n 1. \\<lbrakk>st F (\\<subseteq>) A A'; \\<And>x. x \\<in> A \\<Longrightarrow> st F (\\<subseteq>) (B x) (B' x)\\<rbrakk> \\<Longrightarrow> st F (\\<subseteq>) (\\<Union> (B ` A)) (\\<Union> (B' ` A'))",
        "step_time": 0.013612985610961914
    },
    {
        "index": 103,
        "step": "by (cases F, auto)",
        "output": "",
        "raw_output": "",
        "step_time": 0.014399051666259766
    },
    {
        "index": 104,
        "step": "lemma strengthen_INT[strg]:\n  \"st_ord (\\<not> F) A A' \\<Longrightarrow> (\\<And>x. x \\<in> A \\<Longrightarrow> st_ord F (B x) (B' x))\n    \\<Longrightarrow> st_ord F (\\<Inter>x \\<in> A. B x) (\\<Inter>x \\<in> A'. B' x)\"",
        "output": "",
        "raw_output": "proof (prove)\ngoal (1 subgoal):\n 1. \\<lbrakk>st (\\<not> F) (\\<subseteq>) A A'; \\<And>x. x \\<in> A \\<Longrightarrow> st F (\\<subseteq>) (B x) (B' x)\\<rbrakk> \\<Longrightarrow> st F (\\<subseteq>) (\\<Inter> (B ` A)) (\\<Inter> (B' ` A'))",
        "step_time": 0.013683080673217773
    },
    {
        "index": 105,
        "step": "by (cases F, auto)",
        "output": "",
        "raw_output": "",
        "step_time": 0.015440940856933594
    },
    {
        "index": 106,
        "step": "lemma strengthen_imp_strengthen_prop[strg]:\n  \"st False (\\<longrightarrow>) P Q \\<Longrightarrow> PROP (st_prop1 (Trueprop P) (Trueprop Q))\"\n  \"st True (\\<longrightarrow>) P Q \\<Longrightarrow> PROP (st_prop2 (Trueprop P) (Trueprop Q))\"",
        "output": "",
        "raw_output": "proof (prove)\ngoal (1 subgoal):\n 1. (P =strg<--|=> Q \\<Longrightarrow> st_prop1 (P) (Q)) &&& (P =strg-->|=> Q \\<Longrightarrow> st_prop2 (P) (Q))",
        "step_time": 0.010721206665039062
    },
    {
        "index": 107,
        "step": "unfolding st_prop1_def st_prop2_def",
        "output": "",
        "raw_output": "proof (prove)\ngoal (1 subgoal):\n 1. (\\<lbrakk>P =strg<--|=> Q; Q\\<rbrakk> \\<Longrightarrow> P) &&& (\\<lbrakk>P =strg-->|=> Q; P\\<rbrakk> \\<Longrightarrow> Q)",
        "step_time": 0.007108926773071289
    },
    {
        "index": 108,
        "step": "by auto",
        "output": "",
        "raw_output": "",
        "step_time": 0.008146524429321289
    },
    {
        "index": 109,
        "step": "lemma st_prop_meta_imp[strg]:\n  \"PROP (st_prop2 (PROP X) (PROP X'))\n    \\<Longrightarrow> PROP (st_prop1 (PROP Y) (PROP Y'))\n    \\<Longrightarrow> PROP (st_prop1 (PROP X \\<Longrightarrow> PROP Y) (PROP X' \\<Longrightarrow> PROP Y'))\"\n  \"PROP (st_prop1 (PROP X) (PROP X'))\n    \\<Longrightarrow> PROP (st_prop2 (PROP Y) (PROP Y'))\n    \\<Longrightarrow> PROP (st_prop2 (PROP X \\<Longrightarrow> PROP Y) (PROP X' \\<Longrightarrow> PROP Y'))\"",
        "output": "",
        "raw_output": "proof (prove)\ngoal (1 subgoal):\n 1. (\\<lbrakk>st_prop2 PROP X PROP X'; st_prop1 PROP Y PROP Y'\\<rbrakk> \\<Longrightarrow> st_prop1 (PROP X \\<Longrightarrow> PROP Y) (PROP X' \\<Longrightarrow> PROP Y')) &&& (\\<lbrakk>st_prop1 PROP X PROP X'; st_prop2 PROP Y PROP Y'\\<rbrakk> \\<Longrightarrow> st_prop2 (PROP X \\<Longrightarrow> PROP Y) (PROP X' \\<Longrightarrow> PROP Y'))",
        "step_time": 0.01246190071105957
    },
    {
        "index": 110,
        "step": "unfolding st_prop1_def st_prop2_def",
        "output": "",
        "raw_output": "proof (prove)\ngoal (1 subgoal):\n 1. (\\<lbrakk>PROP X \\<Longrightarrow> PROP X'; PROP Y' \\<Longrightarrow> PROP Y; PROP X' \\<Longrightarrow> PROP Y'; PROP X\\<rbrakk> \\<Longrightarrow> PROP Y) &&& (\\<lbrakk>PROP X' \\<Longrightarrow> PROP X; PROP Y \\<Longrightarrow> PROP Y'; PROP X \\<Longrightarrow> PROP Y; PROP X'\\<rbrakk> \\<Longrightarrow> PROP Y')",
        "step_time": 0.006937265396118164
    },
    {
        "index": 111,
        "step": "by (erule meta_mp | assumption)+",
        "output": "",
        "raw_output": "",
        "step_time": 0.007170438766479492
    },
    {
        "index": 112,
        "step": "lemma st_prop_meta_all[strg]:\n  \"(\\<And>x. PROP (st_prop1 (PROP (X x)) (PROP (X' x))))\n    \\<Longrightarrow> PROP (st_prop1 (\\<And>x. PROP (X x)) (\\<And>x. PROP (X' x)))\"\n  \"(\\<And>x. PROP (st_prop2 (PROP (X x)) (PROP (X' x))))\n    \\<Longrightarrow> PROP (st_prop2 (\\<And>x. PROP (X x)) (\\<And>x. PROP (X' x)))\"",
        "output": "",
        "raw_output": "proof (prove)\ngoal (1 subgoal):\n 1. ((\\<And>x. st_prop1 PROP X x PROP X' x) \\<Longrightarrow> st_prop1 (\\<And>x. PROP X x) (\\<And>x. PROP X' x)) &&& ((\\<And>x. st_prop2 PROP X x PROP X' x) \\<Longrightarrow> st_prop2 (\\<And>x. PROP X x) (\\<And>x. PROP X' x))",
        "step_time": 0.014634132385253906
    },
    {
        "index": 113,
        "step": "unfolding st_prop1_def st_prop2_def",
        "output": "",
        "raw_output": "proof (prove)\ngoal (1 subgoal):\n 1. (\\<lbrakk>\\<And>x. PROP X' x \\<Longrightarrow> PROP X x; Pure.all X'\\<rbrakk> \\<Longrightarrow> Pure.all X) &&& (\\<lbrakk>\\<And>x. PROP X x \\<Longrightarrow> PROP X' x; Pure.all X\\<rbrakk> \\<Longrightarrow> Pure.all X')",
        "step_time": 0.006219148635864258
    },
    {
        "index": 114,
        "step": "apply (rule Pure.asm_rl)",
        "output": "",
        "raw_output": "proof (prove)\ngoal (2 subgoals):\n 1. \\<And>x. \\<lbrakk>\\<And>x. PROP X' x \\<Longrightarrow> PROP X x; Pure.all X'\\<rbrakk> \\<Longrightarrow> PROP X x\n 2. \\<lbrakk>\\<And>x. PROP X x \\<Longrightarrow> PROP X' x; Pure.all X\\<rbrakk> \\<Longrightarrow> Pure.all X'",
        "step_time": 0.006846189498901367
    },
    {
        "index": 115,
        "step": "apply (erule meta_allE, erule meta_mp)",
        "output": "",
        "raw_output": "proof (prove)\ngoal (2 subgoals):\n 1. \\<And>x. Pure.all X' \\<Longrightarrow> PROP X' x\n 2. \\<lbrakk>\\<And>x. PROP X x \\<Longrightarrow> PROP X' x; Pure.all X\\<rbrakk> \\<Longrightarrow> Pure.all X'",
        "step_time": 0.006663799285888672
    },
    {
        "index": 116,
        "step": "apply assumption",
        "output": "",
        "raw_output": "proof (prove)\ngoal (1 subgoal):\n 1. \\<lbrakk>\\<And>x. PROP X x \\<Longrightarrow> PROP X' x; Pure.all X\\<rbrakk> \\<Longrightarrow> Pure.all X'",
        "step_time": 0.006105184555053711
    },
    {
        "index": 117,
        "step": "apply (rule Pure.asm_rl)",
        "output": "",
        "raw_output": "proof (prove)\ngoal (1 subgoal):\n 1. \\<And>x. \\<lbrakk>\\<And>x. PROP X x \\<Longrightarrow> PROP X' x; Pure.all X\\<rbrakk> \\<Longrightarrow> PROP X' x",
        "step_time": 0.0067713260650634766
    },
    {
        "index": 118,
        "step": "apply (erule meta_allE, erule meta_mp)",
        "output": "",
        "raw_output": "proof (prove)\ngoal (1 subgoal):\n 1. \\<And>x. Pure.all X \\<Longrightarrow> PROP X x",
        "step_time": 0.006279945373535156
    },
    {
        "index": 119,
        "step": "apply assumption",
        "output": "",
        "raw_output": "proof (prove)\ngoal:\nNo subgoals!",
        "step_time": 0.005746126174926758
    },
    {
        "index": 120,
        "step": "done",
        "output": "",
        "raw_output": "",
        "step_time": 0.007376194000244141
    },
    {
        "index": 121,
        "step": "\n\n(* to think about, what more monotonic constructions can we find? *)\n\n",
        "output": "",
        "raw_output": "",
        "step_time": 0.0053522586822509766
    },
    {
        "index": 122,
        "step": "end",
        "output": "",
        "raw_output": "",
        "step_time": 0.005025625228881836
    },
    {
        "index": 123,
        "step": "lemma imp_consequent:\n  \"P \\<longrightarrow> Q \\<longrightarrow> P\"",
        "output": "",
        "raw_output": "proof (prove)\ngoal (1 subgoal):\n 1. P \\<longrightarrow> Q \\<longrightarrow> P",
        "step_time": 0.006680488586425781
    },
    {
        "index": 124,
        "step": "by simp",
        "output": "",
        "raw_output": "",
        "step_time": 0.006766557693481445
    },
    {
        "index": 125,
        "step": "text \\<open>Test cases.\\<close>",
        "output": "",
        "raw_output": "",
        "step_time": 0.005591392517089844
    },
    {
        "index": 126,
        "step": "lemma\n  assumes x: \"\\<And>x. P x \\<longrightarrow> Q x\"\n  shows \"{x. x \\<noteq> None \\<and> P (the x)} \\<subseteq> {y. \\<forall>x. y = Some x \\<longrightarrow> Q x}\"",
        "output": "",
        "raw_output": "proof (prove)\ngoal (1 subgoal):\n 1. {x. x \\<noteq> None \\<and> P (the x)} \\<subseteq> {y. \\<forall>x. y = Some x \\<longrightarrow> Q x}",
        "step_time": 0.011455059051513672
    },
    {
        "index": 127,
        "step": "apply (strengthen x)",
        "output": "",
        "raw_output": "proof (prove)\ngoal (1 subgoal):\n 1. {x. x \\<noteq> None \\<and> P (the x)} \\<subseteq> {x. \\<forall>xa. x = Some xa \\<longrightarrow> P xa}",
        "step_time": 0.006957054138183594
    },
    {
        "index": 128,
        "step": "apply clarsimp",
        "output": "",
        "raw_output": "proof (prove)\ngoal:\nNo subgoals!",
        "step_time": 0.01078653335571289
    },
    {
        "index": 129,
        "step": "done",
        "output": "",
        "raw_output": "",
        "step_time": 0.006429910659790039
    },
    {
        "index": 130,
        "step": "locale strengthen_silly_test begin",
        "output": "",
        "raw_output": "",
        "step_time": 0.006246089935302734
    },
    {
        "index": 131,
        "step": "definition\n  silly :: \"nat \\<Rightarrow> nat \\<Rightarrow> bool\"\nwhere\n  \"silly x y = (x \\<le> y)\"",
        "output": "",
        "raw_output": "",
        "step_time": 0.014207124710083008
    },
    {
        "index": 132,
        "step": "lemma silly_trans:\n  \"silly x y \\<Longrightarrow> silly y z \\<Longrightarrow> silly x z\"",
        "output": "",
        "raw_output": "proof (prove)\ngoal (1 subgoal):\n 1. \\<lbrakk>silly x y; silly y z\\<rbrakk> \\<Longrightarrow> silly x z",
        "step_time": 0.009161233901977539
    },
    {
        "index": 133,
        "step": "by (simp add: silly_def)",
        "output": "",
        "raw_output": "",
        "step_time": 0.012102127075195312
    },
    {
        "index": 134,
        "step": "lemma silly_refl:\n  \"silly x x\"",
        "output": "",
        "raw_output": "proof (prove)\ngoal (1 subgoal):\n 1. silly x x",
        "step_time": 0.00659942626953125
    },
    {
        "index": 135,
        "step": "by (simp add: silly_def)",
        "output": "",
        "raw_output": "",
        "step_time": 0.006955623626708984
    },
    {
        "index": 136,
        "step": "lemma foo:\n  \"silly x y \\<Longrightarrow> silly a b \\<Longrightarrow> silly b c\n    \\<Longrightarrow> silly x y \\<and> (\\<forall>x :: nat. silly a c )\"",
        "output": "",
        "raw_output": "proof (prove)\ngoal (1 subgoal):\n 1. \\<lbrakk>silly x y; silly a b; silly b c\\<rbrakk> \\<Longrightarrow> silly x y \\<and> (\\<forall>x. silly a c)",
        "step_time": 0.01055908203125
    },
    {
        "index": 137,
        "step": "using [[strengthen_trace = true]]",
        "output": "",
        "raw_output": "proof (prove)\ngoal (1 subgoal):\n 1. \\<lbrakk>silly x y; silly a b; silly b c\\<rbrakk> \\<Longrightarrow> silly x y \\<and> (\\<forall>x. silly a c)",
        "step_time": 0.006122589111328125
    },
    {
        "index": 138,
        "step": "apply (strengthen silly_trans[mk_strg I E])+",
        "output": "",
        "raw_output": "proof (prove)\ngoal (1 subgoal):\n 1. \\<lbrakk>silly x y; silly a b; silly b c\\<rbrakk> \\<Longrightarrow> silly y y \\<and> (\\<forall>x. silly c c)",
        "step_time": 0.011354446411132812
    },
    {
        "index": 139,
        "step": "apply (strengthen silly_refl)",
        "output": "",
        "raw_output": "proof (prove)\ngoal (1 subgoal):\n 1. \\<lbrakk>silly x y; silly a b; silly b c\\<rbrakk> \\<Longrightarrow> True \\<and> (\\<forall>x. True)",
        "step_time": 0.007311344146728516
    },
    {
        "index": 140,
        "step": "apply simp",
        "output": "",
        "raw_output": "proof (prove)\ngoal:\nNo subgoals!",
        "step_time": 0.005733013153076172
    },
    {
        "index": 141,
        "step": "done",
        "output": "",
        "raw_output": "",
        "step_time": 0.0070018768310546875
    },
    {
        "index": 142,
        "step": "lemma foo_asm:\n  \"silly x y \\<Longrightarrow> silly y z\n    \\<Longrightarrow> (silly x z \\<Longrightarrow> silly a b) \\<Longrightarrow> silly z z \\<Longrightarrow> silly a b\"",
        "output": "",
        "raw_output": "proof (prove)\ngoal (1 subgoal):\n 1. \\<lbrakk>silly x y; silly y z; silly x z \\<Longrightarrow> silly a b; silly z z\\<rbrakk> \\<Longrightarrow> silly a b",
        "step_time": 0.010494709014892578
    },
    {
        "index": 143,
        "step": "apply (strengthen_asm silly_trans[mk_strg I A])",
        "output": "",
        "raw_output": "proof (prove)\ngoal (1 subgoal):\n 1. \\<lbrakk>silly x y; silly y z; silly z z; silly y z \\<Longrightarrow> silly a b\\<rbrakk> \\<Longrightarrow> silly a b",
        "step_time": 0.006523847579956055
    },
    {
        "index": 144,
        "step": "apply (strengthen_asm silly_trans[mk_strg I A])",
        "output": "",
        "raw_output": "proof (prove)\ngoal (1 subgoal):\n 1. \\<lbrakk>silly x y; silly y z; silly z z; silly z z \\<Longrightarrow> silly a b\\<rbrakk> \\<Longrightarrow> silly a b",
        "step_time": 0.006757497787475586
    },
    {
        "index": 145,
        "step": "apply simp",
        "output": "",
        "raw_output": "proof (prove)\ngoal:\nNo subgoals!",
        "step_time": 0.00694584846496582
    },
    {
        "index": 146,
        "step": "done",
        "output": "",
        "raw_output": "",
        "step_time": 0.006459712982177734
    },
    {
        "index": 147,
        "step": "lemma foo_method:\n  \"silly x y \\<Longrightarrow> silly a b \\<Longrightarrow> silly b c\n    \\<Longrightarrow> silly x y \\<and> (\\<forall>x :: nat. z \\<longrightarrow> silly a c )\"",
        "output": "",
        "raw_output": "proof (prove)\ngoal (1 subgoal):\n 1. \\<lbrakk>silly x y; silly a b; silly b c\\<rbrakk> \\<Longrightarrow> silly x y \\<and> (\\<forall>x. z \\<longrightarrow> silly a c)",
        "step_time": 0.01064443588256836
    },
    {
        "index": 148,
        "step": "using [[strengthen_trace = true]]",
        "output": "",
        "raw_output": "proof (prove)\ngoal (1 subgoal):\n 1. \\<lbrakk>silly x y; silly a b; silly b c\\<rbrakk> \\<Longrightarrow> silly x y \\<and> (\\<forall>x. z \\<longrightarrow> silly a c)",
        "step_time": 0.005866527557373047
    },
    {
        "index": 149,
        "step": "apply simp",
        "output": "",
        "raw_output": "proof (prove)\ngoal (1 subgoal):\n 1. \\<lbrakk>silly x y; silly a b; silly b c\\<rbrakk> \\<Longrightarrow> z \\<longrightarrow> silly a c",
        "step_time": 0.008029699325561523
    },
    {
        "index": 150,
        "step": "apply (strengthen_method \\<open>rule silly_trans\\<close>)",
        "output": "",
        "raw_output": "proof (prove)\ngoal (1 subgoal):\n 1. \\<lbrakk>silly x y; silly a b; silly b c\\<rbrakk> \\<Longrightarrow> z \\<longrightarrow> (\\<exists>y. silly a y \\<and> silly y c)",
        "step_time": 0.007688283920288086
    },
    {
        "index": 151,
        "step": "apply (strengthen_method \\<open>rule exI[where x=b]\\<close>)",
        "output": "",
        "raw_output": "proof (prove)\ngoal (1 subgoal):\n 1. \\<lbrakk>silly x y; silly a b; silly b c\\<rbrakk> \\<Longrightarrow> z \\<longrightarrow> silly a b \\<and> silly b c",
        "step_time": 0.009726762771606445
    },
    {
        "index": 152,
        "step": "apply simp",
        "output": "",
        "raw_output": "proof (prove)\ngoal:\nNo subgoals!",
        "step_time": 0.006321907043457031
    },
    {
        "index": 153,
        "step": "done",
        "output": "",
        "raw_output": "",
        "step_time": 0.0058863162994384766
    },
    {
        "index": 154,
        "step": "end",
        "output": "",
        "raw_output": "",
        "step_time": 0.00529170036315918
    },
    {
        "index": 155,
        "step": "end",
        "output": "",
        "raw_output": "",
        "step_time": 0.006845712661743164
    }
]