[
    {
        "index": 0,
        "step": "(*\n * Copyright 2020, Data61, CSIRO (ABN 41 687 119 230)\n *\n * SPDX-License-Identifier: GPL-2.0-only\n *)\n\n(* Some convenient definitions for accessing members inside types. *)\n\n(*<*)\n",
        "output": "",
        "raw_output": "",
        "step_time": 0.005384683609008789
    },
    {
        "index": 1,
        "step": "theory Helpers_CAMKES\nimports Types_CAMKES\nbegin",
        "output": "",
        "raw_output": "",
        "step_time": 0.005982875823974609
    },
    {
        "index": 2,
        "step": "\n(*>*)\n\n(*<*)\n(* For finding a component or connection. *)\n",
        "output": "",
        "raw_output": "",
        "step_time": 0.005645036697387695
    },
    {
        "index": 3,
        "step": "definition\n  lookup :: \"('a \\<times> 'b) list \\<Rightarrow> 'a \\<Rightarrow> 'b\"\nwhere (* Assumes the filter will return a unique element. *)\n  \"lookup xs x = snd (hd (filter (\\<lambda>y. (x = (fst y))) xs))\"",
        "output": "",
        "raw_output": "",
        "step_time": 0.11885547637939453
    },
    {
        "index": 4,
        "step": "\n\n(* For accessing properties of a connection. *)\n",
        "output": "",
        "raw_output": "",
        "step_time": 0.008591175079345703
    },
    {
        "index": 5,
        "step": "abbreviation \"from_components conn  \\<equiv> map fst (conn_from conn)\"",
        "output": "",
        "raw_output": "",
        "step_time": 0.01357412338256836
    },
    {
        "index": 6,
        "step": "abbreviation \"from_interfaces conn  \\<equiv> map snd (conn_from conn)\"",
        "output": "",
        "raw_output": "",
        "step_time": 0.010875463485717773
    },
    {
        "index": 7,
        "step": "abbreviation \"to_components conn    \\<equiv> map fst (conn_to conn)\"",
        "output": "",
        "raw_output": "",
        "step_time": 0.013235092163085938
    },
    {
        "index": 8,
        "step": "abbreviation \"to_interfaces conn    \\<equiv> map snd (conn_to conn)\"",
        "output": "",
        "raw_output": "",
        "step_time": 0.01141214370727539
    },
    {
        "index": 9,
        "step": "\n\n(* For finding ''interfaces'' within a component. *)\n",
        "output": "",
        "raw_output": "",
        "step_time": 0.0056307315826416016
    },
    {
        "index": 10,
        "step": "abbreviation \"in_map conns xs \\<equiv> (\\<exists>s\\<in>set conns. s \\<in> (fst ` (set xs)))\"",
        "output": "",
        "raw_output": "",
        "step_time": 0.011880636215209961
    },
    {
        "index": 11,
        "step": "abbreviation \"does_provide c s \\<equiv> (in_map s (provides c))\"",
        "output": "",
        "raw_output": "",
        "step_time": 0.009529829025268555
    },
    {
        "index": 12,
        "step": "abbreviation \"does_require c s \\<equiv> (in_map s (requires c))\"",
        "output": "",
        "raw_output": "",
        "step_time": 0.015246152877807617
    },
    {
        "index": 13,
        "step": "abbreviation \"does_emit c s    \\<equiv> (in_map s (emits c))\"",
        "output": "",
        "raw_output": "",
        "step_time": 0.010026216506958008
    },
    {
        "index": 14,
        "step": "abbreviation \"does_consume c s \\<equiv> (in_map s (consumes c))\"",
        "output": "",
        "raw_output": "",
        "step_time": 0.00812673568725586
    },
    {
        "index": 15,
        "step": "abbreviation \"has_dataport c s \\<equiv> (in_map s (dataports c))\"",
        "output": "",
        "raw_output": "",
        "step_time": 0.009341001510620117
    },
    {
        "index": 16,
        "step": "\n(*>*)\n\n(*<*)",
        "output": "",
        "raw_output": "",
        "step_time": 0.004325389862060547
    },
    {
        "index": 17,
        "step": "end",
        "output": "",
        "raw_output": "",
        "step_time": 0.007039546966552734
    },
    {
        "index": 18,
        "step": "(*>*)",
        "output": "",
        "raw_output": "",
        "step_time": 0.004465341567993164
    }
]