[
    {
        "index": 0,
        "step": "(*\n * Copyright 2020, Data61, CSIRO (ABN 41 687 119 230)\n *\n * SPDX-License-Identifier: GPL-2.0-only\n *)\n\n",
        "output": "",
        "raw_output": "",
        "step_time": 0.004862546920776367
    },
    {
        "index": 1,
        "step": "chapter \\<open>Wellformedness of Specifications\\<close>",
        "output": "",
        "raw_output": "",
        "step_time": 0.004700899124145508
    },
    {
        "index": 2,
        "step": "\n\n(*<*)\n",
        "output": "",
        "raw_output": "",
        "step_time": 0.005008697509765625
    },
    {
        "index": 3,
        "step": "theory Wellformed_CAMKES\nimports\n  Types_CAMKES\n  Helpers_CAMKES\n  Lib.GenericTag\nbegin",
        "output": "",
        "raw_output": "",
        "step_time": 0.004712104797363281
    },
    {
        "index": 4,
        "step": "\n(*>*)\n\n",
        "output": "",
        "raw_output": "",
        "step_time": 0.004222869873046875
    },
    {
        "index": 5,
        "step": "text \\<open>\n  To prove that a system specification is correct, we need to define what\n  correctness means for the entities that can exist in a CAmkES specification.\n  This section provides a definition of wellformedness for each syntactic\n  element that captures the necessary conditions for it to represent a valid\n  system configuration. Any wellformed system is capable of being instantiated\n  in a way that corresponds to its ADL.\n\\<close>",
        "output": "",
        "raw_output": "",
        "step_time": 0.004654407501220703
    },
    {
        "index": 6,
        "step": "subsection \\<open>\\label{subsec:winterfaces}Interfaces\\<close>",
        "output": "",
        "raw_output": "",
        "step_time": 0.00438380241394043
    },
    {
        "index": 7,
        "step": "text \\<open>\n  A procedure method is considered wellformed if the symbols of its name and\n  parameters are distinct. This constraint ensures the code generation process\n  will produce valid code in the target language.\n\\<close>",
        "output": "",
        "raw_output": "",
        "step_time": 0.0049517154693603516
    },
    {
        "index": 8,
        "step": "definition\n  wellformed_method :: \"method \\<Rightarrow> bool\"\nwhere\n  \"wellformed_method m \\<equiv>\n    (m_name m \\<notin> set (map p_name (m_parameters m)) \\<and>\n     distinct (map p_name (m_parameters m)))\"",
        "output": "",
        "raw_output": "",
        "step_time": 0.14622950553894043
    },
    {
        "index": 9,
        "step": "text \\<open>\n  The code generated for a procedure is within a single namespace and thus\n  the names of all methods in a procedure must be distinct.\n\\<close>",
        "output": "",
        "raw_output": "",
        "step_time": 0.004645824432373047
    },
    {
        "index": 10,
        "step": "definition\n  wellformed_procedure :: \"procedure \\<Rightarrow> bool\"\nwhere\n  \"wellformed_procedure i \\<equiv>\n     (\\<forall>x \\<in> set i. wellformed_method x) \\<and>\n     distinct (map m_name i)\"",
        "output": "",
        "raw_output": "",
        "step_time": 0.02066206932067871
    },
    {
        "index": 11,
        "step": "text \\<open>\n  The implementation currently only supports 32 distinct events (0 - 31). This\n  limitation may be removed in a future iteration.\n\\<close>",
        "output": "",
        "raw_output": "",
        "step_time": 0.004953622817993164
    },
    {
        "index": 12,
        "step": "definition\n  wellformed_event :: \"event \\<Rightarrow> bool\"\nwhere\n  \"wellformed_event e \\<equiv> e < 32\"",
        "output": "",
        "raw_output": "",
        "step_time": 0.02299952507019043
    },
    {
        "index": 13,
        "step": "text \\<open>\n  Dataports do not have any attributes beyond their type, so their wellformedness\n  is trivial.\n\\<close>",
        "output": "",
        "raw_output": "",
        "step_time": 0.005939960479736328
    },
    {
        "index": 14,
        "step": "definition\n  wellformed_dataport :: \"dataport \\<Rightarrow> bool\"\nwhere\n  \"wellformed_dataport d \\<equiv> True\"",
        "output": "",
        "raw_output": "",
        "step_time": 0.01918339729309082
    },
    {
        "index": 15,
        "step": "definition\n  wellformed_interface :: \"interface \\<Rightarrow> bool\"\nwhere\n  \"wellformed_interface i \\<equiv> (case i of\n    Procedure p \\<Rightarrow> wellformed_procedure p\n  | Event e \\<Rightarrow> wellformed_event e\n  | Dataport d \\<Rightarrow> wellformed_dataport d)\"",
        "output": "",
        "raw_output": "",
        "step_time": 0.025821685791015625
    },
    {
        "index": 16,
        "step": "subsection \\<open>\\label{subsec:wcomponents}Components\\<close>",
        "output": "",
        "raw_output": "",
        "step_time": 0.005354166030883789
    },
    {
        "index": 17,
        "step": "text \\<open>\n  For a component to be valid internally, its interfaces must not conflict and\n  must themselves be wellformed.\n\\<close>",
        "output": "",
        "raw_output": "",
        "step_time": 0.0054473876953125
    },
    {
        "index": 18,
        "step": "definition\n  wellformed_component :: \"component \\<Rightarrow> bool\"\nwhere\n  \"wellformed_component c \\<equiv>\n     \\<comment> \\<open>No symbol collisions\\<close>\n    distinct (map fst (requires c) @ map fst (provides c) @ map fst (dataports c) @\n              map fst (emits c) @ map fst (consumes c)) \\<and>\n     \\<comment> \\<open>No C symbol collisions.\\<close>\n    (\\<forall>x \\<in> set (requires c). wellformed_procedure (snd (snd x))) \\<and>\n    (\\<forall>x \\<in> set (provides c). wellformed_procedure (snd x)) \\<and>\n    \\<comment> \\<open>Events valid.\\<close>\n    (\\<forall>x \\<in> set (emits c). wellformed_event (snd x)) \\<and>\n    (\\<forall>x \\<in> set (consumes c). wellformed_event (snd (snd x))) \\<and>\n     \\<comment> \\<open>Dataports valid.\\<close>\n    (\\<forall>x \\<in> set (dataports c). wellformed_dataport (snd x))\"",
        "output": "",
        "raw_output": "",
        "step_time": 0.03439593315124512
    },
    {
        "index": 19,
        "step": "subsection \\<open>\\label{subsec:wconnectors}Connectors\\<close>",
        "output": "",
        "raw_output": "",
        "step_time": 0.005204439163208008
    },
    {
        "index": 20,
        "step": "text \\<open>\n  For now, we don't really restrict what combinations of communication\n  mechanisms connectors can use. This can be refined later.\n\\<close>",
        "output": "",
        "raw_output": "",
        "step_time": 0.005730390548706055
    },
    {
        "index": 21,
        "step": "definition\n  wellformed_connector :: \"connector \\<Rightarrow> bool\"\nwhere\n  \"wellformed_connector c \\<equiv> True\"",
        "output": "",
        "raw_output": "",
        "step_time": 0.01959991455078125
    },
    {
        "index": 22,
        "step": "subsection \\<open>\\label{subsec:wconnections}Connections\\<close>",
        "output": "",
        "raw_output": "",
        "step_time": 0.005352497100830078
    },
    {
        "index": 23,
        "step": "definition\n  wellformed_connection :: \"connection \\<Rightarrow> bool\"\nwhere\n  \"wellformed_connection c \\<equiv> True\"",
        "output": "",
        "raw_output": "",
        "step_time": 0.02338886260986328
    },
    {
        "index": 24,
        "step": "subsection \\<open>\\label{subsec:wsymbols}ADL Symbol Resolution\\<close>",
        "output": "",
        "raw_output": "",
        "step_time": 0.004616260528564453
    },
    {
        "index": 25,
        "step": "text \\<open>\n  All procedures must be satisfied by a unique connection. To define unique connections,\n  we first define a general predicate @{text ex_one} that is true when a predicate\n  is satisfied for precisely one element in a list.\n\\<close>",
        "output": "",
        "raw_output": "",
        "step_time": 0.0047338008880615234
    },
    {
        "index": 26,
        "step": "definition\n  ex_one :: \"'a list \\<Rightarrow> ('a \\<Rightarrow> bool) \\<Rightarrow> bool\"\nwhere\n  \"ex_one xs P \\<equiv> length (filter P xs) = 1\"",
        "output": "",
        "raw_output": "",
        "step_time": 0.01870417594909668
    },
    {
        "index": 27,
        "step": "text \\<open>\n  More convenient syntax for @{const ex_one}.\n\\<close>",
        "output": "",
        "raw_output": "",
        "step_time": 0.004438638687133789
    },
    {
        "index": 28,
        "step": "syntax\n  \"_ex_one\" :: \"pttrn \\<Rightarrow> 'a set \\<Rightarrow> bool \\<Rightarrow> bool\" (\"(4\\<exists>1 _\\<in>_./ _)\" [0, 0, 10] 10)",
        "output": "",
        "raw_output": "",
        "step_time": 0.005098104476928711
    },
    {
        "index": 29,
        "step": "translations\n  \"\\<exists>1 x\\<in>xs. P\" == \"CONST ex_one xs (\\<lambda>x. P)\"",
        "output": "",
        "raw_output": "",
        "step_time": 0.006224870681762695
    },
    {
        "index": 30,
        "step": "text \\<open>\n  We can now define valid procedures. For each procedure @{term x} there must be\n  precisely one connection @{term y} that fits the component instance.\n\n  The VirtQueue connector (in global-components) currently uses a dummy empty\n  procedure that is not a connector, so we ignore empty procedures as a special case.\n\\<close>",
        "output": "",
        "raw_output": "",
        "step_time": 0.0045375823974609375
    },
    {
        "index": 31,
        "step": "definition\n  refs_valid_procedures ::\n    \"adl_symbol \\<Rightarrow> (adl_symbol \\<times> (InterfaceRequired \\<times> procedure)) list \\<Rightarrow>\n     (adl_symbol \\<times> connection) list \\<Rightarrow> bool\"\nwhere\n  \"refs_valid_procedures component_instance procedures conns \\<equiv>\n    \\<forall>(name, (req, proc)) \\<in> set procedures.\n      req = InterfaceRequired \\<longrightarrow> proc \\<noteq> [] \\<longrightarrow>\n      (\\<exists>1 z \\<in> (concat (map (\\<lambda>y. conn_from (snd y)) conns)). z = (component_instance, name))\"",
        "output": "",
        "raw_output": "",
        "step_time": 0.026587724685668945
    },
    {
        "index": 32,
        "step": "text \\<open>\n  For events and dataports, an interface can be left unconnected in a system with no\n  adverse effects.\n\\<close>",
        "output": "",
        "raw_output": "",
        "step_time": 0.00538945198059082
    },
    {
        "index": 33,
        "step": "definition\n  refs_valid_components ::\n    \"(adl_symbol \\<times> component) list \\<Rightarrow> (adl_symbol \\<times> connection) list \\<Rightarrow> bool\"\nwhere\n  \"refs_valid_components comps conns \\<equiv>\n    \\<forall>x \\<in> set comps. refs_valid_procedures (fst x) (requires (snd x)) conns\"",
        "output": "",
        "raw_output": "",
        "step_time": 0.023396968841552734
    },
    {
        "index": 34,
        "step": "text \\<open>\n  Each connection must be connecting interfaces of the same underlying type.\n\\<close>",
        "output": "",
        "raw_output": "",
        "step_time": 0.0047948360443115234
    },
    {
        "index": 35,
        "step": "definition\n  refs_valid_connection :: \"connection \\<Rightarrow> (adl_symbol \\<times> component) list \\<Rightarrow> bool\"\nwhere\n  \"refs_valid_connection conn component_list \\<equiv>\n       wellformed_connector (conn_type conn) \\<and>\n       (\\<comment> \\<open>Every to- and from-end of the component must exist.\\<close>\n        \\<forall>(from_name, from_interface) \\<in> set (conn_from conn).\n          \\<exists>1from \\<in> component_list.\n            fst from = from_name \\<and>\n            (\\<forall>(to_name, to_interface) \\<in> set (conn_to conn).\n               \\<exists>1to \\<in> component_list.\n                 fst to = to_name \\<and>\n                 \\<comment> \\<open>The following checks that the component interfaces have the correct type.\\<close>\n                (case connector_interface (conn_type conn) of\n                     RPCInterface \\<Rightarrow>      from_interface \\<in> fst ` set (requires (snd from)) \\<and>\n                                          to_interface \\<in> fst ` set (provides (snd to))\n                   | EventInterface \\<Rightarrow>    from_interface \\<in> fst ` set (emits (snd from)) \\<and>\n                                          to_interface \\<in> fst ` set (consumes (snd to))\n                   \\<comment> \\<open>TODO: the check for memory connectors could be optimised; we don't need to\n                             check all pairs of from- and to- for dataports with many subscribers.\\<close>\n                   | DataportInterface \\<Rightarrow> from_interface \\<in> fst ` set (dataports (snd from)) \\<and>\n                                          to_interface \\<in> fst ` set (dataports (snd to))\n                )\n                \\<and>\n                \\<comment> \\<open>Next, we check that the kind of components being connected are appropriate.\\<close>\n                (case connector_type (conn_type conn) of\n                    \\<comment> \\<open>Both endpoints must be regular components.\\<close>\n                    NativeConnector \\<Rightarrow>  \\<not> hardware (snd from) \\<and> \\<not> hardware (snd to)\n                    \\<comment> \\<open>At least one endpoint must be a hardware component.\n                        FIXME: might not be quite what we want.\\<close>\n                  | HardwareConnector \\<Rightarrow> hardware (snd from) \\<or> hardware (snd to)\n                  | ExportConnector \\<Rightarrow> undefined ''compound components not supported yet''\n                )\n            )\n     )\"",
        "output": "",
        "raw_output": "",
        "step_time": 0.04805731773376465
    },
    {
        "index": 36,
        "step": "definition\n  refs_valid_connections ::\n    \"(adl_symbol \\<times> connection) list \\<Rightarrow> (adl_symbol \\<times> component) list \\<Rightarrow> bool\"\nwhere\n  \"refs_valid_connections conns comps \\<equiv>\n    \\<forall>x \\<in> set conns. refs_valid_connection (snd x) comps\"",
        "output": "",
        "raw_output": "",
        "step_time": 0.02280426025390625
    },
    {
        "index": 37,
        "step": "definition\n  refs_valid_composition :: \"composition \\<Rightarrow> bool\"\nwhere\n  \"refs_valid_composition c \\<equiv>\n    refs_valid_components (components c) (connections c) \\<and>\n    refs_valid_connections (connections c) (components c)\"",
        "output": "",
        "raw_output": "",
        "step_time": 0.022546052932739258
    },
    {
        "index": 38,
        "step": "subsection \\<open>\\label{subsec:wsystem}Overall System\\<close>",
        "output": "",
        "raw_output": "",
        "step_time": 0.0050470829010009766
    },
    {
        "index": 39,
        "step": "text \\<open>\n  We obtain a guarantee of the correctness of a component composition by composing\n  the required properties of its constituents.\n\\<close>",
        "output": "",
        "raw_output": "",
        "step_time": 0.014271736145019531
    },
    {
        "index": 40,
        "step": "definition\n  wellformed_composition :: \"composition \\<Rightarrow> bool\"\nwhere\n  \"wellformed_composition c \\<equiv>\n     \\<comment> \\<open>This system contains @{text \\<open>\\<ge> 1\\<close>} active component.\\<close>\n    (\\<exists>x \\<in> set (components c). control (snd x)) \\<and>\n     \\<comment> \\<open>All references resolve.\\<close>\n    refs_valid_composition c \\<and>\n     \\<comment> \\<open>The @{const group_labels} mapping refers to existing ADL names.\\<close>\n    (\\<forall>(comp, group) \\<in> set (group_labels c).\n        comp \\<in> (fst ` set (components c) \\<union> fst ` set (connections c))) \\<and>\n     \\<comment> \\<open>All connectors and components have distinct names.\n        These names will correspond to integrity policy labels.\\<close>\n    distinct (map fst (components c) @ map fst (connections c)) \\<and>\n     \\<comment> \\<open>All components are valid.\\<close>\n    (\\<forall>x \\<in> set (components c). wellformed_component (snd x)) \\<and>\n     \\<comment> \\<open>All connections are valid.\\<close>\n    (\\<forall>x \\<in> set (connections c). wellformed_connection (snd x))\"",
        "output": "",
        "raw_output": "",
        "step_time": 0.03185892105102539
    },
    {
        "index": 41,
        "step": "\n\n(*<*)\n",
        "output": "",
        "raw_output": "",
        "step_time": 0.004903316497802734
    },
    {
        "index": 42,
        "step": "lemma wellformed_composition_is_nonempty:\n  \"\\<lbrakk>wellformed_composition c\\<rbrakk> \\<Longrightarrow> components c \\<noteq> []\"",
        "output": "",
        "raw_output": "proof (prove)\ngoal (1 subgoal):\n 1. wellformed_composition c \\<Longrightarrow> components c \\<noteq> []",
        "step_time": 0.008313894271850586
    },
    {
        "index": 43,
        "step": "by (fastforce simp:wellformed_composition_def)",
        "output": "",
        "raw_output": "",
        "step_time": 0.029926776885986328
    },
    {
        "index": 44,
        "step": "\n(*>*)\n\n",
        "output": "",
        "raw_output": "",
        "step_time": 0.004239082336425781
    },
    {
        "index": 45,
        "step": "definition\n  wellformed_configuration :: \"configuration \\<Rightarrow> bool\"\nwhere\n  \"wellformed_configuration conf \\<equiv> True\"",
        "output": "",
        "raw_output": "",
        "step_time": 0.020860910415649414
    },
    {
        "index": 46,
        "step": " (* TODO *)\n\n",
        "output": "",
        "raw_output": "",
        "step_time": 0.004335165023803711
    },
    {
        "index": 47,
        "step": "definition\n  wellformed_assembly :: \"assembly \\<Rightarrow> bool\"\nwhere\n  \"wellformed_assembly a \\<equiv>\n    wellformed_composition (composition a) \\<and>\n    (case (configuration a) of\n      None \\<Rightarrow> True\n    | Some x \\<Rightarrow> wellformed_configuration x)\"",
        "output": "",
        "raw_output": "",
        "step_time": 0.021544456481933594
    },
    {
        "index": 48,
        "step": "\n\n(*<*)\n",
        "output": "",
        "raw_output": "",
        "step_time": 0.004981040954589844
    },
    {
        "index": 49,
        "step": "text \\<open>\n  These are alternative definitions that have annotations, to help debug\n  assemblies that are processed by the CAmkES proof toolchain.\n\\<close>",
        "output": "",
        "raw_output": "",
        "step_time": 0.0049054622650146484
    },
    {
        "index": 50,
        "step": "abbreviation \"check_wellformed entity P \\<equiv> generic_tag ''Wellformed_CAMKES'' entity P\"",
        "output": "",
        "raw_output": "",
        "step_time": 0.015405654907226562
    },
    {
        "index": 51,
        "step": "lemma wellformed_method_ann:\n  \"wellformed_method m =\n    check_wellformed (wellformed_method, m)\n      (m_name m \\<notin> set (map p_name (m_parameters m)) \\<and>\n       distinct (map p_name (m_parameters m)))\"",
        "output": "",
        "raw_output": "proof (prove)\ngoal (1 subgoal):\n 1. wellformed_method m = check_wellformed (wellformed_method, m) (m_name m \\<notin> set (map p_name (m_parameters m)) \\<and> distinct (map p_name (m_parameters m)))",
        "step_time": 0.015961170196533203
    },
    {
        "index": 52,
        "step": "by (simp only: wellformed_method_def remove_generic_tag simp_thms)",
        "output": "",
        "raw_output": "",
        "step_time": 0.01168966293334961
    },
    {
        "index": 53,
        "step": "lemma wellformed_procedure_ann:\n  \"wellformed_procedure i =\n     check_wellformed (wellformed_procedure, i)\n       ((\\<forall>x \\<in> set i. wellformed_method x) \\<and>\n        distinct (map m_name i))\"",
        "output": "",
        "raw_output": "proof (prove)\ngoal (1 subgoal):\n 1. wellformed_procedure i = check_wellformed (wellformed_procedure, i) ((\\<forall>x\\<in>set i. wellformed_method x) \\<and> distinct (map m_name i))",
        "step_time": 0.015173196792602539
    },
    {
        "index": 54,
        "step": "by (simp only: wellformed_procedure_def remove_generic_tag simp_thms)",
        "output": "",
        "raw_output": "",
        "step_time": 0.013499736785888672
    },
    {
        "index": 55,
        "step": "lemma wellformed_event_ann:\n  \"wellformed_event e =\n     check_wellformed (wellformed_event, e) (e < 32)\"",
        "output": "",
        "raw_output": "proof (prove)\ngoal (1 subgoal):\n 1. wellformed_event e = check_wellformed (wellformed_event, e) (e < 32)",
        "step_time": 0.011845111846923828
    },
    {
        "index": 56,
        "step": "by (simp only: wellformed_event_def remove_generic_tag simp_thms)",
        "output": "",
        "raw_output": "",
        "step_time": 0.011883735656738281
    },
    {
        "index": 57,
        "step": "lemma wellformed_component_ann:\n  \"wellformed_component c = check_wellformed (wellformed_component, c) (\n    \\<comment> \\<open>No symbol collisions\\<close>\n    (let names = map fst (requires c) @ map fst (provides c) @ map fst (dataports c) @\n                 map fst (emits c) @ map fst (consumes c)\n     in check_wellformed (wellformed_component, ''distinct'', names) (distinct names)) \\<and>\n    \\<comment> \\<open>No C symbol collisions.\\<close>\n    (\\<forall>x \\<in> set (requires c). wellformed_procedure (snd (snd x))) \\<and>\n    (\\<forall>x \\<in> set (provides c). wellformed_procedure (snd x)) \\<and>\n    \\<comment> \\<open>Events valid.\\<close>\n    (\\<forall>x \\<in> set (emits c). wellformed_event (snd x)) \\<and>\n    (\\<forall>x \\<in> set (consumes c). wellformed_event (snd (snd x))) \\<and>\n    \\<comment> \\<open>Dataports valid.\\<close>\n    (\\<forall>x \\<in> set (dataports c). wellformed_dataport (snd x))\n   )\"",
        "output": "",
        "raw_output": "proof (prove)\ngoal (1 subgoal):\n 1. wellformed_component c = check_wellformed (wellformed_component, c) ((let names = map fst (requires c) @ map fst (provides c) @ map fst (dataports c) @ map fst (emits c) @ map fst (consumes c) in check_wellformed (wellformed_component, ''distinct'', names) (distinct names)) \\<and> (\\<forall>x\\<in>set (requires c). wellformed_procedure (snd (snd x))) \\<and> (\\<forall>x\\<in>set (provides c). wellformed_procedure (snd x)) \\<and> (\\<forall>x\\<in>set (emits c). wellformed_event (snd x)) \\<and> (\\<forall>x\\<in>set (consumes c). wellformed_event (snd (snd x))) \\<and> (\\<forall>x\\<in>set (dataports c). wellformed_dataport (snd x)))",
        "step_time": 0.0326387882232666
    },
    {
        "index": 58,
        "step": "by (simp only: wellformed_component_def remove_generic_tag simp_thms Let_def)",
        "output": "",
        "raw_output": "",
        "step_time": 0.01924586296081543
    },
    {
        "index": 59,
        "step": "lemma refs_valid_procedures_ann:\n  \"refs_valid_procedures component_instance procedures conns =\n     (\\<forall>(name, (req, proc)) \\<in> set procedures.\n      req = InterfaceRequired \\<longrightarrow>\n      check_wellformed (refs_valid_procedures, name)\n        (proc \\<noteq> [] \\<longrightarrow> (\\<exists>1 z \\<in> (concat (map (\\<lambda>y. conn_from (snd y)) conns)). z = (component_instance, name))))\"",
        "output": "",
        "raw_output": "proof (prove)\ngoal (1 subgoal):\n 1. refs_valid_procedures component_instance procedures conns = (\\<forall>(name, req, proc)\\<in>set procedures. req = InterfaceRequired \\<longrightarrow> check_wellformed (refs_valid_procedures, name) (proc \\<noteq> [] \\<longrightarrow> (\\<exists>1 z\\<in>concat (map (\\<lambda>y. conn_from (snd y)) conns). z = (component_instance, name))))",
        "step_time": 0.014054059982299805
    },
    {
        "index": 60,
        "step": "by (simp only: refs_valid_procedures_def remove_generic_tag simp_thms)",
        "output": "",
        "raw_output": "",
        "step_time": 0.013813972473144531
    },
    {
        "index": 61,
        "step": "text \\<open>\n  For events and dataports, an interface can be left unconnected in a system with no\n  adverse effects.\n\\<close>",
        "output": "",
        "raw_output": "",
        "step_time": 0.005732297897338867
    },
    {
        "index": 62,
        "step": "lemma refs_valid_components_ann:\n  \"refs_valid_components comps conns =\n    (\\<forall>x \\<in> set comps. check_wellformed (refs_valid_components, fst x)\n                         (refs_valid_procedures (fst x) (requires (snd x)) conns))\"",
        "output": "",
        "raw_output": "proof (prove)\ngoal (1 subgoal):\n 1. refs_valid_components comps conns = (\\<forall>x\\<in>set comps. check_wellformed (refs_valid_components, fst x) (refs_valid_procedures (fst x) (requires (snd x)) conns))",
        "step_time": 0.01644420623779297
    },
    {
        "index": 63,
        "step": "by (simp only: refs_valid_components_def remove_generic_tag simp_thms)",
        "output": "",
        "raw_output": "",
        "step_time": 0.01262354850769043
    },
    {
        "index": 64,
        "step": "text \\<open>\n  Each connection must be connecting interfaces of the same underlying type.\n\\<close>",
        "output": "",
        "raw_output": "",
        "step_time": 0.004954099655151367
    },
    {
        "index": 65,
        "step": "lemma refs_valid_connection_ann:\n  \"refs_valid_connection conn component_list =\n      (wellformed_connector (conn_type conn) \\<and>\n       (\\<comment> \\<open>Every to- and from-end of the component must exist.\\<close>\n        \\<forall>(from_name, from_interface) \\<in> set (conn_from conn).\n          \\<exists>1from \\<in> component_list.\n            fst from = from_name \\<and>\n            (\\<forall>(to_name, to_interface) \\<in> set (conn_to conn).\n               \\<exists>1to \\<in> component_list.\n                 fst to = to_name \\<and>\n                 \\<comment> \\<open>The following checks that the component interfaces have the correct type.\\<close>\n                 check_wellformed ((refs_valid_connection, ''interface''), (from_name, to_name))\n                   (case connector_interface (conn_type conn) of\n                       RPCInterface \\<Rightarrow>      from_interface \\<in> fst ` set (requires (snd from)) \\<and>\n                                            to_interface \\<in> fst ` set (provides (snd to))\n                     | EventInterface \\<Rightarrow>    from_interface \\<in> fst ` set (emits (snd from)) \\<and>\n                                            to_interface \\<in> fst ` set (consumes (snd to))\n                     \\<comment> \\<open>TODO: the check for memory connectors could be optimised; we don't need to\n                               check all pairs of from- and to- for dataports with many subscribers.\\<close>\n                     | DataportInterface \\<Rightarrow> from_interface \\<in> fst ` set (dataports (snd from)) \\<and>\n                                            to_interface \\<in> fst ` set (dataports (snd to))\n                   )\n                 \\<and>\n                 \\<comment> \\<open>Next, we check that the kind of components being connected are appropriate.\\<close>\n                 check_wellformed ((refs_valid_connection, ''component''), (from_name, to_name))\n                   (case connector_type (conn_type conn) of\n                       \\<comment> \\<open>Both endpoints must be regular components.\\<close>\n                       NativeConnector \\<Rightarrow>  \\<not> hardware (snd from) \\<and> \\<not> hardware (snd to)\n                       \\<comment> \\<open>At least one endpoint must be a hardware component.\n                           FIXME: might not be quite what we want.\\<close>\n                     | HardwareConnector \\<Rightarrow> hardware (snd from) \\<or> hardware (snd to)\n                     | ExportConnector \\<Rightarrow> undefined ''compound components not supported yet''\n                   )\n            )\n     ))\"",
        "output": "",
        "raw_output": "proof (prove)\ngoal (1 subgoal):\n 1. refs_valid_connection conn component_list = (wellformed_connector (conn_type conn) \\<and> (\\<forall>(from_name, from_interface)\\<in>set (conn_from conn). \\<exists>1 from\\<in>component_list. fst from = from_name \\<and> (\\<forall>(to_name, to_interface)\\<in>set (conn_to conn). \\<exists>1 to\\<in>component_list. fst to = to_name \\<and> check_wellformed ((refs_valid_connection, ''interface''), from_name, to_name) (case connector_interface (conn_type conn) of RPCInterface \\<Rightarrow> from_interface \\<in> fst ` set (requires (snd from)) \\<and> to_interface \\<in> fst ` set (provides (snd to)) | EventInterface \\<Rightarrow> from_interface \\<in> fst ` set (emits (snd from)) \\<and> to_interface \\<in> fst ` set (consumes (snd to)) | DataportInterface \\<Rightarrow> from_interface \\<in> fst ` set (dataports (snd from)) \\<and> to_interface \\<in> fst ` set (dataports (snd to))) \\<and> check_wellformed ((refs_valid_connection, ''component''), from_name, to_name) (case connector_type (conn_type conn) of NativeConnector \\<Rightarrow> \\<not> hardware (snd from) \\<and> \\<not> hardware (snd to) | HardwareConnector \\<Rightarrow> hardware (snd from) \\<or> hardware (snd to) | ExportConnector \\<Rightarrow> undefined ''compound components not supported yet''))))",
        "step_time": 0.052982330322265625
    },
    {
        "index": 66,
        "step": "by (simp only: refs_valid_connection_def remove_generic_tag simp_thms)",
        "output": "",
        "raw_output": "",
        "step_time": 0.03249216079711914
    },
    {
        "index": 67,
        "step": "lemma refs_valid_connections_ann:\n  \"refs_valid_connections conns comps =\n     (\\<forall>x \\<in> set conns. check_wellformed (refs_valid_connections, (fst x))\n                          (refs_valid_connection (snd x) comps))\"",
        "output": "",
        "raw_output": "proof (prove)\ngoal (1 subgoal):\n 1. refs_valid_connections conns comps = (\\<forall>x\\<in>set conns. check_wellformed (refs_valid_connections, fst x) (refs_valid_connection (snd x) comps))",
        "step_time": 0.011118650436401367
    },
    {
        "index": 68,
        "step": "by (simp only: refs_valid_connections_def remove_generic_tag simp_thms)",
        "output": "",
        "raw_output": "",
        "step_time": 0.010547637939453125
    },
    {
        "index": 69,
        "step": "lemma wellformed_composition_ann:\n  \"wellformed_composition c = (\n     \\<comment> \\<open>This system contains @{text \\<open>\\<ge> 1\\<close>} active component.\\<close>\n    check_wellformed (wellformed_composition, ''control'', map fst (components c))\n                     (\\<exists>x \\<in> set (components c). control (snd x)) \\<and>\n     \\<comment> \\<open>All references resolve.\\<close>\n    refs_valid_composition c \\<and>\n     \\<comment> \\<open>The @{const group_labels} mapping refers to existing ADL names.\\<close>\n    (\\<forall>(comp, group) \\<in> set (group_labels c).\n        check_wellformed (wellformed_composition, ''group_labels'', comp)\n          (comp \\<in> (fst ` set (components c) \\<union> fst ` set (connections c)))) \\<and>\n     \\<comment> \\<open>All connectors and components have distinct names.\n        These names will correspond to integrity policy labels.\\<close>\n    check_wellformed (wellformed_composition, ''distinct'', map fst (components c) @ map fst (connections c))\n                     (distinct (map fst (components c) @ map fst (connections c))) \\<and>\n     \\<comment> \\<open>All components are valid.\\<close>\n    (\\<forall>x \\<in> set (components c). check_wellformed (wellformed_composition, ''component'', fst x)\n                                               (wellformed_component (snd x))) \\<and>\n     \\<comment> \\<open>All connections are valid.\\<close>\n    (\\<forall>x \\<in> set (connections c). check_wellformed (wellformed_composition, ''connection'', fst x)\n                                                (wellformed_connection (snd x)))\n   )\"",
        "output": "",
        "raw_output": "proof (prove)\ngoal (1 subgoal):\n 1. wellformed_composition c = (check_wellformed (wellformed_composition, ''control'', map fst (components c)) (\\<exists>x\\<in>set (components c). control (snd x)) \\<and> refs_valid_composition c \\<and> (\\<forall>(comp, group)\\<in>set (group_labels c). check_wellformed (wellformed_composition, ''group_labels'', comp) (comp \\<in> fst ` set (components c) \\<union> fst ` set (connections c))) \\<and> check_wellformed (wellformed_composition, ''distinct'', map fst (components c) @ map fst (connections c)) (distinct (map fst (components c) @ map fst (connections c))) \\<and> (\\<forall>x\\<in>set (components c). check_wellformed (wellformed_composition, ''component'', fst x) (wellformed_component (snd x))) \\<and> (\\<forall>x\\<in>set (connections c). check_wellformed (wellformed_composition, ''connection'', fst x) (wellformed_connection (snd x))))",
        "step_time": 0.049974679946899414
    },
    {
        "index": 70,
        "step": "by (simp only: wellformed_composition_def remove_generic_tag simp_thms)",
        "output": "",
        "raw_output": "",
        "step_time": 0.0250246524810791
    },
    {
        "index": 71,
        "step": "\n(*>*)\n\n(*<*)\n",
        "output": "",
        "raw_output": "",
        "step_time": 0.004814624786376953
    },
    {
        "index": 72,
        "step": "text \\<open>Automation for proving wellformedness properties.\\<close>",
        "output": "",
        "raw_output": "",
        "step_time": 0.005033016204833984
    },
    {
        "index": 73,
        "step": "named_theorems wellformed_CAMKES_simps",
        "output": "",
        "raw_output": "",
        "step_time": 0.39018726348876953
    },
    {
        "index": 74,
        "step": "lemmas [simplified, wellformed_CAMKES_simps] =\n  wellformed_composition_ann\n  wellformed_component_ann\n  wellformed_procedure_ann\n  wellformed_method_ann\n  wellformed_event_ann\n  refs_valid_connections_ann\n  refs_valid_connection_ann\n  refs_valid_procedures_ann\n  refs_valid_components_ann",
        "output": "",
        "raw_output": "",
        "step_time": 0.40135645866394043
    },
    {
        "index": 75,
        "step": "text \\<open>These currently have trivial definitions and don't need annotations.\\<close>",
        "output": "",
        "raw_output": "",
        "step_time": 0.005964517593383789
    },
    {
        "index": 76,
        "step": "lemmas [wellformed_CAMKES_simps] =\n  wellformed_assembly_def\n  wellformed_configuration_def\n  wellformed_connector_def\n  wellformed_connection_def\n  wellformed_dataport_def\n  refs_valid_composition_def",
        "output": "",
        "raw_output": "",
        "step_time": 0.010063409805297852
    },
    {
        "index": 77,
        "step": "lemmas [wellformed_CAMKES_simps] =\n  ex_one_def\n  generic_tag_True",
        "output": "",
        "raw_output": "",
        "step_time": 0.006727695465087891
    },
    {
        "index": 78,
        "step": "text \\<open>Helper to visualise nested check failures.\\<close>",
        "output": "",
        "raw_output": "",
        "step_time": 0.0046269893646240234
    },
    {
        "index": 79,
        "step": "datatype ('a, 'b) check_wellformed_conds = check_wellformed_conds 'a 'b",
        "output": "",
        "raw_output": "",
        "step_time": 0.8997344970703125
    },
    {
        "index": 80,
        "step": "\n\n(* clagged from HOL.Product_Type *)\n",
        "output": "",
        "raw_output": "",
        "step_time": 0.0057184696197509766
    },
    {
        "index": 81,
        "step": "nonterminal check_wellformed_args",
        "output": "",
        "raw_output": "",
        "step_time": 0.0065765380859375
    },
    {
        "index": 82,
        "step": "syntax\n  \"_check_wellformed_conds\" ::\n      \"'a \\<Rightarrow> check_wellformed_args \\<Rightarrow> ('a, 'b) check_wellformed_conds\" (\"(1\\<langle>_ \\<rightarrow>/ _\\<rangle>)\")\n  \"_check_wellformed_arg\"   :: \"'a \\<Rightarrow> check_wellformed_args\" (\"_\")\n  \"_check_wellformed_args\"  :: \"'a \\<Rightarrow> check_wellformed_args \\<Rightarrow> check_wellformed_args\" (\"_ \\<rightarrow> _\")",
        "output": "",
        "raw_output": "",
        "step_time": 0.00811910629272461
    },
    {
        "index": 83,
        "step": "translations\n  \"\\<langle>x \\<rightarrow> y\\<rangle>\" \\<rightleftharpoons> \"CONST check_wellformed_conds x y\"\n  \"_check_wellformed_conds x (_check_wellformed_args y z)\" \\<rightleftharpoons>\n    \"_check_wellformed_conds x (_check_wellformed_arg (_check_wellformed_conds y z))\"",
        "output": "",
        "raw_output": "",
        "step_time": 0.009798288345336914
    },
    {
        "index": 84,
        "step": "lemma check_wellformed_merge[wellformed_CAMKES_simps]:\n  \"check_wellformed x (check_wellformed y P) = check_wellformed (\\<langle>x \\<rightarrow> y\\<rangle>) P\"",
        "output": "",
        "raw_output": "proof (prove)\ngoal (1 subgoal):\n 1. check_wellformed x (check_wellformed y P) = check_wellformed \\<langle>x \\<rightarrow> y\\<rangle> P",
        "step_time": 0.01707291603088379
    },
    {
        "index": 85,
        "step": "by (simp add: remove_generic_tag)",
        "output": "",
        "raw_output": "",
        "step_time": 0.020642995834350586
    },
    {
        "index": 86,
        "step": "\n\n(* example *)\n",
        "output": "",
        "raw_output": "",
        "step_time": 0.0056002140045166016
    },
    {
        "index": 87,
        "step": "term \"check_wellformed \\<langle>x \\<rightarrow> y \\<rightarrow> z\\<rangle> P\"",
        "output": "",
        "raw_output": "",
        "step_time": 0.01077890396118164
    },
    {
        "index": 88,
        "step": "end",
        "output": "",
        "raw_output": "",
        "step_time": 0.008617162704467773
    },
    {
        "index": 89,
        "step": "\n(*>*)",
        "output": "",
        "raw_output": "",
        "step_time": 0.005927324295043945
    }
]