[
    {
        "index": 0,
        "step": "(*\n * Copyright 2020, Data61, CSIRO (ABN 41 687 119 230)\n *\n * SPDX-License-Identifier: GPL-2.0-only\n *)\n\n",
        "output": "",
        "raw_output": "",
        "step_time": 0.005558490753173828
    },
    {
        "index": 1,
        "step": "theory ArchPasUpdates\nimports PasUpdates\nbegin",
        "output": "",
        "raw_output": "",
        "step_time": 0.005186796188354492
    },
    {
        "index": 2,
        "step": "context Arch begin",
        "output": "",
        "raw_output": "",
        "step_time": 2.6694676876068115
    },
    {
        "index": 3,
        "step": "global_naming ARM",
        "output": "",
        "raw_output": "",
        "step_time": 0.007243633270263672
    },
    {
        "index": 4,
        "step": "named_theorems PasUpdates_assms",
        "output": "",
        "raw_output": "",
        "step_time": 0.47696518898010254
    },
    {
        "index": 5,
        "step": "crunches arch_post_cap_deletion, arch_finalise_cap, prepare_thread_delete\n  for domain_fields[PasUpdates_assms, wp]: \"domain_fields P\"\n  (    wp: syscall_valid crunch_wps rec_del_preservation cap_revoke_preservation modify_wp\n     simp: crunch_simps check_cap_at_def filterM_mapM unless_def\n   ignore: without_preemption filterM rec_del check_cap_at cap_revoke\n   ignore_del: retype_region_ext create_cap_ext cap_insert_ext ethread_set cap_move_ext\n               empty_slot_ext cap_swap_ext set_thread_state_ext tcb_sched_action reschedule_required)",
        "output": "",
        "raw_output": "",
        "step_time": 1.0324077606201172
    },
    {
        "index": 6,
        "step": "end",
        "output": "",
        "raw_output": "",
        "step_time": 0.007008552551269531
    },
    {
        "index": 7,
        "step": "global_interpretation PasUpdates_1?: PasUpdates_1",
        "output": "",
        "raw_output": "proof (prove)\ngoal (1 subgoal):\n 1. PasUpdates_1",
        "step_time": 0.006866455078125
    },
    {
        "index": 8,
        "step": "proof goal_cases",
        "output": "",
        "raw_output": "proof (state)\ngoal (1 subgoal):\n 1. PasUpdates_1",
        "step_time": 0.02718520164489746
    },
    {
        "index": 9,
        "step": "interpret Arch",
        "output": "",
        "raw_output": "proof (prove)\ngoal:\nNo subgoals!",
        "step_time": 0.17284440994262695
    },
    {
        "index": 10,
        "step": ".",
        "output": "",
        "raw_output": "proof (state)\ngoal (1 subgoal):\n 1. PasUpdates_1",
        "step_time": 1.753007411956787
    },
    {
        "index": 11,
        "step": "case 1",
        "output": "",
        "raw_output": "proof (state)\nthis:\n\n\ngoal (1 subgoal):\n 1. PasUpdates_1",
        "step_time": 0.008595705032348633
    },
    {
        "index": 12,
        "step": "show ?case",
        "output": "",
        "raw_output": "proof (prove)\ngoal (1 subgoal):\n 1. PasUpdates_1",
        "step_time": 0.11234426498413086
    },
    {
        "index": 13,
        "step": "by (unfold_locales; (fact PasUpdates_assms)?)",
        "output": "",
        "raw_output": "proof (state)\nthis:\nPasUpdates_1\n\ngoal:\nNo subgoals!",
        "step_time": 0.016960620880126953
    },
    {
        "index": 14,
        "step": "qed",
        "output": "",
        "raw_output": "",
        "step_time": 0.042585134506225586
    },
    {
        "index": 15,
        "step": "context Arch begin",
        "output": "",
        "raw_output": "",
        "step_time": 2.8362443447113037
    },
    {
        "index": 16,
        "step": "global_naming ARM",
        "output": "",
        "raw_output": "",
        "step_time": 0.007794857025146484
    },
    {
        "index": 17,
        "step": "declare init_arch_objects_exst[PasUpdates_assms]",
        "output": "",
        "raw_output": "",
        "step_time": 0.0068356990814208984
    },
    {
        "index": 18,
        "step": "crunches arch_perform_invocation, arch_post_modify_registers,\n         arch_invoke_irq_control, arch_invoke_irq_handler, handle_arch_fault_reply\n  for domain_fields[PasUpdates_assms, wp]: \"domain_fields P\"\n  (wp: syscall_valid crunch_wps mapME_x_inv_wp\n   simp: crunch_simps check_cap_at_def detype_def detype_ext_def mapM_x_defsym\n   ignore: check_cap_at syscall\n   ignore_del: set_domain set_priority possible_switch_to\n   rule: transfer_caps_loop_pres)",
        "output": "",
        "raw_output": "",
        "step_time": 0.7938377857208252
    },
    {
        "index": 19,
        "step": "lemma state_asids_to_policy_aux_pasSubject_update:\n  \"state_asids_to_policy_aux (aag\\<lparr>pasSubject := x\\<rparr>) caps asid vrefs =\n   state_asids_to_policy_aux aag caps asid vrefs\"",
        "output": "",
        "raw_output": "proof (prove)\ngoal (1 subgoal):\n 1. state_asids_to_policy_aux (aag\\<lparr>pasSubject := x\\<rparr>) caps asid vrefs = state_asids_to_policy_aux aag caps asid vrefs",
        "step_time": 0.009235143661499023
    },
    {
        "index": 20,
        "step": "apply (rule equalityI)",
        "output": "",
        "raw_output": "proof (prove)\ngoal (2 subgoals):\n 1. state_asids_to_policy_aux (aag\\<lparr>pasSubject := x\\<rparr>) caps asid vrefs \\<subseteq> state_asids_to_policy_aux aag caps asid vrefs\n 2. state_asids_to_policy_aux aag caps asid vrefs \\<subseteq> state_asids_to_policy_aux (aag\\<lparr>pasSubject := x\\<rparr>) caps asid vrefs",
        "step_time": 0.005719184875488281
    },
    {
        "index": 21,
        "step": "apply clarify",
        "output": "",
        "raw_output": "proof (prove)\ngoal (2 subgoals):\n 1. \\<And>a aa b. (a, aa, b) \\<in> state_asids_to_policy_aux (aag\\<lparr>pasSubject := x\\<rparr>) caps asid vrefs \\<Longrightarrow> (a, aa, b) \\<in> state_asids_to_policy_aux aag caps asid vrefs\n 2. state_asids_to_policy_aux aag caps asid vrefs \\<subseteq> state_asids_to_policy_aux (aag\\<lparr>pasSubject := x\\<rparr>) caps asid vrefs",
        "step_time": 0.007627964019775391
    },
    {
        "index": 22,
        "step": "apply (erule state_asids_to_policy_aux.cases\n          | simp\n          | fastforce intro: state_asids_to_policy_aux.intros)+",
        "output": "",
        "raw_output": "proof (prove)\ngoal (1 subgoal):\n 1. state_asids_to_policy_aux aag caps asid vrefs \\<subseteq> state_asids_to_policy_aux (aag\\<lparr>pasSubject := x\\<rparr>) caps asid vrefs",
        "step_time": 0.05536055564880371
    },
    {
        "index": 23,
        "step": "apply clarify",
        "output": "",
        "raw_output": "proof (prove)\ngoal (1 subgoal):\n 1. \\<And>a aa b. (a, aa, b) \\<in> state_asids_to_policy_aux aag caps asid vrefs \\<Longrightarrow> (a, aa, b) \\<in> state_asids_to_policy_aux (aag\\<lparr>pasSubject := x\\<rparr>) caps asid vrefs",
        "step_time": 0.006432294845581055
    },
    {
        "index": 24,
        "step": "apply (erule state_asids_to_policy_aux.cases)",
        "output": "",
        "raw_output": "proof (prove)\ngoal (3 subgoals):\n 1. \\<And>a aa b ptr acap asida. \\<lbrakk>a = pasObjectAbs aag (fst ptr); aa = Control; b = pasASIDAbs aag asida; caps ptr = Some (ArchObjectCap acap); asida \\<in> acap_asid' acap\\<rbrakk> \\<Longrightarrow> (a, aa, b) \\<in> state_asids_to_policy_aux (aag\\<lparr>pasSubject := x\\<rparr>) caps asid vrefs\n 2. \\<And>a aa b asida poolptr pdptr ab. \\<lbrakk>a = pasASIDAbs aag asida; aa = ab; b = pasObjectAbs aag pdptr; asid (asid_high_bits_of asida) = Some poolptr; (pdptr, asida && mask local.asid_low_bits, AASIDPool, ab) \\<in> vrefs poolptr\\<rbrakk> \\<Longrightarrow> (a, aa, b) \\<in> state_asids_to_policy_aux (aag\\<lparr>pasSubject := x\\<rparr>) caps asid vrefs\n 3. \\<And>a aa b asida poolptr. \\<lbrakk>a = pasObjectAbs aag poolptr; aa = AAuth ASIDPoolMapsASID; b = pasASIDAbs aag asida; asid (asid_high_bits_of asida) = Some poolptr; asida \\<noteq> 0\\<rbrakk> \\<Longrightarrow> (a, aa, b) \\<in> state_asids_to_policy_aux (aag\\<lparr>pasSubject := x\\<rparr>) caps asid vrefs",
        "step_time": 0.010536432266235352
    },
    {
        "index": 25,
        "step": "apply (simp, subst pasObjectAbs_pasSubject_update[symmetric]\n               , subst pasASIDAbs_pasSubject_update[symmetric]\n               , rule state_asids_to_policy_aux.intros\n               , assumption+)+",
        "output": "",
        "raw_output": "proof (prove)\ngoal:\nNo subgoals!",
        "step_time": 0.026153087615966797
    },
    {
        "index": 26,
        "step": "done",
        "output": "",
        "raw_output": "",
        "step_time": 0.00724482536315918
    },
    {
        "index": 27,
        "step": "lemma state_asids_to_policy_pasSubject_update[PasUpdates_assms]:\n  \"state_asids_to_policy (aag\\<lparr>pasSubject := x\\<rparr>) s =\n   state_asids_to_policy aag s\"",
        "output": "",
        "raw_output": "proof (prove)\ngoal (1 subgoal):\n 1. state_asids_to_policy (aag\\<lparr>pasSubject := x\\<rparr>) s = state_asids_to_policy aag s",
        "step_time": 0.010613203048706055
    },
    {
        "index": 28,
        "step": "by (simp add: state_asids_to_policy_aux_pasSubject_update)",
        "output": "",
        "raw_output": "",
        "step_time": 0.007529258728027344
    },
    {
        "index": 29,
        "step": "lemma state_asids_to_policy_aux_pasMayActivate_update:\n  \"state_asids_to_policy_aux (aag\\<lparr>pasMayActivate := x\\<rparr>) caps asid_tab vrefs =\n   state_asids_to_policy_aux aag caps asid_tab vrefs\"",
        "output": "",
        "raw_output": "proof (prove)\ngoal (1 subgoal):\n 1. state_asids_to_policy_aux (aag\\<lparr>pasMayActivate := x\\<rparr>) caps asid_tab vrefs = state_asids_to_policy_aux aag caps asid_tab vrefs",
        "step_time": 0.013797521591186523
    },
    {
        "index": 30,
        "step": "apply (rule equalityI)",
        "output": "",
        "raw_output": "proof (prove)\ngoal (2 subgoals):\n 1. state_asids_to_policy_aux (aag\\<lparr>pasMayActivate := x\\<rparr>) caps asid_tab vrefs \\<subseteq> state_asids_to_policy_aux aag caps asid_tab vrefs\n 2. state_asids_to_policy_aux aag caps asid_tab vrefs \\<subseteq> state_asids_to_policy_aux (aag\\<lparr>pasMayActivate := x\\<rparr>) caps asid_tab vrefs",
        "step_time": 0.006163358688354492
    },
    {
        "index": 31,
        "step": "apply clarify",
        "output": "",
        "raw_output": "proof (prove)\ngoal (2 subgoals):\n 1. \\<And>a aa b. (a, aa, b) \\<in> state_asids_to_policy_aux (aag\\<lparr>pasMayActivate := x\\<rparr>) caps asid_tab vrefs \\<Longrightarrow> (a, aa, b) \\<in> state_asids_to_policy_aux aag caps asid_tab vrefs\n 2. state_asids_to_policy_aux aag caps asid_tab vrefs \\<subseteq> state_asids_to_policy_aux (aag\\<lparr>pasMayActivate := x\\<rparr>) caps asid_tab vrefs",
        "step_time": 0.006704092025756836
    },
    {
        "index": 32,
        "step": "apply (erule state_asids_to_policy_aux.cases\n          | simp\n          | fastforce intro: state_asids_to_policy_aux.intros)+",
        "output": "",
        "raw_output": "proof (prove)\ngoal (1 subgoal):\n 1. state_asids_to_policy_aux aag caps asid_tab vrefs \\<subseteq> state_asids_to_policy_aux (aag\\<lparr>pasMayActivate := x\\<rparr>) caps asid_tab vrefs",
        "step_time": 0.07710719108581543
    },
    {
        "index": 33,
        "step": "apply clarify",
        "output": "",
        "raw_output": "proof (prove)\ngoal (1 subgoal):\n 1. \\<And>a aa b. (a, aa, b) \\<in> state_asids_to_policy_aux aag caps asid_tab vrefs \\<Longrightarrow> (a, aa, b) \\<in> state_asids_to_policy_aux (aag\\<lparr>pasMayActivate := x\\<rparr>) caps asid_tab vrefs",
        "step_time": 0.006249427795410156
    },
    {
        "index": 34,
        "step": "apply (erule state_asids_to_policy_aux.cases)",
        "output": "",
        "raw_output": "proof (prove)\ngoal (3 subgoals):\n 1. \\<And>a aa b ptr acap asid. \\<lbrakk>a = pasObjectAbs aag (fst ptr); aa = Control; b = pasASIDAbs aag asid; caps ptr = Some (ArchObjectCap acap); asid \\<in> acap_asid' acap\\<rbrakk> \\<Longrightarrow> (a, aa, b) \\<in> state_asids_to_policy_aux (aag\\<lparr>pasMayActivate := x\\<rparr>) caps asid_tab vrefs\n 2. \\<And>a aa b asid poolptr pdptr ab. \\<lbrakk>a = pasASIDAbs aag asid; aa = ab; b = pasObjectAbs aag pdptr; asid_tab (asid_high_bits_of asid) = Some poolptr; (pdptr, asid && mask local.asid_low_bits, AASIDPool, ab) \\<in> vrefs poolptr\\<rbrakk> \\<Longrightarrow> (a, aa, b) \\<in> state_asids_to_policy_aux (aag\\<lparr>pasMayActivate := x\\<rparr>) caps asid_tab vrefs\n 3. \\<And>a aa b asid poolptr. \\<lbrakk>a = pasObjectAbs aag poolptr; aa = AAuth ASIDPoolMapsASID; b = pasASIDAbs aag asid; asid_tab (asid_high_bits_of asid) = Some poolptr; asid \\<noteq> 0\\<rbrakk> \\<Longrightarrow> (a, aa, b) \\<in> state_asids_to_policy_aux (aag\\<lparr>pasMayActivate := x\\<rparr>) caps asid_tab vrefs",
        "step_time": 0.011639118194580078
    },
    {
        "index": 35,
        "step": "apply (simp, subst pasObjectAbs_pasMayActivate_update[symmetric]\n               , subst pasASIDAbs_pasMayActivate_update[symmetric]\n               , rule state_asids_to_policy_aux.intros\n               , assumption+)+",
        "output": "",
        "raw_output": "proof (prove)\ngoal:\nNo subgoals!",
        "step_time": 0.026417255401611328
    },
    {
        "index": 36,
        "step": "done",
        "output": "",
        "raw_output": "",
        "step_time": 0.006334543228149414
    },
    {
        "index": 37,
        "step": "lemma state_asids_to_policy_pasMayActivate_update[PasUpdates_assms]:\n  \"state_asids_to_policy (aag\\<lparr>pasMayActivate := x\\<rparr>) s =\n   state_asids_to_policy aag s\"",
        "output": "",
        "raw_output": "proof (prove)\ngoal (1 subgoal):\n 1. state_asids_to_policy (aag\\<lparr>pasMayActivate := x\\<rparr>) s = state_asids_to_policy aag s",
        "step_time": 0.009418487548828125
    },
    {
        "index": 38,
        "step": "by (simp add: state_asids_to_policy_aux_pasMayActivate_update)",
        "output": "",
        "raw_output": "",
        "step_time": 0.008039712905883789
    },
    {
        "index": 39,
        "step": "lemma state_asids_to_policy_aux_pasMayEditReadyQueues_update:\n  \"state_asids_to_policy_aux (aag\\<lparr>pasMayEditReadyQueues := x\\<rparr>) caps asid_tab vrefs =\n   state_asids_to_policy_aux aag caps asid_tab vrefs\"",
        "output": "",
        "raw_output": "proof (prove)\ngoal (1 subgoal):\n 1. state_asids_to_policy_aux (aag\\<lparr>pasMayEditReadyQueues := x\\<rparr>) caps asid_tab vrefs = state_asids_to_policy_aux aag caps asid_tab vrefs",
        "step_time": 0.009256124496459961
    },
    {
        "index": 40,
        "step": "apply (rule equalityI)",
        "output": "",
        "raw_output": "proof (prove)\ngoal (2 subgoals):\n 1. state_asids_to_policy_aux (aag\\<lparr>pasMayEditReadyQueues := x\\<rparr>) caps asid_tab vrefs \\<subseteq> state_asids_to_policy_aux aag caps asid_tab vrefs\n 2. state_asids_to_policy_aux aag caps asid_tab vrefs \\<subseteq> state_asids_to_policy_aux (aag\\<lparr>pasMayEditReadyQueues := x\\<rparr>) caps asid_tab vrefs",
        "step_time": 0.0049974918365478516
    },
    {
        "index": 41,
        "step": "apply (clarify)",
        "output": "",
        "raw_output": "proof (prove)\ngoal (2 subgoals):\n 1. \\<And>a aa b. (a, aa, b) \\<in> state_asids_to_policy_aux (aag\\<lparr>pasMayEditReadyQueues := x\\<rparr>) caps asid_tab vrefs \\<Longrightarrow> (a, aa, b) \\<in> state_asids_to_policy_aux aag caps asid_tab vrefs\n 2. state_asids_to_policy_aux aag caps asid_tab vrefs \\<subseteq> state_asids_to_policy_aux (aag\\<lparr>pasMayEditReadyQueues := x\\<rparr>) caps asid_tab vrefs",
        "step_time": 0.006972551345825195
    },
    {
        "index": 42,
        "step": "apply (erule state_asids_to_policy_aux.cases\n          | simp\n          | fastforce intro: state_asids_to_policy_aux.intros)+",
        "output": "",
        "raw_output": "proof (prove)\ngoal (1 subgoal):\n 1. state_asids_to_policy_aux aag caps asid_tab vrefs \\<subseteq> state_asids_to_policy_aux (aag\\<lparr>pasMayEditReadyQueues := x\\<rparr>) caps asid_tab vrefs",
        "step_time": 0.05337190628051758
    },
    {
        "index": 43,
        "step": "apply (clarify)",
        "output": "",
        "raw_output": "proof (prove)\ngoal (1 subgoal):\n 1. \\<And>a aa b. (a, aa, b) \\<in> state_asids_to_policy_aux aag caps asid_tab vrefs \\<Longrightarrow> (a, aa, b) \\<in> state_asids_to_policy_aux (aag\\<lparr>pasMayEditReadyQueues := x\\<rparr>) caps asid_tab vrefs",
        "step_time": 0.006066799163818359
    },
    {
        "index": 44,
        "step": "apply (erule state_asids_to_policy_aux.cases)",
        "output": "",
        "raw_output": "proof (prove)\ngoal (3 subgoals):\n 1. \\<And>a aa b ptr acap asid. \\<lbrakk>a = pasObjectAbs aag (fst ptr); aa = Control; b = pasASIDAbs aag asid; caps ptr = Some (ArchObjectCap acap); asid \\<in> acap_asid' acap\\<rbrakk> \\<Longrightarrow> (a, aa, b) \\<in> state_asids_to_policy_aux (aag\\<lparr>pasMayEditReadyQueues := x\\<rparr>) caps asid_tab vrefs\n 2. \\<And>a aa b asid poolptr pdptr ab. \\<lbrakk>a = pasASIDAbs aag asid; aa = ab; b = pasObjectAbs aag pdptr; asid_tab (asid_high_bits_of asid) = Some poolptr; (pdptr, asid && mask local.asid_low_bits, AASIDPool, ab) \\<in> vrefs poolptr\\<rbrakk> \\<Longrightarrow> (a, aa, b) \\<in> state_asids_to_policy_aux (aag\\<lparr>pasMayEditReadyQueues := x\\<rparr>) caps asid_tab vrefs\n 3. \\<And>a aa b asid poolptr. \\<lbrakk>a = pasObjectAbs aag poolptr; aa = AAuth ASIDPoolMapsASID; b = pasASIDAbs aag asid; asid_tab (asid_high_bits_of asid) = Some poolptr; asid \\<noteq> 0\\<rbrakk> \\<Longrightarrow> (a, aa, b) \\<in> state_asids_to_policy_aux (aag\\<lparr>pasMayEditReadyQueues := x\\<rparr>) caps asid_tab vrefs",
        "step_time": 0.011420726776123047
    },
    {
        "index": 45,
        "step": "apply (simp, subst pasObjectAbs_pasMayEditReadyQueues_update[symmetric]\n               , subst pasASIDAbs_pasMayEditReadyQueues_update[symmetric]\n               , rule state_asids_to_policy_aux.intros\n               , assumption+)+",
        "output": "",
        "raw_output": "proof (prove)\ngoal:\nNo subgoals!",
        "step_time": 0.024563312530517578
    },
    {
        "index": 46,
        "step": "done",
        "output": "",
        "raw_output": "",
        "step_time": 0.005977153778076172
    },
    {
        "index": 47,
        "step": "lemma state_asids_to_policy_pasMayEditReadyQueues_update[PasUpdates_assms]:\n  \"state_asids_to_policy (aag\\<lparr>pasMayEditReadyQueues := x\\<rparr>) s =\n   state_asids_to_policy aag s\"",
        "output": "",
        "raw_output": "proof (prove)\ngoal (1 subgoal):\n 1. state_asids_to_policy (aag\\<lparr>pasMayEditReadyQueues := x\\<rparr>) s = state_asids_to_policy aag s",
        "step_time": 0.00928187370300293
    },
    {
        "index": 48,
        "step": "by (simp add: state_asids_to_policy_aux_pasMayEditReadyQueues_update)",
        "output": "",
        "raw_output": "",
        "step_time": 0.006516695022583008
    },
    {
        "index": 49,
        "step": "end",
        "output": "",
        "raw_output": "",
        "step_time": 0.004393100738525391
    },
    {
        "index": 50,
        "step": "global_interpretation PasUpdates_2?: PasUpdates_2",
        "output": "",
        "raw_output": "proof (prove)\ngoal (1 subgoal):\n 1. PasUpdates_2 aag",
        "step_time": 0.0055751800537109375
    },
    {
        "index": 51,
        "step": "proof goal_cases",
        "output": "",
        "raw_output": "proof (state)\ngoal (1 subgoal):\n 1. PasUpdates_2 aag",
        "step_time": 0.0048770904541015625
    },
    {
        "index": 52,
        "step": "interpret Arch",
        "output": "",
        "raw_output": "proof (prove)\ngoal:\nNo subgoals!",
        "step_time": 0.0755000114440918
    },
    {
        "index": 53,
        "step": ".",
        "output": "",
        "raw_output": "proof (state)\ngoal (1 subgoal):\n 1. PasUpdates_2 aag",
        "step_time": 1.632035493850708
    },
    {
        "index": 54,
        "step": "case 1",
        "output": "",
        "raw_output": "proof (state)\nthis:\n\n\ngoal (1 subgoal):\n 1. PasUpdates_2 aag",
        "step_time": 0.006363868713378906
    },
    {
        "index": 55,
        "step": "show ?case",
        "output": "",
        "raw_output": "proof (prove)\ngoal (1 subgoal):\n 1. PasUpdates_2 aag",
        "step_time": 0.2682826519012451
    },
    {
        "index": 56,
        "step": "by (unfold_locales; (fact PasUpdates_assms)?)",
        "output": "",
        "raw_output": "proof (state)\nthis:\nPasUpdates_2 aag\n\ngoal:\nNo subgoals!",
        "step_time": 0.030927419662475586
    },
    {
        "index": 57,
        "step": "qed",
        "output": "",
        "raw_output": "",
        "step_time": 0.07174873352050781
    },
    {
        "index": 58,
        "step": "end",
        "output": "",
        "raw_output": "",
        "step_time": 0.005609989166259766
    }
]