[
    {
        "index": 0,
        "step": "(*\n * Copyright 2020, Data61, CSIRO (ABN 41 687 119 230)\n *\n * SPDX-License-Identifier: GPL-2.0-only\n *)\n\n",
        "output": "",
        "raw_output": "",
        "step_time": 0.007071256637573242
    },
    {
        "index": 1,
        "step": "theory ArchInfoFlow\nimports\n  \"Access.ArchSyscall_AC\"\n  \"Lib.EquivValid\"\nbegin",
        "output": "",
        "raw_output": "",
        "step_time": 0.007906198501586914
    },
    {
        "index": 2,
        "step": "context Arch begin",
        "output": "",
        "raw_output": "",
        "step_time": 2.6689438819885254
    },
    {
        "index": 3,
        "step": "global_naming ARM",
        "output": "",
        "raw_output": "",
        "step_time": 0.00854039192199707
    },
    {
        "index": 4,
        "step": "section \\<open>Arch-specific equivalence properties\\<close>",
        "output": "",
        "raw_output": "",
        "step_time": 0.008192777633666992
    },
    {
        "index": 5,
        "step": "subsection \\<open>ASID equivalence\\<close>",
        "output": "",
        "raw_output": "",
        "step_time": 0.007281780242919922
    },
    {
        "index": 6,
        "step": "definition equiv_asid :: \"asid \\<Rightarrow> det_ext state \\<Rightarrow> det_ext state \\<Rightarrow> bool\" where\n  \"equiv_asid asid s s' \\<equiv>\n    ((arm_asid_table (arch_state s) (asid_high_bits_of asid)) =\n     (arm_asid_table (arch_state s') (asid_high_bits_of asid))) \\<and>\n    (\\<forall>pool_ptr. arm_asid_table (arch_state s) (asid_high_bits_of asid) = Some pool_ptr\n                \\<longrightarrow> asid_pool_at pool_ptr s = asid_pool_at pool_ptr s' \\<and>\n                    (\\<forall>asid_pool asid_pool'. kheap s pool_ptr = Some (ArchObj (ASIDPool asid_pool)) \\<and>\n                                            kheap s' pool_ptr = Some (ArchObj (ASIDPool asid_pool'))\n                                            \\<longrightarrow> asid_pool (ucast asid) = asid_pool' (ucast asid)))\"",
        "output": "",
        "raw_output": "",
        "step_time": 0.16448736190795898
    },
    {
        "index": 7,
        "step": "definition equiv_asid' where\n  \"equiv_asid' asid pool_ptr_opt pool_ptr_opt' kh kh' \\<equiv>\n    (case pool_ptr_opt of None \\<Rightarrow> pool_ptr_opt' = None\n                        | Some pool_ptr \\<Rightarrow>\n       (case pool_ptr_opt' of None \\<Rightarrow> False\n                            | Some pool_ptr' \\<Rightarrow>\n          (pool_ptr' = pool_ptr \\<and>\n           ((\\<exists>asid_pool. kh pool_ptr = Some (ArchObj (ASIDPool asid_pool))) =\n            (\\<exists>asid_pool'. kh' pool_ptr' = Some (ArchObj (ASIDPool asid_pool')))) \\<and>\n           (\\<forall>asid_pool asid_pool'. kh pool_ptr = Some (ArchObj (ASIDPool asid_pool)) \\<and>\n                                   kh' pool_ptr' = Some (ArchObj (ASIDPool asid_pool'))\n                                   \\<longrightarrow> asid_pool (ucast asid) = asid_pool' (ucast asid)))))\"",
        "output": "",
        "raw_output": "",
        "step_time": 0.1319591999053955
    },
    {
        "index": 8,
        "step": "definition non_asid_pool_kheap_update where\n  \"non_asid_pool_kheap_update s kh \\<equiv>\n     \\<forall>x. (\\<exists>asid_pool. kheap s x = Some (ArchObj (ASIDPool asid_pool)) \\<or>\n                      kh x = Some (ArchObj (ASIDPool asid_pool)))\n         \\<longrightarrow> kheap s x = kh x\"",
        "output": "",
        "raw_output": "",
        "step_time": 0.1158761978149414
    },
    {
        "index": 9,
        "step": "subsection \\<open>Exclusive machine state equivalence\\<close>",
        "output": "",
        "raw_output": "",
        "step_time": 0.0070612430572509766
    },
    {
        "index": 10,
        "step": "abbreviation exclusive_state_equiv where\n  \"exclusive_state_equiv s s' \\<equiv>\n     exclusive_state (machine_state s) = exclusive_state (machine_state s')\"",
        "output": "",
        "raw_output": "",
        "step_time": 0.13436532020568848
    },
    {
        "index": 11,
        "step": "subsection \\<open>Global (Kernel) VSpace equivalence\\<close>",
        "output": "",
        "raw_output": "",
        "step_time": 0.005579471588134766
    },
    {
        "index": 12,
        "step": "\n(* globals_equiv should be maintained by everything except the scheduler, since\n   nothing else touches the globals frame *)\n\n",
        "output": "",
        "raw_output": "",
        "step_time": 0.0054073333740234375
    },
    {
        "index": 13,
        "step": "definition arch_globals_equiv :: \"obj_ref \\<Rightarrow> obj_ref \\<Rightarrow> kheap \\<Rightarrow> kheap \\<Rightarrow> arch_state \\<Rightarrow>\n                                  arch_state \\<Rightarrow> machine_state \\<Rightarrow> machine_state \\<Rightarrow> bool\" where\n  \"arch_globals_equiv ct it kh kh' as as' ms ms' \\<equiv>\n     arm_global_pd as = arm_global_pd as' \\<and>\n     kh (arm_global_pd as) = kh' (arm_global_pd as) \\<and>\n     (ct \\<noteq> it \\<longrightarrow> exclusive_state ms = exclusive_state ms')\"",
        "output": "",
        "raw_output": "",
        "step_time": 0.04465532302856445
    },
    {
        "index": 14,
        "step": "declare arch_globals_equiv_def[simp]",
        "output": "",
        "raw_output": "",
        "step_time": 0.00693964958190918
    },
    {
        "index": 15,
        "step": "end",
        "output": "",
        "raw_output": "",
        "step_time": 0.005159139633178711
    },
    {
        "index": 16,
        "step": "context begin",
        "output": "",
        "raw_output": "",
        "step_time": 0.004776716232299805
    },
    {
        "index": 17,
        "step": "interpretation Arch",
        "output": "",
        "raw_output": "proof (prove)\ngoal:\nNo subgoals!",
        "step_time": 0.07059764862060547
    },
    {
        "index": 18,
        "step": ".",
        "output": "",
        "raw_output": "",
        "step_time": 4.269707441329956
    },
    {
        "index": 19,
        "step": "requalify_consts\n  equiv_asid\n  equiv_asid'\n  arch_globals_equiv\n  non_asid_pool_kheap_update",
        "output": "",
        "raw_output": "",
        "step_time": 0.009837627410888672
    },
    {
        "index": 20,
        "step": "end",
        "output": "",
        "raw_output": "",
        "step_time": 0.004666328430175781
    },
    {
        "index": 21,
        "step": "end",
        "output": "",
        "raw_output": "",
        "step_time": 0.008008003234863281
    }
]