[
    {
        "index": 0,
        "step": "(*\n * Copyright 2020, Data61, CSIRO (ABN 41 687 119 230)\n *\n * SPDX-License-Identifier: BSD-2-Clause\n *)\n\n",
        "output": "",
        "raw_output": "",
        "step_time": 0.006807088851928711
    },
    {
        "index": 1,
        "step": "theory BitFieldProofsLib\nimports\n  Eisbach_Tools.Eisbach_Methods\n  CParser.TypHeapLib\nbegin",
        "output": "",
        "raw_output": "",
        "step_time": 0.005386829376220703
    },
    {
        "index": 2,
        "step": "lemmas guard_simps =\n  word_sle_def word_sless_def",
        "output": "",
        "raw_output": "",
        "step_time": 0.008053779602050781
    },
    {
        "index": 3,
        "step": "lemmas mask_shift_simps =\n  ucast_def shift_over_ao_dists word_bw_assocs\n  word_size multi_shift_simps mask_def\n  word_ao_dist NOT_eq\n  word_and_max_simps",
        "output": "",
        "raw_output": "",
        "step_time": 0.01470637321472168
    },
    {
        "index": 4,
        "step": "\n\n(* a << Suc 0 is too eagerly simplified into a * 2, so we have to deal with some patterns that\n  should otherwise not occur: *)\n",
        "output": "",
        "raw_output": "",
        "step_time": 0.0055484771728515625
    },
    {
        "index": 5,
        "step": "lemma word_and_t2_dist[simp]:\n  \"(a && b) * 2 = (a * 2) && (b * 2)\" for a::\"'a::len word\"",
        "output": "",
        "raw_output": "proof (prove)\ngoal (1 subgoal):\n 1. (a && b) * 2 = a * 2 && b * 2",
        "step_time": 0.12403416633605957
    },
    {
        "index": 6,
        "step": "proof -",
        "output": "",
        "raw_output": "proof (state)\ngoal (1 subgoal):\n 1. (a && b) * 2 = a * 2 && b * 2",
        "step_time": 0.006334781646728516
    },
    {
        "index": 7,
        "step": "have \"a && b << 1 = (a << 1) && (b << 1)\"",
        "output": "",
        "raw_output": "proof (prove)\ngoal (1 subgoal):\n 1. a && b << 1 = (a << 1) && (b << 1)",
        "step_time": 0.009729623794555664
    },
    {
        "index": 8,
        "step": "by (simp only: shift_over_ao_dists)",
        "output": "",
        "raw_output": "proof (state)\nthis:\na && b << 1 = (a << 1) && (b << 1)\n\ngoal (1 subgoal):\n 1. (a && b) * 2 = a * 2 && b * 2",
        "step_time": 0.008280754089355469
    },
    {
        "index": 9,
        "step": "thus ?thesis",
        "output": "",
        "raw_output": "proof (prove)\nusing this:\na && b << 1 = (a << 1) && (b << 1)\n\ngoal (1 subgoal):\n 1. (a && b) * 2 = a * 2 && b * 2",
        "step_time": 0.008972883224487305
    },
    {
        "index": 10,
        "step": "by simp",
        "output": "",
        "raw_output": "proof (state)\nthis:\n(a && b) * 2 = a * 2 && b * 2\n\ngoal:\nNo subgoals!",
        "step_time": 0.009775876998901367
    },
    {
        "index": 11,
        "step": "qed",
        "output": "",
        "raw_output": "",
        "step_time": 0.0065784454345703125
    },
    {
        "index": 12,
        "step": "lemma word_t2_shiftr[simp]:\n  \"c \\<le> 1 \\<Longrightarrow> (a * 2) >> c = a && mask (size a - 1) << 1 - c\" for a::\"'a::len word\"",
        "output": "",
        "raw_output": "proof (prove)\ngoal (1 subgoal):\n 1. c \\<le> 1 \\<Longrightarrow> a * 2 >> c = a && mask (size a - 1) << 1 - c",
        "step_time": 0.009843111038208008
    },
    {
        "index": 13,
        "step": "by (drule shiftl_shiftr1) simp",
        "output": "",
        "raw_output": "",
        "step_time": 0.011611461639404297
    },
    {
        "index": 14,
        "step": "lemmas sep_heap_simps =\n  sep_app_def hrs_mem_update_def\n  hrs_htd_def split_def",
        "output": "",
        "raw_output": "",
        "step_time": 0.007409572601318359
    },
    {
        "index": 15,
        "step": "lemma tag_eq_to_tag_masked_eq:\n  \"tag == v ==> tag && m = v && m\"",
        "output": "",
        "raw_output": "proof (prove)\ngoal (1 subgoal):\n 1. tag \\<equiv> v \\<Longrightarrow> tag && m = v && m",
        "step_time": 0.006520986557006836
    },
    {
        "index": 16,
        "step": "by simp",
        "output": "",
        "raw_output": "",
        "step_time": 0.005333900451660156
    },
    {
        "index": 17,
        "step": "lemma clift_heap_update_footprint:\n  \"\\<forall>p' :: 'a ptr. hrs_htd hp,g \\<Turnstile>\\<^sub>t p' \\<longrightarrow> s_footprint p \\<inter> s_footprint p' = {}\n    \\<Longrightarrow> (lift_t g (hrs_mem_update (heap_update p (v :: 'b :: wf_type)) hp)\n        :: ('a :: mem_type) typ_heap) = lift_t g hp\"",
        "output": "",
        "raw_output": "proof (prove)\ngoal (1 subgoal):\n 1. \\<forall>p'. hrs_htd hp,g \\<Turnstile>\\<^sub>t p' \\<longrightarrow> s_footprint p \\<inter> s_footprint p' = {} \\<Longrightarrow> lift_t g (hrs_mem_update (heap_update p v) hp) = lift_t g hp",
        "step_time": 0.015372514724731445
    },
    {
        "index": 18,
        "step": "apply (cases hp, simp add: lift_t_if fun_eq_iff hrs_mem_update_def hrs_htd_def)",
        "output": "",
        "raw_output": "proof (prove)\ngoal (1 subgoal):\n 1. \\<And>a b. \\<lbrakk>\\<forall>p'. b,g \\<Turnstile>\\<^sub>t p' \\<longrightarrow> s_footprint p \\<inter> s_footprint p' = {}; hp = (a, b)\\<rbrakk> \\<Longrightarrow> \\<forall>x. b,g \\<Turnstile>\\<^sub>t x \\<longrightarrow> h_val (heap_update p v a) x = h_val a x",
        "step_time": 0.01700425148010254
    },
    {
        "index": 19,
        "step": "apply clarsimp",
        "output": "",
        "raw_output": "proof (prove)\ngoal (1 subgoal):\n 1. \\<And>a b x. \\<lbrakk>\\<forall>p'. b,g \\<Turnstile>\\<^sub>t p' \\<longrightarrow> s_footprint p \\<inter> s_footprint p' = {}; hp = (a, b); b,g \\<Turnstile>\\<^sub>t x\\<rbrakk> \\<Longrightarrow> h_val (heap_update p v a) x = h_val a x",
        "step_time": 0.01135396957397461
    },
    {
        "index": 20,
        "step": "apply (drule spec, drule(1) mp)",
        "output": "",
        "raw_output": "proof (prove)\ngoal (1 subgoal):\n 1. \\<And>a b x. \\<lbrakk>hp = (a, b); b,g \\<Turnstile>\\<^sub>t x; s_footprint p \\<inter> s_footprint x = {}\\<rbrakk> \\<Longrightarrow> h_val (heap_update p v a) x = h_val a x",
        "step_time": 0.005673646926879883
    },
    {
        "index": 21,
        "step": "apply (simp add: h_val_def heap_update_def)",
        "output": "",
        "raw_output": "proof (prove)\ngoal (1 subgoal):\n 1. \\<And>a b x. \\<lbrakk>hp = (a, b); b,g \\<Turnstile>\\<^sub>t x; s_footprint p \\<inter> s_footprint x = {}\\<rbrakk> \\<Longrightarrow> from_bytes (heap_list (heap_update_list (ptr_val p) (to_bytes v (heap_list a (size_of TYPE('b)) (ptr_val p))) a) (size_of TYPE('a)) (ptr_val x)) = from_bytes (heap_list a (size_of TYPE('a)) (ptr_val x))",
        "step_time": 0.012689352035522461
    },
    {
        "index": 22,
        "step": "apply (subst heap_list_update_disjoint_same, simp_all)",
        "output": "",
        "raw_output": "proof (prove)\ngoal (1 subgoal):\n 1. \\<And>a b x. \\<lbrakk>hp = (a, b); b,g \\<Turnstile>\\<^sub>t x; s_footprint p \\<inter> s_footprint x = {}\\<rbrakk> \\<Longrightarrow> {ptr_val p..+size_of TYPE('b)} \\<inter> {ptr_val x..+size_of TYPE('a)} = {}",
        "step_time": 0.013104915618896484
    },
    {
        "index": 23,
        "step": "apply (simp add: set_eq_iff s_footprint_intvl[symmetric])",
        "output": "",
        "raw_output": "proof (prove)\ngoal:\nNo subgoals!",
        "step_time": 0.009352445602416992
    },
    {
        "index": 24,
        "step": "done",
        "output": "",
        "raw_output": "",
        "step_time": 0.005911111831665039
    },
    {
        "index": 25,
        "step": "lemma s_footprint_field_lvalue_disj_helper:\n  \"field_lookup (typ_info_t TYPE('b::mem_type)) f 0 = Some (ti,b)\n      \\<Longrightarrow> export_uinfo ti = typ_uinfo_t TYPE('a)\n      \\<Longrightarrow> (\\<forall>x. P x \\<longrightarrow> s_footprint (p::'b ptr) \\<inter> S x = {})\n      \\<Longrightarrow> (\\<forall>x. P x \\<longrightarrow> s_footprint ((Ptr &(p\\<rightarrow>f))::'a::mem_type ptr) \\<inter> S x = {})\"",
        "output": "",
        "raw_output": "proof (prove)\ngoal (1 subgoal):\n 1. \\<lbrakk>field_lookup (typ_info_t TYPE('b)) f 0 = Some (ti, b); export_uinfo ti = typ_uinfo_t TYPE('a); \\<forall>x. P x \\<longrightarrow> s_footprint p \\<inter> S x = {}\\<rbrakk> \\<Longrightarrow> \\<forall>x. P x \\<longrightarrow> s_footprint (PTR('a) &(p\\<rightarrow>f)) \\<inter> S x = {}",
        "step_time": 0.017925024032592773
    },
    {
        "index": 26,
        "step": "apply (drule field_lookup_export_uinfo_Some)",
        "output": "",
        "raw_output": "proof (prove)\ngoal (1 subgoal):\n 1. \\<lbrakk>export_uinfo ti = typ_uinfo_t TYPE('a); \\<forall>x. P x \\<longrightarrow> s_footprint p \\<inter> S x = {}; field_lookup (export_uinfo (typ_info_t TYPE('b))) f 0 = Some (export_uinfo ti, b)\\<rbrakk> \\<Longrightarrow> \\<forall>x. P x \\<longrightarrow> s_footprint (PTR('a) &(p\\<rightarrow>f)) \\<inter> S x = {}",
        "step_time": 0.0057260990142822266
    },
    {
        "index": 27,
        "step": "apply simp",
        "output": "",
        "raw_output": "proof (prove)\ngoal (1 subgoal):\n 1. \\<lbrakk>export_uinfo ti = typ_uinfo_t TYPE('a); \\<forall>x. P x \\<longrightarrow> s_footprint p \\<inter> S x = {}; field_lookup (export_uinfo (typ_info_t TYPE('b))) f 0 = Some (typ_uinfo_t TYPE('a), b)\\<rbrakk> \\<Longrightarrow> \\<forall>x. P x \\<longrightarrow> s_footprint (PTR('a) &(p\\<rightarrow>f)) \\<inter> S x = {}",
        "step_time": 0.011168718338012695
    },
    {
        "index": 28,
        "step": "apply (drule field_ti_s_sub_typ)",
        "output": "",
        "raw_output": "proof (prove)\ngoal (1 subgoal):\n 1. \\<lbrakk>export_uinfo ti = typ_uinfo_t TYPE('a); \\<forall>x. P x \\<longrightarrow> s_footprint p \\<inter> S x = {}; s_footprint (PTR('a) &(?p2\\<rightarrow>f)) \\<subseteq> s_footprint ?p2\\<rbrakk> \\<Longrightarrow> \\<forall>x. P x \\<longrightarrow> s_footprint (PTR('a) &(p\\<rightarrow>f)) \\<inter> S x = {}",
        "step_time": 0.006222248077392578
    },
    {
        "index": 29,
        "step": "apply blast",
        "output": "",
        "raw_output": "proof (prove)\ngoal:\nNo subgoals!",
        "step_time": 0.00626373291015625
    },
    {
        "index": 30,
        "step": "done",
        "output": "",
        "raw_output": "",
        "step_time": 0.006556510925292969
    },
    {
        "index": 31,
        "step": "lemma s_footprint_distinct_helper:\n  \"h_t_valid htd g (p :: 'a ptr) \\<Longrightarrow> typ_uinfo_t TYPE('a :: c_type) \\<bottom>\\<^sub>t typ_uinfo_t TYPE('b :: c_type)\n    \\<Longrightarrow> (\\<forall>q :: 'b ptr. h_t_valid htd g' q \\<longrightarrow> s_footprint p \\<inter> s_footprint q = {})\"",
        "output": "",
        "raw_output": "proof (prove)\ngoal (1 subgoal):\n 1. \\<lbrakk>htd,g \\<Turnstile>\\<^sub>t p; typ_uinfo_t TYPE('a) \\<bottom>\\<^sub>t typ_uinfo_t TYPE('b)\\<rbrakk> \\<Longrightarrow> \\<forall>q. htd,g' \\<Turnstile>\\<^sub>t q \\<longrightarrow> s_footprint p \\<inter> s_footprint q = {}",
        "step_time": 0.01567363739013672
    },
    {
        "index": 32,
        "step": "apply clarsimp",
        "output": "",
        "raw_output": "proof (prove)\ngoal (1 subgoal):\n 1. \\<And>q. \\<lbrakk>htd,g \\<Turnstile>\\<^sub>t p; typ_uinfo_t TYPE('a) \\<bottom>\\<^sub>t typ_uinfo_t TYPE('b); htd,g' \\<Turnstile>\\<^sub>t q\\<rbrakk> \\<Longrightarrow> s_footprint p \\<inter> s_footprint q = {}",
        "step_time": 0.009132146835327148
    },
    {
        "index": 33,
        "step": "apply (drule(1) h_t_valid_neq_disjoint)",
        "output": "",
        "raw_output": "proof (prove)\ngoal (3 subgoals):\n 1. \\<And>q. \\<lbrakk>typ_uinfo_t TYPE('a) \\<bottom>\\<^sub>t typ_uinfo_t TYPE('b); htd,g' \\<Turnstile>\\<^sub>t q\\<rbrakk> \\<Longrightarrow> \\<not> TYPE('b) <\\<^sub>\\<tau> TYPE('a)\n 2. \\<And>q. \\<lbrakk>typ_uinfo_t TYPE('a) \\<bottom>\\<^sub>t typ_uinfo_t TYPE('b); htd,g' \\<Turnstile>\\<^sub>t q\\<rbrakk> \\<Longrightarrow> \\<not> field_of_t p q\n 3. \\<And>q. \\<lbrakk>typ_uinfo_t TYPE('a) \\<bottom>\\<^sub>t typ_uinfo_t TYPE('b); htd,g' \\<Turnstile>\\<^sub>t q; {ptr_val p..+size_of TYPE('a)} \\<inter> {ptr_val q..+size_of TYPE('b)} = {}\\<rbrakk> \\<Longrightarrow> s_footprint p \\<inter> s_footprint q = {}",
        "step_time": 0.007993698120117188
    },
    {
        "index": 34,
        "step": "apply (clarsimp simp: sub_typ_proper_def tag_disj_def preorder_class.less_imp_le)",
        "output": "",
        "raw_output": "proof (prove)\ngoal (2 subgoals):\n 1. \\<And>q. \\<lbrakk>typ_uinfo_t TYPE('a) \\<bottom>\\<^sub>t typ_uinfo_t TYPE('b); htd,g' \\<Turnstile>\\<^sub>t q\\<rbrakk> \\<Longrightarrow> \\<not> field_of_t p q\n 2. \\<And>q. \\<lbrakk>typ_uinfo_t TYPE('a) \\<bottom>\\<^sub>t typ_uinfo_t TYPE('b); htd,g' \\<Turnstile>\\<^sub>t q; {ptr_val p..+size_of TYPE('a)} \\<inter> {ptr_val q..+size_of TYPE('b)} = {}\\<rbrakk> \\<Longrightarrow> s_footprint p \\<inter> s_footprint q = {}",
        "step_time": 0.015015363693237305
    },
    {
        "index": 35,
        "step": "apply (clarsimp simp: field_of_t_def)",
        "output": "",
        "raw_output": "proof (prove)\ngoal (2 subgoals):\n 1. \\<And>q. \\<lbrakk>typ_uinfo_t TYPE('a) \\<bottom>\\<^sub>t typ_uinfo_t TYPE('b); htd,g' \\<Turnstile>\\<^sub>t q; field_of (ptr_val p - ptr_val q) (typ_uinfo_t TYPE('a)) (typ_uinfo_t TYPE('b))\\<rbrakk> \\<Longrightarrow> False\n 2. \\<And>q. \\<lbrakk>typ_uinfo_t TYPE('a) \\<bottom>\\<^sub>t typ_uinfo_t TYPE('b); htd,g' \\<Turnstile>\\<^sub>t q; {ptr_val p..+size_of TYPE('a)} \\<inter> {ptr_val q..+size_of TYPE('b)} = {}\\<rbrakk> \\<Longrightarrow> s_footprint p \\<inter> s_footprint q = {}",
        "step_time": 0.009031534194946289
    },
    {
        "index": 36,
        "step": "apply (drule field_of_sub)",
        "output": "",
        "raw_output": "proof (prove)\ngoal (2 subgoals):\n 1. \\<And>q. \\<lbrakk>typ_uinfo_t TYPE('a) \\<bottom>\\<^sub>t typ_uinfo_t TYPE('b); htd,g' \\<Turnstile>\\<^sub>t q; typ_uinfo_t TYPE('a) \\<le> typ_uinfo_t TYPE('b)\\<rbrakk> \\<Longrightarrow> False\n 2. \\<And>q. \\<lbrakk>typ_uinfo_t TYPE('a) \\<bottom>\\<^sub>t typ_uinfo_t TYPE('b); htd,g' \\<Turnstile>\\<^sub>t q; {ptr_val p..+size_of TYPE('a)} \\<inter> {ptr_val q..+size_of TYPE('b)} = {}\\<rbrakk> \\<Longrightarrow> s_footprint p \\<inter> s_footprint q = {}",
        "step_time": 0.006238222122192383
    },
    {
        "index": 37,
        "step": "apply (simp add: tag_disj_def)",
        "output": "",
        "raw_output": "proof (prove)\ngoal (1 subgoal):\n 1. \\<And>q. \\<lbrakk>typ_uinfo_t TYPE('a) \\<bottom>\\<^sub>t typ_uinfo_t TYPE('b); htd,g' \\<Turnstile>\\<^sub>t q; {ptr_val p..+size_of TYPE('a)} \\<inter> {ptr_val q..+size_of TYPE('b)} = {}\\<rbrakk> \\<Longrightarrow> s_footprint p \\<inter> s_footprint q = {}",
        "step_time": 0.008076190948486328
    },
    {
        "index": 38,
        "step": "apply (simp add: set_eq_iff )",
        "output": "",
        "raw_output": "proof (prove)\ngoal (1 subgoal):\n 1. \\<And>q. \\<lbrakk>typ_uinfo_t TYPE('a) \\<bottom>\\<^sub>t typ_uinfo_t TYPE('b); htd,g' \\<Turnstile>\\<^sub>t q; \\<forall>x. x \\<in> {ptr_val p..+size_of TYPE('a)} \\<longrightarrow> x \\<notin> {ptr_val q..+size_of TYPE('b)}\\<rbrakk> \\<Longrightarrow> \\<forall>a b. (a, b) \\<in> s_footprint p \\<longrightarrow> (a, b) \\<notin> s_footprint q",
        "step_time": 0.01284933090209961
    },
    {
        "index": 39,
        "step": "apply (blast dest: s_footprintD)",
        "output": "",
        "raw_output": "proof (prove)\ngoal:\nNo subgoals!",
        "step_time": 0.007538318634033203
    },
    {
        "index": 40,
        "step": "done",
        "output": "",
        "raw_output": "",
        "step_time": 0.006666421890258789
    },
    {
        "index": 41,
        "step": "text \\<open>Use these handy rules to prove that clift doesn't change\n  over various updates.\\<close>",
        "output": "",
        "raw_output": "",
        "step_time": 0.0044286251068115234
    },
    {
        "index": 42,
        "step": "method prove_one_bf_clift_invariance\n    = (intro clift_heap_update_footprint[THEN trans]\n               s_footprint_field_lvalue_disj_helper\n               s_footprint_distinct_helper,\n      simp_all only: hrs_htd_mem_update,\n      tactic \\<open>distinct_subgoals_tac\\<close>,\n      (auto simp: typ_uinfo_t_def[symmetric] tag_disj_via_td_name ntbs\n            elim: h_t_valid_clift)+)[1]",
        "output": "",
        "raw_output": "",
        "step_time": 0.014915704727172852
    },
    {
        "index": 43,
        "step": "text \\<open>Select points in the goal where we need to prove that\n  clift doesn't change over updates, and prove them with the above.\\<close>",
        "output": "",
        "raw_output": "",
        "step_time": 0.004486560821533203
    },
    {
        "index": 44,
        "step": "method prove_bf_clift_invariance\n    = ((subst Eq_TrueI[where P=\"lift_t g h = lift_t g h'\" for g h h'],\n          prove_one_bf_clift_invariance)+, simp)",
        "output": "",
        "raw_output": "",
        "step_time": 0.010613441467285156
    },
    {
        "index": 45,
        "step": "end",
        "output": "",
        "raw_output": "",
        "step_time": 0.005449771881103516
    }
]