[
    {
        "index": 0,
        "step": "(*\n * Copyright 2020, Data61, CSIRO (ABN 41 687 119 230)\n *\n * SPDX-License-Identifier: BSD-2-Clause\n *)\n\n",
        "output": "",
        "raw_output": "",
        "step_time": 0.004716634750366211
    },
    {
        "index": 1,
        "step": "theory CCorres_Rewrite\nimports Corres_UL_C Simpl_Rewrite\nbegin",
        "output": "",
        "raw_output": "",
        "step_time": 0.004297971725463867
    },
    {
        "index": 2,
        "step": "text \\<open>Simple proof methods for rewriting Simpl programs under @{term ccorres_underlying}\n      and @{term hoarep}.\\<close>",
        "output": "",
        "raw_output": "",
        "step_time": 0.004250288009643555
    },
    {
        "index": 3,
        "step": "lemma ccorres_com_eq_hom:\n  \"com_eq_hom \\<Gamma> (ccorres_underlying sr \\<Gamma> r xf r' xf' P P' hs H)\"",
        "output": "",
        "raw_output": "proof (prove)\ngoal (1 subgoal):\n 1. com_eq_hom \\<Gamma> (ccorres_underlying sr \\<Gamma> r xf r' xf' P P' hs H)",
        "step_time": 0.2223341464996338
    },
    {
        "index": 4,
        "step": "by (auto simp: com_eq_hom_def com_eq_def semantic_equiv_def ceqv_def\n           elim: ccorres_semantic_equivD2)",
        "output": "",
        "raw_output": "",
        "step_time": 0.02214193344116211
    },
    {
        "index": 5,
        "step": "method ccorres_rewrite declares C_simp C_simp_pre C_simp_simps C_simp_throws\n  = (simpl_rewrite hom: ccorres_com_eq_hom, no_name_eta)",
        "output": "",
        "raw_output": "",
        "step_time": 0.007551670074462891
    },
    {
        "index": 6,
        "step": "lemma hoarep_com_eq_hom:\n  \"com_eq_hom \\<Gamma> (\\<lambda>c. hoarep \\<Gamma> {} F P c Q A)\"",
        "output": "",
        "raw_output": "proof (prove)\ngoal (1 subgoal):\n 1. com_eq_hom \\<Gamma> (\\<lambda>c. \\<Gamma>\\<turnstile>\\<^bsub>/F\\<^esub> P c Q,A)",
        "step_time": 0.012716531753540039
    },
    {
        "index": 7,
        "step": "by (auto simp: com_eq_hom_def com_eq_def ceqv_def\n           elim: exec_eq_is_valid_eq0[rotated])",
        "output": "",
        "raw_output": "",
        "step_time": 0.0187838077545166
    },
    {
        "index": 8,
        "step": "lemma hoarep_spec_com_eq_hom:\n  \"com_eq_hom \\<Gamma> (\\<lambda>c. \\<forall>s. hoarep \\<Gamma> {} (F s) (P s) c (Q s) (A s))\"",
        "output": "",
        "raw_output": "proof (prove)\ngoal (1 subgoal):\n 1. com_eq_hom \\<Gamma> (\\<lambda>c. \\<forall>s. \\<Gamma>\\<turnstile>\\<^bsub>/F s\\<^esub> (P s) c (Q s),(A s))",
        "step_time": 0.015939712524414062
    },
    {
        "index": 9,
        "step": "by (fastforce simp: com_eq_hom_def com_eq_def ceqv_def\n                elim: exec_eq_is_valid_eq0[rotated])",
        "output": "",
        "raw_output": "",
        "step_time": 1.4045522212982178
    },
    {
        "index": 10,
        "step": "method hoarep_rewrite declares C_simp C_simp_pre C_simp_simps C_simp_throws\n  = (match conclusion in \\<open>hoarep \\<Gamma> {} F P c Q A\\<close> for \\<Gamma> F P c Q A\n                           \\<Rightarrow> \\<open>simpl_rewrite hom: hoarep_com_eq_hom\\<close>\n                       \\<bar> \\<open>\\<forall>s. hoarep \\<Gamma> {} (F s) (P s) c (Q s) (A s)\\<close> for \\<Gamma> F P c Q A\n                           \\<Rightarrow> \\<open>simpl_rewrite hom: hoarep_spec_com_eq_hom\\<close>)",
        "output": "",
        "raw_output": "",
        "step_time": 0.024266481399536133
    },
    {
        "index": 11,
        "step": "text \\<open>Some CRefine proofs remove Collect_const from the @{method simp} set,\n      but we almost always want @{method ccorres_rewrite} to use it to simplify\n      trivial @{text IF} and @{text WHILE} conditions.\\<close>",
        "output": "",
        "raw_output": "",
        "step_time": 0.005502462387084961
    },
    {
        "index": 12,
        "step": "declare Collect_const [C_simp_simps]",
        "output": "",
        "raw_output": "",
        "step_time": 0.005364418029785156
    },
    {
        "index": 13,
        "step": "text \\<open>Test\\<close>",
        "output": "",
        "raw_output": "",
        "step_time": 0.004839658737182617
    },
    {
        "index": 14,
        "step": "lemma\n  assumes c3: \"com_equiv \\<Gamma> c3 c\"\n  assumes c: \"com_equiv \\<Gamma> (c;;c) c\"\n  shows \"ccorres_underlying sr \\<Gamma> r xf r' xf' P P' hs H\n                            (c;; Guard f UNIV (IF X THEN c ELSE c FI);; Cond {} Skip (Skip;;c2);;\n                             Skip;;\n                             (IF False THEN Skip ELSE SKIP;; TRY THROW CATCH c3 END FI;; SKIP))\"",
        "output": "",
        "raw_output": "proof (prove)\ngoal (1 subgoal):\n 1. ccorres_underlying sr \\<Gamma> r xf r' xf' P P' hs H (c;;\nGuard f UNIV (IF X THEN\n  c\nELSE\n  c\nFI);;\nCond {} SKIP (SKIP;;\nc2);;\nSKIP;;\n(IF False THEN\n  SKIP\nELSE\n  SKIP;;\nTRY\n  THROW\nCATCH c3\nEND\nFI;;\nSKIP))",
        "step_time": 0.03185391426086426
    },
    {
        "index": 15,
        "step": "supply Collect_const[simp del]",
        "output": "",
        "raw_output": "proof (prove)\ngoal (1 subgoal):\n 1. ccorres_underlying sr \\<Gamma> r xf r' xf' P P' hs H (c;;\nGuard f UNIV (IF X THEN\n  c\nELSE\n  c\nFI);;\nCond {} SKIP (SKIP;;\nc2);;\nSKIP;;\n(IF False THEN\n  SKIP\nELSE\n  SKIP;;\nTRY\n  THROW\nCATCH c3\nEND\nFI;;\nSKIP))",
        "step_time": 0.006025552749633789
    },
    {
        "index": 16,
        "step": "apply ccorres_rewrite",
        "output": "",
        "raw_output": "proof (prove)\ngoal (1 subgoal):\n 1. ccorres_underlying sr \\<Gamma> r xf r' xf' P P' hs H (c;;\nc;;\nc2;;\nc3)",
        "step_time": 0.06439590454101562
    },
    {
        "index": 17,
        "step": "apply (match conclusion in \"ccorres_underlying sr \\<Gamma> r xf r' xf' P P' hs H (c;;c;;c2;;c3)\" \\<Rightarrow> \\<open>-\\<close>)",
        "output": "",
        "raw_output": "proof (prove)\ngoal (1 subgoal):\n 1. ccorres_underlying sr \\<Gamma> r xf r' xf' P P' hs H (c;;\nc;;\nc2;;\nc3)",
        "step_time": 0.016266584396362305
    },
    {
        "index": 18,
        "step": "apply (ccorres_rewrite C_simp: c3)",
        "output": "",
        "raw_output": "proof (prove)\ngoal (1 subgoal):\n 1. ccorres_underlying sr \\<Gamma> r xf r' xf' P P' hs H (c;;\nc;;\nc2;;\nc)",
        "step_time": 0.01788187026977539
    },
    {
        "index": 19,
        "step": "apply (match conclusion in \"ccorres_underlying sr \\<Gamma> r xf r' xf' P P' hs H (c;;c;;c2;;c)\" \\<Rightarrow> \\<open>-\\<close>)",
        "output": "",
        "raw_output": "proof (prove)\ngoal (1 subgoal):\n 1. ccorres_underlying sr \\<Gamma> r xf r' xf' P P' hs H (c;;\nc;;\nc2;;\nc)",
        "step_time": 0.014751672744750977
    },
    {
        "index": 20,
        "step": "apply (ccorres_rewrite C_simp: c)",
        "output": "",
        "raw_output": "proof (prove)\ngoal (1 subgoal):\n 1. ccorres_underlying sr \\<Gamma> r xf r' xf' P P' hs H (c;;\nc2;;\nc)",
        "step_time": 0.021224260330200195
    },
    {
        "index": 21,
        "step": "apply (match conclusion in \"ccorres_underlying sr \\<Gamma> r xf r' xf' P P' hs H (c;;c2;;c)\" \\<Rightarrow> \\<open>-\\<close>)",
        "output": "",
        "raw_output": "proof (prove)\ngoal (1 subgoal):\n 1. ccorres_underlying sr \\<Gamma> r xf r' xf' P P' hs H (c;;\nc2;;\nc)",
        "step_time": 0.01764678955078125
    },
    {
        "index": 22,
        "step": "apply (fails \\<open>ccorres_rewrite\\<close>)",
        "output": "",
        "raw_output": "proof (prove)\ngoal (1 subgoal):\n 1. ccorres_underlying sr \\<Gamma> r xf r' xf' P P' hs H (c;;\nc2;;\nc)",
        "step_time": 0.014810562133789062
    },
    {
        "index": 23,
        "step": "oops",
        "output": "",
        "raw_output": "",
        "step_time": 0.004297971725463867
    },
    {
        "index": 24,
        "step": "end",
        "output": "",
        "raw_output": "",
        "step_time": 0.005953073501586914
    }
]