[
    {
        "index": 0,
        "step": "(*\n * Copyright 2020, Data61, CSIRO (ABN 41 687 119 230)\n *\n * SPDX-License-Identifier: GPL-2.0-only\n *)\n(*<*)\n(* THIS FILE IS AUTOMATICALLY GENERATED. YOUR EDITS WILL BE OVERWRITTEN. *)\n",
        "output": "",
        "raw_output": "",
        "step_time": 0.005482912063598633
    },
    {
        "index": 1,
        "step": "theory GenFilter2Base\nimports \"Types\" \"Abbreviations\" \"Connector\"\nbegin",
        "output": "",
        "raw_output": "",
        "step_time": 0.004904031753540039
    },
    {
        "index": 2,
        "step": "\n\n(* Connections *)\n",
        "output": "",
        "raw_output": "",
        "step_time": 0.004152059555053711
    },
    {
        "index": 3,
        "step": "datatype channel\n  = two\n  | one",
        "output": "",
        "raw_output": "",
        "step_time": 0.3566288948059082
    },
    {
        "index": 4,
        "step": "\n\n(* Component instances *)\n",
        "output": "",
        "raw_output": "",
        "step_time": 0.004021883010864258
    },
    {
        "index": 5,
        "step": "datatype inst\n  = store\n  | client\n  | filter",
        "output": "",
        "raw_output": "",
        "step_time": 0.3850133419036865
    },
    {
        "index": 6,
        "step": "\n\n(* Store's interfaces *)\n",
        "output": "",
        "raw_output": "",
        "step_time": 0.005502223968505859
    },
    {
        "index": 7,
        "step": "datatype Store_channel\n  = Store_l",
        "output": "",
        "raw_output": "",
        "step_time": 0.2774171829223633
    },
    {
        "index": 8,
        "step": "definition\n  Recv_Store_l :: \"(Store_channel \\<Rightarrow> channel) \\<Rightarrow>\n    ('cs local_state \\<Rightarrow> string \\<Rightarrow> 'cs local_state) \\<Rightarrow> (channel, 'cs) comp \\<Rightarrow>\n    ('cs local_state \\<Rightarrow> string) \\<Rightarrow> (channel, 'cs) comp\"\nwhere\n  \"Recv_Store_l ch get_value\\<^sub>E Store_l_get_value get_value_return\\<^sub>P \\<equiv>\n    (Response (\\<lambda>q s. case q_data q of Call n xs \\<Rightarrow>\n      (if n = 0 then {(get_value\\<^sub>E s (case xs ! 0 of String v \\<Rightarrow> v),\n      \\<lparr>a_channel = ch Store_l, a_data = Void\\<rparr>)} else {}) | _ \\<Rightarrow> {}) ;;\n     Store_l_get_value ;;\n     Request (\\<lambda>s. {\\<lparr>q_channel = ch Store_l,\n       q_data = Return (String (get_value_return\\<^sub>P s) # [])\\<rparr>}) discard)\"",
        "output": "",
        "raw_output": "",
        "step_time": 0.07647967338562012
    },
    {
        "index": 9,
        "step": "\n\n(* Client's interfaces *)\n",
        "output": "",
        "raw_output": "",
        "step_time": 0.005826234817504883
    },
    {
        "index": 10,
        "step": "datatype Client_channel\n  = Client_l",
        "output": "",
        "raw_output": "",
        "step_time": 0.3029141426086426
    },
    {
        "index": 11,
        "step": "definition\n  Call_Client_l_get_value :: \"(Client_channel \\<Rightarrow> channel) \\<Rightarrow>\n    ('cs local_state \\<Rightarrow> string) \\<Rightarrow>\n    ('cs local_state \\<Rightarrow> string \\<Rightarrow> 'cs local_state) \\<Rightarrow> (channel, 'cs) comp\"\nwhere\n  \"Call_Client_l_get_value ch id\\<^sub>P embed_data \\<equiv>\n    Request (\\<lambda>s. {\\<lparr>q_channel = ch Client_l,\n      q_data = Call 0 (String (id\\<^sub>P s) # [])\\<rparr>}) discard ;;\n    Response (\\<lambda>q s. case q_data q of Return xs \\<Rightarrow>\n      {(embed_data s (case hd xs of String v \\<Rightarrow> v),\n      \\<lparr>a_channel = ch Client_l, a_data = Void\\<rparr>)} | _ \\<Rightarrow> {})\"",
        "output": "",
        "raw_output": "",
        "step_time": 0.02368950843811035
    },
    {
        "index": 12,
        "step": "\n\n(* Filter's interfaces *)\n",
        "output": "",
        "raw_output": "",
        "step_time": 0.0055065155029296875
    },
    {
        "index": 13,
        "step": "datatype Filter_channel\n  = Filter_external\n  | Filter_backing",
        "output": "",
        "raw_output": "",
        "step_time": 0.3598353862762451
    },
    {
        "index": 14,
        "step": "definition\n  Call_Filter_backing_get_value :: \"(Filter_channel \\<Rightarrow> channel) \\<Rightarrow>\n    ('cs local_state \\<Rightarrow> string) \\<Rightarrow>\n    ('cs local_state \\<Rightarrow> string \\<Rightarrow> 'cs local_state) \\<Rightarrow> (channel, 'cs) comp\"\nwhere\n  \"Call_Filter_backing_get_value ch id\\<^sub>P embed_data \\<equiv>\n    Request (\\<lambda>s. {\\<lparr>q_channel = ch Filter_backing,\n      q_data = Call 0 (String (id\\<^sub>P s) # [])\\<rparr>}) discard ;;\n    Response (\\<lambda>q s. case q_data q of Return xs \\<Rightarrow>\n      {(embed_data s (case hd xs of String v \\<Rightarrow> v),\n      \\<lparr>a_channel = ch Filter_backing, a_data = Void\\<rparr>)} | _ \\<Rightarrow> {})\"",
        "output": "",
        "raw_output": "",
        "step_time": 0.021953582763671875
    },
    {
        "index": 15,
        "step": "definition\n  Recv_Filter_external :: \"(Filter_channel \\<Rightarrow> channel) \\<Rightarrow>\n    ('cs local_state \\<Rightarrow> string \\<Rightarrow> 'cs local_state) \\<Rightarrow> (channel, 'cs) comp \\<Rightarrow>\n    ('cs local_state \\<Rightarrow> string) \\<Rightarrow> (channel, 'cs) comp\"\nwhere\n  \"Recv_Filter_external ch get_value\\<^sub>E Filter_external_get_value get_value_return\\<^sub>P \\<equiv>\n    (Response (\\<lambda>q s. case q_data q of Call n xs \\<Rightarrow>\n      (if n = 0 then {(get_value\\<^sub>E s (case xs ! 0 of String v \\<Rightarrow> v),\n      \\<lparr>a_channel = ch Filter_external, a_data = Void\\<rparr>)} else {}) | _ \\<Rightarrow> {}) ;;\n     Filter_external_get_value ;;\n     Request (\\<lambda>s. {\\<lparr>q_channel = ch Filter_external,\n       q_data = Return (String (get_value_return\\<^sub>P s) # [])\\<rparr>}) discard)\"",
        "output": "",
        "raw_output": "",
        "step_time": 0.02388453483581543
    },
    {
        "index": 16,
        "step": "\n\n(* Component instantiations *)\n",
        "output": "",
        "raw_output": "",
        "step_time": 0.005185842514038086
    },
    {
        "index": 17,
        "step": "definition\n  Recv_store_l :: \"('cs local_state \\<Rightarrow> string \\<Rightarrow> 'cs local_state) \\<Rightarrow>\n    (channel, 'cs) comp \\<Rightarrow> ('cs local_state \\<Rightarrow> string) \\<Rightarrow> (channel, 'cs) comp\"\nwhere\n  \"Recv_store_l \\<equiv> Recv_Store_l (\\<lambda>c. case c of Store_l \\<Rightarrow> two)\"",
        "output": "",
        "raw_output": "",
        "step_time": 0.01790785789489746
    },
    {
        "index": 18,
        "step": "definition\n  Call_client_l_get_value :: \"('cs local_state \\<Rightarrow> string) \\<Rightarrow>\n    ('cs local_state \\<Rightarrow> string \\<Rightarrow> 'cs local_state) \\<Rightarrow> (channel, 'cs) comp\"\nwhere\n  \"Call_client_l_get_value \\<equiv>\n    Call_Client_l_get_value (\\<lambda>c. case c of Client_l \\<Rightarrow> one)\"",
        "output": "",
        "raw_output": "",
        "step_time": 0.015775442123413086
    },
    {
        "index": 19,
        "step": "definition\n  Call_filter_backing_get_value :: \"('cs local_state \\<Rightarrow> string) \\<Rightarrow>\n    ('cs local_state \\<Rightarrow> string \\<Rightarrow> 'cs local_state) \\<Rightarrow> (channel, 'cs) comp\"\nwhere\n  \"Call_filter_backing_get_value \\<equiv>\n    Call_Filter_backing_get_value (\\<lambda>c. case c of Filter_backing \\<Rightarrow> two\n                                               | Filter_external \\<Rightarrow> one)\"",
        "output": "",
        "raw_output": "",
        "step_time": 0.014227867126464844
    },
    {
        "index": 20,
        "step": "definition\n  Recv_filter_external :: \"('cs local_state \\<Rightarrow> string \\<Rightarrow> 'cs local_state) \\<Rightarrow>\n    (channel, 'cs) comp \\<Rightarrow> ('cs local_state \\<Rightarrow> string) \\<Rightarrow> (channel, 'cs) comp\"\nwhere\n  \"Recv_filter_external \\<equiv>\n    Recv_Filter_external (\\<lambda>c. case c of Filter_backing \\<Rightarrow> two\n                                      | Filter_external \\<Rightarrow> one)\"",
        "output": "",
        "raw_output": "",
        "step_time": 0.016073942184448242
    },
    {
        "index": 21,
        "step": "end",
        "output": "",
        "raw_output": "",
        "step_time": 0.00664067268371582
    },
    {
        "index": 22,
        "step": "\n(*>*)",
        "output": "",
        "raw_output": "",
        "step_time": 0.0047833919525146484
    }
]