[
    {
        "index": 0,
        "step": "(*\n * Copyright 2014, General Dynamics C4 Systems\n *\n * SPDX-License-Identifier: GPL-2.0-only\n *)\n\n",
        "output": "",
        "raw_output": "",
        "step_time": 0.008725404739379883
    },
    {
        "index": 1,
        "step": "theory ArchBCorres_AI\nimports\n  BCorres_AI\nbegin",
        "output": "",
        "raw_output": "",
        "step_time": 0.00633692741394043
    },
    {
        "index": 2,
        "step": "context Arch begin",
        "output": "",
        "raw_output": "",
        "step_time": 1.334101915359497
    },
    {
        "index": 3,
        "step": "global_naming ARM",
        "output": "",
        "raw_output": "",
        "step_time": 0.006486415863037109
    },
    {
        "index": 4,
        "step": "crunch (bcorres)bcorres[wp]: arch_finalise_cap truncate_state\n  (simp: swp_def)",
        "output": "",
        "raw_output": "",
        "step_time": 1.211927890777588
    },
    {
        "index": 5,
        "step": "crunch (bcorres)bcorres[wp]: prepare_thread_delete truncate_state\n  (simp: swp_def)",
        "output": "",
        "raw_output": "",
        "step_time": 0.016120433807373047
    },
    {
        "index": 6,
        "step": "end",
        "output": "",
        "raw_output": "",
        "step_time": 0.006193876266479492
    },
    {
        "index": 7,
        "step": "requalify_facts ARM.arch_finalise_cap_bcorres ARM.prepare_thread_delete_bcorres",
        "output": "",
        "raw_output": "",
        "step_time": 0.006249427795410156
    },
    {
        "index": 8,
        "step": "declare arch_finalise_cap_bcorres[wp] prepare_thread_delete_bcorres[wp]",
        "output": "",
        "raw_output": "",
        "step_time": 0.0072591304779052734
    },
    {
        "index": 9,
        "step": "end",
        "output": "",
        "raw_output": "",
        "step_time": 0.007080793380737305
    }
]