[
    {
        "index": 0,
        "step": "(*\n * Copyright 2014, General Dynamics C4 Systems\n *\n * SPDX-License-Identifier: GPL-2.0-only\n *)\n\n(*\nARM-specific CSpace invariants\n*)\n\n",
        "output": "",
        "raw_output": "",
        "step_time": 0.004979610443115234
    },
    {
        "index": 1,
        "step": "theory ArchCSpacePre_AI\nimports CSpacePre_AI\nbegin",
        "output": "",
        "raw_output": "",
        "step_time": 0.004217386245727539
    },
    {
        "index": 2,
        "step": "context Arch begin",
        "output": "",
        "raw_output": "",
        "step_time": 1.8967201709747314
    },
    {
        "index": 3,
        "step": "global_naming ARM",
        "output": "",
        "raw_output": "",
        "step_time": 0.007393598556518555
    },
    {
        "index": 4,
        "step": "lemmas typ_at_eq_kheap_obj = typ_at_eq_kheap_obj atyp_at_eq_kheap_obj",
        "output": "",
        "raw_output": "",
        "step_time": 0.020023822784423828
    },
    {
        "index": 5,
        "step": "lemmas set_cap_atyp_ats[wp] = abs_atyp_at_lifts[OF set_cap_typ_at]",
        "output": "",
        "raw_output": "",
        "step_time": 0.01817011833190918
    },
    {
        "index": 6,
        "step": "definition\n  \"final_matters_arch ac \\<equiv>\n     (case ac of\n         ASIDPoolCap r as \\<Rightarrow> True\n       | ASIDControlCap \\<Rightarrow> False\n       | PageCap dev r rghts sz mapdata \\<Rightarrow> False\n       | PageTableCap r mapdata \\<Rightarrow> True\n       | PageDirectoryCap r mapdata \\<Rightarrow> True)\"",
        "output": "",
        "raw_output": "",
        "step_time": 0.16991329193115234
    },
    {
        "index": 7,
        "step": "lemma is_page_cap_PageCap[simp]:\n  \"is_page_cap (PageCap dev ref rghts pgsiz mapdata)\"",
        "output": "",
        "raw_output": "proof (prove)\ngoal (1 subgoal):\n 1. is_page_cap (PageCap dev ref rghts pgsiz mapdata)",
        "step_time": 0.08988571166992188
    },
    {
        "index": 8,
        "step": "by (simp add: is_page_cap_def)",
        "output": "",
        "raw_output": "",
        "step_time": 0.014931201934814453
    },
    {
        "index": 9,
        "step": "lemma pageBitsForSize_eq[simp]:\n  \"(pageBitsForSize sz = pageBitsForSize sz') = (sz = sz')\"",
        "output": "",
        "raw_output": "proof (prove)\ngoal (1 subgoal):\n 1. (pageBitsForSize sz = pageBitsForSize sz') = (sz = sz')",
        "step_time": 0.009106636047363281
    },
    {
        "index": 10,
        "step": "by (case_tac sz) (case_tac sz', simp+)+",
        "output": "",
        "raw_output": "",
        "step_time": 0.035414695739746094
    },
    {
        "index": 11,
        "step": "lemma aobj_ref_cases':\n  \"aobj_ref acap = (case acap of arch_cap.ASIDControlCap \\<Rightarrow> aobj_ref acap\n                                | _ \\<Rightarrow> aobj_ref acap)\"",
        "output": "",
        "raw_output": "proof (prove)\ngoal (1 subgoal):\n 1. aobj_ref acap = (case acap of ASIDPoolCap word1 word2 \\<Rightarrow> aobj_ref acap | _ \\<Rightarrow> aobj_ref acap)",
        "step_time": 0.011925458908081055
    },
    {
        "index": 12,
        "step": "by (simp split: arch_cap.split)",
        "output": "",
        "raw_output": "",
        "step_time": 0.017430782318115234
    },
    {
        "index": 13,
        "step": "lemma aobj_ref_cases:\n  \"aobj_ref acap =\n  (case acap of\n    arch_cap.ASIDPoolCap w1 w2 \\<Rightarrow> Some w1\n  | arch_cap.ASIDControlCap \\<Rightarrow> None\n  | arch_cap.PageCap _ w s sz opt \\<Rightarrow> Some w\n  | arch_cap.PageTableCap w opt \\<Rightarrow> Some w\n  | arch_cap.PageDirectoryCap w opt \\<Rightarrow> Some w)\"",
        "output": "",
        "raw_output": "proof (prove)\ngoal (1 subgoal):\n 1. aobj_ref acap = (case acap of ASIDPoolCap w1 w2 \\<Rightarrow> Some w1 | ASIDControlCap \\<Rightarrow> None | PageCap x w s sz opt \\<Rightarrow> Some w | PageTableCap w opt \\<Rightarrow> Some w | PageDirectoryCap w opt \\<Rightarrow> Some w)",
        "step_time": 0.014633417129516602
    },
    {
        "index": 14,
        "step": "apply (subst aobj_ref_cases')",
        "output": "",
        "raw_output": "proof (prove)\ngoal (1 subgoal):\n 1. (case acap of ASIDPoolCap word1 word2 \\<Rightarrow> aobj_ref acap | _ \\<Rightarrow> aobj_ref acap) = (case acap of ASIDPoolCap w1 w2 \\<Rightarrow> Some w1 | ASIDControlCap \\<Rightarrow> None | PageCap x w s sz opt \\<Rightarrow> Some w | PageTableCap w opt \\<Rightarrow> Some w | PageDirectoryCap w opt \\<Rightarrow> Some w)",
        "step_time": 0.010134458541870117
    },
    {
        "index": 15,
        "step": "apply (clarsimp cong: arch_cap.case_cong)",
        "output": "",
        "raw_output": "proof (prove)\ngoal:\nNo subgoals!",
        "step_time": 0.012691259384155273
    },
    {
        "index": 16,
        "step": "done",
        "output": "",
        "raw_output": "",
        "step_time": 0.007674694061279297
    },
    {
        "index": 17,
        "step": "definition\n  \"ups_of_heap h \\<equiv> \\<lambda>p.\n   case h p of Some (ArchObj (DataPage dev sz)) \\<Rightarrow> Some sz | _ \\<Rightarrow> None\"",
        "output": "",
        "raw_output": "",
        "step_time": 0.03927302360534668
    },
    {
        "index": 18,
        "step": "lemma ups_of_heap_typ_at:\n  \"ups_of_heap (kheap s) p = Some sz \\<longleftrightarrow> data_at sz p s\"",
        "output": "",
        "raw_output": "proof (prove)\ngoal (1 subgoal):\n 1. (ups_of_heap (kheap s) p = Some sz) = data_at sz p s",
        "step_time": 0.0818166732788086
    },
    {
        "index": 19,
        "step": "apply (simp add: typ_at_eq_kheap_obj ups_of_heap_def data_at_def\n      split: option.splits Structures_A.kernel_object.splits\n             arch_kernel_obj.splits)",
        "output": "",
        "raw_output": "proof (prove)\ngoal (1 subgoal):\n 1. \\<forall>x41 x42. kheap s p = Some (ArchObj (DataPage x41 x42)) \\<longrightarrow> (x42 = sz) = (\\<not> x41 \\<and> x42 = sz \\<or> x41 \\<and> x42 = sz)",
        "step_time": 0.03947567939758301
    },
    {
        "index": 20,
        "step": "by force",
        "output": "",
        "raw_output": "",
        "step_time": 0.00928640365600586
    },
    {
        "index": 21,
        "step": "lemma ups_of_heap_typ_at_def:\n  \"ups_of_heap (kheap s) \\<equiv> \\<lambda>p.\n   if \\<exists>!sz. data_at sz p s\n     then Some (THE sz. data_at sz p s)\n   else None\"",
        "output": "",
        "raw_output": "proof (prove)\ngoal (1 subgoal):\n 1. ups_of_heap (kheap s) \\<equiv> \\<lambda>p. if \\<exists>!sz. data_at sz p s then Some (THE sz. data_at sz p s) else None",
        "step_time": 0.012443780899047852
    },
    {
        "index": 22,
        "step": "apply (rule eq_reflection)",
        "output": "",
        "raw_output": "proof (prove)\ngoal (1 subgoal):\n 1. ups_of_heap (kheap s) = (\\<lambda>p. if \\<exists>!sz. data_at sz p s then Some (THE sz. data_at sz p s) else None)",
        "step_time": 0.006267070770263672
    },
    {
        "index": 23,
        "step": "apply (rule ext)",
        "output": "",
        "raw_output": "proof (prove)\ngoal (1 subgoal):\n 1. \\<And>p. ups_of_heap (kheap s) p = (if \\<exists>!sz. data_at sz p s then Some (THE sz. data_at sz p s) else None)",
        "step_time": 0.006338834762573242
    },
    {
        "index": 24,
        "step": "apply (clarsimp simp: ups_of_heap_typ_at)",
        "output": "",
        "raw_output": "proof (prove)\ngoal (1 subgoal):\n 1. \\<And>p. ((\\<exists>!sz. data_at sz p s) \\<longrightarrow> data_at (THE sz. data_at sz p s) p s) \\<and> ((\\<nexists>!sz. data_at sz p s) \\<longrightarrow> ups_of_heap (kheap s) p = None)",
        "step_time": 0.007856130599975586
    },
    {
        "index": 25,
        "step": "apply (intro conjI impI)",
        "output": "",
        "raw_output": "proof (prove)\ngoal (2 subgoals):\n 1. \\<And>p. \\<exists>!sz. data_at sz p s \\<Longrightarrow> data_at (THE sz. data_at sz p s) p s\n 2. \\<And>p. \\<nexists>!sz. data_at sz p s \\<Longrightarrow> ups_of_heap (kheap s) p = None",
        "step_time": 0.006894111633300781
    },
    {
        "index": 26,
        "step": "apply (frule (1) theI')",
        "output": "",
        "raw_output": "proof (prove)\ngoal (1 subgoal):\n 1. \\<And>p. \\<nexists>!sz. data_at sz p s \\<Longrightarrow> ups_of_heap (kheap s) p = None",
        "step_time": 0.005826711654663086
    },
    {
        "index": 27,
        "step": "apply safe",
        "output": "",
        "raw_output": "proof (prove)\ngoal (2 subgoals):\n 1. \\<And>p y. ups_of_heap (kheap s) p = Some y \\<Longrightarrow> \\<exists>sz. data_at sz p s\n 2. \\<And>p sz y ya. \\<lbrakk>data_at sz p s; data_at y p s; ups_of_heap (kheap s) p = Some ya\\<rbrakk> \\<Longrightarrow> sz = y",
        "step_time": 0.008236408233642578
    },
    {
        "index": 28,
        "step": "apply (fastforce simp: ups_of_heap_typ_at)",
        "output": "",
        "raw_output": "proof (prove)\ngoal (1 subgoal):\n 1. \\<And>p sz y ya. \\<lbrakk>data_at sz p s; data_at y p s; ups_of_heap (kheap s) p = Some ya\\<rbrakk> \\<Longrightarrow> sz = y",
        "step_time": 0.011740446090698242
    },
    {
        "index": 29,
        "step": "apply (clarsimp simp add: obj_at_def data_at_def)",
        "output": "",
        "raw_output": "proof (prove)\ngoal (1 subgoal):\n 1. \\<And>p sz y ya. \\<lbrakk>(\\<exists>ko. kheap s p = Some ko \\<and> a_type ko = AArch (AUserData sz)) \\<or> (\\<exists>ko. kheap s p = Some ko \\<and> a_type ko = AArch (ADeviceData sz)); (\\<exists>ko. kheap s p = Some ko \\<and> a_type ko = AArch (AUserData y)) \\<or> (\\<exists>ko. kheap s p = Some ko \\<and> a_type ko = AArch (ADeviceData y)); ups_of_heap (kheap s) p = Some ya\\<rbrakk> \\<Longrightarrow> sz = y",
        "step_time": 0.016518831253051758
    },
    {
        "index": 30,
        "step": "apply force",
        "output": "",
        "raw_output": "proof (prove)\ngoal:\nNo subgoals!",
        "step_time": 0.024416685104370117
    },
    {
        "index": 31,
        "step": "done",
        "output": "",
        "raw_output": "",
        "step_time": 0.006210803985595703
    },
    {
        "index": 32,
        "step": "lemma ups_of_heap_non_arch_upd:\n  \"h x = Some ko \\<Longrightarrow> non_arch_obj ko \\<Longrightarrow> non_arch_obj ko' \\<Longrightarrow> ups_of_heap (h(x \\<mapsto> ko')) = ups_of_heap h\"",
        "output": "",
        "raw_output": "proof (prove)\ngoal (1 subgoal):\n 1. \\<lbrakk>h x = Some ko; non_arch_obj ko; non_arch_obj ko'\\<rbrakk> \\<Longrightarrow> ups_of_heap (h(x \\<mapsto> ko')) = ups_of_heap h",
        "step_time": 0.011387348175048828
    },
    {
        "index": 33,
        "step": "by (rule ext) (auto simp add: ups_of_heap_def non_arch_obj_def split: kernel_object.splits)",
        "output": "",
        "raw_output": "",
        "step_time": 0.04735422134399414
    },
    {
        "index": 34,
        "step": "crunch inv[wp]: lookup_ipc_buffer \"I\"",
        "output": "",
        "raw_output": "",
        "step_time": 0.3478262424468994
    },
    {
        "index": 35,
        "step": "lemma vs_cap_ref_to_table_cap_ref:\n  \"\\<not> is_pg_cap cap \\<Longrightarrow> vs_cap_ref cap = table_cap_ref cap\"",
        "output": "",
        "raw_output": "proof (prove)\ngoal (1 subgoal):\n 1. \\<not> is_pg_cap cap \\<Longrightarrow> vs_cap_ref cap = table_cap_ref cap",
        "step_time": 0.00741124153137207
    },
    {
        "index": 36,
        "step": "by (simp add: is_pg_cap_def table_cap_ref_def vs_cap_ref_simps\n         split: cap.splits arch_cap.splits)",
        "output": "",
        "raw_output": "",
        "step_time": 0.10373997688293457
    },
    {
        "index": 37,
        "step": "lemma cap_master_cap_pg_cap:\n \"\\<lbrakk>cap_master_cap cap = cap_master_cap capa\\<rbrakk>\n  \\<Longrightarrow> is_pg_cap cap = is_pg_cap capa\"",
        "output": "",
        "raw_output": "proof (prove)\ngoal (1 subgoal):\n 1. cap_master_cap cap = cap_master_cap capa \\<Longrightarrow> is_pg_cap cap = is_pg_cap capa",
        "step_time": 0.006988525390625
    },
    {
        "index": 38,
        "step": "by (clarsimp simp:cap_master_cap_def is_cap_simps\n    split:cap.splits arch_cap.splits dest!:cap_master_cap_eqDs)",
        "output": "",
        "raw_output": "",
        "step_time": 0.9656805992126465
    },
    {
        "index": 39,
        "step": "lemma master_arch_cap_obj_refs:\n  \"cap_master_arch_cap c = cap_master_arch_cap c' \\<Longrightarrow> aobj_ref c = aobj_ref c'\"",
        "output": "",
        "raw_output": "proof (prove)\ngoal (1 subgoal):\n 1. cap_master_arch_cap c = cap_master_arch_cap c' \\<Longrightarrow> aobj_ref c = aobj_ref c'",
        "step_time": 0.008117914199829102
    },
    {
        "index": 40,
        "step": "by (simp add: cap_master_arch_cap_def split: arch_cap.splits)",
        "output": "",
        "raw_output": "",
        "step_time": 0.07527899742126465
    },
    {
        "index": 41,
        "step": "lemma master_arch_cap_cap_class:\n  \"cap_master_arch_cap c = cap_master_arch_cap c' \\<Longrightarrow> acap_class c = acap_class c'\"",
        "output": "",
        "raw_output": "proof (prove)\ngoal (1 subgoal):\n 1. cap_master_arch_cap c = cap_master_arch_cap c' \\<Longrightarrow> acap_class c = acap_class c'",
        "step_time": 0.00948476791381836
    },
    {
        "index": 42,
        "step": "by (simp add: cap_master_arch_cap_def split: arch_cap.splits)",
        "output": "",
        "raw_output": "",
        "step_time": 0.07955002784729004
    },
    {
        "index": 43,
        "step": "lemma is_cap_free_index_update[simp]:\n  \"is_pd_cap (src_cap\\<lparr>free_index := a\\<rparr>) = is_pd_cap src_cap\"\n  \"is_pt_cap (src_cap\\<lparr>free_index := a\\<rparr>) = is_pt_cap src_cap\"",
        "output": "",
        "raw_output": "proof (prove)\ngoal (1 subgoal):\n 1. is_pd_cap (free_index_update (\\<lambda>_. a) src_cap) = is_pd_cap src_cap &&& is_pt_cap (free_index_update (\\<lambda>_. a) src_cap) = is_pt_cap src_cap",
        "step_time": 0.007776737213134766
    },
    {
        "index": 44,
        "step": "by (simp add:is_cap_simps free_index_update_def split:cap.splits)+",
        "output": "",
        "raw_output": "",
        "step_time": 0.046113014221191406
    },
    {
        "index": 45,
        "step": "lemma masked_as_full_test_function_stuff[simp]:\n  \"is_pd_cap (masked_as_full a cap ) = is_pd_cap a\"\n  \"is_pt_cap (masked_as_full a cap ) = is_pt_cap a\"\n  \"vs_cap_ref (masked_as_full a cap ) = vs_cap_ref a\"",
        "output": "",
        "raw_output": "proof (prove)\ngoal (1 subgoal):\n 1. is_pd_cap (masked_as_full a cap) = is_pd_cap a &&& is_pt_cap (masked_as_full a cap) = is_pt_cap a &&& vs_cap_ref (masked_as_full a cap) = vs_cap_ref a",
        "step_time": 0.008948564529418945
    },
    {
        "index": 46,
        "step": "by (auto simp:masked_as_full_def)",
        "output": "",
        "raw_output": "",
        "step_time": 0.015732288360595703
    },
    {
        "index": 47,
        "step": "lemma same_aobject_as_commute:\n  \"same_aobject_as x y \\<Longrightarrow> same_aobject_as y x\"",
        "output": "",
        "raw_output": "proof (prove)\ngoal (1 subgoal):\n 1. same_aobject_as x y \\<Longrightarrow> same_aobject_as y x",
        "step_time": 0.00686955451965332
    },
    {
        "index": 48,
        "step": "by (cases x; cases y; clarsimp)",
        "output": "",
        "raw_output": "",
        "step_time": 0.1048276424407959
    },
    {
        "index": 49,
        "step": "lemmas wellformed_cap_simps = wellformed_cap_def\n  [simplified wellformed_acap_def, split_simps cap.split arch_cap.split]",
        "output": "",
        "raw_output": "",
        "step_time": 0.025017261505126953
    },
    {
        "index": 50,
        "step": "lemma is_pt_pd_Null[simp]:\n  \"\\<not> is_pt_cap cap.NullCap \\<and> \\<not> is_pd_cap cap.NullCap\"",
        "output": "",
        "raw_output": "proof (prove)\ngoal (1 subgoal):\n 1. \\<not> is_pt_cap NullCap \\<and> \\<not> is_pd_cap NullCap",
        "step_time": 0.009224414825439453
    },
    {
        "index": 51,
        "step": "by (simp add: is_pt_cap_def is_pd_cap_def)",
        "output": "",
        "raw_output": "",
        "step_time": 0.023061275482177734
    },
    {
        "index": 52,
        "step": "lemma unique_table_caps_upd_eqD:\n  \"\\<lbrakk>ms a = Some b; cap_asid b = cap_asid b'; obj_refs b = obj_refs b';\n    is_pd_cap b = is_pd_cap b'; is_pt_cap b = is_pt_cap b'\\<rbrakk>\n   \\<Longrightarrow> unique_table_caps (ms (a \\<mapsto> b')) = unique_table_caps (ms)\"",
        "output": "",
        "raw_output": "proof (prove)\ngoal (1 subgoal):\n 1. \\<lbrakk>ms a = Some b; cap_asid b = cap_asid b'; obj_refs b = obj_refs b'; is_pd_cap b = is_pd_cap b'; is_pt_cap b = is_pt_cap b'\\<rbrakk> \\<Longrightarrow> unique_table_caps (ms(a \\<mapsto> b')) = unique_table_caps ms",
        "step_time": 0.013386726379394531
    },
    {
        "index": 53,
        "step": "unfolding unique_table_caps_def",
        "output": "",
        "raw_output": "proof (prove)\ngoal (1 subgoal):\n 1. \\<lbrakk>ms a = Some b; cap_asid b = cap_asid b'; obj_refs b = obj_refs b'; is_pd_cap b = is_pd_cap b'; is_pt_cap b = is_pt_cap b'\\<rbrakk> \\<Longrightarrow> (\\<forall>p p' cap cap'. (ms(a \\<mapsto> b')) p = Some cap \\<longrightarrow> (ms(a \\<mapsto> b')) p' = Some cap' \\<longrightarrow> cap_asid cap = None \\<longrightarrow> obj_refs cap' = obj_refs cap \\<longrightarrow> (is_pd_cap cap \\<longrightarrow> is_pd_cap cap' \\<longrightarrow> p' = p) \\<and> (is_pt_cap cap \\<longrightarrow> is_pt_cap cap' \\<longrightarrow> p' = p)) = (\\<forall>p p' cap cap'. ms p = Some cap \\<longrightarrow> ms p' = Some cap' \\<longrightarrow> cap_asid cap = None \\<longrightarrow> obj_refs cap' = obj_refs cap \\<longrightarrow> (is_pd_cap cap \\<longrightarrow> is_pd_cap cap' \\<longrightarrow> p' = p) \\<and> (is_pt_cap cap \\<longrightarrow> is_pt_cap cap' \\<longrightarrow> p' = p))",
        "step_time": 0.009478092193603516
    },
    {
        "index": 54,
        "step": "apply (rule iffI)",
        "output": "",
        "raw_output": "proof (prove)\ngoal (2 subgoals):\n 1. \\<lbrakk>ms a = Some b; cap_asid b = cap_asid b'; obj_refs b = obj_refs b'; is_pd_cap b = is_pd_cap b'; is_pt_cap b = is_pt_cap b'; \\<forall>p p' cap cap'. (ms(a \\<mapsto> b')) p = Some cap \\<longrightarrow> (ms(a \\<mapsto> b')) p' = Some cap' \\<longrightarrow> cap_asid cap = None \\<longrightarrow> obj_refs cap' = obj_refs cap \\<longrightarrow> (is_pd_cap cap \\<longrightarrow> is_pd_cap cap' \\<longrightarrow> p' = p) \\<and> (is_pt_cap cap \\<longrightarrow> is_pt_cap cap' \\<longrightarrow> p' = p)\\<rbrakk> \\<Longrightarrow> \\<forall>p p' cap cap'. ms p = Some cap \\<longrightarrow> ms p' = Some cap' \\<longrightarrow> cap_asid cap = None \\<longrightarrow> obj_refs cap' = obj_refs cap \\<longrightarrow> (is_pd_cap cap \\<longrightarrow> is_pd_cap cap' \\<longrightarrow> p' = p) \\<and> (is_pt_cap cap \\<longrightarrow> is_pt_cap cap' \\<longrightarrow> p' = p)\n 2. \\<lbrakk>ms a = Some b; cap_asid b = cap_asid b'; obj_refs b = obj_refs b'; is_pd_cap b = is_pd_cap b'; is_pt_cap b = is_pt_cap b'; \\<forall>p p' cap cap'. ms p = Some cap \\<longrightarrow> ms p' = Some cap' \\<longrightarrow> cap_asid cap = None \\<longrightarrow> obj_refs cap' = obj_refs cap \\<longrightarrow> (is_pd_cap cap \\<longrightarrow> is_pd_cap cap' \\<longrightarrow> p' = p) \\<and> (is_pt_cap cap \\<longrightarrow> is_pt_cap cap' \\<longrightarrow> p' = p)\\<rbrakk> \\<Longrightarrow> \\<forall>p p' cap cap'. (ms(a \\<mapsto> b')) p = Some cap \\<longrightarrow> (ms(a \\<mapsto> b')) p' = Some cap' \\<longrightarrow> cap_asid cap = None \\<longrightarrow> obj_refs cap' = obj_refs cap \\<longrightarrow> (is_pd_cap cap \\<longrightarrow> is_pd_cap cap' \\<longrightarrow> p' = p) \\<and> (is_pt_cap cap \\<longrightarrow> is_pt_cap cap' \\<longrightarrow> p' = p)",
        "step_time": 0.009494781494140625
    },
    {
        "index": 55,
        "step": "apply (intro allI impI,elim allE)",
        "output": "",
        "raw_output": "proof (prove)\ngoal (2 subgoals):\n 1. \\<And>p p' cap cap'. \\<lbrakk>ms a = Some b; cap_asid b = cap_asid b'; obj_refs b = obj_refs b'; is_pd_cap b = is_pd_cap b'; is_pt_cap b = is_pt_cap b'; ms p = Some cap; ms p' = Some cap'; cap_asid cap = None; obj_refs cap' = obj_refs cap; (ms(a \\<mapsto> b')) (?p11 p p' cap cap') = Some (?cap13 p p' cap cap') \\<longrightarrow> (ms(a \\<mapsto> b')) (?p'12 p p' cap cap') = Some (?cap'14 p p' cap cap') \\<longrightarrow> cap_asid (?cap13 p p' cap cap') = None \\<longrightarrow> obj_refs (?cap'14 p p' cap cap') = obj_refs (?cap13 p p' cap cap') \\<longrightarrow> (is_pd_cap (?cap13 p p' cap cap') \\<longrightarrow> is_pd_cap (?cap'14 p p' cap cap') \\<longrightarrow> ?p'12 p p' cap cap' = ?p11 p p' cap cap') \\<and> (is_pt_cap (?cap13 p p' cap cap') \\<longrightarrow> is_pt_cap (?cap'14 p p' cap cap') \\<longrightarrow> ?p'12 p p' cap cap' = ?p11 p p' cap cap')\\<rbrakk> \\<Longrightarrow> (is_pd_cap cap \\<longrightarrow> is_pd_cap cap' \\<longrightarrow> p' = p) \\<and> (is_pt_cap cap \\<longrightarrow> is_pt_cap cap' \\<longrightarrow> p' = p)\n 2. \\<lbrakk>ms a = Some b; cap_asid b = cap_asid b'; obj_refs b = obj_refs b'; is_pd_cap b = is_pd_cap b'; is_pt_cap b = is_pt_cap b'; \\<forall>p p' cap cap'. ms p = Some cap \\<longrightarrow> ms p' = Some cap' \\<longrightarrow> cap_asid cap = None \\<longrightarrow> obj_refs cap' = obj_refs cap \\<longrightarrow> (is_pd_cap cap \\<longrightarrow> is_pd_cap cap' \\<longrightarrow> p' = p) \\<and> (is_pt_cap cap \\<longrightarrow> is_pt_cap cap' \\<longrightarrow> p' = p)\\<rbrakk> \\<Longrightarrow> \\<forall>p p' cap cap'. (ms(a \\<mapsto> b')) p = Some cap \\<longrightarrow> (ms(a \\<mapsto> b')) p' = Some cap' \\<longrightarrow> cap_asid cap = None \\<longrightarrow> obj_refs cap' = obj_refs cap \\<longrightarrow> (is_pd_cap cap \\<longrightarrow> is_pd_cap cap' \\<longrightarrow> p' = p) \\<and> (is_pt_cap cap \\<longrightarrow> is_pt_cap cap' \\<longrightarrow> p' = p)",
        "step_time": 0.009876728057861328
    },
    {
        "index": 56,
        "step": "apply (erule impE)",
        "output": "",
        "raw_output": "proof (prove)\ngoal (3 subgoals):\n 1. \\<And>p p' cap cap'. \\<lbrakk>ms a = Some b; cap_asid b = cap_asid b'; obj_refs b = obj_refs b'; is_pd_cap b = is_pd_cap b'; is_pt_cap b = is_pt_cap b'; ms p = Some cap; ms p' = Some cap'; cap_asid cap = None; obj_refs cap' = obj_refs cap\\<rbrakk> \\<Longrightarrow> (ms(a \\<mapsto> b')) (?p11 p p' cap cap') = Some (?cap13 p p' cap cap')\n 2. \\<And>p p' cap cap'. \\<lbrakk>ms a = Some b; cap_asid b = cap_asid b'; obj_refs b = obj_refs b'; is_pd_cap b = is_pd_cap b'; is_pt_cap b = is_pt_cap b'; ms p = Some cap; ms p' = Some cap'; cap_asid cap = None; obj_refs cap' = obj_refs cap; (ms(a \\<mapsto> b')) (?p'12 p p' cap cap') = Some (?cap'14 p p' cap cap') \\<longrightarrow> cap_asid (?cap13 p p' cap cap') = None \\<longrightarrow> obj_refs (?cap'14 p p' cap cap') = obj_refs (?cap13 p p' cap cap') \\<longrightarrow> (is_pd_cap (?cap13 p p' cap cap') \\<longrightarrow> is_pd_cap (?cap'14 p p' cap cap') \\<longrightarrow> ?p'12 p p' cap cap' = ?p11 p p' cap cap') \\<and> (is_pt_cap (?cap13 p p' cap cap') \\<longrightarrow> is_pt_cap (?cap'14 p p' cap cap') \\<longrightarrow> ?p'12 p p' cap cap' = ?p11 p p' cap cap')\\<rbrakk> \\<Longrightarrow> (is_pd_cap cap \\<longrightarrow> is_pd_cap cap' \\<longrightarrow> p' = p) \\<and> (is_pt_cap cap \\<longrightarrow> is_pt_cap cap' \\<longrightarrow> p' = p)\n 3. \\<lbrakk>ms a = Some b; cap_asid b = cap_asid b'; obj_refs b = obj_refs b'; is_pd_cap b = is_pd_cap b'; is_pt_cap b = is_pt_cap b'; \\<forall>p p' cap cap'. ms p = Some cap \\<longrightarrow> ms p' = Some cap' \\<longrightarrow> cap_asid cap = None \\<longrightarrow> obj_refs cap' = obj_refs cap \\<longrightarrow> (is_pd_cap cap \\<longrightarrow> is_pd_cap cap' \\<longrightarrow> p' = p) \\<and> (is_pt_cap cap \\<longrightarrow> is_pt_cap cap' \\<longrightarrow> p' = p)\\<rbrakk> \\<Longrightarrow> \\<forall>p p' cap cap'. (ms(a \\<mapsto> b')) p = Some cap \\<longrightarrow> (ms(a \\<mapsto> b')) p' = Some cap' \\<longrightarrow> cap_asid cap = None \\<longrightarrow> obj_refs cap' = obj_refs cap \\<longrightarrow> (is_pd_cap cap \\<longrightarrow> is_pd_cap cap' \\<longrightarrow> p' = p) \\<and> (is_pt_cap cap \\<longrightarrow> is_pt_cap cap' \\<longrightarrow> p' = p)",
        "step_time": 0.010996341705322266
    },
    {
        "index": 57,
        "step": "apply (rule_tac p = p in fun_upd_Some)",
        "output": "",
        "raw_output": "proof (prove)\ngoal (3 subgoals):\n 1. \\<And>p p' cap cap'. \\<lbrakk>ms a = Some b; cap_asid b = cap_asid b'; obj_refs b = obj_refs b'; is_pd_cap b = is_pd_cap b'; is_pt_cap b = is_pt_cap b'; ms p = Some cap; ms p' = Some cap'; cap_asid cap = None; obj_refs cap' = obj_refs cap\\<rbrakk> \\<Longrightarrow> ms p = Some (?k18 p p' cap cap')\n 2. \\<And>p p' cap cap'. \\<lbrakk>ms a = Some b; cap_asid b = cap_asid b'; obj_refs b = obj_refs b'; is_pd_cap b = is_pd_cap b'; is_pt_cap b = is_pt_cap b'; ms p = Some cap; ms p' = Some cap'; cap_asid cap = None; obj_refs cap' = obj_refs cap; (ms(a \\<mapsto> b')) (?p'12 p p' cap cap') = Some (?cap'14 p p' cap cap') \\<longrightarrow> cap_asid (if a = p then b' else ?k18 p p' cap cap') = None \\<longrightarrow> obj_refs (?cap'14 p p' cap cap') = obj_refs (if a = p then b' else ?k18 p p' cap cap') \\<longrightarrow> (is_pd_cap (if a = p then b' else ?k18 p p' cap cap') \\<longrightarrow> is_pd_cap (?cap'14 p p' cap cap') \\<longrightarrow> ?p'12 p p' cap cap' = p) \\<and> (is_pt_cap (if a = p then b' else ?k18 p p' cap cap') \\<longrightarrow> is_pt_cap (?cap'14 p p' cap cap') \\<longrightarrow> ?p'12 p p' cap cap' = p)\\<rbrakk> \\<Longrightarrow> (is_pd_cap cap \\<longrightarrow> is_pd_cap cap' \\<longrightarrow> p' = p) \\<and> (is_pt_cap cap \\<longrightarrow> is_pt_cap cap' \\<longrightarrow> p' = p)\n 3. \\<lbrakk>ms a = Some b; cap_asid b = cap_asid b'; obj_refs b = obj_refs b'; is_pd_cap b = is_pd_cap b'; is_pt_cap b = is_pt_cap b'; \\<forall>p p' cap cap'. ms p = Some cap \\<longrightarrow> ms p' = Some cap' \\<longrightarrow> cap_asid cap = None \\<longrightarrow> obj_refs cap' = obj_refs cap \\<longrightarrow> (is_pd_cap cap \\<longrightarrow> is_pd_cap cap' \\<longrightarrow> p' = p) \\<and> (is_pt_cap cap \\<longrightarrow> is_pt_cap cap' \\<longrightarrow> p' = p)\\<rbrakk> \\<Longrightarrow> \\<forall>p p' cap cap'. (ms(a \\<mapsto> b')) p = Some cap \\<longrightarrow> (ms(a \\<mapsto> b')) p' = Some cap' \\<longrightarrow> cap_asid cap = None \\<longrightarrow> obj_refs cap' = obj_refs cap \\<longrightarrow> (is_pd_cap cap \\<longrightarrow> is_pd_cap cap' \\<longrightarrow> p' = p) \\<and> (is_pt_cap cap \\<longrightarrow> is_pt_cap cap' \\<longrightarrow> p' = p)",
        "step_time": 0.012272834777832031
    },
    {
        "index": 58,
        "step": "apply assumption",
        "output": "",
        "raw_output": "proof (prove)\ngoal (2 subgoals):\n 1. \\<And>p p' cap cap'. \\<lbrakk>ms a = Some b; cap_asid b = cap_asid b'; obj_refs b = obj_refs b'; is_pd_cap b = is_pd_cap b'; is_pt_cap b = is_pt_cap b'; ms p = Some cap; ms p' = Some cap'; cap_asid cap = None; obj_refs cap' = obj_refs cap; (ms(a \\<mapsto> b')) (?p'12 p p' cap cap') = Some (?cap'14 p p' cap cap') \\<longrightarrow> cap_asid (if a = p then b' else cap) = None \\<longrightarrow> obj_refs (?cap'14 p p' cap cap') = obj_refs (if a = p then b' else cap) \\<longrightarrow> (is_pd_cap (if a = p then b' else cap) \\<longrightarrow> is_pd_cap (?cap'14 p p' cap cap') \\<longrightarrow> ?p'12 p p' cap cap' = p) \\<and> (is_pt_cap (if a = p then b' else cap) \\<longrightarrow> is_pt_cap (?cap'14 p p' cap cap') \\<longrightarrow> ?p'12 p p' cap cap' = p)\\<rbrakk> \\<Longrightarrow> (is_pd_cap cap \\<longrightarrow> is_pd_cap cap' \\<longrightarrow> p' = p) \\<and> (is_pt_cap cap \\<longrightarrow> is_pt_cap cap' \\<longrightarrow> p' = p)\n 2. \\<lbrakk>ms a = Some b; cap_asid b = cap_asid b'; obj_refs b = obj_refs b'; is_pd_cap b = is_pd_cap b'; is_pt_cap b = is_pt_cap b'; \\<forall>p p' cap cap'. ms p = Some cap \\<longrightarrow> ms p' = Some cap' \\<longrightarrow> cap_asid cap = None \\<longrightarrow> obj_refs cap' = obj_refs cap \\<longrightarrow> (is_pd_cap cap \\<longrightarrow> is_pd_cap cap' \\<longrightarrow> p' = p) \\<and> (is_pt_cap cap \\<longrightarrow> is_pt_cap cap' \\<longrightarrow> p' = p)\\<rbrakk> \\<Longrightarrow> \\<forall>p p' cap cap'. (ms(a \\<mapsto> b')) p = Some cap \\<longrightarrow> (ms(a \\<mapsto> b')) p' = Some cap' \\<longrightarrow> cap_asid cap = None \\<longrightarrow> obj_refs cap' = obj_refs cap \\<longrightarrow> (is_pd_cap cap \\<longrightarrow> is_pd_cap cap' \\<longrightarrow> p' = p) \\<and> (is_pt_cap cap \\<longrightarrow> is_pt_cap cap' \\<longrightarrow> p' = p)",
        "step_time": 0.009426593780517578
    },
    {
        "index": 59,
        "step": "apply (erule impE)",
        "output": "",
        "raw_output": "proof (prove)\ngoal (3 subgoals):\n 1. \\<And>p p' cap cap'. \\<lbrakk>ms a = Some b; cap_asid b = cap_asid b'; obj_refs b = obj_refs b'; is_pd_cap b = is_pd_cap b'; is_pt_cap b = is_pt_cap b'; ms p = Some cap; ms p' = Some cap'; cap_asid cap = None; obj_refs cap' = obj_refs cap\\<rbrakk> \\<Longrightarrow> (ms(a \\<mapsto> b')) (?p'12 p p' cap cap') = Some (?cap'14 p p' cap cap')\n 2. \\<And>p p' cap cap'. \\<lbrakk>ms a = Some b; cap_asid b = cap_asid b'; obj_refs b = obj_refs b'; is_pd_cap b = is_pd_cap b'; is_pt_cap b = is_pt_cap b'; ms p = Some cap; ms p' = Some cap'; cap_asid cap = None; obj_refs cap' = obj_refs cap; cap_asid (if a = p then b' else cap) = None \\<longrightarrow> obj_refs (?cap'14 p p' cap cap') = obj_refs (if a = p then b' else cap) \\<longrightarrow> (is_pd_cap (if a = p then b' else cap) \\<longrightarrow> is_pd_cap (?cap'14 p p' cap cap') \\<longrightarrow> ?p'12 p p' cap cap' = p) \\<and> (is_pt_cap (if a = p then b' else cap) \\<longrightarrow> is_pt_cap (?cap'14 p p' cap cap') \\<longrightarrow> ?p'12 p p' cap cap' = p)\\<rbrakk> \\<Longrightarrow> (is_pd_cap cap \\<longrightarrow> is_pd_cap cap' \\<longrightarrow> p' = p) \\<and> (is_pt_cap cap \\<longrightarrow> is_pt_cap cap' \\<longrightarrow> p' = p)\n 3. \\<lbrakk>ms a = Some b; cap_asid b = cap_asid b'; obj_refs b = obj_refs b'; is_pd_cap b = is_pd_cap b'; is_pt_cap b = is_pt_cap b'; \\<forall>p p' cap cap'. ms p = Some cap \\<longrightarrow> ms p' = Some cap' \\<longrightarrow> cap_asid cap = None \\<longrightarrow> obj_refs cap' = obj_refs cap \\<longrightarrow> (is_pd_cap cap \\<longrightarrow> is_pd_cap cap' \\<longrightarrow> p' = p) \\<and> (is_pt_cap cap \\<longrightarrow> is_pt_cap cap' \\<longrightarrow> p' = p)\\<rbrakk> \\<Longrightarrow> \\<forall>p p' cap cap'. (ms(a \\<mapsto> b')) p = Some cap \\<longrightarrow> (ms(a \\<mapsto> b')) p' = Some cap' \\<longrightarrow> cap_asid cap = None \\<longrightarrow> obj_refs cap' = obj_refs cap \\<longrightarrow> (is_pd_cap cap \\<longrightarrow> is_pd_cap cap' \\<longrightarrow> p' = p) \\<and> (is_pt_cap cap \\<longrightarrow> is_pt_cap cap' \\<longrightarrow> p' = p)",
        "step_time": 0.01044011116027832
    },
    {
        "index": 60,
        "step": "apply (rule_tac p = p' in fun_upd_Some)",
        "output": "",
        "raw_output": "proof (prove)\ngoal (3 subgoals):\n 1. \\<And>p p' cap cap'. \\<lbrakk>ms a = Some b; cap_asid b = cap_asid b'; obj_refs b = obj_refs b'; is_pd_cap b = is_pd_cap b'; is_pt_cap b = is_pt_cap b'; ms p = Some cap; ms p' = Some cap'; cap_asid cap = None; obj_refs cap' = obj_refs cap\\<rbrakk> \\<Longrightarrow> ms p' = Some (?k22 p p' cap cap')\n 2. \\<And>p p' cap cap'. \\<lbrakk>ms a = Some b; cap_asid b = cap_asid b'; obj_refs b = obj_refs b'; is_pd_cap b = is_pd_cap b'; is_pt_cap b = is_pt_cap b'; ms p = Some cap; ms p' = Some cap'; cap_asid cap = None; obj_refs cap' = obj_refs cap; cap_asid (if a = p then b' else cap) = None \\<longrightarrow> obj_refs (if a = p' then b' else ?k22 p p' cap cap') = obj_refs (if a = p then b' else cap) \\<longrightarrow> (is_pd_cap (if a = p then b' else cap) \\<longrightarrow> is_pd_cap (if a = p' then b' else ?k22 p p' cap cap') \\<longrightarrow> p' = p) \\<and> (is_pt_cap (if a = p then b' else cap) \\<longrightarrow> is_pt_cap (if a = p' then b' else ?k22 p p' cap cap') \\<longrightarrow> p' = p)\\<rbrakk> \\<Longrightarrow> (is_pd_cap cap \\<longrightarrow> is_pd_cap cap' \\<longrightarrow> p' = p) \\<and> (is_pt_cap cap \\<longrightarrow> is_pt_cap cap' \\<longrightarrow> p' = p)\n 3. \\<lbrakk>ms a = Some b; cap_asid b = cap_asid b'; obj_refs b = obj_refs b'; is_pd_cap b = is_pd_cap b'; is_pt_cap b = is_pt_cap b'; \\<forall>p p' cap cap'. ms p = Some cap \\<longrightarrow> ms p' = Some cap' \\<longrightarrow> cap_asid cap = None \\<longrightarrow> obj_refs cap' = obj_refs cap \\<longrightarrow> (is_pd_cap cap \\<longrightarrow> is_pd_cap cap' \\<longrightarrow> p' = p) \\<and> (is_pt_cap cap \\<longrightarrow> is_pt_cap cap' \\<longrightarrow> p' = p)\\<rbrakk> \\<Longrightarrow> \\<forall>p p' cap cap'. (ms(a \\<mapsto> b')) p = Some cap \\<longrightarrow> (ms(a \\<mapsto> b')) p' = Some cap' \\<longrightarrow> cap_asid cap = None \\<longrightarrow> obj_refs cap' = obj_refs cap \\<longrightarrow> (is_pd_cap cap \\<longrightarrow> is_pd_cap cap' \\<longrightarrow> p' = p) \\<and> (is_pt_cap cap \\<longrightarrow> is_pt_cap cap' \\<longrightarrow> p' = p)",
        "step_time": 0.011011600494384766
    },
    {
        "index": 61,
        "step": "apply simp",
        "output": "",
        "raw_output": "proof (prove)\ngoal (2 subgoals):\n 1. \\<And>p p' cap cap'. \\<lbrakk>ms a = Some b; cap_asid b = cap_asid b'; obj_refs b = obj_refs b'; is_pd_cap b = is_pd_cap b'; is_pt_cap b = is_pt_cap b'; ms p = Some cap; ms p' = Some cap'; cap_asid cap = None; obj_refs cap' = obj_refs cap; cap_asid (if a = p then b' else cap) = None \\<longrightarrow> obj_refs (if a = p' then b' else cap') = obj_refs (if a = p then b' else cap) \\<longrightarrow> (is_pd_cap (if a = p then b' else cap) \\<longrightarrow> is_pd_cap (if a = p' then b' else cap') \\<longrightarrow> p' = p) \\<and> (is_pt_cap (if a = p then b' else cap) \\<longrightarrow> is_pt_cap (if a = p' then b' else cap') \\<longrightarrow> p' = p)\\<rbrakk> \\<Longrightarrow> (is_pd_cap cap \\<longrightarrow> is_pd_cap cap' \\<longrightarrow> p' = p) \\<and> (is_pt_cap cap \\<longrightarrow> is_pt_cap cap' \\<longrightarrow> p' = p)\n 2. \\<lbrakk>ms a = Some b; cap_asid b = cap_asid b'; obj_refs b = obj_refs b'; is_pd_cap b = is_pd_cap b'; is_pt_cap b = is_pt_cap b'; \\<forall>p p' cap cap'. ms p = Some cap \\<longrightarrow> ms p' = Some cap' \\<longrightarrow> cap_asid cap = None \\<longrightarrow> obj_refs cap' = obj_refs cap \\<longrightarrow> (is_pd_cap cap \\<longrightarrow> is_pd_cap cap' \\<longrightarrow> p' = p) \\<and> (is_pt_cap cap \\<longrightarrow> is_pt_cap cap' \\<longrightarrow> p' = p)\\<rbrakk> \\<Longrightarrow> \\<forall>p p' cap cap'. (ms(a \\<mapsto> b')) p = Some cap \\<longrightarrow> (ms(a \\<mapsto> b')) p' = Some cap' \\<longrightarrow> cap_asid cap = None \\<longrightarrow> obj_refs cap' = obj_refs cap \\<longrightarrow> (is_pd_cap cap \\<longrightarrow> is_pd_cap cap' \\<longrightarrow> p' = p) \\<and> (is_pt_cap cap \\<longrightarrow> is_pt_cap cap' \\<longrightarrow> p' = p)",
        "step_time": 0.012387514114379883
    },
    {
        "index": 62,
        "step": "apply (simp add: if_distrib split:if_splits)",
        "output": "",
        "raw_output": "proof (prove)\ngoal (1 subgoal):\n 1. \\<lbrakk>ms a = Some b; cap_asid b = cap_asid b'; obj_refs b = obj_refs b'; is_pd_cap b = is_pd_cap b'; is_pt_cap b = is_pt_cap b'; \\<forall>p p' cap cap'. ms p = Some cap \\<longrightarrow> ms p' = Some cap' \\<longrightarrow> cap_asid cap = None \\<longrightarrow> obj_refs cap' = obj_refs cap \\<longrightarrow> (is_pd_cap cap \\<longrightarrow> is_pd_cap cap' \\<longrightarrow> p' = p) \\<and> (is_pt_cap cap \\<longrightarrow> is_pt_cap cap' \\<longrightarrow> p' = p)\\<rbrakk> \\<Longrightarrow> \\<forall>p p' cap cap'. (ms(a \\<mapsto> b')) p = Some cap \\<longrightarrow> (ms(a \\<mapsto> b')) p' = Some cap' \\<longrightarrow> cap_asid cap = None \\<longrightarrow> obj_refs cap' = obj_refs cap \\<longrightarrow> (is_pd_cap cap \\<longrightarrow> is_pd_cap cap' \\<longrightarrow> p' = p) \\<and> (is_pt_cap cap \\<longrightarrow> is_pt_cap cap' \\<longrightarrow> p' = p)",
        "step_time": 0.0964357852935791
    },
    {
        "index": 63,
        "step": "apply (intro allI impI,elim allE)",
        "output": "",
        "raw_output": "proof (prove)\ngoal (1 subgoal):\n 1. \\<And>p p' cap cap'. \\<lbrakk>ms a = Some b; cap_asid b = cap_asid b'; obj_refs b = obj_refs b'; is_pd_cap b = is_pd_cap b'; is_pt_cap b = is_pt_cap b'; (ms(a \\<mapsto> b')) p = Some cap; (ms(a \\<mapsto> b')) p' = Some cap'; cap_asid cap = None; obj_refs cap' = obj_refs cap; ms (?p65 p p' cap cap') = Some (?cap67 p p' cap cap') \\<longrightarrow> ms (?p'66 p p' cap cap') = Some (?cap'68 p p' cap cap') \\<longrightarrow> cap_asid (?cap67 p p' cap cap') = None \\<longrightarrow> obj_refs (?cap'68 p p' cap cap') = obj_refs (?cap67 p p' cap cap') \\<longrightarrow> (is_pd_cap (?cap67 p p' cap cap') \\<longrightarrow> is_pd_cap (?cap'68 p p' cap cap') \\<longrightarrow> ?p'66 p p' cap cap' = ?p65 p p' cap cap') \\<and> (is_pt_cap (?cap67 p p' cap cap') \\<longrightarrow> is_pt_cap (?cap'68 p p' cap cap') \\<longrightarrow> ?p'66 p p' cap cap' = ?p65 p p' cap cap')\\<rbrakk> \\<Longrightarrow> (is_pd_cap cap \\<longrightarrow> is_pd_cap cap' \\<longrightarrow> p' = p) \\<and> (is_pt_cap cap \\<longrightarrow> is_pt_cap cap' \\<longrightarrow> p' = p)",
        "step_time": 0.008563995361328125
    },
    {
        "index": 64,
        "step": "apply (erule impE)",
        "output": "",
        "raw_output": "proof (prove)\ngoal (2 subgoals):\n 1. \\<And>p p' cap cap'. \\<lbrakk>ms a = Some b; cap_asid b = cap_asid b'; obj_refs b = obj_refs b'; is_pd_cap b = is_pd_cap b'; is_pt_cap b = is_pt_cap b'; (ms(a \\<mapsto> b')) p = Some cap; (ms(a \\<mapsto> b')) p' = Some cap'; cap_asid cap = None; obj_refs cap' = obj_refs cap\\<rbrakk> \\<Longrightarrow> ms (?p65 p p' cap cap') = Some (?cap67 p p' cap cap')\n 2. \\<And>p p' cap cap'. \\<lbrakk>ms a = Some b; cap_asid b = cap_asid b'; obj_refs b = obj_refs b'; is_pd_cap b = is_pd_cap b'; is_pt_cap b = is_pt_cap b'; (ms(a \\<mapsto> b')) p = Some cap; (ms(a \\<mapsto> b')) p' = Some cap'; cap_asid cap = None; obj_refs cap' = obj_refs cap; ms (?p'66 p p' cap cap') = Some (?cap'68 p p' cap cap') \\<longrightarrow> cap_asid (?cap67 p p' cap cap') = None \\<longrightarrow> obj_refs (?cap'68 p p' cap cap') = obj_refs (?cap67 p p' cap cap') \\<longrightarrow> (is_pd_cap (?cap67 p p' cap cap') \\<longrightarrow> is_pd_cap (?cap'68 p p' cap cap') \\<longrightarrow> ?p'66 p p' cap cap' = ?p65 p p' cap cap') \\<and> (is_pt_cap (?cap67 p p' cap cap') \\<longrightarrow> is_pt_cap (?cap'68 p p' cap cap') \\<longrightarrow> ?p'66 p p' cap cap' = ?p65 p p' cap cap')\\<rbrakk> \\<Longrightarrow> (is_pd_cap cap \\<longrightarrow> is_pd_cap cap' \\<longrightarrow> p' = p) \\<and> (is_pt_cap cap \\<longrightarrow> is_pt_cap cap' \\<longrightarrow> p' = p)",
        "step_time": 0.00956106185913086
    },
    {
        "index": 65,
        "step": "apply (rule_tac p = p in fun_upd_Some_rev)",
        "output": "",
        "raw_output": "proof (prove)\ngoal (3 subgoals):\n 1. \\<And>p p' cap cap'. \\<lbrakk>ms a = Some b; cap_asid b = cap_asid b'; obj_refs b = obj_refs b'; is_pd_cap b = is_pd_cap b'; is_pt_cap b = is_pt_cap b'; (ms(a \\<mapsto> b')) p = Some cap; (ms(a \\<mapsto> b')) p' = Some cap'; cap_asid cap = None; obj_refs cap' = obj_refs cap\\<rbrakk> \\<Longrightarrow> ms (?p74 p (?a72 p p' cap cap') p' cap cap') = Some (?k72 p p' cap cap')\n 2. \\<And>p p' cap cap'. \\<lbrakk>ms a = Some b; cap_asid b = cap_asid b'; obj_refs b = obj_refs b'; is_pd_cap b = is_pd_cap b'; is_pt_cap b = is_pt_cap b'; (ms(a \\<mapsto> b')) p = Some cap; (ms(a \\<mapsto> b')) p' = Some cap'; cap_asid cap = None; obj_refs cap' = obj_refs cap\\<rbrakk> \\<Longrightarrow> ((\\<lambda>a. ms (?p74 p a p' cap cap'))(?a72 p p' cap cap' \\<mapsto> ?b72 p p' cap cap')) p = Some (?cap72 p p' cap cap')\n 3. \\<And>p p' cap cap'. \\<lbrakk>ms a = Some b; cap_asid b = cap_asid b'; obj_refs b = obj_refs b'; is_pd_cap b = is_pd_cap b'; is_pt_cap b = is_pt_cap b'; (ms(a \\<mapsto> b')) p = Some cap; (ms(a \\<mapsto> b')) p' = Some cap'; cap_asid cap = None; obj_refs cap' = obj_refs cap; ms (?p'66 p p' cap cap') = Some (?cap'68 p p' cap cap') \\<longrightarrow> cap_asid (if ?a72 p p' cap cap' = p then ?k72 p p' cap cap' else ?cap72 p p' cap cap') = None \\<longrightarrow> obj_refs (?cap'68 p p' cap cap') = obj_refs (if ?a72 p p' cap cap' = p then ?k72 p p' cap cap' else ?cap72 p p' cap cap') \\<longrightarrow> (is_pd_cap (if ?a72 p p' cap cap' = p then ?k72 p p' cap cap' else ?cap72 p p' cap cap') \\<longrightarrow> is_pd_cap (?cap'68 p p' cap cap') \\<longrightarrow> ?p'66 p p' cap cap' = ?p74 p p p' cap cap') \\<and> (is_pt_cap (if ?a72 p p' cap cap' = p then ?k72 p p' cap cap' else ?cap72 p p' cap cap') \\<longrightarrow> is_pt_cap (?cap'68 p p' cap cap') \\<longrightarrow> ?p'66 p p' cap cap' = ?p74 p p p' cap cap')\\<rbrakk> \\<Longrightarrow> (is_pd_cap cap \\<longrightarrow> is_pd_cap cap' \\<longrightarrow> p' = p) \\<and> (is_pt_cap cap \\<longrightarrow> is_pt_cap cap' \\<longrightarrow> p' = p)",
        "step_time": 0.012304306030273438
    },
    {
        "index": 66,
        "step": "apply simp+",
        "output": "",
        "raw_output": "proof (prove)\ngoal (1 subgoal):\n 1. \\<And>p p' cap cap'. \\<lbrakk>ms a = Some b; cap_asid b = cap_asid b'; obj_refs b = obj_refs b'; is_pd_cap b = is_pd_cap b'; is_pt_cap b = is_pt_cap b'; (if p = a then Some b' else ms p) = Some cap; (if p' = a then Some b' else ms p') = Some cap'; cap_asid cap = None; obj_refs cap' = obj_refs cap; ms (?p'66 p p' cap cap') = Some (?cap'68 p p' cap cap') \\<longrightarrow> cap_asid (if a = p then b else cap) = None \\<longrightarrow> obj_refs (?cap'68 p p' cap cap') = obj_refs (if a = p then b else cap) \\<longrightarrow> (is_pd_cap (if a = p then b else cap) \\<longrightarrow> is_pd_cap (?cap'68 p p' cap cap') \\<longrightarrow> ?p'66 p p' cap cap' = p) \\<and> (is_pt_cap (if a = p then b else cap) \\<longrightarrow> is_pt_cap (?cap'68 p p' cap cap') \\<longrightarrow> ?p'66 p p' cap cap' = p)\\<rbrakk> \\<Longrightarrow> (is_pd_cap cap \\<longrightarrow> is_pd_cap cap' \\<longrightarrow> p' = p) \\<and> (is_pt_cap cap \\<longrightarrow> is_pt_cap cap' \\<longrightarrow> p' = p)",
        "step_time": 0.045386314392089844
    },
    {
        "index": 67,
        "step": "apply (erule impE)",
        "output": "",
        "raw_output": "proof (prove)\ngoal (2 subgoals):\n 1. \\<And>p p' cap cap'. \\<lbrakk>ms a = Some b; cap_asid b = cap_asid b'; obj_refs b = obj_refs b'; is_pd_cap b = is_pd_cap b'; is_pt_cap b = is_pt_cap b'; (if p = a then Some b' else ms p) = Some cap; (if p' = a then Some b' else ms p') = Some cap'; cap_asid cap = None; obj_refs cap' = obj_refs cap\\<rbrakk> \\<Longrightarrow> ms (?p'66 p p' cap cap') = Some (?cap'68 p p' cap cap')\n 2. \\<And>p p' cap cap'. \\<lbrakk>ms a = Some b; cap_asid b = cap_asid b'; obj_refs b = obj_refs b'; is_pd_cap b = is_pd_cap b'; is_pt_cap b = is_pt_cap b'; (if p = a then Some b' else ms p) = Some cap; (if p' = a then Some b' else ms p') = Some cap'; cap_asid cap = None; obj_refs cap' = obj_refs cap; cap_asid (if a = p then b else cap) = None \\<longrightarrow> obj_refs (?cap'68 p p' cap cap') = obj_refs (if a = p then b else cap) \\<longrightarrow> (is_pd_cap (if a = p then b else cap) \\<longrightarrow> is_pd_cap (?cap'68 p p' cap cap') \\<longrightarrow> ?p'66 p p' cap cap' = p) \\<and> (is_pt_cap (if a = p then b else cap) \\<longrightarrow> is_pt_cap (?cap'68 p p' cap cap') \\<longrightarrow> ?p'66 p p' cap cap' = p)\\<rbrakk> \\<Longrightarrow> (is_pd_cap cap \\<longrightarrow> is_pd_cap cap' \\<longrightarrow> p' = p) \\<and> (is_pt_cap cap \\<longrightarrow> is_pt_cap cap' \\<longrightarrow> p' = p)",
        "step_time": 0.010893583297729492
    },
    {
        "index": 68,
        "step": "apply (rule_tac p = p' in fun_upd_Some_rev)",
        "output": "",
        "raw_output": "proof (prove)\ngoal (3 subgoals):\n 1. \\<And>p p' cap cap'. \\<lbrakk>ms a = Some b; cap_asid b = cap_asid b'; obj_refs b = obj_refs b'; is_pd_cap b = is_pd_cap b'; is_pt_cap b = is_pt_cap b'; (if p = a then Some b' else ms p) = Some cap; (if p' = a then Some b' else ms p') = Some cap'; cap_asid cap = None; obj_refs cap' = obj_refs cap\\<rbrakk> \\<Longrightarrow> ms (?p'80 p p' (?a78 p p' cap cap') cap cap') = Some (?k78 p p' cap cap')\n 2. \\<And>p p' cap cap'. \\<lbrakk>ms a = Some b; cap_asid b = cap_asid b'; obj_refs b = obj_refs b'; is_pd_cap b = is_pd_cap b'; is_pt_cap b = is_pt_cap b'; (if p = a then Some b' else ms p) = Some cap; (if p' = a then Some b' else ms p') = Some cap'; cap_asid cap = None; obj_refs cap' = obj_refs cap\\<rbrakk> \\<Longrightarrow> ((\\<lambda>a. ms (?p'80 p p' a cap cap'))(?a78 p p' cap cap' \\<mapsto> ?b78 p p' cap cap')) p' = Some (?cap78 p p' cap cap')\n 3. \\<And>p p' cap cap'. \\<lbrakk>ms a = Some b; cap_asid b = cap_asid b'; obj_refs b = obj_refs b'; is_pd_cap b = is_pd_cap b'; is_pt_cap b = is_pt_cap b'; (if p = a then Some b' else ms p) = Some cap; (if p' = a then Some b' else ms p') = Some cap'; cap_asid cap = None; obj_refs cap' = obj_refs cap; cap_asid (if a = p then b else cap) = None \\<longrightarrow> obj_refs (if ?a78 p p' cap cap' = p' then ?k78 p p' cap cap' else ?cap78 p p' cap cap') = obj_refs (if a = p then b else cap) \\<longrightarrow> (is_pd_cap (if a = p then b else cap) \\<longrightarrow> is_pd_cap (if ?a78 p p' cap cap' = p' then ?k78 p p' cap cap' else ?cap78 p p' cap cap') \\<longrightarrow> ?p'80 p p' p' cap cap' = p) \\<and> (is_pt_cap (if a = p then b else cap) \\<longrightarrow> is_pt_cap (if ?a78 p p' cap cap' = p' then ?k78 p p' cap cap' else ?cap78 p p' cap cap') \\<longrightarrow> ?p'80 p p' p' cap cap' = p)\\<rbrakk> \\<Longrightarrow> (is_pd_cap cap \\<longrightarrow> is_pd_cap cap' \\<longrightarrow> p' = p) \\<and> (is_pt_cap cap \\<longrightarrow> is_pt_cap cap' \\<longrightarrow> p' = p)",
        "step_time": 0.01125788688659668
    },
    {
        "index": 69,
        "step": "apply simp+",
        "output": "",
        "raw_output": "proof (prove)\ngoal (1 subgoal):\n 1. \\<And>p p' cap cap'. \\<lbrakk>ms a = Some b; cap_asid b = cap_asid b'; obj_refs b = obj_refs b'; is_pd_cap b = is_pd_cap b'; is_pt_cap b = is_pt_cap b'; (if p = a then Some b' else ms p) = Some cap; (if p' = a then Some b' else ms p') = Some cap'; cap_asid cap = None; obj_refs cap' = obj_refs cap; cap_asid (if a = p then b else cap) = None \\<longrightarrow> obj_refs (if a = p' then b else cap') = obj_refs (if a = p then b else cap) \\<longrightarrow> (is_pd_cap (if a = p then b else cap) \\<longrightarrow> is_pd_cap (if a = p' then b else cap') \\<longrightarrow> p' = p) \\<and> (is_pt_cap (if a = p then b else cap) \\<longrightarrow> is_pt_cap (if a = p' then b else cap') \\<longrightarrow> p' = p)\\<rbrakk> \\<Longrightarrow> (is_pd_cap cap \\<longrightarrow> is_pd_cap cap' \\<longrightarrow> p' = p) \\<and> (is_pt_cap cap \\<longrightarrow> is_pt_cap cap' \\<longrightarrow> p' = p)",
        "step_time": 0.02976822853088379
    },
    {
        "index": 70,
        "step": "apply (simp add: if_distrib split:if_splits)",
        "output": "",
        "raw_output": "proof (prove)\ngoal:\nNo subgoals!",
        "step_time": 0.10552120208740234
    },
    {
        "index": 71,
        "step": "done",
        "output": "",
        "raw_output": "",
        "step_time": 0.008265018463134766
    },
    {
        "index": 72,
        "step": "lemma arch_derived_is_device:\n  \"\\<lbrakk>cap_master_arch_cap c = cap_master_arch_cap c';\n        is_derived_arch (ArchObjectCap c) (ArchObjectCap c')\\<rbrakk>\n       \\<Longrightarrow> arch_cap_is_device c' = arch_cap_is_device c\"",
        "output": "",
        "raw_output": "proof (prove)\ngoal (1 subgoal):\n 1. \\<lbrakk>cap_master_arch_cap c = cap_master_arch_cap c'; is_derived_arch (ArchObjectCap c) (ArchObjectCap c')\\<rbrakk> \\<Longrightarrow> arch_cap_is_device c' = arch_cap_is_device c",
        "step_time": 0.010079145431518555
    },
    {
        "index": 73,
        "step": "apply (case_tac c)",
        "output": "",
        "raw_output": "proof (prove)\ngoal (5 subgoals):\n 1. \\<And>x11 x12. \\<lbrakk>cap_master_arch_cap c = cap_master_arch_cap c'; is_derived_arch (ArchObjectCap c) (ArchObjectCap c'); c = ASIDPoolCap x11 x12\\<rbrakk> \\<Longrightarrow> arch_cap_is_device c' = arch_cap_is_device c\n 2. \\<lbrakk>cap_master_arch_cap c = cap_master_arch_cap c'; is_derived_arch (ArchObjectCap c) (ArchObjectCap c'); c = ASIDControlCap\\<rbrakk> \\<Longrightarrow> arch_cap_is_device c' = arch_cap_is_device c\n 3. \\<And>x31 x32 x33 x34 x35. \\<lbrakk>cap_master_arch_cap c = cap_master_arch_cap c'; is_derived_arch (ArchObjectCap c) (ArchObjectCap c'); c = PageCap x31 x32 x33 x34 x35\\<rbrakk> \\<Longrightarrow> arch_cap_is_device c' = arch_cap_is_device c\n 4. \\<And>x41 x42. \\<lbrakk>cap_master_arch_cap c = cap_master_arch_cap c'; is_derived_arch (ArchObjectCap c) (ArchObjectCap c'); c = PageTableCap x41 x42\\<rbrakk> \\<Longrightarrow> arch_cap_is_device c' = arch_cap_is_device c\n 5. \\<And>x51 x52. \\<lbrakk>cap_master_arch_cap c = cap_master_arch_cap c'; is_derived_arch (ArchObjectCap c) (ArchObjectCap c'); c = PageDirectoryCap x51 x52\\<rbrakk> \\<Longrightarrow> arch_cap_is_device c' = arch_cap_is_device c",
        "step_time": 0.009130716323852539
    },
    {
        "index": 74,
        "step": "apply (clarsimp simp: is_derived_arch_def\n    cap_range_def is_cap_simps cap_master_cap_def cap_master_arch_cap_def\n              split: if_split_asm cap.splits arch_cap.splits)+",
        "output": "",
        "raw_output": "proof (prove)\ngoal:\nNo subgoals!",
        "step_time": 0.1481778621673584
    },
    {
        "index": 75,
        "step": "done",
        "output": "",
        "raw_output": "",
        "step_time": 0.006876468658447266
    },
    {
        "index": 76,
        "step": "lemma valid_arch_mdb_simple:\n  \"\\<And>s capa. \\<lbrakk>valid_arch_mdb (is_original_cap s) (caps_of_state s);\n              is_simple_cap cap; caps_of_state s src = Some capa\\<rbrakk> \\<Longrightarrow>\n         valid_arch_mdb ((is_original_cap s) (dest := is_cap_revocable cap capa))\n                       ((caps_of_state s)(dest \\<mapsto> cap))\"",
        "output": "",
        "raw_output": "proof (prove)\ngoal (1 subgoal):\n 1. \\<And>s capa. \\<lbrakk>valid_arch_mdb (is_original_cap s) (caps_of_state s); is_simple_cap cap; caps_of_state s src = Some capa\\<rbrakk> \\<Longrightarrow> valid_arch_mdb ((is_original_cap s)(dest := is_cap_revocable cap capa)) ((caps_of_state s)(dest \\<mapsto> cap))",
        "step_time": 0.010852813720703125
    },
    {
        "index": 77,
        "step": "by auto",
        "output": "",
        "raw_output": "",
        "step_time": 0.006779670715332031
    },
    {
        "index": 78,
        "step": "lemma valid_arch_mdb_free_index_update:\n  \"\\<lbrakk>m src = Some capa;m' = m (src\\<mapsto> capa\\<lparr>free_index :=x\\<rparr>) \\<rbrakk> \\<Longrightarrow>\n   valid_arch_mdb c (m') = valid_arch_mdb c (m)\"",
        "output": "",
        "raw_output": "proof (prove)\ngoal (1 subgoal):\n 1. \\<lbrakk>m src = Some capa; m' = m(src \\<mapsto> free_index_update (\\<lambda>_. x) capa)\\<rbrakk> \\<Longrightarrow> valid_arch_mdb c m' = valid_arch_mdb c m",
        "step_time": 0.008377790451049805
    },
    {
        "index": 79,
        "step": "by clarsimp",
        "output": "",
        "raw_output": "",
        "step_time": 0.006845235824584961
    },
    {
        "index": 80,
        "step": "lemma set_cap_update_free_index_valid_arch_mdb:\n  \"\\<lbrace>\\<lambda>s. valid_arch_mdb (is_original_cap s) (caps_of_state s) \\<and> is_untyped_cap src_cap\\<rbrace>\n         set_cap (free_index_update f src_cap) src\n   \\<lbrace>\\<lambda>rv s. valid_arch_mdb (is_original_cap s) (caps_of_state s)\\<rbrace>\"",
        "output": "",
        "raw_output": "proof (prove)\ngoal (1 subgoal):\n 1. \\<lbrace>\\<lambda>s. valid_arch_mdb (is_original_cap s) (caps_of_state s) \\<and> is_untyped_cap src_cap\\<rbrace> set_cap (free_index_update f src_cap) src \\<lbrace>\\<lambda>rv s. valid_arch_mdb (is_original_cap s) (caps_of_state s)\\<rbrace>",
        "step_time": 0.009679555892944336
    },
    {
        "index": 81,
        "step": "by wpsimp",
        "output": "",
        "raw_output": "",
        "step_time": 0.025233030319213867
    },
    {
        "index": 82,
        "step": "lemma set_untyped_cap_as_full_valid_arch_mdb:\n  \"\\<lbrace>\\<lambda>s. valid_arch_mdb (is_original_cap s) (caps_of_state s)\\<rbrace>\n            set_untyped_cap_as_full src_cap c src\n   \\<lbrace>\\<lambda>rv s. valid_arch_mdb (is_original_cap s) (caps_of_state s)\\<rbrace>\"",
        "output": "",
        "raw_output": "proof (prove)\ngoal (1 subgoal):\n 1. \\<lbrace>\\<lambda>s. valid_arch_mdb (is_original_cap s) (caps_of_state s)\\<rbrace> set_untyped_cap_as_full src_cap c src \\<lbrace>\\<lambda>rv s. valid_arch_mdb (is_original_cap s) (caps_of_state s)\\<rbrace>",
        "step_time": 0.009340047836303711
    },
    {
        "index": 83,
        "step": "by (wpsimp wp: set_cap_update_free_index_valid_arch_mdb\n           simp: set_untyped_cap_as_full_def)",
        "output": "",
        "raw_output": "",
        "step_time": 0.02179574966430664
    },
    {
        "index": 84,
        "step": "lemma valid_arch_mdb_not_arch_cap_update:\n     \"\\<And>s cap capa. \\<lbrakk>\\<not>is_arch_cap cap; valid_arch_mdb (is_original_cap s) (caps_of_state s)\\<rbrakk>\n       \\<Longrightarrow> valid_arch_mdb ((is_original_cap s)(dest := True))\n            ((caps_of_state s)(src \\<mapsto> cap, dest\\<mapsto>capa))\"",
        "output": "",
        "raw_output": "proof (prove)\ngoal (1 subgoal):\n 1. \\<And>s cap capa. \\<lbrakk>\\<not> is_arch_cap cap; valid_arch_mdb (is_original_cap s) (caps_of_state s)\\<rbrakk> \\<Longrightarrow> valid_arch_mdb ((is_original_cap s)(dest := True)) ((caps_of_state s)(src \\<mapsto> cap, dest \\<mapsto> capa))",
        "step_time": 0.01042318344116211
    },
    {
        "index": 85,
        "step": "by auto",
        "output": "",
        "raw_output": "",
        "step_time": 0.00641322135925293
    },
    {
        "index": 86,
        "step": "lemma valid_arch_mdb_derived_cap_update:\n  \"\\<And>s capa. \\<lbrakk>valid_arch_mdb (is_original_cap s) (caps_of_state s);\n             is_derived (cdt s) src cap capa\\<rbrakk> \\<Longrightarrow>\n           valid_arch_mdb ((is_original_cap s)(dest := is_cap_revocable cap capa))\n                           ((caps_of_state s)(dest \\<mapsto> cap))\"",
        "output": "",
        "raw_output": "proof (prove)\ngoal (1 subgoal):\n 1. \\<And>s capa. \\<lbrakk>valid_arch_mdb (is_original_cap s) (caps_of_state s); is_derived (cdt s) src cap capa\\<rbrakk> \\<Longrightarrow> valid_arch_mdb ((is_original_cap s)(dest := is_cap_revocable cap capa)) ((caps_of_state s)(dest \\<mapsto> cap))",
        "step_time": 0.013593912124633789
    },
    {
        "index": 87,
        "step": "by auto",
        "output": "",
        "raw_output": "",
        "step_time": 0.008203268051147461
    },
    {
        "index": 88,
        "step": "lemma valid_arch_mdb_free_index_update':\n  \"\\<And>s capa. \\<lbrakk>valid_arch_mdb (is_original_cap s) (caps_of_state s); caps_of_state s src = Some capa;\n                   is_untyped_cap cap\\<rbrakk> \\<Longrightarrow>\n           valid_arch_mdb ((is_original_cap s) (dest := is_cap_revocable cap capa))\n            ((caps_of_state s)(dest \\<mapsto> cap, src \\<mapsto> max_free_index_update capa))\"",
        "output": "",
        "raw_output": "proof (prove)\ngoal (1 subgoal):\n 1. \\<And>s capa. \\<lbrakk>valid_arch_mdb (is_original_cap s) (caps_of_state s); caps_of_state s src = Some capa; is_untyped_cap cap\\<rbrakk> \\<Longrightarrow> valid_arch_mdb ((is_original_cap s)(dest := is_cap_revocable cap capa)) ((caps_of_state s)(dest \\<mapsto> cap, src \\<mapsto> max_free_index_update capa))",
        "step_time": 0.015824317932128906
    },
    {
        "index": 89,
        "step": "by auto",
        "output": "",
        "raw_output": "",
        "step_time": 0.008382320404052734
    },
    {
        "index": 90,
        "step": "lemma valid_arch_mdb_weak_derived_update:\n  \"\\<And>s capa. \\<lbrakk>valid_arch_mdb (is_original_cap s) (caps_of_state s);\n                      caps_of_state s src = Some capa; weak_derived cap capa\\<rbrakk> \\<Longrightarrow>\n        valid_arch_mdb ((is_original_cap s) (dest := is_original_cap s src, src := False))\n            ((caps_of_state s)(dest \\<mapsto> cap, src \\<mapsto> NullCap))\"",
        "output": "",
        "raw_output": "proof (prove)\ngoal (1 subgoal):\n 1. \\<And>s capa. \\<lbrakk>valid_arch_mdb (is_original_cap s) (caps_of_state s); caps_of_state s src = Some capa; weak_derived cap capa\\<rbrakk> \\<Longrightarrow> valid_arch_mdb ((is_original_cap s)(dest := is_original_cap s src, src := False)) ((caps_of_state s)(dest \\<mapsto> cap, src \\<mapsto> NullCap))",
        "step_time": 0.014277935028076172
    },
    {
        "index": 91,
        "step": "by auto",
        "output": "",
        "raw_output": "",
        "step_time": 0.007361888885498047
    },
    {
        "index": 92,
        "step": "lemma valid_arch_mdb_tcb_cnode_update:\n  \"valid_arch_mdb (is_original_cap s) (caps_of_state s) \\<Longrightarrow>\n           valid_arch_mdb ((is_original_cap s) ((t, tcb_cnode_index 2) := True))\n              ((caps_of_state s)((t, tcb_cnode_index 2) \\<mapsto> ReplyCap t True r))\"",
        "output": "",
        "raw_output": "proof (prove)\ngoal (1 subgoal):\n 1. valid_arch_mdb (is_original_cap s) (caps_of_state s) \\<Longrightarrow> valid_arch_mdb ((is_original_cap s)((t, tcb_cnode_index 2) := True)) ((caps_of_state s)((t, tcb_cnode_index 2) \\<mapsto> ReplyCap t True r))",
        "step_time": 0.011029243469238281
    },
    {
        "index": 93,
        "step": "by auto",
        "output": "",
        "raw_output": "",
        "step_time": 0.0071985721588134766
    },
    {
        "index": 94,
        "step": "lemmas valid_arch_mdb_updates = valid_arch_mdb_free_index_update valid_arch_mdb_not_arch_cap_update\n                                valid_arch_mdb_derived_cap_update valid_arch_mdb_free_index_update'\n                                valid_arch_mdb_weak_derived_update valid_arch_mdb_tcb_cnode_update",
        "output": "",
        "raw_output": "",
        "step_time": 0.00968790054321289
    },
    {
        "index": 95,
        "step": "lemma safe_parent_for_arch_not_arch':\n  \"\\<not>is_arch_cap cap \\<Longrightarrow> \\<not>safe_parent_for_arch c cap\"",
        "output": "",
        "raw_output": "proof (prove)\ngoal (1 subgoal):\n 1. \\<not> is_arch_cap cap \\<Longrightarrow> \\<not> safe_parent_for_arch c cap",
        "step_time": 0.0054759979248046875
    },
    {
        "index": 96,
        "step": "by clarsimp",
        "output": "",
        "raw_output": "",
        "step_time": 0.004931926727294922
    },
    {
        "index": 97,
        "step": "lemma safe_parent_arch_is_parent:\n  \"\\<lbrakk>safe_parent_for_arch cap pcap; caps_of_state s p = Some pcap;\n      valid_arch_mdb (is_original_cap s) (caps_of_state s)\\<rbrakk> \\<Longrightarrow>\n    should_be_parent_of pcap (is_original_cap s p) cap f\"",
        "output": "",
        "raw_output": "proof (prove)\ngoal (1 subgoal):\n 1. \\<lbrakk>safe_parent_for_arch cap pcap; caps_of_state s p = Some pcap; valid_arch_mdb (is_original_cap s) (caps_of_state s)\\<rbrakk> \\<Longrightarrow> should_be_parent_of pcap (is_original_cap s p) cap f",
        "step_time": 0.010537385940551758
    },
    {
        "index": 98,
        "step": "by auto",
        "output": "",
        "raw_output": "",
        "step_time": 0.006622791290283203
    },
    {
        "index": 99,
        "step": "lemma safe_parent_for_arch_no_obj_refs:\n  \"safe_parent_for_arch cap c \\<Longrightarrow> obj_refs cap = {}\"",
        "output": "",
        "raw_output": "proof (prove)\ngoal (1 subgoal):\n 1. safe_parent_for_arch cap c \\<Longrightarrow> obj_refs cap = {}",
        "step_time": 0.00519108772277832
    },
    {
        "index": 100,
        "step": "by clarsimp",
        "output": "",
        "raw_output": "",
        "step_time": 0.004669666290283203
    },
    {
        "index": 101,
        "step": "lemma valid_arch_mdb_same_master_cap:\n  \"\\<lbrakk>valid_arch_mdb ioc cs; cs sl = Some cap; cap_master_cap cap' = cap_master_cap cap\\<rbrakk> \\<Longrightarrow>\n  valid_arch_mdb ioc (cs(sl\\<mapsto>cap'))\"",
        "output": "",
        "raw_output": "proof (prove)\ngoal (1 subgoal):\n 1. \\<lbrakk>valid_arch_mdb ioc cs; cs sl = Some cap; cap_master_cap cap' = cap_master_cap cap\\<rbrakk> \\<Longrightarrow> valid_arch_mdb ioc (cs(sl \\<mapsto> cap'))",
        "step_time": 0.009492874145507812
    },
    {
        "index": 102,
        "step": "by auto",
        "output": "",
        "raw_output": "",
        "step_time": 0.0064313411712646484
    },
    {
        "index": 103,
        "step": "lemma valid_arch_mdb_null_filter:\n  \"valid_arch_mdb (is_original_cap s) (null_filter (caps_of_state s)) = valid_arch_mdb (is_original_cap s) (caps_of_state s)\"",
        "output": "",
        "raw_output": "proof (prove)\ngoal (1 subgoal):\n 1. valid_arch_mdb (is_original_cap s) (null_filter (caps_of_state s)) = valid_arch_mdb (is_original_cap s) (caps_of_state s)",
        "step_time": 0.009089231491088867
    },
    {
        "index": 104,
        "step": "by auto",
        "output": "",
        "raw_output": "",
        "step_time": 0.004985332489013672
    },
    {
        "index": 105,
        "step": "lemma valid_arch_mdb_untypeds:\n  \"\\<And>s. valid_arch_mdb (is_original_cap s) (caps_of_state s)\n       \\<Longrightarrow> valid_arch_mdb (\\<lambda>x. x \\<noteq> cref \\<longrightarrow> is_original_cap s x)\n            ((caps_of_state s)(cref \\<mapsto> default_cap tp oref sz dev))\"\n  \"\\<And>s. valid_arch_mdb (is_original_cap s) (caps_of_state s)\n       \\<Longrightarrow> valid_arch_mdb (is_original_cap s)\n            ((caps_of_state s)(cref \\<mapsto> UntypedCap dev ptr sz idx))\"",
        "output": "",
        "raw_output": "proof (prove)\ngoal (1 subgoal):\n 1. (\\<And>s. valid_arch_mdb (is_original_cap s) (caps_of_state s) \\<Longrightarrow> valid_arch_mdb (\\<lambda>x. x \\<noteq> cref \\<longrightarrow> is_original_cap s x) ((caps_of_state s)(cref \\<mapsto> default_cap tp oref sz dev))) &&& (\\<And>s. valid_arch_mdb (is_original_cap s) (caps_of_state s) \\<Longrightarrow> valid_arch_mdb (is_original_cap s) ((caps_of_state s)(cref \\<mapsto> UntypedCap dev ptr sz idx)))",
        "step_time": 0.014710187911987305
    },
    {
        "index": 106,
        "step": "by auto",
        "output": "",
        "raw_output": "",
        "step_time": 0.007817268371582031
    },
    {
        "index": 107,
        "step": "end",
        "output": "",
        "raw_output": "",
        "step_time": 0.0034482479095458984
    },
    {
        "index": 108,
        "step": "end",
        "output": "",
        "raw_output": "",
        "step_time": 0.005571603775024414
    }
]