[
    {
        "index": 0,
        "step": "(*\n * Copyright 2014, General Dynamics C4 Systems\n *\n * SPDX-License-Identifier: GPL-2.0-only\n *)\n\n",
        "output": "",
        "raw_output": "",
        "step_time": 0.005441904067993164
    },
    {
        "index": 1,
        "step": "theory ArchInterrupt_AI\nimports Interrupt_AI\nbegin",
        "output": "",
        "raw_output": "",
        "step_time": 0.007188558578491211
    },
    {
        "index": 2,
        "step": "context Arch begin",
        "output": "",
        "raw_output": "",
        "step_time": 2.14805006980896
    },
    {
        "index": 3,
        "step": "global_naming ARM",
        "output": "",
        "raw_output": "",
        "step_time": 0.006856203079223633
    },
    {
        "index": 4,
        "step": "primrec arch_irq_control_inv_valid_real ::\n  \"arch_irq_control_invocation \\<Rightarrow> 'a::state_ext state \\<Rightarrow> bool\"\n  where\n  \"arch_irq_control_inv_valid_real (ArchIRQControlIssue irq dest_slot src_slot trigger)\n    = (cte_wp_at ((=) cap.NullCap) dest_slot and\n      cte_wp_at ((=) cap.IRQControlCap) src_slot and\n      ex_cte_cap_wp_to is_cnode_cap dest_slot and\n      real_cte_at dest_slot and\n      K (irq \\<le> maxIRQ))\"",
        "output": "",
        "raw_output": "",
        "step_time": 0.12774920463562012
    },
    {
        "index": 5,
        "step": "defs arch_irq_control_inv_valid_def:\n  \"arch_irq_control_inv_valid \\<equiv> arch_irq_control_inv_valid_real\"",
        "output": "",
        "raw_output": "",
        "step_time": 0.09002089500427246
    },
    {
        "index": 6,
        "step": "named_theorems Interrupt_AI_asms",
        "output": "",
        "raw_output": "",
        "step_time": 0.4959444999694824
    },
    {
        "index": 7,
        "step": "lemma (* decode_irq_control_invocation_inv *)[Interrupt_AI_asms]:\n  \"\\<lbrace>P\\<rbrace> decode_irq_control_invocation label args slot caps \\<lbrace>\\<lambda>rv. P\\<rbrace>\"",
        "output": "",
        "raw_output": "proof (prove)\ngoal (1 subgoal):\n 1. \\<lbrace>P\\<rbrace> decode_irq_control_invocation label args slot caps \\<lbrace>\\<lambda>rv. P\\<rbrace>",
        "step_time": 0.12090706825256348
    },
    {
        "index": 8,
        "step": "apply (simp add: decode_irq_control_invocation_def Let_def arch_check_irq_def\n                   arch_decode_irq_control_invocation_def whenE_def, safe)",
        "output": "",
        "raw_output": "proof (prove)\ngoal (36 subgoals):\n 1. \\<lbrakk>4 \\<le> length args; Suc 0 \\<le> length caps; UCAST(10 \\<rightarrow> 32) maxIRQ < args ! 0; invocation_type label = ArchInvocationLabel ARMIRQIssueIRQHandler; gen_invocation_type label = IRQIssueIRQHandler\\<rbrakk> \\<Longrightarrow> \\<lbrace>P\\<rbrace> throwError (RangeError 0 (UCAST(10 \\<rightarrow> 32) maxIRQ)) \\<lbrace>\\<lambda>rv. P\\<rbrace>\n 2. \\<lbrakk>4 \\<le> length args; Suc 0 \\<le> length caps; UCAST(10 \\<rightarrow> 32) maxIRQ < args ! 0; invocation_type label = ArchInvocationLabel ARMIRQIssueIRQHandler; gen_invocation_type label \\<noteq> IRQIssueIRQHandler\\<rbrakk> \\<Longrightarrow> \\<lbrace>P\\<rbrace> liftME ArchIRQControl (throwError (RangeError 0 (UCAST(10 \\<rightarrow> 32) maxIRQ))) \\<lbrace>\\<lambda>rv. P\\<rbrace>\n 3. \\<lbrakk>4 \\<le> length args; Suc 0 \\<le> length caps; UCAST(10 \\<rightarrow> 32) maxIRQ < args ! 0; invocation_type label \\<noteq> ArchInvocationLabel ARMIRQIssueIRQHandler; gen_invocation_type label = IRQIssueIRQHandler\\<rbrakk> \\<Longrightarrow> \\<lbrace>P\\<rbrace> throwError (RangeError 0 (UCAST(10 \\<rightarrow> 32) maxIRQ)) \\<lbrace>\\<lambda>rv. P\\<rbrace>\n 4. \\<lbrakk>4 \\<le> length args; Suc 0 \\<le> length caps; UCAST(10 \\<rightarrow> 32) maxIRQ < args ! 0; invocation_type label \\<noteq> ArchInvocationLabel ARMIRQIssueIRQHandler; gen_invocation_type label \\<noteq> IRQIssueIRQHandler\\<rbrakk> \\<Longrightarrow> \\<lbrace>P\\<rbrace> liftME ArchIRQControl (throwError IllegalOperation) \\<lbrace>\\<lambda>rv. P\\<rbrace>\n 5. \\<lbrakk>4 \\<le> length args; Suc 0 \\<le> length caps; \\<not> UCAST(10 \\<rightarrow> 32) maxIRQ < args ! 0; invocation_type label = ArchInvocationLabel ARMIRQIssueIRQHandler; gen_invocation_type label = IRQIssueIRQHandler\\<rbrakk> \\<Longrightarrow> \\<lbrace>P\\<rbrace> doE irq_active <- liftE (is_irq_active (UCAST(32 \\<rightarrow> 10) (args ! 0)));\ny <- if irq_active then throwError RevokeFirst else returnOk ();\ndest_slot <- lookup_slot_for_cnode_op False (caps ! 0) (to_bl (args ! Suc 0)) (unat (args ! 2));\ny <- ensure_empty dest_slot;\nreturnOk (IRQControl (UCAST(32 \\<rightarrow> 10) (args ! 0)) dest_slot slot)\nodE \\<lbrace>\\<lambda>rv. P\\<rbrace>\n 6. \\<lbrakk>4 \\<le> length args; Suc 0 \\<le> length caps; \\<not> UCAST(10 \\<rightarrow> 32) maxIRQ < args ! 0; invocation_type label = ArchInvocationLabel ARMIRQIssueIRQHandler; gen_invocation_type label \\<noteq> IRQIssueIRQHandler\\<rbrakk> \\<Longrightarrow> \\<lbrace>P\\<rbrace> liftME ArchIRQControl (doE irq_active <- liftE (is_irq_active (UCAST(32 \\<rightarrow> 10) (args ! 0)));\ny <- if irq_active then throwError RevokeFirst else returnOk ();\ndest_slot <- lookup_slot_for_cnode_op False (caps ! 0) (to_bl (args ! 2)) (unat (args ! 3));\ny <- ensure_empty dest_slot;\nreturnOk (ArchIRQControlIssue (UCAST(32 \\<rightarrow> 10) (args ! 0)) dest_slot slot (args ! Suc 0 \\<noteq> 0))\nodE) \\<lbrace>\\<lambda>rv. P\\<rbrace>\n 7. \\<lbrakk>4 \\<le> length args; Suc 0 \\<le> length caps; \\<not> UCAST(10 \\<rightarrow> 32) maxIRQ < args ! 0; invocation_type label \\<noteq> ArchInvocationLabel ARMIRQIssueIRQHandler; gen_invocation_type label = IRQIssueIRQHandler\\<rbrakk> \\<Longrightarrow> \\<lbrace>P\\<rbrace> doE irq_active <- liftE (is_irq_active (UCAST(32 \\<rightarrow> 10) (args ! 0)));\ny <- if irq_active then throwError RevokeFirst else returnOk ();\ndest_slot <- lookup_slot_for_cnode_op False (caps ! 0) (to_bl (args ! Suc 0)) (unat (args ! 2));\ny <- ensure_empty dest_slot;\nreturnOk (IRQControl (UCAST(32 \\<rightarrow> 10) (args ! 0)) dest_slot slot)\nodE \\<lbrace>\\<lambda>rv. P\\<rbrace>\n 8. \\<lbrakk>4 \\<le> length args; Suc 0 \\<le> length caps; \\<not> UCAST(10 \\<rightarrow> 32) maxIRQ < args ! 0; invocation_type label \\<noteq> ArchInvocationLabel ARMIRQIssueIRQHandler; gen_invocation_type label \\<noteq> IRQIssueIRQHandler\\<rbrakk> \\<Longrightarrow> \\<lbrace>P\\<rbrace> liftME ArchIRQControl (throwError IllegalOperation) \\<lbrace>\\<lambda>rv. P\\<rbrace>\n 9. \\<lbrakk>4 \\<le> length args; \\<not> Suc 0 \\<le> length caps; invocation_type label = ArchInvocationLabel ARMIRQIssueIRQHandler; gen_invocation_type label = IRQIssueIRQHandler\\<rbrakk> \\<Longrightarrow> \\<lbrace>P\\<rbrace> throwError TruncatedMessage \\<lbrace>\\<lambda>rv. P\\<rbrace>\n 10. \\<lbrakk>4 \\<le> length args; \\<not> Suc 0 \\<le> length caps; invocation_type label = ArchInvocationLabel ARMIRQIssueIRQHandler; gen_invocation_type label \\<noteq> IRQIssueIRQHandler\\<rbrakk> \\<Longrightarrow> \\<lbrace>P\\<rbrace> liftME ArchIRQControl (throwError TruncatedMessage) \\<lbrace>\\<lambda>rv. P\\<rbrace>\nA total of 36 subgoals...",
        "step_time": 0.3875246047973633
    },
    {
        "index": 9,
        "step": "apply (wp | simp)+",
        "output": "",
        "raw_output": "proof (prove)\ngoal:\nNo subgoals!",
        "step_time": 0.6198391914367676
    },
    {
        "index": 10,
        "step": "done",
        "output": "",
        "raw_output": "",
        "step_time": 0.009788274765014648
    },
    {
        "index": 11,
        "step": "lemma decode_irq_control_valid [Interrupt_AI_asms]:\n  \"\\<lbrace>\\<lambda>s. invs s \\<and> (\\<forall>cap \\<in> set caps. s \\<turnstile> cap)\n        \\<and> (\\<forall>cap \\<in> set caps. is_cnode_cap cap \\<longrightarrow>\n                (\\<forall>r \\<in> cte_refs cap (interrupt_irq_node s). ex_cte_cap_wp_to is_cnode_cap r s))\n        \\<and> cte_wp_at ((=) cap.IRQControlCap) slot s\\<rbrace>\n     decode_irq_control_invocation label args slot caps\n   \\<lbrace>irq_control_inv_valid\\<rbrace>,-\"",
        "output": "",
        "raw_output": "proof (prove)\ngoal (1 subgoal):\n 1. \\<lbrace>\\<lambda>s. invs s \\<and> (\\<forall>cap\\<in>set caps. s \\<turnstile> cap) \\<and> (\\<forall>cap\\<in>set caps. is_cnode_cap cap \\<longrightarrow> (\\<forall>r\\<in>cte_refs cap (interrupt_irq_node s). ex_cte_cap_wp_to is_cnode_cap r s)) \\<and> cte_wp_at ((=) IRQControlCap) slot s\\<rbrace> decode_irq_control_invocation label args slot caps \\<lbrace>irq_control_inv_valid\\<rbrace>, -",
        "step_time": 0.022143125534057617
    },
    {
        "index": 12,
        "step": "apply (simp add: decode_irq_control_invocation_def Let_def split_def\n                   whenE_def arch_check_irq_def\n                   arch_decode_irq_control_invocation_def\n                 split del: if_split cong: if_cong)",
        "output": "",
        "raw_output": "proof (prove)\ngoal (1 subgoal):\n 1. \\<lbrace>\\<lambda>s. invs s \\<and> (\\<forall>cap\\<in>set caps. s \\<turnstile> cap) \\<and> (\\<forall>cap\\<in>set caps. is_cnode_cap cap \\<longrightarrow> (\\<forall>r\\<in>cte_refs cap (interrupt_irq_node s). ex_cte_cap_wp_to is_cnode_cap r s)) \\<and> cte_wp_at ((=) IRQControlCap) slot s\\<rbrace> if gen_invocation_type label = IRQIssueIRQHandler then if 3 \\<le> length args \\<and> Suc 0 \\<le> length caps then doE y <- if UCAST(10 \\<rightarrow> 32) maxIRQ < args ! 0 then throwError (RangeError 0 (UCAST(10 \\<rightarrow> 32) maxIRQ)) else returnOk ();\nirq_active <- liftE (is_irq_active (UCAST(32 \\<rightarrow> 10) (args ! 0)));\ny <- if irq_active then throwError RevokeFirst else returnOk ();\ndest_slot <- lookup_slot_for_cnode_op False (caps ! 0) (to_bl (args ! Suc 0)) (unat (args ! 2));\ny <- ensure_empty dest_slot;\nreturnOk (IRQControl (UCAST(32 \\<rightarrow> 10) (args ! 0)) dest_slot slot)\nodE else throwError TruncatedMessage else liftME ArchIRQControl (if invocation_type label = ArchInvocationLabel ARMIRQIssueIRQHandler then if 4 \\<le> length args \\<and> Suc 0 \\<le> length caps then doE y <- if UCAST(10 \\<rightarrow> 32) maxIRQ < args ! 0 then throwError (RangeError 0 (UCAST(10 \\<rightarrow> 32) maxIRQ)) else returnOk ();\nirq_active <- liftE (is_irq_active (UCAST(32 \\<rightarrow> 10) (args ! 0)));\ny <- if irq_active then throwError RevokeFirst else returnOk ();\ndest_slot <- lookup_slot_for_cnode_op False (caps ! 0) (to_bl (args ! 2)) (unat (args ! 3));\ny <- ensure_empty dest_slot;\nreturnOk (ArchIRQControlIssue (UCAST(32 \\<rightarrow> 10) (args ! 0)) dest_slot slot (args ! Suc 0 \\<noteq> 0))\nodE else throwError TruncatedMessage else throwError IllegalOperation) \\<lbrace>irq_control_inv_valid\\<rbrace>, -",
        "step_time": 0.04289579391479492
    },
    {
        "index": 13,
        "step": "apply (wpsimp wp: ensure_empty_stronger simp: cte_wp_at_eq_simp arch_irq_control_inv_valid_def\n        | wp (once) hoare_drop_imps)+",
        "output": "",
        "raw_output": "proof (prove)\ngoal (1 subgoal):\n 1. \\<And>s. \\<lbrakk>invs s; \\<forall>cap\\<in>set caps. s \\<turnstile> cap; \\<forall>cap\\<in>set caps. is_cnode_cap cap \\<longrightarrow> (\\<forall>r\\<in>cte_refs cap (interrupt_irq_node s). ex_cte_cap_wp_to is_cnode_cap r s); cte_wp_at (\\<lambda>c. c = IRQControlCap) slot s\\<rbrakk> \\<Longrightarrow> (gen_invocation_type label = IRQIssueIRQHandler \\<longrightarrow> 3 \\<le> length args \\<and> Suc 0 \\<le> length caps \\<longrightarrow> \\<not> UCAST(10 \\<rightarrow> 32) maxIRQ < args ! 0 \\<longrightarrow> (is_cnode_cap (caps ! 0) \\<longrightarrow> (\\<forall>r\\<in>cte_refs (caps ! 0) (interrupt_irq_node s). ex_cte_cap_wp_to is_cnode_cap r s)) \\<and> valid_objs s \\<and> s \\<turnstile> caps ! 0 \\<and> UCAST(32 \\<rightarrow> 10) (args ! 0) \\<le> maxIRQ) \\<and> (gen_invocation_type label \\<noteq> IRQIssueIRQHandler \\<longrightarrow> invocation_type label = ArchInvocationLabel ARMIRQIssueIRQHandler \\<longrightarrow> 4 \\<le> length args \\<and> Suc 0 \\<le> length caps \\<longrightarrow> \\<not> UCAST(10 \\<rightarrow> 32) maxIRQ < args ! 0 \\<longrightarrow> (is_cnode_cap (caps ! 0) \\<longrightarrow> (\\<forall>r\\<in>cte_refs (caps ! 0) (interrupt_irq_node s). ex_cte_cap_wp_to is_cnode_cap r s)) \\<and> valid_objs s \\<and> s \\<turnstile> caps ! 0 \\<and> UCAST(32 \\<rightarrow> 10) (args ! 0) \\<le> maxIRQ)",
        "step_time": 0.5561962127685547
    },
    {
        "index": 14,
        "step": "apply (clarsimp simp: linorder_not_less word_le_nat_alt unat_ucast maxIRQ_def)",
        "output": "",
        "raw_output": "proof (prove)\ngoal (1 subgoal):\n 1. \\<And>s. \\<lbrakk>invs s; \\<forall>cap\\<in>set caps. s \\<turnstile> cap; \\<forall>cap\\<in>set caps. is_cnode_cap cap \\<longrightarrow> (\\<forall>r\\<in>cte_refs cap (interrupt_irq_node s). ex_cte_cap_wp_to is_cnode_cap r s); cte_wp_at (\\<lambda>c. c = IRQControlCap) slot s\\<rbrakk> \\<Longrightarrow> (gen_invocation_type label = IRQIssueIRQHandler \\<longrightarrow> 3 \\<le> length args \\<and> Suc 0 \\<le> length caps \\<longrightarrow> unat (args ! 0) \\<le> 159 \\<longrightarrow> (is_cnode_cap (caps ! 0) \\<longrightarrow> (\\<forall>r\\<in>cte_refs (caps ! 0) (interrupt_irq_node s). ex_cte_cap_wp_to is_cnode_cap r s)) \\<and> valid_objs s \\<and> s \\<turnstile> caps ! 0) \\<and> (gen_invocation_type label \\<noteq> IRQIssueIRQHandler \\<longrightarrow> invocation_type label = ArchInvocationLabel ARMIRQIssueIRQHandler \\<longrightarrow> 4 \\<le> length args \\<and> Suc 0 \\<le> length caps \\<longrightarrow> unat (args ! 0) \\<le> 159 \\<longrightarrow> (is_cnode_cap (caps ! 0) \\<longrightarrow> (\\<forall>r\\<in>cte_refs (caps ! 0) (interrupt_irq_node s). ex_cte_cap_wp_to is_cnode_cap r s)) \\<and> valid_objs s \\<and> s \\<turnstile> caps ! 0)",
        "step_time": 0.09195494651794434
    },
    {
        "index": 15,
        "step": "apply (cases caps ; fastforce simp: cte_wp_at_eq_simp)",
        "output": "",
        "raw_output": "proof (prove)\ngoal:\nNo subgoals!",
        "step_time": 0.21287083625793457
    },
    {
        "index": 16,
        "step": "done",
        "output": "",
        "raw_output": "",
        "step_time": 0.010770320892333984
    },
    {
        "index": 17,
        "step": "lemma get_irq_slot_different_ARCH[Interrupt_AI_asms]:\n  \"\\<lbrace>\\<lambda>s. valid_global_refs s \\<and> ex_cte_cap_wp_to is_cnode_cap ptr s\\<rbrace>\n      get_irq_slot irq\n   \\<lbrace>\\<lambda>rv s. rv \\<noteq> ptr\\<rbrace>\"",
        "output": "",
        "raw_output": "proof (prove)\ngoal (1 subgoal):\n 1. \\<lbrace>\\<lambda>s. valid_global_refs s \\<and> ex_cte_cap_wp_to is_cnode_cap ptr s\\<rbrace> get_irq_slot irq \\<lbrace>\\<lambda>rv s. rv \\<noteq> ptr\\<rbrace>",
        "step_time": 0.011414051055908203
    },
    {
        "index": 18,
        "step": "apply (simp add: get_irq_slot_def)",
        "output": "",
        "raw_output": "proof (prove)\ngoal (1 subgoal):\n 1. \\<lbrace>\\<lambda>s. valid_global_refs s \\<and> ex_cte_cap_wp_to is_cnode_cap ptr s\\<rbrace> gets (\\<lambda>st. (interrupt_irq_node st irq, [])) \\<lbrace>\\<lambda>rv s. rv \\<noteq> ptr\\<rbrace>",
        "step_time": 0.0072803497314453125
    },
    {
        "index": 19,
        "step": "apply wp",
        "output": "",
        "raw_output": "proof (prove)\ngoal (1 subgoal):\n 1. \\<And>s. valid_global_refs s \\<and> ex_cte_cap_wp_to is_cnode_cap ptr s \\<Longrightarrow> (interrupt_irq_node s irq, []) \\<noteq> ptr",
        "step_time": 0.008645772933959961
    },
    {
        "index": 20,
        "step": "apply (clarsimp simp: valid_global_refs_def valid_refs_def\n                        ex_cte_cap_wp_to_def)",
        "output": "",
        "raw_output": "proof (prove)\ngoal (1 subgoal):\n 1. \\<And>s a b. \\<lbrakk>\\<forall>a b. \\<not> cte_wp_at (\\<lambda>c. global_refs s \\<inter> cap_range c \\<noteq> {}) (a, b) s; cte_wp_at (\\<lambda>c. is_cnode_cap c \\<and> (interrupt_irq_node s irq, []) \\<in> cte_refs c (interrupt_irq_node s)) (a, b) s; ptr = (interrupt_irq_node s irq, [])\\<rbrakk> \\<Longrightarrow> False",
        "step_time": 0.013597965240478516
    },
    {
        "index": 21,
        "step": "apply (elim allE, erule notE, erule cte_wp_at_weakenE)",
        "output": "",
        "raw_output": "proof (prove)\ngoal (1 subgoal):\n 1. \\<And>s a b c. \\<lbrakk>ptr = (interrupt_irq_node s irq, []); is_cnode_cap c \\<and> (interrupt_irq_node s irq, []) \\<in> cte_refs c (interrupt_irq_node s)\\<rbrakk> \\<Longrightarrow> global_refs s \\<inter> cap_range c \\<noteq> {}",
        "step_time": 0.007650852203369141
    },
    {
        "index": 22,
        "step": "apply (clarsimp simp: global_refs_def is_cap_simps cap_range_def)",
        "output": "",
        "raw_output": "proof (prove)\ngoal:\nNo subgoals!",
        "step_time": 0.06301593780517578
    },
    {
        "index": 23,
        "step": "done",
        "output": "",
        "raw_output": "",
        "step_time": 0.010097503662109375
    },
    {
        "index": 24,
        "step": "lemma is_derived_use_interrupt_ARCH[Interrupt_AI_asms]:\n  \"(is_ntfn_cap cap \\<and> interrupt_derived cap cap') \\<longrightarrow> (is_derived m p cap cap')\"",
        "output": "",
        "raw_output": "proof (prove)\ngoal (1 subgoal):\n 1. is_ntfn_cap cap \\<and> interrupt_derived cap cap' \\<longrightarrow> is_derived m p cap cap'",
        "step_time": 0.010480880737304688
    },
    {
        "index": 25,
        "step": "apply (clarsimp simp: is_cap_simps)",
        "output": "",
        "raw_output": "proof (prove)\ngoal (1 subgoal):\n 1. \\<And>r b R. \\<lbrakk>interrupt_derived (NotificationCap r b R) cap'; cap = NotificationCap r b R\\<rbrakk> \\<Longrightarrow> is_derived m p (NotificationCap r b R) cap'",
        "step_time": 0.010370731353759766
    },
    {
        "index": 26,
        "step": "apply (clarsimp simp: interrupt_derived_def is_derived_def)",
        "output": "",
        "raw_output": "proof (prove)\ngoal (1 subgoal):\n 1. \\<And>r b R. \\<lbrakk>cap = NotificationCap r b R; cap_master_cap (NotificationCap r b R) = cap_master_cap cap'; (cap_badge cap', Some b) \\<in> capBadge_ordering False\\<rbrakk> \\<Longrightarrow> (is_untyped_cap cap' \\<longrightarrow> \\<not> is_zombie cap' \\<and> descendants_of p m = {} \\<and> is_master_reply_cap cap' = is_reply_cap (NotificationCap r b R) \\<and> \\<not> is_pt_cap (NotificationCap r b R) \\<and> \\<not> is_pd_cap (NotificationCap r b R) \\<and> (vs_cap_ref (NotificationCap r b R) = vs_cap_ref cap' \\<or> is_pg_cap cap') \\<and> \\<not> is_reply_cap cap' \\<and> \\<not> is_master_reply_cap (NotificationCap r b R)) \\<and> (\\<not> is_untyped_cap cap' \\<longrightarrow> \\<not> is_zombie cap' \\<and> is_master_reply_cap cap' = is_reply_cap (NotificationCap r b R) \\<and> \\<not> is_pt_cap (NotificationCap r b R) \\<and> \\<not> is_pd_cap (NotificationCap r b R) \\<and> (vs_cap_ref (NotificationCap r b R) = vs_cap_ref cap' \\<or> is_pg_cap cap') \\<and> \\<not> is_reply_cap cap' \\<and> \\<not> is_master_reply_cap (NotificationCap r b R))",
        "step_time": 0.02109074592590332
    },
    {
        "index": 27,
        "step": "apply (clarsimp simp: cap_master_cap_def split: cap.split_asm)",
        "output": "",
        "raw_output": "proof (prove)\ngoal (1 subgoal):\n 1. \\<And>b R x41 x42 x43. \\<lbrakk>x42 = 0 \\<or> x42 = b; cap = NotificationCap x41 b R; cap' = NotificationCap x41 x42 x43\\<rbrakk> \\<Longrightarrow> \\<not> is_zombie (NotificationCap x41 x42 x43) \\<and> is_master_reply_cap (NotificationCap x41 x42 x43) = is_reply_cap (NotificationCap x41 b R) \\<and> \\<not> is_pt_cap (NotificationCap x41 b R) \\<and> \\<not> is_pd_cap (NotificationCap x41 b R) \\<and> (vs_cap_ref (NotificationCap x41 b R) = vs_cap_ref (NotificationCap x41 x42 x43) \\<or> is_pg_cap (NotificationCap x41 x42 x43)) \\<and> \\<not> is_reply_cap (NotificationCap x41 x42 x43) \\<and> \\<not> is_master_reply_cap (NotificationCap x41 b R)",
        "step_time": 0.0881199836730957
    },
    {
        "index": 28,
        "step": "apply (simp add: is_cap_simps is_pt_cap_def vs_cap_ref_def)",
        "output": "",
        "raw_output": "proof (prove)\ngoal:\nNo subgoals!",
        "step_time": 0.019336462020874023
    },
    {
        "index": 29,
        "step": "done",
        "output": "",
        "raw_output": "",
        "step_time": 0.00928807258605957
    },
    {
        "index": 30,
        "step": "lemma maskInterrupt_invs_ARCH[Interrupt_AI_asms]:\n  \"\\<lbrace>invs and (\\<lambda>s. \\<not>b \\<longrightarrow> interrupt_states s irq \\<noteq> IRQInactive)\\<rbrace>\n   do_machine_op (maskInterrupt b irq)\n   \\<lbrace>\\<lambda>rv. invs\\<rbrace>\"",
        "output": "",
        "raw_output": "proof (prove)\ngoal (1 subgoal):\n 1. \\<lbrace>invs and (\\<lambda>s. \\<not> b \\<longrightarrow> interrupt_states s irq \\<noteq> IRQInactive)\\<rbrace> do_machine_op (maskInterrupt b irq) \\<lbrace>\\<lambda>rv. invs\\<rbrace>",
        "step_time": 0.013058900833129883
    },
    {
        "index": 31,
        "step": "apply (simp add: do_machine_op_def split_def maskInterrupt_def)",
        "output": "",
        "raw_output": "proof (prove)\ngoal (1 subgoal):\n 1. \\<lbrace>invs and (\\<lambda>s. \\<not> b \\<longrightarrow> interrupt_states s irq \\<noteq> IRQInactive)\\<rbrace> do ms <- gets machine_state;\np <- select_f (modify (\\<lambda>s. s\\<lparr>irq_masks := (irq_masks s)(irq := b)\\<rparr>) ms);\nmodify (machine_state_update (\\<lambda>_. snd p))\nod \\<lbrace>\\<lambda>rv. invs\\<rbrace>",
        "step_time": 0.011849641799926758
    },
    {
        "index": 32,
        "step": "apply wp",
        "output": "",
        "raw_output": "proof (prove)\ngoal (1 subgoal):\n 1. \\<And>s. (invs and (\\<lambda>s. \\<not> b \\<longrightarrow> interrupt_states s irq \\<noteq> IRQInactive)) s \\<Longrightarrow> \\<forall>x\\<in>fst (modify (\\<lambda>s. s\\<lparr>irq_masks := (irq_masks s)(irq := b)\\<rparr>) (machine_state s)). invs (s\\<lparr>machine_state := snd x\\<rparr>)",
        "step_time": 0.013860225677490234
    },
    {
        "index": 33,
        "step": "apply (clarsimp simp: in_monad invs_def valid_state_def all_invs_but_valid_irq_states_for_def\n     valid_irq_states_but_def valid_irq_masks_but_def valid_machine_state_def cur_tcb_def valid_irq_states_def valid_irq_masks_def)",
        "output": "",
        "raw_output": "proof (prove)\ngoal:\nNo subgoals!",
        "step_time": 0.08450126647949219
    },
    {
        "index": 34,
        "step": "done",
        "output": "",
        "raw_output": "",
        "step_time": 0.00796651840209961
    },
    {
        "index": 35,
        "step": "lemma no_cap_to_obj_with_diff_IRQHandler_ARCH[Interrupt_AI_asms]:\n  \"no_cap_to_obj_with_diff_ref (IRQHandlerCap irq) S = \\<top>\"",
        "output": "",
        "raw_output": "proof (prove)\ngoal (1 subgoal):\n 1. no_cap_to_obj_with_diff_ref (IRQHandlerCap irq) S = (\\<lambda>_. True)",
        "step_time": 0.008120298385620117
    },
    {
        "index": 36,
        "step": "by (rule ext, simp add: no_cap_to_obj_with_diff_ref_def\n                          cte_wp_at_caps_of_state\n                          obj_ref_none_no_asid)",
        "output": "",
        "raw_output": "",
        "step_time": 0.01751232147216797
    },
    {
        "index": 37,
        "step": "lemma (* set_irq_state_valid_cap *)[Interrupt_AI_asms]:\n  \"\\<lbrace>valid_cap cap\\<rbrace> set_irq_state IRQSignal irq \\<lbrace>\\<lambda>rv. valid_cap cap\\<rbrace>\"",
        "output": "",
        "raw_output": "proof (prove)\ngoal (1 subgoal):\n 1. \\<lbrace>valid_cap cap\\<rbrace> set_irq_state IRQSignal irq \\<lbrace>\\<lambda>rv. valid_cap cap\\<rbrace>",
        "step_time": 0.00793313980102539
    },
    {
        "index": 38,
        "step": "apply (clarsimp simp: set_irq_state_def)",
        "output": "",
        "raw_output": "proof (prove)\ngoal (1 subgoal):\n 1. \\<lbrace>valid_cap cap\\<rbrace> do y <- modify (\\<lambda>s. s\\<lparr>interrupt_states := (interrupt_states s)(irq := IRQSignal)\\<rparr>);\ndo_machine_op (maskInterrupt False irq)\nod \\<lbrace>\\<lambda>rv. valid_cap cap\\<rbrace>",
        "step_time": 0.008844375610351562
    },
    {
        "index": 39,
        "step": "apply (wp do_machine_op_valid_cap)",
        "output": "",
        "raw_output": "proof (prove)\ngoal (1 subgoal):\n 1. \\<And>s. s \\<turnstile> cap \\<Longrightarrow> s\\<lparr>interrupt_states := (interrupt_states s)(irq := IRQSignal)\\<rparr> \\<turnstile> cap",
        "step_time": 0.014963388442993164
    },
    {
        "index": 40,
        "step": "apply (auto simp: valid_cap_def valid_untyped_def\n             split: cap.splits option.splits arch_cap.splits\n         split del: if_split)",
        "output": "",
        "raw_output": "proof (prove)\ngoal:\nNo subgoals!",
        "step_time": 0.679901123046875
    },
    {
        "index": 41,
        "step": "done",
        "output": "",
        "raw_output": "",
        "step_time": 0.007944583892822266
    },
    {
        "index": 42,
        "step": "crunch valid_global_refs[Interrupt_AI_asms]: set_irq_state \"valid_global_refs\"",
        "output": "",
        "raw_output": "",
        "step_time": 0.08177518844604492
    },
    {
        "index": 43,
        "step": "crunch typ_at[wp]: arch_invoke_irq_handler \"\\<lambda>s. P (typ_at T p s)\"",
        "output": "",
        "raw_output": "",
        "step_time": 0.02656698226928711
    },
    {
        "index": 44,
        "step": "lemma invoke_irq_handler_invs'[Interrupt_AI_asms]:\n  assumes dmo_ex_inv[wp]: \"\\<And>f. \\<lbrace>invs and ex_inv\\<rbrace> do_machine_op f \\<lbrace>\\<lambda>rv::unit. ex_inv\\<rbrace>\"\n  assumes cap_insert_ex_inv[wp]: \"\\<And>cap src dest.\n  \\<lbrace>ex_inv and invs and K (src \\<noteq> dest)\\<rbrace>\n      cap_insert cap src dest\n  \\<lbrace>\\<lambda>_.ex_inv\\<rbrace>\"\n  assumes cap_delete_one_ex_inv[wp]: \"\\<And>cap.\n   \\<lbrace>ex_inv and invs\\<rbrace> cap_delete_one cap \\<lbrace>\\<lambda>_.ex_inv\\<rbrace>\"\n shows\n  \"\\<lbrace>invs and ex_inv and irq_handler_inv_valid i\\<rbrace> invoke_irq_handler i \\<lbrace>\\<lambda>rv s. invs s \\<and> ex_inv s\\<rbrace>\"",
        "output": "",
        "raw_output": "proof (prove)\ngoal (1 subgoal):\n 1. \\<lbrace>invs and ex_inv and irq_handler_inv_valid i\\<rbrace> invoke_irq_handler i \\<lbrace>\\<lambda>rv s. invs s \\<and> ex_inv s\\<rbrace>",
        "step_time": 0.017911195755004883
    },
    {
        "index": 45,
        "step": "proof -",
        "output": "",
        "raw_output": "proof (state)\ngoal (1 subgoal):\n 1. \\<lbrace>invs and ex_inv and irq_handler_inv_valid i\\<rbrace> invoke_irq_handler i \\<lbrace>\\<lambda>rv s. invs s \\<and> ex_inv s\\<rbrace>",
        "step_time": 0.0058100223541259766
    },
    {
        "index": 46,
        "step": "have\n   cap_insert_invs_ex_invs[wp]: \"\\<And>cap src dest. \\<lbrace>ex_inv and (invs  and cte_wp_at (\\<lambda>c. c = NullCap) dest and valid_cap cap and\n   tcb_cap_valid cap dest and\n   ex_cte_cap_wp_to (appropriate_cte_cap cap) dest and\n   (\\<lambda>s. \\<forall>r\\<in>obj_refs cap.\n           \\<forall>p'. dest \\<noteq> p' \\<and> cte_wp_at (\\<lambda>cap'. r \\<in> obj_refs cap') p' s \\<longrightarrow>\n                cte_wp_at (Not \\<circ> is_zombie) p' s \\<and> \\<not> is_zombie cap) and\n   (\\<lambda>s. cte_wp_at (is_derived (cdt s) src cap) src s) and\n   (\\<lambda>s. cte_wp_at (\\<lambda>cap'. \\<forall>irq\\<in>cap_irqs cap - cap_irqs cap'. irq_issued irq s)\n         src s) and\n   (\\<lambda>s. \\<forall>t R. cap = ReplyCap t False R \\<longrightarrow>\n            st_tcb_at awaiting_reply t s \\<and> \\<not> has_reply_cap t s) and\n   K (\\<not> is_master_reply_cap cap))\\<rbrace>\n  cap_insert cap src dest \\<lbrace>\\<lambda>rv s. invs s \\<and> ex_inv s\\<rbrace>\"",
        "output": "",
        "raw_output": "proof (prove)\ngoal (1 subgoal):\n 1. \\<And>cap src dest. \\<lbrace>ex_inv and (invs and cte_wp_at (\\<lambda>c. c = NullCap) dest and valid_cap cap and tcb_cap_valid cap dest and ex_cte_cap_wp_to (appropriate_cte_cap cap) dest and (\\<lambda>s. \\<forall>r\\<in>obj_refs cap. \\<forall>p'. dest \\<noteq> p' \\<and> cte_wp_at (\\<lambda>cap'. r \\<in> obj_refs cap') p' s \\<longrightarrow> cte_wp_at (Not \\<circ> is_zombie) p' s \\<and> \\<not> is_zombie cap) and (\\<lambda>s. cte_wp_at (is_derived (cdt s) src cap) src s) and (\\<lambda>s. cte_wp_at (\\<lambda>cap'. \\<forall>irq\\<in>cap_irqs cap - cap_irqs cap'. irq_issued irq s) src s) and (\\<lambda>s. \\<forall>t R. cap = ReplyCap t False R \\<longrightarrow> st_tcb_at awaiting_reply t s \\<and> \\<not> has_reply_cap t s) and K (\\<not> is_master_reply_cap cap))\\<rbrace> cap_insert cap src dest \\<lbrace>\\<lambda>rv s. invs s \\<and> ex_inv s\\<rbrace>",
        "step_time": 0.077850341796875
    },
    {
        "index": 47,
        "step": "apply wp",
        "output": "",
        "raw_output": "proof (prove)\ngoal (1 subgoal):\n 1. \\<And>cap src dest s. (ex_inv and (invs and cte_wp_at (\\<lambda>c. c = NullCap) dest and valid_cap cap and tcb_cap_valid cap dest and ex_cte_cap_wp_to (appropriate_cte_cap cap) dest and (\\<lambda>s. \\<forall>r\\<in>obj_refs cap. \\<forall>p'. dest \\<noteq> p' \\<and> cte_wp_at (\\<lambda>cap'. r \\<in> obj_refs cap') p' s \\<longrightarrow> cte_wp_at (Not \\<circ> is_zombie) p' s \\<and> \\<not> is_zombie cap) and (\\<lambda>s. cte_wp_at (is_derived (cdt s) src cap) src s) and (\\<lambda>s. cte_wp_at (\\<lambda>cap'. \\<forall>irq\\<in>cap_irqs cap - cap_irqs cap'. irq_issued irq s) src s) and (\\<lambda>s. \\<forall>t R. cap = ReplyCap t False R \\<longrightarrow> st_tcb_at awaiting_reply t s \\<and> \\<not> has_reply_cap t s) and K (\\<not> is_master_reply_cap cap))) s \\<Longrightarrow> (invs and cte_wp_at (\\<lambda>c. c = NullCap) dest and valid_cap cap and tcb_cap_valid cap dest and ex_cte_cap_wp_to (appropriate_cte_cap cap) dest and (\\<lambda>s. \\<forall>r\\<in>obj_refs cap. \\<forall>p'. dest \\<noteq> p' \\<and> cte_wp_at (\\<lambda>cap'. r \\<in> obj_refs cap') p' s \\<longrightarrow> cte_wp_at (Not \\<circ> is_zombie) p' s \\<and> \\<not> is_zombie cap) and (\\<lambda>s. cte_wp_at (is_derived (cdt s) src cap) src s) and (\\<lambda>s. cte_wp_at (\\<lambda>cap'. \\<forall>irq\\<in>cap_irqs cap - cap_irqs cap'. irq_issued irq s) src s) and (\\<lambda>s. \\<forall>t R. cap = ReplyCap t False R \\<longrightarrow> st_tcb_at awaiting_reply t s \\<and> \\<not> has_reply_cap t s) and K (\\<not> is_master_reply_cap cap)) s \\<and> (ex_inv and invs and K (src \\<noteq> dest)) s",
        "step_time": 0.06823396682739258
    },
    {
        "index": 48,
        "step": "apply (auto simp: cte_wp_at_caps_of_state)",
        "output": "",
        "raw_output": "proof (prove)\ngoal:\nNo subgoals!",
        "step_time": 0.06872010231018066
    },
    {
        "index": 49,
        "step": "done",
        "output": "",
        "raw_output": "proof (state)\nthis:\n\\<lbrace>ex_inv and (invs and cte_wp_at (\\<lambda>c. c = NullCap) ?dest and valid_cap ?cap and tcb_cap_valid ?cap ?dest and ex_cte_cap_wp_to (appropriate_cte_cap ?cap) ?dest and (\\<lambda>s. \\<forall>r\\<in>obj_refs ?cap. \\<forall>p'. ?dest \\<noteq> p' \\<and> cte_wp_at (\\<lambda>cap'. r \\<in> obj_refs cap') p' s \\<longrightarrow> cte_wp_at (Not \\<circ> is_zombie) p' s \\<and> \\<not> is_zombie ?cap) and (\\<lambda>s. cte_wp_at (is_derived (cdt s) ?src ?cap) ?src s) and (\\<lambda>s. cte_wp_at (\\<lambda>cap'. \\<forall>irq\\<in>cap_irqs ?cap - cap_irqs cap'. irq_issued irq s) ?src s) and (\\<lambda>s. \\<forall>t R. ?cap = ReplyCap t False R \\<longrightarrow> st_tcb_at awaiting_reply t s \\<and> \\<not> has_reply_cap t s) and K (\\<not> is_master_reply_cap ?cap))\\<rbrace> cap_insert ?cap ?src ?dest \\<lbrace>\\<lambda>rv s. invs s \\<and> ex_inv s\\<rbrace>\n\ngoal (1 subgoal):\n 1. \\<lbrace>invs and ex_inv and irq_handler_inv_valid i\\<rbrace> invoke_irq_handler i \\<lbrace>\\<lambda>rv s. invs s \\<and> ex_inv s\\<rbrace>",
        "step_time": 0.04357314109802246
    },
    {
        "index": 50,
        "step": "show ?thesis",
        "output": "",
        "raw_output": "proof (prove)\ngoal (1 subgoal):\n 1. \\<lbrace>invs and ex_inv and irq_handler_inv_valid i\\<rbrace> invoke_irq_handler i \\<lbrace>\\<lambda>rv s. invs s \\<and> ex_inv s\\<rbrace>",
        "step_time": 0.00856781005859375
    },
    {
        "index": 51,
        "step": "apply (cases i, simp_all)",
        "output": "",
        "raw_output": "proof (prove)\ngoal (3 subgoals):\n 1. \\<And>x1. i = ACKIrq x1 \\<Longrightarrow> \\<lbrace>invs and ex_inv and (\\<lambda>s. interrupt_states s x1 \\<noteq> IRQInactive)\\<rbrace> do_machine_op (maskInterrupt False x1) \\<lbrace>\\<lambda>rv s. invs s \\<and> ex_inv s\\<rbrace>\n 2. \\<And>x21 x22 x23. i = SetIRQHandler x21 x22 x23 \\<Longrightarrow> \\<lbrace>invs and ex_inv and (\\<lambda>s. ex_cte_cap_wp_to is_cnode_cap x23 s \\<and> (\\<exists>a b. cte_wp_at ((=) (IRQHandlerCap x21)) (a, b) s) \\<and> cte_wp_at (interrupt_derived x22) x23 s \\<and> s \\<turnstile> x22 \\<and> is_ntfn_cap x22)\\<rbrace> do irq_slot <- get_irq_slot x21;\ny <- cap_delete_one irq_slot;\ncap_insert x22 x23 irq_slot\nod \\<lbrace>\\<lambda>rv s. invs s \\<and> ex_inv s\\<rbrace>\n 3. \\<And>x3. i = ClearIRQHandler x3 \\<Longrightarrow> \\<lbrace>invs and ex_inv\\<rbrace> get_irq_slot x3 >>= cap_delete_one \\<lbrace>\\<lambda>rv s. invs s \\<and> ex_inv s\\<rbrace>",
        "step_time": 0.017708539962768555
    },
    {
        "index": 52,
        "step": "apply (wp maskInterrupt_invs_ARCH)",
        "output": "",
        "raw_output": "proof (prove)\ngoal (3 subgoals):\n 1. \\<And>x1 s. \\<lbrakk>i = ACKIrq x1; (invs and ex_inv and (\\<lambda>s. interrupt_states s x1 \\<noteq> IRQInactive)) s\\<rbrakk> \\<Longrightarrow> (invs and (\\<lambda>s. \\<not> False \\<longrightarrow> interrupt_states s x1 \\<noteq> IRQInactive)) s \\<and> (invs and ex_inv) s\n 2. \\<And>x21 x22 x23. i = SetIRQHandler x21 x22 x23 \\<Longrightarrow> \\<lbrace>invs and ex_inv and (\\<lambda>s. ex_cte_cap_wp_to is_cnode_cap x23 s \\<and> (\\<exists>a b. cte_wp_at ((=) (IRQHandlerCap x21)) (a, b) s) \\<and> cte_wp_at (interrupt_derived x22) x23 s \\<and> s \\<turnstile> x22 \\<and> is_ntfn_cap x22)\\<rbrace> do irq_slot <- get_irq_slot x21;\ny <- cap_delete_one irq_slot;\ncap_insert x22 x23 irq_slot\nod \\<lbrace>\\<lambda>rv s. invs s \\<and> ex_inv s\\<rbrace>\n 3. \\<And>x3. i = ClearIRQHandler x3 \\<Longrightarrow> \\<lbrace>invs and ex_inv\\<rbrace> get_irq_slot x3 >>= cap_delete_one \\<lbrace>\\<lambda>rv s. invs s \\<and> ex_inv s\\<rbrace>",
        "step_time": 0.015279293060302734
    },
    {
        "index": 53,
        "step": "apply simp",
        "output": "",
        "raw_output": "proof (prove)\ngoal (2 subgoals):\n 1. \\<And>x21 x22 x23. i = SetIRQHandler x21 x22 x23 \\<Longrightarrow> \\<lbrace>invs and ex_inv and (\\<lambda>s. ex_cte_cap_wp_to is_cnode_cap x23 s \\<and> (\\<exists>a b. cte_wp_at ((=) (IRQHandlerCap x21)) (a, b) s) \\<and> cte_wp_at (interrupt_derived x22) x23 s \\<and> s \\<turnstile> x22 \\<and> is_ntfn_cap x22)\\<rbrace> do irq_slot <- get_irq_slot x21;\ny <- cap_delete_one irq_slot;\ncap_insert x22 x23 irq_slot\nod \\<lbrace>\\<lambda>rv s. invs s \\<and> ex_inv s\\<rbrace>\n 2. \\<And>x3. i = ClearIRQHandler x3 \\<Longrightarrow> \\<lbrace>invs and ex_inv\\<rbrace> get_irq_slot x3 >>= cap_delete_one \\<lbrace>\\<lambda>rv s. invs s \\<and> ex_inv s\\<rbrace>",
        "step_time": 0.01301431655883789
    },
    {
        "index": 54,
        "step": "apply (rename_tac irq cap prod)",
        "output": "",
        "raw_output": "proof (prove)\ngoal (2 subgoals):\n 1. \\<And>irq cap prod. i = SetIRQHandler irq cap prod \\<Longrightarrow> \\<lbrace>invs and ex_inv and (\\<lambda>s. ex_cte_cap_wp_to is_cnode_cap prod s \\<and> (\\<exists>a b. cte_wp_at ((=) (IRQHandlerCap irq)) (a, b) s) \\<and> cte_wp_at (interrupt_derived cap) prod s \\<and> s \\<turnstile> cap \\<and> is_ntfn_cap cap)\\<rbrace> do irq_slot <- get_irq_slot irq;\ny <- cap_delete_one irq_slot;\ncap_insert cap prod irq_slot\nod \\<lbrace>\\<lambda>rv s. invs s \\<and> ex_inv s\\<rbrace>\n 2. \\<And>x3. i = ClearIRQHandler x3 \\<Longrightarrow> \\<lbrace>invs and ex_inv\\<rbrace> get_irq_slot x3 >>= cap_delete_one \\<lbrace>\\<lambda>rv s. invs s \\<and> ex_inv s\\<rbrace>",
        "step_time": 0.008073568344116211
    },
    {
        "index": 55,
        "step": "apply (rule hoare_pre)",
        "output": "",
        "raw_output": "proof (prove)\ngoal (3 subgoals):\n 1. \\<And>irq cap prod. i = SetIRQHandler irq cap prod \\<Longrightarrow> \\<lbrace>?Q8 irq cap prod\\<rbrace> do irq_slot <- get_irq_slot irq;\ny <- cap_delete_one irq_slot;\ncap_insert cap prod irq_slot\nod \\<lbrace>\\<lambda>rv s. invs s \\<and> ex_inv s\\<rbrace>\n 2. \\<And>irq cap prod s. \\<lbrakk>i = SetIRQHandler irq cap prod; (invs and ex_inv and (\\<lambda>s. ex_cte_cap_wp_to is_cnode_cap prod s \\<and> (\\<exists>a b. cte_wp_at ((=) (IRQHandlerCap irq)) (a, b) s) \\<and> cte_wp_at (interrupt_derived cap) prod s \\<and> s \\<turnstile> cap \\<and> is_ntfn_cap cap)) s\\<rbrakk> \\<Longrightarrow> ?Q8 irq cap prod s\n 3. \\<And>x3. i = ClearIRQHandler x3 \\<Longrightarrow> \\<lbrace>invs and ex_inv\\<rbrace> get_irq_slot x3 >>= cap_delete_one \\<lbrace>\\<lambda>rv s. invs s \\<and> ex_inv s\\<rbrace>",
        "step_time": 0.009537220001220703
    },
    {
        "index": 56,
        "step": "apply (wp valid_cap_typ [OF cap_delete_one_typ_at])",
        "output": "",
        "raw_output": "proof (prove)\ngoal (4 subgoals):\n 1. \\<And>irq cap prod irq_slot. i = SetIRQHandler irq cap prod \\<Longrightarrow> \\<lbrace>?P'31 irq cap prod irq_slot\\<rbrace> cap_delete_one irq_slot \\<lbrace>\\<lambda>rv s. tcb_cap_valid cap irq_slot s \\<and> ex_cte_cap_wp_to (appropriate_cte_cap cap) irq_slot s \\<and> (\\<forall>r\\<in>obj_refs cap. \\<forall>p'. irq_slot \\<noteq> p' \\<and> cte_wp_at (\\<lambda>cap'. r \\<in> obj_refs cap') p' s \\<longrightarrow> cte_wp_at (Not \\<circ> is_zombie) p' s \\<and> \\<not> is_zombie cap) \\<and> cte_wp_at (is_derived (cdt s) prod cap) prod s \\<and> cte_wp_at (\\<lambda>cap'. \\<forall>irq\\<in>cap_irqs cap - cap_irqs cap'. irq_issued irq s) prod s \\<and> (\\<forall>t R. cap = ReplyCap t False R \\<longrightarrow> st_tcb_at awaiting_reply t s \\<and> \\<not> has_reply_cap t s) \\<and> K (\\<not> is_master_reply_cap cap) s\\<rbrace>\n 2. \\<And>irq cap prod. i = SetIRQHandler irq cap prod \\<Longrightarrow> \\<lbrace>?Q8 irq cap prod\\<rbrace> get_irq_slot irq \\<lbrace>\\<lambda>irq_slot s. (ex_inv and invs) s \\<and> (invs and emptyable irq_slot) s \\<and> True \\<and> s \\<turnstile> cap \\<and> ?P'31 irq cap prod irq_slot s\\<rbrace>\n 3. \\<And>irq cap prod s. \\<lbrakk>i = SetIRQHandler irq cap prod; (invs and ex_inv and (\\<lambda>s. ex_cte_cap_wp_to is_cnode_cap prod s \\<and> (\\<exists>a b. cte_wp_at ((=) (IRQHandlerCap irq)) (a, b) s) \\<and> cte_wp_at (interrupt_derived cap) prod s \\<and> s \\<turnstile> cap \\<and> is_ntfn_cap cap)) s\\<rbrakk> \\<Longrightarrow> ?Q8 irq cap prod s\n 4. \\<And>x3. i = ClearIRQHandler x3 \\<Longrightarrow> \\<lbrace>invs and ex_inv\\<rbrace> get_irq_slot x3 >>= cap_delete_one \\<lbrace>\\<lambda>rv s. invs s \\<and> ex_inv s\\<rbrace>",
        "step_time": 0.08741259574890137
    },
    {
        "index": 57,
        "step": "apply (strengthen real_cte_tcb_valid)",
        "output": "",
        "raw_output": "proof (prove)\ngoal (4 subgoals):\n 1. \\<And>irq cap prod irq_slot. i = SetIRQHandler irq cap prod \\<Longrightarrow> \\<lbrace>?P'31 irq cap prod irq_slot\\<rbrace> cap_delete_one irq_slot \\<lbrace>\\<lambda>r s. real_cte_at irq_slot s \\<and> ex_cte_cap_wp_to (appropriate_cte_cap cap) irq_slot s \\<and> (\\<forall>r\\<in>obj_refs cap. \\<forall>p'. irq_slot \\<noteq> p' \\<and> cte_wp_at (\\<lambda>cap'. r \\<in> obj_refs cap') p' s \\<longrightarrow> cte_wp_at (Not \\<circ> is_zombie) p' s \\<and> \\<not> is_zombie cap) \\<and> cte_wp_at (is_derived (cdt s) prod cap) prod s \\<and> cte_wp_at (\\<lambda>cap'. \\<forall>irq\\<in>cap_irqs cap - cap_irqs cap'. irq_issued irq s) prod s \\<and> (\\<forall>t R. cap = ReplyCap t False R \\<longrightarrow> st_tcb_at awaiting_reply t s \\<and> \\<not> has_reply_cap t s) \\<and> K (\\<not> is_master_reply_cap cap) s\\<rbrace>\n 2. \\<And>irq cap prod. i = SetIRQHandler irq cap prod \\<Longrightarrow> \\<lbrace>?Q8 irq cap prod\\<rbrace> get_irq_slot irq \\<lbrace>\\<lambda>irq_slot s. (ex_inv and invs) s \\<and> (invs and emptyable irq_slot) s \\<and> True \\<and> s \\<turnstile> cap \\<and> ?P'31 irq cap prod irq_slot s\\<rbrace>\n 3. \\<And>irq cap prod s. \\<lbrakk>i = SetIRQHandler irq cap prod; (invs and ex_inv and (\\<lambda>s. ex_cte_cap_wp_to is_cnode_cap prod s \\<and> (\\<exists>a b. cte_wp_at ((=) (IRQHandlerCap irq)) (a, b) s) \\<and> cte_wp_at (interrupt_derived cap) prod s \\<and> s \\<turnstile> cap \\<and> is_ntfn_cap cap)) s\\<rbrakk> \\<Longrightarrow> ?Q8 irq cap prod s\n 4. \\<And>x3. i = ClearIRQHandler x3 \\<Longrightarrow> \\<lbrace>invs and ex_inv\\<rbrace> get_irq_slot x3 >>= cap_delete_one \\<lbrace>\\<lambda>rv s. invs s \\<and> ex_inv s\\<rbrace>",
        "step_time": 0.03957223892211914
    },
    {
        "index": 58,
        "step": "apply (wp real_cte_at_typ_valid [OF cap_delete_one_typ_at])",
        "output": "",
        "raw_output": "proof (prove)\ngoal (4 subgoals):\n 1. \\<And>irq cap prod irq_slot. i = SetIRQHandler irq cap prod \\<Longrightarrow> \\<lbrace>?P'51 irq cap prod irq_slot\\<rbrace> cap_delete_one irq_slot \\<lbrace>\\<lambda>rv s. (\\<forall>r\\<in>obj_refs cap. \\<forall>p'. irq_slot \\<noteq> p' \\<and> cte_wp_at (\\<lambda>cap'. r \\<in> obj_refs cap') p' s \\<longrightarrow> cte_wp_at (Not \\<circ> is_zombie) p' s \\<and> \\<not> is_zombie cap) \\<and> cte_wp_at (is_derived (cdt s) prod cap) prod s \\<and> cte_wp_at (\\<lambda>cap'. \\<forall>irq\\<in>cap_irqs cap - cap_irqs cap'. irq_issued irq s) prod s \\<and> (\\<forall>t R. cap = ReplyCap t False R \\<longrightarrow> st_tcb_at awaiting_reply t s \\<and> \\<not> has_reply_cap t s) \\<and> K (\\<not> is_master_reply_cap cap) s\\<rbrace>\n 2. \\<And>irq cap prod. i = SetIRQHandler irq cap prod \\<Longrightarrow> \\<lbrace>?Q8 irq cap prod\\<rbrace> get_irq_slot irq \\<lbrace>\\<lambda>irq_slot s. (ex_inv and invs) s \\<and> (invs and emptyable irq_slot) s \\<and> True \\<and> s \\<turnstile> cap \\<and> real_cte_at irq_slot s \\<and> ex_cte_cap_wp_to (appropriate_cte_cap cap) irq_slot s \\<and> ?P'51 irq cap prod irq_slot s\\<rbrace>\n 3. \\<And>irq cap prod s. \\<lbrakk>i = SetIRQHandler irq cap prod; (invs and ex_inv and (\\<lambda>s. ex_cte_cap_wp_to is_cnode_cap prod s \\<and> (\\<exists>a b. cte_wp_at ((=) (IRQHandlerCap irq)) (a, b) s) \\<and> cte_wp_at (interrupt_derived cap) prod s \\<and> s \\<turnstile> cap \\<and> is_ntfn_cap cap)) s\\<rbrakk> \\<Longrightarrow> ?Q8 irq cap prod s\n 4. \\<And>x3. i = ClearIRQHandler x3 \\<Longrightarrow> \\<lbrace>invs and ex_inv\\<rbrace> get_irq_slot x3 >>= cap_delete_one \\<lbrace>\\<lambda>rv s. invs s \\<and> ex_inv s\\<rbrace>",
        "step_time": 0.05768990516662598
    },
    {
        "index": 59,
        "step": "apply (rule_tac Q=\"\\<lambda>rv s. is_ntfn_cap cap \\<and> invs s\n                              \\<and> cte_wp_at (is_derived (cdt s) prod cap) prod s\"\n                in hoare_post_imp)",
        "output": "",
        "raw_output": "proof (prove)\ngoal (5 subgoals):\n 1. \\<And>irq cap prod irq_slot rv s. \\<lbrakk>i = SetIRQHandler irq cap prod; is_ntfn_cap cap \\<and> invs s \\<and> cte_wp_at (is_derived (cdt s) prod cap) prod s\\<rbrakk> \\<Longrightarrow> (\\<forall>r\\<in>obj_refs cap. \\<forall>p'. irq_slot \\<noteq> p' \\<and> cte_wp_at (\\<lambda>cap'. r \\<in> obj_refs cap') p' s \\<longrightarrow> cte_wp_at (Not \\<circ> is_zombie) p' s \\<and> \\<not> is_zombie cap) \\<and> cte_wp_at (is_derived (cdt s) prod cap) prod s \\<and> cte_wp_at (\\<lambda>cap'. \\<forall>irq\\<in>cap_irqs cap - cap_irqs cap'. irq_issued irq s) prod s \\<and> (\\<forall>t R. cap = ReplyCap t False R \\<longrightarrow> st_tcb_at awaiting_reply t s \\<and> \\<not> has_reply_cap t s) \\<and> K (\\<not> is_master_reply_cap cap) s\n 2. \\<And>irq cap prod irq_slot. i = SetIRQHandler irq cap prod \\<Longrightarrow> \\<lbrace>?P'51 irq cap prod irq_slot\\<rbrace> cap_delete_one irq_slot \\<lbrace>\\<lambda>rv s. is_ntfn_cap cap \\<and> invs s \\<and> cte_wp_at (is_derived (cdt s) prod cap) prod s\\<rbrace>\n 3. \\<And>irq cap prod. i = SetIRQHandler irq cap prod \\<Longrightarrow> \\<lbrace>?Q8 irq cap prod\\<rbrace> get_irq_slot irq \\<lbrace>\\<lambda>irq_slot s. (ex_inv and invs) s \\<and> (invs and emptyable irq_slot) s \\<and> True \\<and> s \\<turnstile> cap \\<and> real_cte_at irq_slot s \\<and> ex_cte_cap_wp_to (appropriate_cte_cap cap) irq_slot s \\<and> ?P'51 irq cap prod irq_slot s\\<rbrace>\n 4. \\<And>irq cap prod s. \\<lbrakk>i = SetIRQHandler irq cap prod; (invs and ex_inv and (\\<lambda>s. ex_cte_cap_wp_to is_cnode_cap prod s \\<and> (\\<exists>a b. cte_wp_at ((=) (IRQHandlerCap irq)) (a, b) s) \\<and> cte_wp_at (interrupt_derived cap) prod s \\<and> s \\<turnstile> cap \\<and> is_ntfn_cap cap)) s\\<rbrakk> \\<Longrightarrow> ?Q8 irq cap prod s\n 5. \\<And>x3. i = ClearIRQHandler x3 \\<Longrightarrow> \\<lbrace>invs and ex_inv\\<rbrace> get_irq_slot x3 >>= cap_delete_one \\<lbrace>\\<lambda>rv s. invs s \\<and> ex_inv s\\<rbrace>",
        "step_time": 0.04642200469970703
    },
    {
        "index": 60,
        "step": "apply (clarsimp simp: is_cap_simps is_derived_def cte_wp_at_caps_of_state)",
        "output": "",
        "raw_output": "proof (prove)\ngoal (5 subgoals):\n 1. \\<And>irq a b aa ba s bb R capa ab bc ra bd n. \\<lbrakk>i = SetIRQHandler irq (NotificationCap ra bb R) (a, b); invs s; caps_of_state s (a, b) = Some capa; \\<forall>r b n. capa \\<noteq> Zombie r b n; if \\<exists>dev r bits f. capa = UntypedCap dev r bits f then cap_master_cap capa = cap_master_cap (NotificationCap ra bb R) \\<and> descendants_of (a, b) (cdt s) = {} else cap_master_cap capa = cap_master_cap (NotificationCap ra bb R) \\<and> (cap_badge capa, Some bb) \\<in> capBadge_ordering False; \\<forall>x R. capa \\<noteq> ReplyCap x True R; vs_cap_ref (NotificationCap ra bb R) = vs_cap_ref capa \\<or> (\\<exists>dev p R sz m. capa = ArchObjectCap (PageCap dev p R sz m)); \\<forall>x R. capa \\<noteq> ReplyCap x False R; aa = ab \\<longrightarrow> ba \\<noteq> bc; caps_of_state s (ab, bc) = Some (Zombie ra bd n)\\<rbrakk> \\<Longrightarrow> False\n 2. \\<And>irq cap prod irq_slot. i = SetIRQHandler irq cap prod \\<Longrightarrow> \\<lbrace>?P'51 irq cap prod irq_slot\\<rbrace> cap_delete_one irq_slot \\<lbrace>\\<lambda>rv s. is_ntfn_cap cap \\<and> invs s \\<and> cte_wp_at (is_derived (cdt s) prod cap) prod s\\<rbrace>\n 3. \\<And>irq cap prod. i = SetIRQHandler irq cap prod \\<Longrightarrow> \\<lbrace>?Q8 irq cap prod\\<rbrace> get_irq_slot irq \\<lbrace>\\<lambda>irq_slot s. (ex_inv and invs) s \\<and> (invs and emptyable irq_slot) s \\<and> True \\<and> s \\<turnstile> cap \\<and> real_cte_at irq_slot s \\<and> ex_cte_cap_wp_to (appropriate_cte_cap cap) irq_slot s \\<and> ?P'51 irq cap prod irq_slot s\\<rbrace>\n 4. \\<And>irq cap prod s. \\<lbrakk>i = SetIRQHandler irq cap prod; (invs and ex_inv and (\\<lambda>s. ex_cte_cap_wp_to is_cnode_cap prod s \\<and> (\\<exists>a b. cte_wp_at ((=) (IRQHandlerCap irq)) (a, b) s) \\<and> cte_wp_at (interrupt_derived cap) prod s \\<and> s \\<turnstile> cap \\<and> is_ntfn_cap cap)) s\\<rbrakk> \\<Longrightarrow> ?Q8 irq cap prod s\n 5. \\<And>x3. i = ClearIRQHandler x3 \\<Longrightarrow> \\<lbrace>invs and ex_inv\\<rbrace> get_irq_slot x3 >>= cap_delete_one \\<lbrace>\\<lambda>rv s. invs s \\<and> ex_inv s\\<rbrace>",
        "step_time": 0.20926856994628906
    },
    {
        "index": 61,
        "step": "apply (simp split: if_split_asm)",
        "output": "",
        "raw_output": "proof (prove)\ngoal (6 subgoals):\n 1. \\<And>irq a b aa ba s bb R capa ab bc ra bd n dev r bits f. \\<lbrakk>vs_cap_ref (NotificationCap ra bb R) = vs_cap_ref (UntypedCap dev r bits f); aa = ab \\<longrightarrow> ba \\<noteq> bc; caps_of_state s (ab, bc) = Some (Zombie ra bd n); i = SetIRQHandler irq (NotificationCap ra bb R) (a, b); invs s; caps_of_state s (a, b) = Some (UntypedCap dev r bits f); capa = UntypedCap dev r bits f; cap_master_cap (UntypedCap dev r bits f) = cap_master_cap (NotificationCap ra bb R) \\<and> descendants_of (a, b) (cdt s) = {}\\<rbrakk> \\<Longrightarrow> False\n 2. \\<And>irq a b aa ba s bb R capa ab bc ra bd n. \\<lbrakk>\\<forall>x R. capa \\<noteq> ReplyCap x True R; vs_cap_ref (NotificationCap ra bb R) = vs_cap_ref capa \\<or> (\\<exists>dev p R sz m. capa = ArchObjectCap (PageCap dev p R sz m)); \\<forall>x R. capa \\<noteq> ReplyCap x False R; aa = ab \\<longrightarrow> ba \\<noteq> bc; caps_of_state s (ab, bc) = Some (Zombie ra bd n); i = SetIRQHandler irq (NotificationCap ra bb R) (a, b); invs s; caps_of_state s (a, b) = Some capa; \\<forall>r b n. capa \\<noteq> Zombie r b n; \\<forall>dev r bits f. capa \\<noteq> UntypedCap dev r bits f; cap_master_cap capa = cap_master_cap (NotificationCap ra bb R) \\<and> (cap_badge capa, Some bb) \\<in> capBadge_ordering False\\<rbrakk> \\<Longrightarrow> False\n 3. \\<And>irq cap prod irq_slot. i = SetIRQHandler irq cap prod \\<Longrightarrow> \\<lbrace>?P'51 irq cap prod irq_slot\\<rbrace> cap_delete_one irq_slot \\<lbrace>\\<lambda>rv s. is_ntfn_cap cap \\<and> invs s \\<and> cte_wp_at (is_derived (cdt s) prod cap) prod s\\<rbrace>\n 4. \\<And>irq cap prod. i = SetIRQHandler irq cap prod \\<Longrightarrow> \\<lbrace>?Q8 irq cap prod\\<rbrace> get_irq_slot irq \\<lbrace>\\<lambda>irq_slot s. (ex_inv and invs) s \\<and> (invs and emptyable irq_slot) s \\<and> True \\<and> s \\<turnstile> cap \\<and> real_cte_at irq_slot s \\<and> ex_cte_cap_wp_to (appropriate_cte_cap cap) irq_slot s \\<and> ?P'51 irq cap prod irq_slot s\\<rbrace>\n 5. \\<And>irq cap prod s. \\<lbrakk>i = SetIRQHandler irq cap prod; (invs and ex_inv and (\\<lambda>s. ex_cte_cap_wp_to is_cnode_cap prod s \\<and> (\\<exists>a b. cte_wp_at ((=) (IRQHandlerCap irq)) (a, b) s) \\<and> cte_wp_at (interrupt_derived cap) prod s \\<and> s \\<turnstile> cap \\<and> is_ntfn_cap cap)) s\\<rbrakk> \\<Longrightarrow> ?Q8 irq cap prod s\n 6. \\<And>x3. i = ClearIRQHandler x3 \\<Longrightarrow> \\<lbrace>invs and ex_inv\\<rbrace> get_irq_slot x3 >>= cap_delete_one \\<lbrace>\\<lambda>rv s. invs s \\<and> ex_inv s\\<rbrace>",
        "step_time": 0.07380247116088867
    },
    {
        "index": 62,
        "step": "apply (simp add: cap_master_cap_def split: cap.split_asm)",
        "output": "",
        "raw_output": "proof (prove)\ngoal (5 subgoals):\n 1. \\<And>irq a b aa ba s bb R capa ab bc ra bd n. \\<lbrakk>\\<forall>x R. capa \\<noteq> ReplyCap x True R; vs_cap_ref (NotificationCap ra bb R) = vs_cap_ref capa \\<or> (\\<exists>dev p R sz m. capa = ArchObjectCap (PageCap dev p R sz m)); \\<forall>x R. capa \\<noteq> ReplyCap x False R; aa = ab \\<longrightarrow> ba \\<noteq> bc; caps_of_state s (ab, bc) = Some (Zombie ra bd n); i = SetIRQHandler irq (NotificationCap ra bb R) (a, b); invs s; caps_of_state s (a, b) = Some capa; \\<forall>r b n. capa \\<noteq> Zombie r b n; \\<forall>dev r bits f. capa \\<noteq> UntypedCap dev r bits f; cap_master_cap capa = cap_master_cap (NotificationCap ra bb R) \\<and> (cap_badge capa, Some bb) \\<in> capBadge_ordering False\\<rbrakk> \\<Longrightarrow> False\n 2. \\<And>irq cap prod irq_slot. i = SetIRQHandler irq cap prod \\<Longrightarrow> \\<lbrace>?P'51 irq cap prod irq_slot\\<rbrace> cap_delete_one irq_slot \\<lbrace>\\<lambda>rv s. is_ntfn_cap cap \\<and> invs s \\<and> cte_wp_at (is_derived (cdt s) prod cap) prod s\\<rbrace>\n 3. \\<And>irq cap prod. i = SetIRQHandler irq cap prod \\<Longrightarrow> \\<lbrace>?Q8 irq cap prod\\<rbrace> get_irq_slot irq \\<lbrace>\\<lambda>irq_slot s. (ex_inv and invs) s \\<and> (invs and emptyable irq_slot) s \\<and> True \\<and> s \\<turnstile> cap \\<and> real_cte_at irq_slot s \\<and> ex_cte_cap_wp_to (appropriate_cte_cap cap) irq_slot s \\<and> ?P'51 irq cap prod irq_slot s\\<rbrace>\n 4. \\<And>irq cap prod s. \\<lbrakk>i = SetIRQHandler irq cap prod; (invs and ex_inv and (\\<lambda>s. ex_cte_cap_wp_to is_cnode_cap prod s \\<and> (\\<exists>a b. cte_wp_at ((=) (IRQHandlerCap irq)) (a, b) s) \\<and> cte_wp_at (interrupt_derived cap) prod s \\<and> s \\<turnstile> cap \\<and> is_ntfn_cap cap)) s\\<rbrakk> \\<Longrightarrow> ?Q8 irq cap prod s\n 5. \\<And>x3. i = ClearIRQHandler x3 \\<Longrightarrow> \\<lbrace>invs and ex_inv\\<rbrace> get_irq_slot x3 >>= cap_delete_one \\<lbrace>\\<lambda>rv s. invs s \\<and> ex_inv s\\<rbrace>",
        "step_time": 0.029465675354003906
    },
    {
        "index": 63,
        "step": "apply (drule cte_wp_valid_cap [OF caps_of_state_cteD] | clarsimp)+",
        "output": "",
        "raw_output": "proof (prove)\ngoal (5 subgoals):\n 1. \\<And>irq a b aa ba s bb R capa ab bc ra bd n. \\<lbrakk>\\<forall>x R. capa \\<noteq> ReplyCap x True R; vs_cap_ref (NotificationCap ra bb R) = vs_cap_ref capa \\<or> (\\<exists>dev p R sz m. capa = ArchObjectCap (PageCap dev p R sz m)); \\<forall>x R. capa \\<noteq> ReplyCap x False R; aa = ab \\<longrightarrow> ba \\<noteq> bc; i = SetIRQHandler irq (NotificationCap ra bb R) (a, b); invs s; \\<forall>r b n. capa \\<noteq> Zombie r b n; \\<forall>dev r bits f. capa \\<noteq> UntypedCap dev r bits f; s \\<turnstile> Zombie ra bd n; s \\<turnstile> capa; cap_master_cap capa = cap_master_cap (NotificationCap ra bb R); (cap_badge capa, Some bb) \\<in> capBadge_ordering False\\<rbrakk> \\<Longrightarrow> False\n 2. \\<And>irq cap prod irq_slot. i = SetIRQHandler irq cap prod \\<Longrightarrow> \\<lbrace>?P'51 irq cap prod irq_slot\\<rbrace> cap_delete_one irq_slot \\<lbrace>\\<lambda>rv s. is_ntfn_cap cap \\<and> invs s \\<and> cte_wp_at (is_derived (cdt s) prod cap) prod s\\<rbrace>\n 3. \\<And>irq cap prod. i = SetIRQHandler irq cap prod \\<Longrightarrow> \\<lbrace>?Q8 irq cap prod\\<rbrace> get_irq_slot irq \\<lbrace>\\<lambda>irq_slot s. (ex_inv and invs) s \\<and> (invs and emptyable irq_slot) s \\<and> True \\<and> s \\<turnstile> cap \\<and> real_cte_at irq_slot s \\<and> ex_cte_cap_wp_to (appropriate_cte_cap cap) irq_slot s \\<and> ?P'51 irq cap prod irq_slot s\\<rbrace>\n 4. \\<And>irq cap prod s. \\<lbrakk>i = SetIRQHandler irq cap prod; (invs and ex_inv and (\\<lambda>s. ex_cte_cap_wp_to is_cnode_cap prod s \\<and> (\\<exists>a b. cte_wp_at ((=) (IRQHandlerCap irq)) (a, b) s) \\<and> cte_wp_at (interrupt_derived cap) prod s \\<and> s \\<turnstile> cap \\<and> is_ntfn_cap cap)) s\\<rbrakk> \\<Longrightarrow> ?Q8 irq cap prod s\n 5. \\<And>x3. i = ClearIRQHandler x3 \\<Longrightarrow> \\<lbrace>invs and ex_inv\\<rbrace> get_irq_slot x3 >>= cap_delete_one \\<lbrace>\\<lambda>rv s. invs s \\<and> ex_inv s\\<rbrace>",
        "step_time": 0.0709073543548584
    },
    {
        "index": 64,
        "step": "apply (clarsimp simp: cap_master_cap_simps valid_cap_def obj_at_def is_ntfn is_tcb is_cap_table\n                     split: option.split_asm dest!:cap_master_cap_eqDs)",
        "output": "",
        "raw_output": "proof (prove)\ngoal (4 subgoals):\n 1. \\<And>irq cap prod irq_slot. i = SetIRQHandler irq cap prod \\<Longrightarrow> \\<lbrace>?P'51 irq cap prod irq_slot\\<rbrace> cap_delete_one irq_slot \\<lbrace>\\<lambda>rv s. is_ntfn_cap cap \\<and> invs s \\<and> cte_wp_at (is_derived (cdt s) prod cap) prod s\\<rbrace>\n 2. \\<And>irq cap prod. i = SetIRQHandler irq cap prod \\<Longrightarrow> \\<lbrace>?Q8 irq cap prod\\<rbrace> get_irq_slot irq \\<lbrace>\\<lambda>irq_slot s. (ex_inv and invs) s \\<and> (invs and emptyable irq_slot) s \\<and> True \\<and> s \\<turnstile> cap \\<and> real_cte_at irq_slot s \\<and> ex_cte_cap_wp_to (appropriate_cte_cap cap) irq_slot s \\<and> ?P'51 irq cap prod irq_slot s\\<rbrace>\n 3. \\<And>irq cap prod s. \\<lbrakk>i = SetIRQHandler irq cap prod; (invs and ex_inv and (\\<lambda>s. ex_cte_cap_wp_to is_cnode_cap prod s \\<and> (\\<exists>a b. cte_wp_at ((=) (IRQHandlerCap irq)) (a, b) s) \\<and> cte_wp_at (interrupt_derived cap) prod s \\<and> s \\<turnstile> cap \\<and> is_ntfn_cap cap)) s\\<rbrakk> \\<Longrightarrow> ?Q8 irq cap prod s\n 4. \\<And>x3. i = ClearIRQHandler x3 \\<Longrightarrow> \\<lbrace>invs and ex_inv\\<rbrace> get_irq_slot x3 >>= cap_delete_one \\<lbrace>\\<lambda>rv s. invs s \\<and> ex_inv s\\<rbrace>",
        "step_time": 0.24608254432678223
    },
    {
        "index": 65,
        "step": "apply (wp cap_delete_one_still_derived)",
        "output": "",
        "raw_output": "proof (prove)\ngoal (3 subgoals):\n 1. \\<And>irq cap prod. i = SetIRQHandler irq cap prod \\<Longrightarrow> \\<lbrace>?Q8 irq cap prod\\<rbrace> get_irq_slot irq \\<lbrace>\\<lambda>irq_slot s. (ex_inv and invs) s \\<and> (invs and emptyable irq_slot) s \\<and> True \\<and> s \\<turnstile> cap \\<and> real_cte_at irq_slot s \\<and> ex_cte_cap_wp_to (appropriate_cte_cap cap) irq_slot s \\<and> is_ntfn_cap cap \\<and> (invs and emptyable irq_slot) s \\<and> cte_wp_at (is_derived (cdt s) prod cap) prod s \\<and> irq_slot \\<noteq> prod \\<and> valid_mdb s\\<rbrace>\n 2. \\<And>irq cap prod s. \\<lbrakk>i = SetIRQHandler irq cap prod; (invs and ex_inv and (\\<lambda>s. ex_cte_cap_wp_to is_cnode_cap prod s \\<and> (\\<exists>a b. cte_wp_at ((=) (IRQHandlerCap irq)) (a, b) s) \\<and> cte_wp_at (interrupt_derived cap) prod s \\<and> s \\<turnstile> cap \\<and> is_ntfn_cap cap)) s\\<rbrakk> \\<Longrightarrow> ?Q8 irq cap prod s\n 3. \\<And>x3. i = ClearIRQHandler x3 \\<Longrightarrow> \\<lbrace>invs and ex_inv\\<rbrace> get_irq_slot x3 >>= cap_delete_one \\<lbrace>\\<lambda>rv s. invs s \\<and> ex_inv s\\<rbrace>",
        "step_time": 0.017277240753173828
    },
    {
        "index": 66,
        "step": "apply simp",
        "output": "",
        "raw_output": "proof (prove)\ngoal (3 subgoals):\n 1. \\<And>irq cap prod. i = SetIRQHandler irq cap prod \\<Longrightarrow> \\<lbrace>?Q8 irq cap prod\\<rbrace> get_irq_slot irq \\<lbrace>\\<lambda>irq_slot s. ex_inv s \\<and> invs s \\<and> emptyable irq_slot s \\<and> s \\<turnstile> cap \\<and> real_cte_at irq_slot s \\<and> ex_cte_cap_wp_to (appropriate_cte_cap cap) irq_slot s \\<and> is_ntfn_cap cap \\<and> invs s \\<and> emptyable irq_slot s \\<and> cte_wp_at (is_derived (cdt s) prod cap) prod s \\<and> irq_slot \\<noteq> prod \\<and> valid_mdb s\\<rbrace>\n 2. \\<And>irq cap prod s. \\<lbrakk>i = SetIRQHandler irq cap prod; (invs and ex_inv and (\\<lambda>s. ex_cte_cap_wp_to is_cnode_cap prod s \\<and> (\\<exists>a b. cte_wp_at ((=) (IRQHandlerCap irq)) (a, b) s) \\<and> cte_wp_at (interrupt_derived cap) prod s \\<and> s \\<turnstile> cap \\<and> is_ntfn_cap cap)) s\\<rbrakk> \\<Longrightarrow> ?Q8 irq cap prod s\n 3. \\<And>x3. i = ClearIRQHandler x3 \\<Longrightarrow> \\<lbrace>invs and ex_inv\\<rbrace> get_irq_slot x3 >>= cap_delete_one \\<lbrace>\\<lambda>rv s. invs s \\<and> ex_inv s\\<rbrace>",
        "step_time": 0.0157010555267334
    },
    {
        "index": 67,
        "step": "apply (wp get_irq_slot_ex_cte get_irq_slot_different_ARCH hoare_drop_imps)",
        "output": "",
        "raw_output": "proof (prove)\ngoal (2 subgoals):\n 1. \\<And>irq cap prod s. \\<lbrakk>i = SetIRQHandler irq cap prod; (invs and ex_inv and (\\<lambda>s. ex_cte_cap_wp_to is_cnode_cap prod s \\<and> (\\<exists>a b. cte_wp_at ((=) (IRQHandlerCap irq)) (a, b) s) \\<and> cte_wp_at (interrupt_derived cap) prod s \\<and> s \\<turnstile> cap \\<and> is_ntfn_cap cap)) s\\<rbrakk> \\<Longrightarrow> ex_inv s \\<and> invs s \\<and> invs s \\<and> s \\<turnstile> cap \\<and> invs s \\<and> (\\<exists>ptr. cte_wp_at ((=) (IRQHandlerCap irq)) ptr s \\<and> appropriate_cte_cap cap (IRQHandlerCap irq)) \\<and> is_ntfn_cap cap \\<and> invs s \\<and> invs s \\<and> cte_wp_at (is_derived (cdt s) prod cap) prod s \\<and> (valid_global_refs s \\<and> ex_cte_cap_wp_to is_cnode_cap prod s) \\<and> valid_mdb s\n 2. \\<And>x3. i = ClearIRQHandler x3 \\<Longrightarrow> \\<lbrace>invs and ex_inv\\<rbrace> get_irq_slot x3 >>= cap_delete_one \\<lbrace>\\<lambda>rv s. invs s \\<and> ex_inv s\\<rbrace>",
        "step_time": 0.026933670043945312
    },
    {
        "index": 68,
        "step": "apply (clarsimp simp: valid_state_def invs_def appropriate_cte_cap_def\n                            is_cap_simps)",
        "output": "",
        "raw_output": "proof (prove)\ngoal (2 subgoals):\n 1. \\<And>irq a b s aa ba r bb R. \\<lbrakk>i = SetIRQHandler irq (NotificationCap r bb R) (a, b); valid_pspace s; valid_mdb s; valid_ioc s; valid_idle s; only_idle s; if_unsafe_then_cap s; valid_reply_caps s; valid_reply_masters s; valid_global_refs s; valid_arch_state s; valid_irq_node s; valid_irq_handlers s; valid_irq_states s; valid_machine_state s; valid_vspace_objs s; valid_arch_caps s; valid_global_objs s; valid_kernel_mappings s; equal_kernel_mappings s; valid_asid_map s; valid_global_vspace_mappings s; pspace_in_kernel_window s; cap_refs_in_kernel_window s; pspace_respects_device_region s; cap_refs_respects_device_region s; cur_tcb s; ex_inv s; ex_cte_cap_wp_to is_cnode_cap (a, b) s; cte_wp_at ((=) (IRQHandlerCap irq)) (aa, ba) s; cte_wp_at (interrupt_derived (NotificationCap r bb R)) (a, b) s; s \\<turnstile> NotificationCap r bb R\\<rbrakk> \\<Longrightarrow> cte_wp_at (is_derived (cdt s) (a, b) (NotificationCap r bb R)) (a, b) s\n 2. \\<And>x3. i = ClearIRQHandler x3 \\<Longrightarrow> \\<lbrace>invs and ex_inv\\<rbrace> get_irq_slot x3 >>= cap_delete_one \\<lbrace>\\<lambda>rv s. invs s \\<and> ex_inv s\\<rbrace>",
        "step_time": 0.07313990592956543
    },
    {
        "index": 69,
        "step": "apply (erule cte_wp_at_weakenE, simp add: is_derived_use_interrupt_ARCH)",
        "output": "",
        "raw_output": "proof (prove)\ngoal (1 subgoal):\n 1. \\<And>x3. i = ClearIRQHandler x3 \\<Longrightarrow> \\<lbrace>invs and ex_inv\\<rbrace> get_irq_slot x3 >>= cap_delete_one \\<lbrace>\\<lambda>rv s. invs s \\<and> ex_inv s\\<rbrace>",
        "step_time": 0.052503108978271484
    },
    {
        "index": 70,
        "step": "apply (wp| simp add: )+",
        "output": "",
        "raw_output": "proof (prove)\ngoal:\nNo subgoals!",
        "step_time": 0.01688408851623535
    },
    {
        "index": 71,
        "step": "done",
        "output": "",
        "raw_output": "proof (state)\nthis:\n\\<lbrace>invs and ex_inv and irq_handler_inv_valid i\\<rbrace> invoke_irq_handler i \\<lbrace>\\<lambda>rv s. invs s \\<and> ex_inv s\\<rbrace>\n\ngoal:\nNo subgoals!",
        "step_time": 0.006691455841064453
    },
    {
        "index": 72,
        "step": "qed",
        "output": "",
        "raw_output": "",
        "step_time": 0.008689403533935547
    },
    {
        "index": 73,
        "step": "lemma (* invoke_irq_control_invs *) [Interrupt_AI_asms]:\n  \"\\<lbrace>invs and irq_control_inv_valid i\\<rbrace> invoke_irq_control i \\<lbrace>\\<lambda>rv. invs\\<rbrace>\"",
        "output": "",
        "raw_output": "proof (prove)\ngoal (1 subgoal):\n 1. \\<lbrace>invs and irq_control_inv_valid i\\<rbrace> invoke_irq_control i \\<lbrace>\\<lambda>rv. invs\\<rbrace>",
        "step_time": 0.010022401809692383
    },
    {
        "index": 74,
        "step": "apply (cases i, simp_all)",
        "output": "",
        "raw_output": "proof (prove)\ngoal (2 subgoals):\n 1. \\<And>x11 x12 x13. i = IRQControl x11 x12 x13 \\<Longrightarrow> \\<lbrace>invs and (cte_wp_at ((=) NullCap) x12 and cte_wp_at ((=) IRQControlCap) x13 and ex_cte_cap_wp_to is_cnode_cap x12 and real_cte_at x12 and (\\<lambda>y. x11 \\<le> maxIRQ))\\<rbrace> liftE (do y <- set_irq_state IRQSignal x11;\ncap_insert (IRQHandlerCap x11) x13 x12\nod) \\<lbrace>\\<lambda>rv. invs\\<rbrace>\n 2. \\<And>x2. i = ArchIRQControl x2 \\<Longrightarrow> \\<lbrace>invs and arch_irq_control_inv_valid x2\\<rbrace> arch_invoke_irq_control x2 \\<lbrace>\\<lambda>rv. invs\\<rbrace>",
        "step_time": 0.012243032455444336
    },
    {
        "index": 75,
        "step": "apply (wp cap_insert_simple_invs\n          | simp add: IRQHandler_valid is_cap_simps  no_cap_to_obj_with_diff_IRQHandler_ARCH\n          | strengthen real_cte_tcb_valid)+",
        "output": "",
        "raw_output": "proof (prove)\ngoal (2 subgoals):\n 1. \\<And>x11 x12 x13 s. \\<lbrakk>i = IRQControl x11 x12 x13; invs s \\<and> cte_wp_at ((=) NullCap) x12 s \\<and> cte_wp_at ((=) IRQControlCap) x13 s \\<and> ex_cte_cap_wp_to is_cnode_cap x12 s \\<and> real_cte_at x12 s \\<and> x11 \\<le> maxIRQ\\<rbrakk> \\<Longrightarrow> ex_cte_cap_wp_to (appropriate_cte_cap (IRQHandlerCap x11)) x12 s \\<and> cte_wp_at (\\<lambda>a. (\\<exists>dev r bits f. a = UntypedCap dev r bits f) \\<longrightarrow> usable_untyped_range a = {}) x13 s \\<and> cte_wp_at (\\<lambda>a. a = NullCap) x12 s \\<and> cte_wp_at (safe_parent_for (cdt s) x13 (IRQHandlerCap x11)) x13 s \\<and> is_simple_cap (IRQHandlerCap x11)\n 2. \\<And>x2. i = ArchIRQControl x2 \\<Longrightarrow> \\<lbrace>invs and arch_irq_control_inv_valid x2\\<rbrace> arch_invoke_irq_control x2 \\<lbrace>\\<lambda>rv. invs\\<rbrace>",
        "step_time": 0.16138172149658203
    },
    {
        "index": 76,
        "step": "apply (clarsimp simp: cte_wp_at_caps_of_state\n                         is_simple_cap_def is_cap_simps is_pt_cap_def\n                         safe_parent_for_def\n                         ex_cte_cap_to_cnode_always_appropriate_strg)",
        "output": "",
        "raw_output": "proof (prove)\ngoal (1 subgoal):\n 1. \\<And>x2. i = ArchIRQControl x2 \\<Longrightarrow> \\<lbrace>invs and arch_irq_control_inv_valid x2\\<rbrace> arch_invoke_irq_control x2 \\<lbrace>\\<lambda>rv. invs\\<rbrace>",
        "step_time": 0.027409791946411133
    },
    {
        "index": 77,
        "step": "apply (case_tac x2)",
        "output": "",
        "raw_output": "proof (prove)\ngoal (1 subgoal):\n 1. \\<And>x2 x1 x2a x3 x4. \\<lbrakk>i = ArchIRQControl x2; x2 = ArchIRQControlIssue x1 x2a x3 x4\\<rbrakk> \\<Longrightarrow> \\<lbrace>invs and arch_irq_control_inv_valid x2\\<rbrace> arch_invoke_irq_control x2 \\<lbrace>\\<lambda>rv. invs\\<rbrace>",
        "step_time": 0.007784605026245117
    },
    {
        "index": 78,
        "step": "apply (simp add: arch_irq_control_inv_valid_def)",
        "output": "",
        "raw_output": "proof (prove)\ngoal (1 subgoal):\n 1. \\<And>x2 x1 x2a x3 x4. \\<lbrakk>i = ArchIRQControl (ArchIRQControlIssue x1 x2a x3 x4); x2 = ArchIRQControlIssue x1 x2a x3 x4\\<rbrakk> \\<Longrightarrow> \\<lbrace>invs and (cte_wp_at ((=) NullCap) x2a and cte_wp_at ((=) IRQControlCap) x3 and ex_cte_cap_wp_to is_cnode_cap x2a and real_cte_at x2a and (\\<lambda>y. x1 \\<le> maxIRQ))\\<rbrace> liftE (do y <- do_machine_op (setIRQTrigger x1 x4);\ny <- set_irq_state IRQSignal x1;\ncap_insert (IRQHandlerCap x1) x3 x2a\nod) \\<lbrace>\\<lambda>rv. invs\\<rbrace>",
        "step_time": 0.015069246292114258
    },
    {
        "index": 79,
        "step": "apply (wp cap_insert_simple_invs\n         | simp add: IRQHandler_valid is_cap_simps  no_cap_to_obj_with_diff_IRQHandler_ARCH\n         | strengthen real_cte_tcb_valid)+",
        "output": "",
        "raw_output": "proof (prove)\ngoal (1 subgoal):\n 1. \\<And>x2 x1 x2a x3 x4 s. \\<lbrakk>i = ArchIRQControl (ArchIRQControlIssue x1 x2a x3 x4); x2 = ArchIRQControlIssue x1 x2a x3 x4; invs s \\<and> cte_wp_at ((=) NullCap) x2a s \\<and> cte_wp_at ((=) IRQControlCap) x3 s \\<and> ex_cte_cap_wp_to is_cnode_cap x2a s \\<and> real_cte_at x2a s \\<and> x1 \\<le> maxIRQ\\<rbrakk> \\<Longrightarrow> ex_cte_cap_wp_to (appropriate_cte_cap (IRQHandlerCap x1)) x2a s \\<and> cte_wp_at (\\<lambda>a. (\\<exists>dev r bits f. a = UntypedCap dev r bits f) \\<longrightarrow> usable_untyped_range a = {}) x3 s \\<and> cte_wp_at (\\<lambda>a. a = NullCap) x2a s \\<and> cte_wp_at (safe_parent_for (cdt s) x3 (IRQHandlerCap x1)) x3 s \\<and> is_simple_cap (IRQHandlerCap x1)",
        "step_time": 0.31995511054992676
    },
    {
        "index": 80,
        "step": "apply (clarsimp simp: cte_wp_at_caps_of_state\n                        is_simple_cap_def is_cap_simps is_pt_cap_def\n                        safe_parent_for_def\n                        ex_cte_cap_to_cnode_always_appropriate_strg)",
        "output": "",
        "raw_output": "proof (prove)\ngoal:\nNo subgoals!",
        "step_time": 0.029211044311523438
    },
    {
        "index": 81,
        "step": "done",
        "output": "",
        "raw_output": "",
        "step_time": 0.0067119598388671875
    },
    {
        "index": 82,
        "step": "crunch device_state_inv[wp]: resetTimer \"\\<lambda>ms. P (device_state ms)\"",
        "output": "",
        "raw_output": "",
        "step_time": 0.02456212043762207
    },
    {
        "index": 83,
        "step": "lemma resetTimer_invs_ARCH[Interrupt_AI_asms]:\n  \"\\<lbrace>invs\\<rbrace> do_machine_op resetTimer \\<lbrace>\\<lambda>_. invs\\<rbrace>\"",
        "output": "",
        "raw_output": "proof (prove)\ngoal (1 subgoal):\n 1. \\<lbrace>invs\\<rbrace> do_machine_op resetTimer \\<lbrace>\\<lambda>_. invs\\<rbrace>",
        "step_time": 0.00841379165649414
    },
    {
        "index": 84,
        "step": "apply (wp dmo_invs)",
        "output": "",
        "raw_output": "proof (prove)\ngoal (1 subgoal):\n 1. \\<And>s. invs s \\<Longrightarrow> \\<forall>m. \\<forall>(r, m')\\<in>fst (resetTimer m). (\\<forall>p. in_user_frame p s \\<or> underlying_memory m' p = underlying_memory m p) \\<and> (\\<forall>irq. m = machine_state s \\<longrightarrow> (interrupt_states s irq = IRQInactive \\<longrightarrow> irq_masks m' irq) \\<or> irq_masks m' irq = irq_masks m irq) \\<and> invs s",
        "step_time": 0.013718843460083008
    },
    {
        "index": 85,
        "step": "apply safe",
        "output": "",
        "raw_output": "proof (prove)\ngoal (2 subgoals):\n 1. \\<And>s m b p. \\<lbrakk>invs s; ((), b) \\<in> fst (resetTimer m); underlying_memory b p \\<noteq> underlying_memory m p\\<rbrakk> \\<Longrightarrow> in_user_frame p s\n 2. \\<And>s m b irq. \\<lbrakk>invs s; ((), b) \\<in> fst (resetTimer (machine_state s)); interrupt_states s irq = IRQInactive; \\<not> irq_masks b irq; irq_masks (machine_state s) irq\\<rbrakk> \\<Longrightarrow> irq_masks b irq",
        "step_time": 0.010725021362304688
    },
    {
        "index": 86,
        "step": "apply (drule_tac Q=\"%_ b. underlying_memory b p = underlying_memory m p\"\n                 in use_valid)",
        "output": "",
        "raw_output": "proof (prove)\ngoal (4 subgoals):\n 1. \\<And>s m b p. \\<lbrakk>invs s; underlying_memory b p \\<noteq> underlying_memory m p\\<rbrakk> \\<Longrightarrow> \\<lbrace>?P19 s m b p\\<rbrace> resetTimer \\<lbrace>\\<lambda>_ b. underlying_memory b p = underlying_memory m p\\<rbrace>\n 2. \\<And>s m b p. \\<lbrakk>invs s; underlying_memory b p \\<noteq> underlying_memory m p\\<rbrakk> \\<Longrightarrow> ?P19 s m b p m\n 3. \\<And>s m b p. \\<lbrakk>invs s; underlying_memory b p \\<noteq> underlying_memory m p; underlying_memory b p = underlying_memory m p\\<rbrakk> \\<Longrightarrow> in_user_frame p s\n 4. \\<And>s m b irq. \\<lbrakk>invs s; ((), b) \\<in> fst (resetTimer (machine_state s)); interrupt_states s irq = IRQInactive; \\<not> irq_masks b irq; irq_masks (machine_state s) irq\\<rbrakk> \\<Longrightarrow> irq_masks b irq",
        "step_time": 0.021353960037231445
    },
    {
        "index": 87,
        "step": "apply (simp add: resetTimer_def\n                      machine_op_lift_def machine_rest_lift_def split_def)",
        "output": "",
        "raw_output": "proof (prove)\ngoal (4 subgoals):\n 1. \\<And>s m b p. \\<lbrakk>invs s; underlying_memory b p \\<noteq> underlying_memory m p\\<rbrakk> \\<Longrightarrow> \\<lbrace>?P19 s m b p\\<rbrace> do mr <- gets machine_state_rest;\np <- select_f (ignore_failure resetTimer_impl mr);\nmodify (machine_state_rest_update (\\<lambda>_. snd p))\nod \\<lbrace>\\<lambda>_ b. underlying_memory b p = underlying_memory m p\\<rbrace>\n 2. \\<And>s m b p. \\<lbrakk>invs s; underlying_memory b p \\<noteq> underlying_memory m p\\<rbrakk> \\<Longrightarrow> ?P19 s m b p m\n 3. \\<And>s m b p. \\<lbrakk>invs s; underlying_memory b p \\<noteq> underlying_memory m p; underlying_memory b p = underlying_memory m p\\<rbrakk> \\<Longrightarrow> in_user_frame p s\n 4. \\<And>s m b irq. \\<lbrakk>invs s; ((), b) \\<in> fst (resetTimer (machine_state s)); interrupt_states s irq = IRQInactive; \\<not> irq_masks b irq; irq_masks (machine_state s) irq\\<rbrakk> \\<Longrightarrow> irq_masks b irq",
        "step_time": 0.02242302894592285
    },
    {
        "index": 88,
        "step": "apply wp",
        "output": "",
        "raw_output": "proof (prove)\ngoal (3 subgoals):\n 1. \\<And>s m b p. \\<lbrakk>invs s; underlying_memory b p \\<noteq> underlying_memory m p\\<rbrakk> \\<Longrightarrow> \\<forall>x\\<in>fst (ignore_failure resetTimer_impl (machine_state_rest m)). underlying_memory (m\\<lparr>machine_state_rest := snd x\\<rparr>) p = underlying_memory m p\n 2. \\<And>s m b p. \\<lbrakk>invs s; underlying_memory b p \\<noteq> underlying_memory m p; underlying_memory b p = underlying_memory m p\\<rbrakk> \\<Longrightarrow> in_user_frame p s\n 3. \\<And>s m b irq. \\<lbrakk>invs s; ((), b) \\<in> fst (resetTimer (machine_state s)); interrupt_states s irq = IRQInactive; \\<not> irq_masks b irq; irq_masks (machine_state s) irq\\<rbrakk> \\<Longrightarrow> irq_masks b irq",
        "step_time": 0.015428781509399414
    },
    {
        "index": 89,
        "step": "apply (clarsimp+)[2]",
        "output": "",
        "raw_output": "proof (prove)\ngoal (1 subgoal):\n 1. \\<And>s m b irq. \\<lbrakk>invs s; ((), b) \\<in> fst (resetTimer (machine_state s)); interrupt_states s irq = IRQInactive; \\<not> irq_masks b irq; irq_masks (machine_state s) irq\\<rbrakk> \\<Longrightarrow> irq_masks b irq",
        "step_time": 0.014410972595214844
    },
    {
        "index": 90,
        "step": "apply(erule use_valid, wp no_irq_resetTimer no_irq, assumption)",
        "output": "",
        "raw_output": "proof (prove)\ngoal:\nNo subgoals!",
        "step_time": 0.010191679000854492
    },
    {
        "index": 91,
        "step": "done",
        "output": "",
        "raw_output": "",
        "step_time": 0.005200386047363281
    },
    {
        "index": 92,
        "step": "lemma empty_fail_ackInterrupt_ARCH[Interrupt_AI_asms]:\n  \"empty_fail (ackInterrupt irq)\"",
        "output": "",
        "raw_output": "proof (prove)\ngoal (1 subgoal):\n 1. empty_fail (ackInterrupt irq)",
        "step_time": 0.006460666656494141
    },
    {
        "index": 93,
        "step": "by (wp | simp add: ackInterrupt_def)+",
        "output": "",
        "raw_output": "",
        "step_time": 0.0082550048828125
    },
    {
        "index": 94,
        "step": "lemma empty_fail_maskInterrupt_ARCH[Interrupt_AI_asms]:\n  \"empty_fail (maskInterrupt f irq)\"",
        "output": "",
        "raw_output": "proof (prove)\ngoal (1 subgoal):\n 1. empty_fail (maskInterrupt f irq)",
        "step_time": 0.006447792053222656
    },
    {
        "index": 95,
        "step": "by (wp | simp add: maskInterrupt_def)+",
        "output": "",
        "raw_output": "",
        "step_time": 0.007850170135498047
    },
    {
        "index": 96,
        "step": "lemma (* handle_interrupt_invs *) [Interrupt_AI_asms]:\n  \"\\<lbrace>invs\\<rbrace> handle_interrupt irq \\<lbrace>\\<lambda>_. invs\\<rbrace>\"",
        "output": "",
        "raw_output": "proof (prove)\ngoal (1 subgoal):\n 1. \\<lbrace>invs\\<rbrace> handle_interrupt irq \\<lbrace>\\<lambda>_. invs\\<rbrace>",
        "step_time": 0.0072023868560791016
    },
    {
        "index": 97,
        "step": "apply (simp add: handle_interrupt_def)",
        "output": "",
        "raw_output": "proof (prove)\ngoal (1 subgoal):\n 1. (maxIRQ < irq \\<longrightarrow> \\<lbrace>invs\\<rbrace> do_machine_op (do y <- maskInterrupt True irq;\nackInterrupt irq\nod) \\<lbrace>\\<lambda>_. invs\\<rbrace>) \\<and> (\\<not> maxIRQ < irq \\<longrightarrow> \\<lbrace>invs\\<rbrace> do st <- get_irq_state irq;\ny <- case st of IRQInactive \\<Rightarrow> fail | IRQSignal \\<Rightarrow> do slot <- get_irq_slot irq;\ncap <- get_cap slot;\nwhen (is_ntfn_cap cap \\<and> AllowSend \\<in> cap_rights cap) $ send_signal (obj_ref_of cap) (cap_ep_badge cap);\narch_mask_irq_signal irq\nod | IRQTimer \\<Rightarrow> do do_extended_op timer_tick;\ndo_machine_op resetTimer\nod | IRQReserved \\<Rightarrow> handle_reserved_irq irq;\ndo_machine_op (ackInterrupt irq)\nod \\<lbrace>\\<lambda>_. invs\\<rbrace>)",
        "step_time": 0.013194084167480469
    },
    {
        "index": 98,
        "step": "apply (rule conjI; rule impI)",
        "output": "",
        "raw_output": "proof (prove)\ngoal (2 subgoals):\n 1. maxIRQ < irq \\<Longrightarrow> \\<lbrace>invs\\<rbrace> do_machine_op (do y <- maskInterrupt True irq;\nackInterrupt irq\nod) \\<lbrace>\\<lambda>_. invs\\<rbrace>\n 2. \\<not> maxIRQ < irq \\<Longrightarrow> \\<lbrace>invs\\<rbrace> do st <- get_irq_state irq;\ny <- case st of IRQInactive \\<Rightarrow> fail | IRQSignal \\<Rightarrow> do slot <- get_irq_slot irq;\ncap <- get_cap slot;\nwhen (is_ntfn_cap cap \\<and> AllowSend \\<in> cap_rights cap) $ send_signal (obj_ref_of cap) (cap_ep_badge cap);\narch_mask_irq_signal irq\nod | IRQTimer \\<Rightarrow> do do_extended_op timer_tick;\ndo_machine_op resetTimer\nod | IRQReserved \\<Rightarrow> handle_reserved_irq irq;\ndo_machine_op (ackInterrupt irq)\nod \\<lbrace>\\<lambda>_. invs\\<rbrace>",
        "step_time": 0.007986783981323242
    },
    {
        "index": 99,
        "step": "apply (simp add: do_machine_op_bind empty_fail_ackInterrupt_ARCH empty_fail_maskInterrupt_ARCH)",
        "output": "",
        "raw_output": "proof (prove)\ngoal (2 subgoals):\n 1. maxIRQ < irq \\<Longrightarrow> \\<lbrace>invs\\<rbrace> do rv <- do_machine_op (maskInterrupt True irq);\ndo_machine_op (ackInterrupt irq)\nod \\<lbrace>\\<lambda>_. invs\\<rbrace>\n 2. \\<not> maxIRQ < irq \\<Longrightarrow> \\<lbrace>invs\\<rbrace> do st <- get_irq_state irq;\ny <- case st of IRQInactive \\<Rightarrow> fail | IRQSignal \\<Rightarrow> do slot <- get_irq_slot irq;\ncap <- get_cap slot;\nwhen (is_ntfn_cap cap \\<and> AllowSend \\<in> cap_rights cap) $ send_signal (obj_ref_of cap) (cap_ep_badge cap);\narch_mask_irq_signal irq\nod | IRQTimer \\<Rightarrow> do do_extended_op timer_tick;\ndo_machine_op resetTimer\nod | IRQReserved \\<Rightarrow> handle_reserved_irq irq;\ndo_machine_op (ackInterrupt irq)\nod \\<lbrace>\\<lambda>_. invs\\<rbrace>",
        "step_time": 0.009882688522338867
    },
    {
        "index": 100,
        "step": "apply (wp dmo_maskInterrupt_invs maskInterrupt_invs_ARCH dmo_ackInterrupt send_signal_interrupt_states\n            | wpc | simp add: arch_mask_irq_signal_def)+",
        "output": "",
        "raw_output": "proof (prove)\ngoal (6 subgoals):\n 1. \\<And>st slot. \\<lbrakk>\\<not> maxIRQ < irq; st = IRQSignal\\<rbrakk> \\<Longrightarrow> \\<lbrace>?B45 IRQSignal slot\\<rbrace> get_cap slot \\<lbrace>\\<lambda>cap. if is_ntfn_cap cap \\<and> AllowSend \\<in> cap_rights cap then \\<lambda>s. invs s \\<and> ex_nonz_cap_to (obj_ref_of cap) s \\<and> valid_objs s else invs\\<rbrace>\n 2. \\<And>st. \\<lbrakk>\\<not> maxIRQ < irq; st = IRQSignal\\<rbrakk> \\<Longrightarrow> \\<lbrace>?R35 st\\<rbrace> get_irq_slot irq \\<lbrace>?B45 st\\<rbrace>\n 3. \\<And>st. \\<lbrakk>\\<not> maxIRQ < irq; st = IRQTimer\\<rbrakk> \\<Longrightarrow> \\<lbrace>?R34 st\\<rbrace> do do_extended_op timer_tick;\ndo_machine_op resetTimer\nod \\<lbrace>\\<lambda>y. invs\\<rbrace>\n 4. \\<And>st. \\<lbrakk>\\<not> maxIRQ < irq; st = IRQReserved\\<rbrakk> \\<Longrightarrow> \\<lbrace>?R33 st\\<rbrace> handle_reserved_irq irq \\<lbrace>\\<lambda>y. invs\\<rbrace>\n 5. \\<not> maxIRQ < irq \\<Longrightarrow> \\<lbrace>?Q23\\<rbrace> get_irq_state irq \\<lbrace>\\<lambda>st s. (st = IRQInactive \\<longrightarrow> True) \\<and> (st = IRQSignal \\<longrightarrow> ?R35 st s) \\<and> (st = IRQTimer \\<longrightarrow> ?R34 st s) \\<and> (st = IRQReserved \\<longrightarrow> ?R33 st s)\\<rbrace>\n 6. \\<And>s. \\<lbrakk>\\<not> maxIRQ < irq; invs s\\<rbrakk> \\<Longrightarrow> ?Q23 s",
        "step_time": 0.07497811317443848
    },
    {
        "index": 101,
        "step": "apply (wp get_cap_wp send_signal_interrupt_states)",
        "output": "",
        "raw_output": "proof (prove)\ngoal (5 subgoals):\n 1. \\<And>st. \\<lbrakk>\\<not> maxIRQ < irq; st = IRQSignal\\<rbrakk> \\<Longrightarrow> \\<lbrace>?R35 st\\<rbrace> get_irq_slot irq \\<lbrace>\\<lambda>a b. \\<forall>cap. cte_wp_at ((=) cap) a b \\<longrightarrow> (if is_ntfn_cap cap \\<and> AllowSend \\<in> cap_rights cap then \\<lambda>s. invs s \\<and> ex_nonz_cap_to (obj_ref_of cap) s \\<and> valid_objs s else invs) b\\<rbrace>\n 2. \\<And>st. \\<lbrakk>\\<not> maxIRQ < irq; st = IRQTimer\\<rbrakk> \\<Longrightarrow> \\<lbrace>?R34 st\\<rbrace> do do_extended_op timer_tick;\ndo_machine_op resetTimer\nod \\<lbrace>\\<lambda>y. invs\\<rbrace>\n 3. \\<And>st. \\<lbrakk>\\<not> maxIRQ < irq; st = IRQReserved\\<rbrakk> \\<Longrightarrow> \\<lbrace>?R33 st\\<rbrace> handle_reserved_irq irq \\<lbrace>\\<lambda>y. invs\\<rbrace>\n 4. \\<not> maxIRQ < irq \\<Longrightarrow> \\<lbrace>?Q23\\<rbrace> get_irq_state irq \\<lbrace>\\<lambda>st s. (st = IRQInactive \\<longrightarrow> True) \\<and> (st = IRQSignal \\<longrightarrow> ?R35 st s) \\<and> (st = IRQTimer \\<longrightarrow> ?R34 st s) \\<and> (st = IRQReserved \\<longrightarrow> ?R33 st s)\\<rbrace>\n 5. \\<And>s. \\<lbrakk>\\<not> maxIRQ < irq; invs s\\<rbrakk> \\<Longrightarrow> ?Q23 s",
        "step_time": 0.012942790985107422
    },
    {
        "index": 102,
        "step": "apply (rule_tac Q=\"\\<lambda>rv. invs and (\\<lambda>s. st = interrupt_states s irq)\" in hoare_post_imp)",
        "output": "",
        "raw_output": "proof (prove)\ngoal (6 subgoals):\n 1. \\<And>st rv s. \\<lbrakk>\\<not> maxIRQ < irq; st = IRQSignal; (invs and (\\<lambda>s. st = interrupt_states s irq)) s\\<rbrakk> \\<Longrightarrow> \\<forall>cap. cte_wp_at ((=) cap) rv s \\<longrightarrow> (if is_ntfn_cap cap \\<and> AllowSend \\<in> cap_rights cap then \\<lambda>s. invs s \\<and> ex_nonz_cap_to (obj_ref_of cap) s \\<and> valid_objs s else invs) s\n 2. \\<And>st. \\<lbrakk>\\<not> maxIRQ < irq; st = IRQSignal\\<rbrakk> \\<Longrightarrow> \\<lbrace>?R35 st\\<rbrace> get_irq_slot irq \\<lbrace>\\<lambda>rv. invs and (\\<lambda>s. st = interrupt_states s irq)\\<rbrace>\n 3. \\<And>st. \\<lbrakk>\\<not> maxIRQ < irq; st = IRQTimer\\<rbrakk> \\<Longrightarrow> \\<lbrace>?R34 st\\<rbrace> do do_extended_op timer_tick;\ndo_machine_op resetTimer\nod \\<lbrace>\\<lambda>y. invs\\<rbrace>\n 4. \\<And>st. \\<lbrakk>\\<not> maxIRQ < irq; st = IRQReserved\\<rbrakk> \\<Longrightarrow> \\<lbrace>?R33 st\\<rbrace> handle_reserved_irq irq \\<lbrace>\\<lambda>y. invs\\<rbrace>\n 5. \\<not> maxIRQ < irq \\<Longrightarrow> \\<lbrace>?Q23\\<rbrace> get_irq_state irq \\<lbrace>\\<lambda>st s. (st = IRQInactive \\<longrightarrow> True) \\<and> (st = IRQSignal \\<longrightarrow> ?R35 st s) \\<and> (st = IRQTimer \\<longrightarrow> ?R34 st s) \\<and> (st = IRQReserved \\<longrightarrow> ?R33 st s)\\<rbrace>\n 6. \\<And>s. \\<lbrakk>\\<not> maxIRQ < irq; invs s\\<rbrakk> \\<Longrightarrow> ?Q23 s",
        "step_time": 0.023317813873291016
    },
    {
        "index": 103,
        "step": "apply (clarsimp simp: ex_nonz_cap_to_def invs_valid_objs)",
        "output": "",
        "raw_output": "proof (prove)\ngoal (6 subgoals):\n 1. \\<And>a b s cap. \\<lbrakk>\\<not> maxIRQ < irq; invs s; IRQSignal = interrupt_states s irq; is_ntfn_cap cap; AllowSend \\<in> cap_rights cap; cte_wp_at ((=) cap) (a, b) s\\<rbrakk> \\<Longrightarrow> \\<exists>a b. cte_wp_at (\\<lambda>c. obj_ref_of cap \\<in> zobj_refs c) (a, b) s\n 2. \\<And>st. \\<lbrakk>\\<not> maxIRQ < irq; st = IRQSignal\\<rbrakk> \\<Longrightarrow> \\<lbrace>?R35 st\\<rbrace> get_irq_slot irq \\<lbrace>\\<lambda>rv. invs and (\\<lambda>s. st = interrupt_states s irq)\\<rbrace>\n 3. \\<And>st. \\<lbrakk>\\<not> maxIRQ < irq; st = IRQTimer\\<rbrakk> \\<Longrightarrow> \\<lbrace>?R34 st\\<rbrace> do do_extended_op timer_tick;\ndo_machine_op resetTimer\nod \\<lbrace>\\<lambda>y. invs\\<rbrace>\n 4. \\<And>st. \\<lbrakk>\\<not> maxIRQ < irq; st = IRQReserved\\<rbrakk> \\<Longrightarrow> \\<lbrace>?R33 st\\<rbrace> handle_reserved_irq irq \\<lbrace>\\<lambda>y. invs\\<rbrace>\n 5. \\<not> maxIRQ < irq \\<Longrightarrow> \\<lbrace>?Q23\\<rbrace> get_irq_state irq \\<lbrace>\\<lambda>st s. (st = IRQInactive \\<longrightarrow> True) \\<and> (st = IRQSignal \\<longrightarrow> ?R35 st s) \\<and> (st = IRQTimer \\<longrightarrow> ?R34 st s) \\<and> (st = IRQReserved \\<longrightarrow> ?R33 st s)\\<rbrace>\n 6. \\<And>s. \\<lbrakk>\\<not> maxIRQ < irq; invs s\\<rbrakk> \\<Longrightarrow> ?Q23 s",
        "step_time": 0.024295568466186523
    },
    {
        "index": 104,
        "step": "apply (intro allI exI, erule cte_wp_at_weakenE)",
        "output": "",
        "raw_output": "proof (prove)\ngoal (6 subgoals):\n 1. \\<And>a b s cap c. \\<lbrakk>\\<not> maxIRQ < irq; invs s; IRQSignal = interrupt_states s irq; is_ntfn_cap cap; AllowSend \\<in> cap_rights cap; cap = c\\<rbrakk> \\<Longrightarrow> obj_ref_of cap \\<in> zobj_refs c\n 2. \\<And>st. \\<lbrakk>\\<not> maxIRQ < irq; st = IRQSignal\\<rbrakk> \\<Longrightarrow> \\<lbrace>?R35 st\\<rbrace> get_irq_slot irq \\<lbrace>\\<lambda>rv. invs and (\\<lambda>s. st = interrupt_states s irq)\\<rbrace>\n 3. \\<And>st. \\<lbrakk>\\<not> maxIRQ < irq; st = IRQTimer\\<rbrakk> \\<Longrightarrow> \\<lbrace>?R34 st\\<rbrace> do do_extended_op timer_tick;\ndo_machine_op resetTimer\nod \\<lbrace>\\<lambda>y. invs\\<rbrace>\n 4. \\<And>st. \\<lbrakk>\\<not> maxIRQ < irq; st = IRQReserved\\<rbrakk> \\<Longrightarrow> \\<lbrace>?R33 st\\<rbrace> handle_reserved_irq irq \\<lbrace>\\<lambda>y. invs\\<rbrace>\n 5. \\<not> maxIRQ < irq \\<Longrightarrow> \\<lbrace>?Q23\\<rbrace> get_irq_state irq \\<lbrace>\\<lambda>st s. (st = IRQInactive \\<longrightarrow> True) \\<and> (st = IRQSignal \\<longrightarrow> ?R35 st s) \\<and> (st = IRQTimer \\<longrightarrow> ?R34 st s) \\<and> (st = IRQReserved \\<longrightarrow> ?R33 st s)\\<rbrace>\n 6. \\<And>s. \\<lbrakk>\\<not> maxIRQ < irq; invs s\\<rbrakk> \\<Longrightarrow> ?Q23 s",
        "step_time": 0.009697914123535156
    },
    {
        "index": 105,
        "step": "apply (clarsimp simp: is_cap_simps)",
        "output": "",
        "raw_output": "proof (prove)\ngoal (5 subgoals):\n 1. \\<And>st. \\<lbrakk>\\<not> maxIRQ < irq; st = IRQSignal\\<rbrakk> \\<Longrightarrow> \\<lbrace>?R35 st\\<rbrace> get_irq_slot irq \\<lbrace>\\<lambda>rv. invs and (\\<lambda>s. st = interrupt_states s irq)\\<rbrace>\n 2. \\<And>st. \\<lbrakk>\\<not> maxIRQ < irq; st = IRQTimer\\<rbrakk> \\<Longrightarrow> \\<lbrace>?R34 st\\<rbrace> do do_extended_op timer_tick;\ndo_machine_op resetTimer\nod \\<lbrace>\\<lambda>y. invs\\<rbrace>\n 3. \\<And>st. \\<lbrakk>\\<not> maxIRQ < irq; st = IRQReserved\\<rbrakk> \\<Longrightarrow> \\<lbrace>?R33 st\\<rbrace> handle_reserved_irq irq \\<lbrace>\\<lambda>y. invs\\<rbrace>\n 4. \\<not> maxIRQ < irq \\<Longrightarrow> \\<lbrace>?Q23\\<rbrace> get_irq_state irq \\<lbrace>\\<lambda>st s. (st = IRQInactive \\<longrightarrow> True) \\<and> (st = IRQSignal \\<longrightarrow> ?R35 st s) \\<and> (st = IRQTimer \\<longrightarrow> ?R34 st s) \\<and> (st = IRQReserved \\<longrightarrow> ?R33 st s)\\<rbrace>\n 5. \\<And>s. \\<lbrakk>\\<not> maxIRQ < irq; invs s\\<rbrakk> \\<Longrightarrow> ?Q23 s",
        "step_time": 0.018277883529663086
    },
    {
        "index": 106,
        "step": "apply (wp hoare_drop_imps resetTimer_invs_ARCH\n           | simp add: get_irq_state_def handle_reserved_irq_def)+",
        "output": "",
        "raw_output": "proof (prove)\ngoal:\nNo subgoals!",
        "step_time": 0.04120230674743652
    },
    {
        "index": 107,
        "step": "done",
        "output": "",
        "raw_output": "",
        "step_time": 0.005635499954223633
    },
    {
        "index": 108,
        "step": "lemma sts_arch_irq_control_inv_valid[wp, Interrupt_AI_asms]:\n  \"\\<lbrace>arch_irq_control_inv_valid i\\<rbrace>\n       set_thread_state t st\n   \\<lbrace>\\<lambda>rv. arch_irq_control_inv_valid i\\<rbrace>\"",
        "output": "",
        "raw_output": "proof (prove)\ngoal (1 subgoal):\n 1. \\<lbrace>arch_irq_control_inv_valid i\\<rbrace> set_thread_state t st \\<lbrace>\\<lambda>rv. arch_irq_control_inv_valid i\\<rbrace>",
        "step_time": 0.007610321044921875
    },
    {
        "index": 109,
        "step": "apply (simp add: arch_irq_control_inv_valid_def)",
        "output": "",
        "raw_output": "proof (prove)\ngoal (1 subgoal):\n 1. \\<lbrace>arch_irq_control_inv_valid_real i\\<rbrace> set_thread_state t st \\<lbrace>\\<lambda>rv. arch_irq_control_inv_valid_real i\\<rbrace>",
        "step_time": 0.0059969425201416016
    },
    {
        "index": 110,
        "step": "apply (cases i)",
        "output": "",
        "raw_output": "proof (prove)\ngoal (1 subgoal):\n 1. \\<And>x1 x2 x3 x4. i = ArchIRQControlIssue x1 x2 x3 x4 \\<Longrightarrow> \\<lbrace>arch_irq_control_inv_valid_real i\\<rbrace> set_thread_state t st \\<lbrace>\\<lambda>rv. arch_irq_control_inv_valid_real i\\<rbrace>",
        "step_time": 0.00683283805847168
    },
    {
        "index": 111,
        "step": "apply (clarsimp)",
        "output": "",
        "raw_output": "proof (prove)\ngoal (1 subgoal):\n 1. \\<And>x1 a b aa ba x4. i = ArchIRQControlIssue x1 (a, b) (aa, ba) x4 \\<Longrightarrow> \\<lbrace>cte_wp_at ((=) NullCap) (a, b) and cte_wp_at ((=) IRQControlCap) (aa, ba) and ex_cte_cap_wp_to is_cnode_cap (a, b) and cap_table_at (length b) a and (\\<lambda>y. x1 \\<le> maxIRQ)\\<rbrace> set_thread_state t st \\<lbrace>\\<lambda>rv. cte_wp_at ((=) NullCap) (a, b) and cte_wp_at ((=) IRQControlCap) (aa, ba) and ex_cte_cap_wp_to is_cnode_cap (a, b) and cap_table_at (length b) a and (\\<lambda>y. x1 \\<le> maxIRQ)\\<rbrace>",
        "step_time": 0.018117666244506836
    },
    {
        "index": 112,
        "step": "apply (wp ex_cte_cap_to_pres | simp add: cap_table_at_typ)+",
        "output": "",
        "raw_output": "proof (prove)\ngoal:\nNo subgoals!",
        "step_time": 0.16743135452270508
    },
    {
        "index": 113,
        "step": "done",
        "output": "",
        "raw_output": "",
        "step_time": 0.006441593170166016
    },
    {
        "index": 114,
        "step": "end",
        "output": "",
        "raw_output": "",
        "step_time": 0.004567623138427734
    },
    {
        "index": 115,
        "step": "interpretation Interrupt_AI?: Interrupt_AI",
        "output": "",
        "raw_output": "proof (prove)\ngoal (1 subgoal):\n 1. Interrupt_AI TYPE('a)",
        "step_time": 0.006096363067626953
    },
    {
        "index": 116,
        "step": "proof goal_cases",
        "output": "",
        "raw_output": "proof (state)\ngoal (1 subgoal):\n 1. Interrupt_AI TYPE('a)",
        "step_time": 0.005016326904296875
    },
    {
        "index": 117,
        "step": "interpret Arch",
        "output": "",
        "raw_output": "proof (prove)\ngoal:\nNo subgoals!",
        "step_time": 0.06640815734863281
    },
    {
        "index": 118,
        "step": ".",
        "output": "",
        "raw_output": "proof (state)\ngoal (1 subgoal):\n 1. Interrupt_AI TYPE('a)",
        "step_time": 1.5732738971710205
    },
    {
        "index": 119,
        "step": "case 1",
        "output": "",
        "raw_output": "proof (state)\nthis:\n\n\ngoal (1 subgoal):\n 1. Interrupt_AI TYPE('a)",
        "step_time": 0.00716853141784668
    },
    {
        "index": 120,
        "step": "show ?case",
        "output": "",
        "raw_output": "proof (prove)\ngoal (1 subgoal):\n 1. Interrupt_AI TYPE('a)",
        "step_time": 0.09159445762634277
    },
    {
        "index": 121,
        "step": "by (intro_locales; (unfold_locales, simp_all add: Interrupt_AI_asms)?)",
        "output": "",
        "raw_output": "proof (state)\nthis:\nInterrupt_AI TYPE('a)\n\ngoal:\nNo subgoals!",
        "step_time": 0.02720928192138672
    },
    {
        "index": 122,
        "step": "qed",
        "output": "",
        "raw_output": "",
        "step_time": 0.016815662384033203
    },
    {
        "index": 123,
        "step": "end",
        "output": "",
        "raw_output": "",
        "step_time": 0.007927894592285156
    }
]