[
    {
        "index": 0,
        "step": "(*\n * Copyright 2014, General Dynamics C4 Systems\n *\n * SPDX-License-Identifier: GPL-2.0-only\n *)\n\n(*\n Arch-specific retype invariants\n*)\n\n",
        "output": "",
        "raw_output": "",
        "step_time": 0.0064814090728759766
    },
    {
        "index": 1,
        "step": "theory ArchInterruptAcc_AI\nimports InterruptAcc_AI\nbegin",
        "output": "",
        "raw_output": "",
        "step_time": 0.006041765213012695
    },
    {
        "index": 2,
        "step": "context Arch begin",
        "output": "",
        "raw_output": "",
        "step_time": 1.8448352813720703
    },
    {
        "index": 3,
        "step": "global_naming ARM",
        "output": "",
        "raw_output": "",
        "step_time": 0.0059320926666259766
    },
    {
        "index": 4,
        "step": "named_theorems InterruptAcc_AI_assms",
        "output": "",
        "raw_output": "",
        "step_time": 0.3330826759338379
    },
    {
        "index": 5,
        "step": "lemma dmo_maskInterrupt_invs [InterruptAcc_AI_assms]:\n  \"\\<lbrace>all_invs_but_valid_irq_states_for irq and (\\<lambda>s. state = interrupt_states s irq)\\<rbrace>\n   do_machine_op (maskInterrupt (state = IRQInactive) irq)\n   \\<lbrace>\\<lambda>rv. invs\\<rbrace>\"",
        "output": "",
        "raw_output": "proof (prove)\ngoal (1 subgoal):\n 1. \\<lbrace>all_invs_but_valid_irq_states_for irq and (\\<lambda>s. state = interrupt_states s irq)\\<rbrace> do_machine_op (maskInterrupt (state = IRQInactive) irq) \\<lbrace>\\<lambda>rv. invs\\<rbrace>",
        "step_time": 0.08507418632507324
    },
    {
        "index": 6,
        "step": "apply (simp add: do_machine_op_def split_def maskInterrupt_def)",
        "output": "",
        "raw_output": "proof (prove)\ngoal (1 subgoal):\n 1. \\<lbrace>all_invs_but_valid_irq_states_for irq and (\\<lambda>s. state = interrupt_states s irq)\\<rbrace> do ms <- gets machine_state;\np <- select_f (modify (\\<lambda>s. s\\<lparr>irq_masks := (irq_masks s)(irq := state = IRQInactive)\\<rparr>) ms);\nmodify (machine_state_update (\\<lambda>_. snd p))\nod \\<lbrace>\\<lambda>rv. invs\\<rbrace>",
        "step_time": 0.016318559646606445
    },
    {
        "index": 7,
        "step": "apply wp",
        "output": "",
        "raw_output": "proof (prove)\ngoal (1 subgoal):\n 1. \\<And>s. (all_invs_but_valid_irq_states_for irq and (\\<lambda>s. state = interrupt_states s irq)) s \\<Longrightarrow> \\<forall>x\\<in>fst (modify (\\<lambda>s. s\\<lparr>irq_masks := (irq_masks s)(irq := state = IRQInactive)\\<rparr>) (machine_state s)). invs (s\\<lparr>machine_state := snd x\\<rparr>)",
        "step_time": 0.01654338836669922
    },
    {
        "index": 8,
        "step": "apply (clarsimp simp: in_monad invs_def valid_state_def all_invs_but_valid_irq_states_for_def valid_irq_states_but_def valid_irq_masks_but_def valid_machine_state_def cur_tcb_def valid_irq_states_def valid_irq_masks_def)",
        "output": "",
        "raw_output": "proof (prove)\ngoal:\nNo subgoals!",
        "step_time": 0.12195849418640137
    },
    {
        "index": 9,
        "step": "done",
        "output": "",
        "raw_output": "",
        "step_time": 0.008004426956176758
    },
    {
        "index": 10,
        "step": "end",
        "output": "",
        "raw_output": "",
        "step_time": 0.005285739898681641
    },
    {
        "index": 11,
        "step": "global_interpretation InterruptAcc_AI?: InterruptAcc_AI",
        "output": "",
        "raw_output": "proof (prove)\ngoal (1 subgoal):\n 1. InterruptAcc_AI TYPE('a)",
        "step_time": 0.0051724910736083984
    },
    {
        "index": 12,
        "step": "proof goal_cases",
        "output": "",
        "raw_output": "proof (state)\ngoal (1 subgoal):\n 1. InterruptAcc_AI TYPE('a)",
        "step_time": 0.0053026676177978516
    },
    {
        "index": 13,
        "step": "interpret Arch",
        "output": "",
        "raw_output": "proof (prove)\ngoal:\nNo subgoals!",
        "step_time": 0.06715202331542969
    },
    {
        "index": 14,
        "step": ".",
        "output": "",
        "raw_output": "proof (state)\ngoal (1 subgoal):\n 1. InterruptAcc_AI TYPE('a)",
        "step_time": 1.4717042446136475
    },
    {
        "index": 15,
        "step": "case 1",
        "output": "",
        "raw_output": "proof (state)\nthis:\n\n\ngoal (1 subgoal):\n 1. InterruptAcc_AI TYPE('a)",
        "step_time": 0.007618904113769531
    },
    {
        "index": 16,
        "step": "show ?case",
        "output": "",
        "raw_output": "proof (prove)\ngoal (1 subgoal):\n 1. InterruptAcc_AI TYPE('a)",
        "step_time": 0.08626484870910645
    },
    {
        "index": 17,
        "step": "by (unfold_locales; fact InterruptAcc_AI_assms)",
        "output": "",
        "raw_output": "proof (state)\nthis:\nInterruptAcc_AI TYPE('a)\n\ngoal:\nNo subgoals!",
        "step_time": 0.007912874221801758
    },
    {
        "index": 18,
        "step": "qed",
        "output": "",
        "raw_output": "",
        "step_time": 0.0072383880615234375
    },
    {
        "index": 19,
        "step": "end",
        "output": "",
        "raw_output": "",
        "step_time": 0.0057985782623291016
    }
]