[
    {
        "index": 0,
        "step": "(*\n * Copyright 2014, General Dynamics C4 Systems\n *\n * SPDX-License-Identifier: GPL-2.0-only\n *)\n\n",
        "output": "",
        "raw_output": "",
        "step_time": 0.007200956344604492
    },
    {
        "index": 1,
        "step": "theory ArchBits_AI\nimports Invariants_AI\nbegin",
        "output": "",
        "raw_output": "",
        "step_time": 0.005669355392456055
    },
    {
        "index": 2,
        "step": "context Arch begin",
        "output": "",
        "raw_output": "",
        "step_time": 1.832331657409668
    },
    {
        "index": 3,
        "step": "global_naming ARM",
        "output": "",
        "raw_output": "",
        "step_time": 0.006891965866088867
    },
    {
        "index": 4,
        "step": "lemma invs_unique_table_caps[elim!]:\n  \"invs s \\<Longrightarrow> unique_table_caps (caps_of_state s)\"",
        "output": "",
        "raw_output": "proof (prove)\ngoal (1 subgoal):\n 1. invs s \\<Longrightarrow> unique_table_caps (caps_of_state s)",
        "step_time": 0.09094572067260742
    },
    {
        "index": 5,
        "step": "by (clarsimp simp: invs_def valid_state_def valid_arch_caps_def)",
        "output": "",
        "raw_output": "",
        "step_time": 0.03209233283996582
    },
    {
        "index": 6,
        "step": "lemma invs_unique_refs[elim!]:\n  \"invs s \\<Longrightarrow> unique_table_refs (caps_of_state s)\"",
        "output": "",
        "raw_output": "proof (prove)\ngoal (1 subgoal):\n 1. invs s \\<Longrightarrow> unique_table_refs (caps_of_state s)",
        "step_time": 0.008010387420654297
    },
    {
        "index": 7,
        "step": "by (simp add: invs_def valid_state_def valid_arch_caps_def)",
        "output": "",
        "raw_output": "",
        "step_time": 0.03253817558288574
    },
    {
        "index": 8,
        "step": "lemma invs_pd_caps:\n  \"invs s \\<Longrightarrow> valid_table_caps s\"",
        "output": "",
        "raw_output": "proof (prove)\ngoal (1 subgoal):\n 1. invs s \\<Longrightarrow> valid_table_caps s",
        "step_time": 0.006536245346069336
    },
    {
        "index": 9,
        "step": "by (clarsimp simp: invs_def valid_state_def valid_arch_caps_def)",
        "output": "",
        "raw_output": "",
        "step_time": 0.03401970863342285
    },
    {
        "index": 10,
        "step": "lemma invs_valid_vs_lookup[elim!]:\n  \"invs s \\<Longrightarrow> valid_vs_lookup s \"",
        "output": "",
        "raw_output": "proof (prove)\ngoal (1 subgoal):\n 1. invs s \\<Longrightarrow> valid_vs_lookup s",
        "step_time": 0.006522417068481445
    },
    {
        "index": 11,
        "step": "by (clarsimp simp: invs_def valid_state_def valid_arch_caps_def)",
        "output": "",
        "raw_output": "",
        "step_time": 0.033554792404174805
    },
    {
        "index": 12,
        "step": "lemma pbfs_atleast_pageBits:\n  \"pageBits \\<le> pageBitsForSize sz\"",
        "output": "",
        "raw_output": "proof (prove)\ngoal (1 subgoal):\n 1. pageBits \\<le> pageBitsForSize sz",
        "step_time": 0.007087230682373047
    },
    {
        "index": 13,
        "step": "by (cases sz) (auto simp: pageBits_def)",
        "output": "",
        "raw_output": "",
        "step_time": 0.010090827941894531
    },
    {
        "index": 14,
        "step": "lemmas is_cap_simps = is_cap_simps is_arch_cap_simps",
        "output": "",
        "raw_output": "",
        "step_time": 0.028383970260620117
    },
    {
        "index": 15,
        "step": "lemmas valid_cap_def = valid_cap_def[simplified valid_arch_cap_def]",
        "output": "",
        "raw_output": "",
        "step_time": 0.04271745681762695
    },
    {
        "index": 16,
        "step": "lemmas valid_cap_simps =\n  valid_cap_def[split_simps cap.split arch_cap.split]",
        "output": "",
        "raw_output": "",
        "step_time": 0.03618741035461426
    },
    {
        "index": 17,
        "step": "lemmas invs_valid_asid_table [elim!] = invs_arch_state[THEN vas_valid_asid_table]",
        "output": "",
        "raw_output": "",
        "step_time": 0.005247592926025391
    },
    {
        "index": 18,
        "step": "lemmas invs_ran_asid_table = invs_valid_asid_table[THEN valid_asid_table_ran]",
        "output": "",
        "raw_output": "",
        "step_time": 0.004677772521972656
    },
    {
        "index": 19,
        "step": "end",
        "output": "",
        "raw_output": "",
        "step_time": 0.004029273986816406
    },
    {
        "index": 20,
        "step": "end",
        "output": "",
        "raw_output": "",
        "step_time": 0.005539655685424805
    }
]