[
    {
        "index": 0,
        "step": "(*\n * Copyright 2020, Data61, CSIRO (ABN 41 687 119 230)\n *\n * SPDX-License-Identifier: GPL-2.0-only\n *)\n\n",
        "output": "",
        "raw_output": "",
        "step_time": 0.006308078765869141
    },
    {
        "index": 1,
        "step": "text \\<open>\n  This file provide the main confidentiality unwinding condition:\n  the reads_respects family.\n  In order to do that it provides subjectReads, the set of labels a label can observe from\n  and subjectAffects, the set of labels a label can affect.\n  Then we can build read_equiv and affects_equiv which are parts of the unwinding relation.\n  reads_respects then states that reads_equiv and affects_equiv are preserved\n  through a specific function\n\\<close>",
        "output": "",
        "raw_output": "",
        "step_time": 0.0056040287017822266
    },
    {
        "index": 2,
        "step": "theory InfoFlow\nimports ArchInfoFlow\nbegin",
        "output": "",
        "raw_output": "",
        "step_time": 0.0050046443939208984
    },
    {
        "index": 3,
        "step": "section \\<open>Scheduler domain constraint\\<close>",
        "output": "",
        "raw_output": "",
        "step_time": 0.005614757537841797
    },
    {
        "index": 4,
        "step": "text \\<open>\n  For the information flow theorem, we assume that every domain\n  contains threads of exactly one label, so that labels cannot leak\n  information through the scheduler.\n\n  Morally, domains that have no labels ought to be allowed as well,\n  but this definition is easier to reason about. In practice, we can\n  just put all empty domains into some dummy label to satisfy the\n  exactly-one requirement. See e.g. the mapping in Example_Valid_State.\n\\<close>",
        "output": "",
        "raw_output": "",
        "step_time": 0.005140066146850586
    },
    {
        "index": 5,
        "step": "definition pas_domains_distinct :: \"('a, 'b) PAS_scheme \\<Rightarrow> bool\"\n  where\n    \"pas_domains_distinct aag \\<equiv> \\<forall>d. \\<exists>l. pasDomainAbs aag d = {l}\"",
        "output": "",
        "raw_output": "",
        "step_time": 0.13328242301940918
    },
    {
        "index": 6,
        "step": "section \\<open>Reading: subjectReads and associated equivalence properties\\<close>",
        "output": "",
        "raw_output": "",
        "step_time": 0.00796198844909668
    },
    {
        "index": 7,
        "step": "subsection \\<open>subjectReads\\<close>",
        "output": "",
        "raw_output": "",
        "step_time": 0.00651860237121582
    },
    {
        "index": 8,
        "step": "text\\<open>We take the authority graph from the access proofs. We identify each\n   label in that graph with an information flow domain. Our goal is to\n   construct an equivalence relation (R l) on states, for each label l of\n   the authority graph, that tells us when those two states are equal for\n   all state readable by label l -- i.e. all state that falls within l's\n   information flow domain. The set of all such state, we denote\n   subjectReads g l, where g is the authority graph.\\<close>",
        "output": "",
        "raw_output": "",
        "step_time": 0.0068035125732421875
    },
    {
        "index": 9,
        "step": "\n\n\n(* TODO: consider putting the current subject as a parameter and restricting\n         the inductive rules to require that 'a' is the current subject *)\n",
        "output": "",
        "raw_output": "",
        "step_time": 0.0060253143310546875
    },
    {
        "index": 10,
        "step": "inductive_set subjectReads :: \"'a auth_graph \\<Rightarrow> 'a \\<Rightarrow> 'a set\"\n  for g :: \"'a auth_graph\" and l :: \"'a\" where\n  (* clearly, l can read from anything it has Read authority to *)\n  reads_read: \"(l,Read,l') \\<in> g \\<Longrightarrow>  l' \\<in> subjectReads g l\"\n  (* l can read from itself *)\n| reads_lrefl[simp,intro!]: \"l \\<in> subjectReads g l\"\n  (* if l has SyncSend or Receive authority to an endpoint, l can read it *)\n|  reads_ep:\n  \"\\<lbrakk> (l,auth,ep) \\<in> g; auth \\<in> {SyncSend,Receive} \\<rbrakk>\n     \\<Longrightarrow> ep \\<in> subjectReads g l\"\n|  reads_read_queued_thread_read_ep:\n  (* if someone can send on or reset an endpoint, and l can read from a thread t\n     that can receive or send synchronously on that endpoint, then l needs to\n     be able to read from the endpoint too. This is because the thread t might\n     be blocked waiting to send or receive an that endpoint. When the other\n     party completes the rendezvous,\n     the affects caused to t depend of course on the state of the endpoint.\n     Since t is in l's domain, the ep better be too. *)\n  \"\\<lbrakk> (a, auth', ep) \\<in> g; auth' \\<in> {Notify,SyncSend,Reset};\n     (t, auth, ep) \\<in> g; auth \\<in> {SyncSend, Receive}; t \\<in> subjectReads g l \\<rbrakk>\n     \\<Longrightarrow> ep \\<in> subjectReads g l\"\n  (* if someone, t, can write to a page, and the page is in l's domain, that the\n     writer better be too. This is needed for when the page is t's ipc buffer,\n     and t is blocked on an IPC and the other party completes the operation.\n     The affects caused to the page in question naturally depend on t's state,\n     so if the page is part of l's domain, t better be too. *)\n| reads_read_page_read_thread:\n  \"\\<lbrakk> b \\<in> subjectReads g l; (t,Write,b) \\<in> g \\<rbrakk>\n     \\<Longrightarrow> t \\<in> subjectReads g l\"\n  (* This is the symmetric case for the rule reads_read_page_read_thread.\n     Here now suppose t is a sender of an IPC and p is its IPC buffer, to which\n     it necessarily has Read authority. Suppose t is blocked waiting to complete\n     the send, and the receiver completes the rendezvous.\n     IF t is in l's domain, then the IPC buffer  had better be too, since it\n     will clearly be read during the operation to send the IPC *)\n| reads_read_thread_read_pages:\n  \"\\<lbrakk> t \\<in> subjectReads g l; (t,Read,p) \\<in> g \\<rbrakk>\n     \\<Longrightarrow> p \\<in> subjectReads g l\"\n  (* This rule allows domain l to read from all senders to synchronous endpoints\n     for all such endpoints in its domain. This is needed for when someone\n     does a receive (for which a sender is already blocked) or reset on the ep.\n     The affects on the ep here will depend on the state of any blocked\n     senders. So if the ep is in l's domain, the senders better be too. *)\n| read_sync_ep_read_senders:\n  \"\\<lbrakk> ep \\<in> subjectReads g l; (b,SyncSend,ep) \\<in> g \\<rbrakk>\n     \\<Longrightarrow> b \\<in> subjectReads g l\"\n| read_sync_ep_call_senders:\n  \"\\<lbrakk> ep \\<in> subjectReads g l; (b,Call,ep) \\<in> g \\<rbrakk>\n     \\<Longrightarrow> b \\<in> subjectReads g l\"\n  (* This rule allows anyone who can read a synchronous endpoint, to also be\n     able to read from its receivers. The intuition is that the state of the\n     receivers can affect how the endpoint is affected. *)\n  (* I'm not convinced that this rule is strictly necessary. I think that\n     the specific state of the receiver doesn't affect the ep too much and\n     that we could probably do away with this rule at the cost of some way more\n     complex confidentiality proofs for send_ipc. We would have to prove that\n     the affect on the ep is the same regardless of /who/ the reciever is\n     (and which page their IPC buffer is etc.). This would involve some quite\n     tedious equiv_valid_2 proofs for send_ipc and the functions it calls,\n     which don't really seem worth it at the moment. *)\n  (* If we removed this rule, all it would gain us I think would be the absence\n     of direct edges from receiver \\<rightarrow> sender in the infoflow policy, but we\n     would still have edges from receiver \\<rightarrow> ep \\<rightarrow> sender in either case. I\n     cannot imagine a useful intransitive noninterference policy that permits\n     the latter case but not the former, so the extra cost of doing away with\n     this rule does not seem worth it IMO. *)\n| read_sync_ep_read_receivers:\n  \"\\<lbrakk> ep \\<in> subjectReads g l; (b,Receive,ep) \\<in> g \\<rbrakk>\n     \\<Longrightarrow> b \\<in> subjectReads g l\"\n  (* if t can reply to t', then t can send directly information to t' *)\n| read_reply_thread_read_thread:\n  \"\\<lbrakk> t' \\<in> subjectReads g l; (t,Reply,t') \\<in> g \\<rbrakk>\n     \\<Longrightarrow> t \\<in> subjectReads g l\"\n  (* This rule is only there for convinience if Reply authorities corresponds to Call authorities*)\n| read_reply_thread_read_thread_rev:\n  \"\\<lbrakk> t' \\<in> subjectReads g l; (t',Reply,t) \\<in> g \\<rbrakk>\n     \\<Longrightarrow> t \\<in> subjectReads g l\"\n  (* if t can reply to t', then t can send directly information to t' *)\n| read_delder_thread_read_thread:\n  \"\\<lbrakk> t' \\<in> subjectReads g l; (t,DeleteDerived,t') \\<in> g \\<rbrakk>\n     \\<Longrightarrow> t \\<in> subjectReads g l\"\n  (* This rule is only there for convinience if Reply authorities corresponds to Call authorities*)\n| read_delder_thread_read_thread_rev:\n  \"\\<lbrakk> t' \\<in> subjectReads g l; (t',DeleteDerived,t) \\<in> g \\<rbrakk>\n     \\<Longrightarrow> t \\<in> subjectReads g l\"",
        "output": "",
        "raw_output": "",
        "step_time": 0.4916994571685791
    },
    {
        "index": 11,
        "step": "abbreviation aag_can_read :: \"'a PAS \\<Rightarrow> obj_ref \\<Rightarrow> bool\" where\n  \"aag_can_read aag x \\<equiv> (pasObjectAbs aag x) \\<in> subjectReads (pasPolicy aag) (pasSubject aag)\"",
        "output": "",
        "raw_output": "",
        "step_time": 0.013119697570800781
    },
    {
        "index": 12,
        "step": "abbreviation aag_can_read_irq :: \"'a PAS \\<Rightarrow> irq \\<Rightarrow> bool\" where\n  \"aag_can_read_irq aag x \\<equiv> (pasIRQAbs aag x) \\<in> subjectReads (pasPolicy aag) (pasSubject aag)\"",
        "output": "",
        "raw_output": "",
        "step_time": 0.01033329963684082
    },
    {
        "index": 13,
        "step": "abbreviation aag_can_read_asid :: \"'a PAS \\<Rightarrow> asid \\<Rightarrow> bool\" where\n  \"aag_can_read_asid aag x \\<equiv> (pasASIDAbs aag x) \\<in> subjectReads (pasPolicy aag) (pasSubject aag)\"",
        "output": "",
        "raw_output": "",
        "step_time": 0.010442495346069336
    },
    {
        "index": 14,
        "step": "\n\n(* FIXME: having an op\\<noteq> in the definition causes clarsimp to spuriously\n   apply classical rules. Using @{term disjnt} may avoid this issue *)\n",
        "output": "",
        "raw_output": "",
        "step_time": 0.005881547927856445
    },
    {
        "index": 15,
        "step": "abbreviation aag_can_read_domain :: \"'a PAS \\<Rightarrow> domain \\<Rightarrow> bool\" where\n  \"aag_can_read_domain aag x \\<equiv>\n     pasDomainAbs aag x \\<inter> subjectReads (pasPolicy aag) (pasSubject aag) \\<noteq> {}\"",
        "output": "",
        "raw_output": "",
        "step_time": 0.013268232345581055
    },
    {
        "index": 16,
        "step": "subsection \\<open>Generic equivalence\\<close>",
        "output": "",
        "raw_output": "",
        "step_time": 0.006191730499267578
    },
    {
        "index": 17,
        "step": "definition equiv_for where\n  \"equiv_for P f c c' \\<equiv>  \\<forall>x. P x \\<longrightarrow> f c x = f c' x\"",
        "output": "",
        "raw_output": "",
        "step_time": 0.018381834030151367
    },
    {
        "index": 18,
        "step": "subsection \\<open>Machine state equivalence\\<close>",
        "output": "",
        "raw_output": "",
        "step_time": 0.0045566558837890625
    },
    {
        "index": 19,
        "step": "abbreviation equiv_machine_state :: \"(obj_ref \\<Rightarrow> bool) \\<Rightarrow> machine_state \\<Rightarrow> machine_state \\<Rightarrow> bool\"\nwhere\n  \"equiv_machine_state P s s' \\<equiv> equiv_for (\\<lambda>x. P x) underlying_memory s s'\n                              \\<and> equiv_for (\\<lambda>x. P x) device_state s s'\"",
        "output": "",
        "raw_output": "",
        "step_time": 0.01449728012084961
    },
    {
        "index": 20,
        "step": "subsection \\<open>ASID equivalence\\<close>",
        "output": "",
        "raw_output": "",
        "step_time": 0.0041961669921875
    },
    {
        "index": 21,
        "step": "definition equiv_asids :: \"(asid \\<Rightarrow> bool) \\<Rightarrow> det_state \\<Rightarrow> det_state \\<Rightarrow> bool\" where\n  \"equiv_asids R s s' \\<equiv> \\<forall>asid. asid \\<noteq> 0 \\<and> R asid \\<longrightarrow> equiv_asid asid s s'\"",
        "output": "",
        "raw_output": "",
        "step_time": 0.029902935028076172
    },
    {
        "index": 22,
        "step": "definition identical_updates where\n  \"identical_updates k k' kh kh' \\<equiv> \\<forall>x. (kh x \\<noteq> kh' x \\<longrightarrow> (k x = kh x \\<and> k' x = kh' x))\"",
        "output": "",
        "raw_output": "",
        "step_time": 0.0178680419921875
    },
    {
        "index": 23,
        "step": "abbreviation identical_kheap_updates where\n  \"identical_kheap_updates s s' kh kh' \\<equiv> identical_updates (kheap s) (kheap s') kh kh'\"",
        "output": "",
        "raw_output": "",
        "step_time": 0.008678674697875977
    },
    {
        "index": 24,
        "step": "abbreviation identical_ekheap_updates where\n  \"identical_ekheap_updates s s' kh kh' \\<equiv> identical_updates (ekheap s) (ekheap s') kh kh'\"",
        "output": "",
        "raw_output": "",
        "step_time": 0.008181571960449219
    },
    {
        "index": 25,
        "step": "lemmas identical_kheap_updates_def = identical_updates_def",
        "output": "",
        "raw_output": "",
        "step_time": 0.005236387252807617
    },
    {
        "index": 26,
        "step": "lemmas identical_ekheap_updates_def = identical_updates_def",
        "output": "",
        "raw_output": "",
        "step_time": 0.005021572113037109
    },
    {
        "index": 27,
        "step": "subsection \\<open>Generic state equivalence\\<close>",
        "output": "",
        "raw_output": "",
        "step_time": 0.0037665367126464844
    },
    {
        "index": 28,
        "step": "text\\<open>Define state equivalence for a given set of object references, irqs, asids and domains\n\nThe first four parameters are just predicate for those four sets:\n  - P : object reference predicate\n  - Q : irq predicate\n  - R : asid predicate\n  - S : domain predicate\n\\<close>",
        "output": "",
        "raw_output": "",
        "step_time": 0.003776073455810547
    },
    {
        "index": 29,
        "step": "\n\n(*FIXME: We're not ancient Romans and don't need to condense the meaning of\n         the universe into S P Q R *)\n",
        "output": "",
        "raw_output": "",
        "step_time": 0.004010915756225586
    },
    {
        "index": 30,
        "step": "definition states_equiv_for ::\n  \"(obj_ref \\<Rightarrow> bool) \\<Rightarrow> (irq \\<Rightarrow> bool) \\<Rightarrow> (asid \\<Rightarrow> bool) \\<Rightarrow>\n   (domain \\<Rightarrow> bool) \\<Rightarrow> det_state \\<Rightarrow> det_state \\<Rightarrow> bool\" where\n  \"states_equiv_for P Q R S s s' \\<equiv>\n     equiv_for P kheap s s' \\<and>\n     equiv_machine_state P (machine_state s) (machine_state s') \\<and>\n     equiv_for (P \\<circ> fst) cdt s s' \\<and>\n     equiv_for P ekheap s s' \\<and>\n     equiv_for (P \\<circ> fst) cdt_list s s' \\<and>\n     equiv_for (P \\<circ> fst) is_original_cap s s' \\<and>\n     equiv_for Q interrupt_states s s' \\<and>\n     equiv_for Q interrupt_irq_node s s' \\<and>\n     equiv_for S  ready_queues s s' \\<and>\n     equiv_asids R s s'\"",
        "output": "",
        "raw_output": "",
        "step_time": 0.08853673934936523
    },
    {
        "index": 31,
        "step": "\n\n(* This the main use of states_equiv_for : P is use to restrict the labels we want to consider *)\n",
        "output": "",
        "raw_output": "",
        "step_time": 0.005580425262451172
    },
    {
        "index": 32,
        "step": "abbreviation states_equiv_for_labels ::\n  \"'a PAS \\<Rightarrow> ('a \\<Rightarrow> bool) \\<Rightarrow> det_state \\<Rightarrow> det_state \\<Rightarrow> bool\" where\n  \"states_equiv_for_labels aag P \\<equiv>\n      states_equiv_for (\\<lambda>x. P (pasObjectAbs aag x)) (\\<lambda>x. P (pasIRQAbs aag x))\n                       (\\<lambda>x. P (pasASIDAbs aag x)) (\\<lambda>x. \\<exists>l\\<in>pasDomainAbs aag x. P l)\"",
        "output": "",
        "raw_output": "",
        "step_time": 0.017369747161865234
    },
    {
        "index": 33,
        "step": "\n\n(* We need this to correctly complement the domain mapping, i.e. it's not true that\n     states_equiv_but_for_labels aag P = states_equiv_for_labels aag (not P) *)\n",
        "output": "",
        "raw_output": "",
        "step_time": 0.004973411560058594
    },
    {
        "index": 34,
        "step": "abbreviation states_equiv_but_for_labels ::\n  \"'a PAS \\<Rightarrow> ('a \\<Rightarrow> bool) \\<Rightarrow> det_state \\<Rightarrow> det_state \\<Rightarrow> bool\" where\n  \"states_equiv_but_for_labels aag P \\<equiv>\n     states_equiv_for (\\<lambda>x. \\<not> P (pasObjectAbs aag x)) (\\<lambda> x. \\<not> P (pasIRQAbs aag x))\n                      (\\<lambda>x. \\<not> P (pasASIDAbs aag x)) (\\<lambda> x. \\<forall>l\\<in>pasDomainAbs aag x. \\<not> P l)\"",
        "output": "",
        "raw_output": "",
        "step_time": 0.014442920684814453
    },
    {
        "index": 35,
        "step": "subsection \\<open>Idle thread equivalence\\<close>",
        "output": "",
        "raw_output": "",
        "step_time": 0.005258321762084961
    },
    {
        "index": 36,
        "step": "definition idle_equiv :: \"('z :: state_ext) state \\<Rightarrow> ('z :: state_ext) state \\<Rightarrow> bool\" where\n  \"idle_equiv s s' \\<equiv> idle_thread s = idle_thread s' \\<and>\n                     (\\<forall>tcb tcb'. kheap s (idle_thread s) = Some (TCB tcb)\n                                 \\<longrightarrow> kheap s' (idle_thread s) = Some (TCB tcb')\n                                 \\<longrightarrow> arch_tcb_context_get (tcb_arch tcb) =\n                                     arch_tcb_context_get (tcb_arch tcb')) \\<and>\n                     (tcb_at (idle_thread s) s \\<longleftrightarrow> tcb_at (idle_thread s) s')\"",
        "output": "",
        "raw_output": "",
        "step_time": 0.04375576972961426
    },
    {
        "index": 37,
        "step": "subsection \\<open>Global (Kernel) VSpace equivalence\\<close>",
        "output": "",
        "raw_output": "",
        "step_time": 0.004673004150390625
    },
    {
        "index": 38,
        "step": "\n\n(* cur_thread is included here also to enforce this being an equivalence relation *)\n",
        "output": "",
        "raw_output": "",
        "step_time": 0.0042803287506103516
    },
    {
        "index": 39,
        "step": "definition globals_equiv :: \"det_state \\<Rightarrow> det_state \\<Rightarrow> bool\" where\n  \"globals_equiv s s' \\<equiv>\n     arch_globals_equiv (cur_thread s) (idle_thread s) (kheap s) (kheap s')\n                        (arch_state s) (arch_state s') (machine_state s) (machine_state s') \\<and>\n     idle_equiv s s' \\<and> cur_thread s = cur_thread s' \\<and>\n     dom (device_state (machine_state s)) = dom (device_state (machine_state s'))\"",
        "output": "",
        "raw_output": "",
        "step_time": 0.0470736026763916
    },
    {
        "index": 40,
        "step": "subsection \\<open>read_equiv\\<close>",
        "output": "",
        "raw_output": "",
        "step_time": 0.005160093307495117
    },
    {
        "index": 41,
        "step": "\n\n(* Basically defines the domain of the current thread, excluding globals.\n   This also includes the things that are in the scheduler's domain, which\n   the current domain is always allowed to read. *)\n",
        "output": "",
        "raw_output": "",
        "step_time": 0.005368947982788086
    },
    {
        "index": 42,
        "step": "definition reads_equiv :: \"'a PAS \\<Rightarrow> det_state \\<Rightarrow> det_state \\<Rightarrow> bool\" where\n  \"reads_equiv aag s s' \\<equiv>\n     (\\<forall>d\\<in>subjectReads (pasPolicy aag) (pasSubject aag).\n        states_equiv_for_labels aag ((=) d) s s') \\<and>\n        cur_thread s = cur_thread s' \\<and>\n        cur_domain s = cur_domain s' \\<and>\n        scheduler_action s = scheduler_action s' \\<and>\n        work_units_completed s = work_units_completed s' \\<and>\n        irq_state (machine_state s) = irq_state (machine_state s')\"",
        "output": "",
        "raw_output": "",
        "step_time": 0.045987844467163086
    },
    {
        "index": 43,
        "step": "\n\n\n(* this is the main equivalence we want to be maintained, since it defines\n   everything the current thread can read from; however, we'll deal with\n   reads_equiv in the reads_respects proofs, since globals_equiv is always preserved *)\n",
        "output": "",
        "raw_output": "",
        "step_time": 0.00462031364440918
    },
    {
        "index": 44,
        "step": "definition reads_equiv_g :: \"'a PAS \\<Rightarrow> det_state \\<Rightarrow> det_state \\<Rightarrow> bool\" where\n  \"reads_equiv_g aag s s' \\<equiv> reads_equiv aag s s' \\<and> globals_equiv s s'\"",
        "output": "",
        "raw_output": "",
        "step_time": 0.03934311866760254
    },
    {
        "index": 45,
        "step": "section \\<open>Writing: subjectsAffects and affects_equiv\\<close>",
        "output": "",
        "raw_output": "",
        "step_time": 0.004517793655395508
    },
    {
        "index": 46,
        "step": "text \\<open>\n  This defines the other labels of the authority graph that subject l can\n  affect, i.e. if there is some part of the state that carries a label l', and\n  through the actions of l, this state can be modified, then we say that the\n  label l' can be affected by l. This is, of course, just a more coarse\n  statement of the integrity property from the access proofs.\n\\<close>",
        "output": "",
        "raw_output": "",
        "step_time": 0.004345893859863281
    },
    {
        "index": 47,
        "step": "\n(* FIXME: theorem no longer exists\n  The case in which @{thm tro_asidpool_clear} is covered when the graph is wellformed\n  since, in this case, the subject has Control rights to the asid.\n*)\n",
        "output": "",
        "raw_output": "",
        "step_time": 0.0040204524993896484
    },
    {
        "index": 48,
        "step": "inductive_set subjectAffects :: \"'a auth_graph \\<Rightarrow> 'a \\<Rightarrow> 'a set\"\n  for g :: \"'a auth_graph\" and l :: \"'a\" where\n  affects_lrefl:\n    \"l \\<in> subjectAffects g l\"\n| affects_write:\n    \"\\<lbrakk> (l,auth,l') \\<in> g; auth \\<in> {Control, Write} \\<rbrakk>\n       \\<Longrightarrow> l' \\<in> subjectAffects g l\"\n| affects_ep:\n    \"\\<lbrakk> (l,auth,l') \\<in> g; auth \\<in> {Receive, Notify, SyncSend, Call, Reset} \\<rbrakk>\n       \\<Longrightarrow> l' \\<in> subjectAffects g l\"\n  (* ipc buffer is not necessarily owned by thread *)\n| affects_send:\n    \"\\<lbrakk> (l,auth,ep) \\<in> g; auth \\<in> {SyncSend, Notify, Call}; (l',Receive,ep) \\<in> g; (l',Write,l'') \\<in> g \\<rbrakk>\n       \\<Longrightarrow> l'' \\<in> subjectAffects g l\"\n  (* synchronous sends provide a back-channel from receiver to sender *)\n| affects_recv:\n    \"\\<lbrakk> (l,Receive,ep) \\<in> g; (l',SyncSend,ep) \\<in> g \\<rbrakk>\n       \\<Longrightarrow> l' \\<in> subjectAffects g l\"\n  (* a reply right can only exist if l has a call right to l',\n   * so including this case saves us from having to re-derive it *)\n| affects_reply_back:\n    \"(l',Reply,l) \\<in> g \\<Longrightarrow> l' \\<in> subjectAffects g l\"\n  (* reply direct ipc buffer writing *)\n| affects_reply:\n    \"\\<lbrakk> (l,Reply,l') \\<in> g; (l',Write,l'') \\<in> g \\<rbrakk>\n       \\<Longrightarrow> l'' \\<in> subjectAffects g l\"\n  (* deletion direct channel *)\n| affects_delete_derived:\n    \"(l,DeleteDerived,l') \\<in> g \\<Longrightarrow> l' \\<in> subjectAffects g l\"\n  (* If two agents can delete the same caps, they can affect each other *)\n| affects_delete_derived2:\n    \"\\<lbrakk> (l,DeleteDerived,l') \\<in> g; (l'',DeleteDerived,l') \\<in> g \\<rbrakk>\n       \\<Longrightarrow> l'' \\<in> subjectAffects g l\"\n  (* integrity definitions allow resets to modify ipc buffer *)\n| affects_reset:\n    \"\\<lbrakk> (l,Reset,ep) \\<in> g; (l',auth,ep) \\<in> g; auth \\<in> {SyncSend, Receive}; (l',Write,l'') \\<in> g \\<rbrakk>\n       \\<Longrightarrow> l'' \\<in> subjectAffects g l\"\n  (* if you alter an asid mapping, you affect the domain who owns that asid *)\n| affects_asidpool_map:\n    \"(l,AAuth ASIDPoolMapsASID,l') \\<in> g \\<Longrightarrow> l' \\<in> subjectAffects g l\"\n  (* if you are sending to an ntfn, which is bound to a tcb that i\n     receive blocked on an ep, then you can affect that ep *)\n| affects_ep_bound_trans:\n    \"(\\<exists>tcb ntfn. (tcb, Receive, ntfn) \\<in> g \\<and> (tcb, Receive, ep) \\<in> g \\<and> (l, Notify, ntfn) \\<in> g)\n     \\<Longrightarrow> ep \\<in> subjectAffects g l\"",
        "output": "",
        "raw_output": "",
        "step_time": 0.41410136222839355
    },
    {
        "index": 49,
        "step": "\n\n(* We define when the current subject can affect another domain whose label is\n   l. This occurs when the current subject can affect some label d that is\n   considered to be part of what domain l can read. *)\n",
        "output": "",
        "raw_output": "",
        "step_time": 0.004827976226806641
    },
    {
        "index": 50,
        "step": "definition aag_can_affect_label where\n  \"aag_can_affect_label aag l \\<equiv> \\<exists>d. d \\<in> subjectAffects (pasPolicy aag) (pasSubject aag)\n                                  \\<and> d \\<in> subjectReads (pasPolicy aag) l\"",
        "output": "",
        "raw_output": "",
        "step_time": 0.021110057830810547
    },
    {
        "index": 51,
        "step": "\n\n(* Defines when two states are equivalent for some domain l that can be affected\n   by the current subject. When the current subject cannot affect domain l,\n   we relate all states. *)\n",
        "output": "",
        "raw_output": "",
        "step_time": 0.005281686782836914
    },
    {
        "index": 52,
        "step": "definition affects_equiv :: \"'a PAS \\<Rightarrow> 'a \\<Rightarrow> det_state \\<Rightarrow> det_state \\<Rightarrow> bool\" where\n  \"affects_equiv aag l s s' \\<equiv>\n     if aag_can_affect_label aag l\n     then states_equiv_for_labels aag (\\<lambda>l'. l' \\<in> subjectReads (pasPolicy aag) l) s s'\n     else True\"",
        "output": "",
        "raw_output": "",
        "step_time": 0.03814983367919922
    },
    {
        "index": 53,
        "step": "abbreviation aag_can_affect where\n  \"aag_can_affect aag l \\<equiv> \\<lambda>x. aag_can_affect_label aag l\n                            \\<and> pasObjectAbs aag x \\<in> subjectReads (pasPolicy aag) l\"",
        "output": "",
        "raw_output": "",
        "step_time": 0.01138448715209961
    },
    {
        "index": 54,
        "step": "abbreviation aag_can_affect_irq where\n  \"aag_can_affect_irq aag l \\<equiv> \\<lambda>x. aag_can_affect_label aag l\n                                \\<and> pasIRQAbs aag x \\<in> subjectReads (pasPolicy aag) l\"",
        "output": "",
        "raw_output": "",
        "step_time": 0.012069463729858398
    },
    {
        "index": 55,
        "step": "abbreviation aag_can_affect_asid where\n  \"aag_can_affect_asid aag l \\<equiv> \\<lambda>x. aag_can_affect_label aag l\n                                 \\<and> pasASIDAbs aag x \\<in> subjectReads (pasPolicy aag) l\"",
        "output": "",
        "raw_output": "",
        "step_time": 0.010552406311035156
    },
    {
        "index": 56,
        "step": "abbreviation aag_can_affect_domain where\n  \"aag_can_affect_domain aag l \\<equiv> \\<lambda>x. aag_can_affect_label aag l\n                                   \\<and> pasDomainAbs aag x \\<inter> subjectReads (pasPolicy aag) l \\<noteq> {}\"",
        "output": "",
        "raw_output": "",
        "step_time": 0.01255488395690918
    },
    {
        "index": 57,
        "step": "section \\<open>reads_respects\\<close>",
        "output": "",
        "raw_output": "",
        "step_time": 0.004294395446777344
    },
    {
        "index": 58,
        "step": "abbreviation reads_equiv_valid ::\n  \"(det_state \\<Rightarrow> det_state \\<Rightarrow> bool) \\<Rightarrow> (det_state \\<Rightarrow> det_state \\<Rightarrow> bool) \\<Rightarrow>\n   'a PAS \\<Rightarrow> (det_state \\<Rightarrow> bool) \\<Rightarrow> (det_state,'b) nondet_monad \\<Rightarrow> bool\" where\n  \"reads_equiv_valid A B aag P f \\<equiv> equiv_valid (reads_equiv aag) A B P f\"",
        "output": "",
        "raw_output": "",
        "step_time": 0.01269841194152832
    },
    {
        "index": 59,
        "step": "abbreviation reads_equiv_valid_inv where\n  \"reads_equiv_valid_inv A aag P f \\<equiv> reads_equiv_valid A A aag P f\"",
        "output": "",
        "raw_output": "",
        "step_time": 0.009476661682128906
    },
    {
        "index": 60,
        "step": "abbreviation reads_spec_equiv_valid ::\n  \"det_state \\<Rightarrow> (det_state \\<Rightarrow> det_state \\<Rightarrow> bool) \\<Rightarrow> (det_state \\<Rightarrow> det_state \\<Rightarrow> bool) \\<Rightarrow>\n   'a PAS \\<Rightarrow> (det_state \\<Rightarrow> bool) \\<Rightarrow> (det_state,'b) nondet_monad \\<Rightarrow> bool\" where\n  \"reads_spec_equiv_valid s A B aag P f \\<equiv> spec_equiv_valid s (reads_equiv aag) A B P f\"",
        "output": "",
        "raw_output": "",
        "step_time": 0.014209270477294922
    },
    {
        "index": 61,
        "step": "abbreviation reads_spec_equiv_valid_inv where\n  \"reads_spec_equiv_valid_inv s A aag P f \\<equiv> reads_spec_equiv_valid s A A aag P f\"",
        "output": "",
        "raw_output": "",
        "step_time": 0.012146711349487305
    },
    {
        "index": 62,
        "step": "\n\n(* This property is essentially the confidentiality unwinding condition for\n   noninterference. *)\n",
        "output": "",
        "raw_output": "",
        "step_time": 0.004745960235595703
    },
    {
        "index": 63,
        "step": "abbreviation reads_respects ::\n  \"'a PAS \\<Rightarrow> 'a \\<Rightarrow> (det_state \\<Rightarrow> bool) \\<Rightarrow> (det_state,'b) nondet_monad \\<Rightarrow> bool\" where\n  \"reads_respects aag l P f \\<equiv> reads_equiv_valid_inv (affects_equiv aag l) aag P f\"",
        "output": "",
        "raw_output": "",
        "step_time": 0.01227259635925293
    },
    {
        "index": 64,
        "step": "abbreviation spec_reads_respects ::\n  \"det_state \\<Rightarrow> 'a PAS \\<Rightarrow> 'a \\<Rightarrow> (det_state \\<Rightarrow> bool) \\<Rightarrow> (det_state,'b) nondet_monad \\<Rightarrow> bool\" where\n  \"spec_reads_respects s aag l P f \\<equiv> reads_spec_equiv_valid_inv s (affects_equiv aag l) aag P f\"",
        "output": "",
        "raw_output": "",
        "step_time": 0.011466741561889648
    },
    {
        "index": 65,
        "step": "abbreviation reads_respects_g ::\n  \"'a PAS \\<Rightarrow> 'a \\<Rightarrow> (det_state \\<Rightarrow> bool) \\<Rightarrow> (det_state,'b) nondet_monad \\<Rightarrow> bool\" where\n  \"reads_respects_g aag l P f \\<equiv> equiv_valid_inv (reads_equiv_g aag) (affects_equiv aag l) P f\"",
        "output": "",
        "raw_output": "",
        "step_time": 0.012052536010742188
    },
    {
        "index": 66,
        "step": "definition doesnt_touch_globals where\n  \"doesnt_touch_globals P f \\<equiv> \\<forall>(s :: det_state). P s \\<longrightarrow> (\\<forall>(rv,s')\\<in>fst (f s). globals_equiv s s')\"",
        "output": "",
        "raw_output": "",
        "step_time": 0.023211002349853516
    },
    {
        "index": 67,
        "step": "abbreviation reads_equiv_valid_rv where\n  \"reads_equiv_valid_rv A B aag R P f \\<equiv> equiv_valid_2 (reads_equiv aag) A B R P P f f\"",
        "output": "",
        "raw_output": "",
        "step_time": 0.035962820053100586
    },
    {
        "index": 68,
        "step": "abbreviation reads_equiv_valid_rv_inv where\n  \"reads_equiv_valid_rv_inv A aag R P f \\<equiv> reads_equiv_valid_rv A A aag R P f\"",
        "output": "",
        "raw_output": "",
        "step_time": 0.010970115661621094
    },
    {
        "index": 69,
        "step": "section \\<open>Constraining modifications to a set of label\\<close>",
        "output": "",
        "raw_output": "",
        "step_time": 0.004655599594116211
    },
    {
        "index": 70,
        "step": "\n(*\n   We define here some machinery for reasoning about updates that occur\n   outside of what the current subject can read, and the domain l in\n   reads_respects. Such updates cannot be \"observed\" by reads_respects, which\n   allows the two code paths to potentially diverge from each other. This is\n   important when, e.g. we look at notifications/signals. The actions taken\n   during send_signal cannot depend on the state of the notification, so we\n   could have the situation in which in one execution the ntfn has someone\n   queued on it but in the other it doesn't. This will occur only if the party\n   queued on the ntfn is not in the domains the current subject is allowed to\n   read from plus domain l (otherwise being reads_equiv aag and affects_equiv\n   aag l would (with the invariants) cause him to be on the queue in both\n   scenarios). The update that happens to this party's threadstate in one\n   execution but not the other, and the different effects that occur to the\n   ntfn in each case, therefore, should not break reads_respects because they\n   cannot be observed. We need to be able to reason about this, hence this\n   machinery.\n*)\n\n",
        "output": "",
        "raw_output": "",
        "step_time": 0.005258321762084961
    },
    {
        "index": 71,
        "step": "abbreviation equiv_irq_state where\n  \"equiv_irq_state ms ms' \\<equiv> irq_state ms = irq_state ms'\"",
        "output": "",
        "raw_output": "",
        "step_time": 0.008865833282470703
    },
    {
        "index": 72,
        "step": "definition equiv_but_for_labels where\n  \"equiv_but_for_labels aag L s s' \\<equiv>\n     states_equiv_but_for_labels aag (\\<lambda>l. l \\<in> L) s s' \\<and>\n     cur_thread s = cur_thread s' \\<and> cur_domain s = cur_domain s' \\<and>\n     scheduler_action s = scheduler_action s' \\<and> work_units_completed s = work_units_completed s' \\<and>\n     equiv_irq_state (machine_state s) (machine_state s')\"",
        "output": "",
        "raw_output": "",
        "step_time": 0.049367666244506836
    },
    {
        "index": 73,
        "step": "definition equiv_but_for_domain where\n  \"equiv_but_for_domain aag l s s' \\<equiv> equiv_but_for_labels aag (subjectReads (pasPolicy aag) l) s s'\"",
        "output": "",
        "raw_output": "",
        "step_time": 0.017934560775756836
    },
    {
        "index": 74,
        "step": "definition modifies_at_most where\n  \"modifies_at_most aag L P f \\<equiv> \\<forall>s. P s \\<longrightarrow> (\\<forall>(rv,s')\\<in>fst(f s). equiv_but_for_labels aag L s s')\"",
        "output": "",
        "raw_output": "",
        "step_time": 0.020301103591918945
    },
    {
        "index": 75,
        "step": "end",
        "output": "",
        "raw_output": "",
        "step_time": 0.006247043609619141
    }
]