[
    {
        "index": 0,
        "step": "(*\n * Copyright 2020, Data61, CSIRO (ABN 41 687 119 230)\n *\n * SPDX-License-Identifier: GPL-2.0-only\n *)\n\n\n",
        "output": "",
        "raw_output": "",
        "step_time": 0.006479024887084961
    },
    {
        "index": 1,
        "step": "text \\<open>\n  Lemmas about updating the external flags of a PAS.\n  These flags are: pasSubject, pasMayEditReadyQueues and pasMayActivate.\n\\<close>",
        "output": "",
        "raw_output": "",
        "step_time": 0.004918098449707031
    },
    {
        "index": 2,
        "step": "theory PasUpdates\nimports\n    \"ArchArch_IF\"\n    \"FinalCaps\"\n    \"AInvs.EmptyFail_AI\"\nbegin",
        "output": "",
        "raw_output": "",
        "step_time": 0.0051441192626953125
    },
    {
        "index": 3,
        "step": "section \\<open>Separation lemmas for the idle thread and domain fields\\<close>",
        "output": "",
        "raw_output": "",
        "step_time": 0.03189969062805176
    },
    {
        "index": 4,
        "step": "abbreviation (input) domain_fields where\n  \"domain_fields P s \\<equiv> P (domain_time s) (domain_index s) (domain_list s)\"",
        "output": "",
        "raw_output": "",
        "step_time": 0.15024495124816895
    },
    {
        "index": 5,
        "step": "lemma preemption_point_domain_fields[wp]:\n  \"preemption_point \\<lbrace>domain_fields P\\<rbrace>\"",
        "output": "",
        "raw_output": "proof (prove)\ngoal (1 subgoal):\n 1. \\<lbrace>\\<lambda>s. P (domain_time s) (domain_index s) (domain_list s)\\<rbrace> preemption_point \\<lbrace>\\<lambda>_ s. P (domain_time s) (domain_index s) (domain_list s)\\<rbrace>",
        "step_time": 0.00850677490234375
    },
    {
        "index": 6,
        "step": "by (simp add: preemption_point_def\n      | wp OR_choiceE_weak_wp modify_wp\n      | wpc\n      | simp add: reset_work_units_def update_work_units_def)+",
        "output": "",
        "raw_output": "",
        "step_time": 0.25467419624328613
    },
    {
        "index": 7,
        "step": "locale PasUpdates_1 =\n  fixes aag :: \"'a subject_label PAS\"\n  assumes arch_post_cap_deletion_domain_fields[wp]:\n    \"arch_post_cap_deletion acap \\<lbrace>domain_fields P\\<rbrace>\"\n  and arch_finalise_cap_domain_fields[wp]:\n    \"arch_finalise_cap acap b \\<lbrace>domain_fields P\\<rbrace>\"\n  and prepare_thread_delete_domain_fields[wp]:\n    \"prepare_thread_delete p \\<lbrace>domain_fields P\\<rbrace>\"\nbegin",
        "output": "",
        "raw_output": "",
        "step_time": 0.049697160720825195
    },
    {
        "index": 8,
        "step": "crunch domain_fields[wp]:\n  retype_region_ext, create_cap_ext, cap_insert_ext, ethread_set, cap_move_ext, empty_slot_ext,\n  cap_swap_ext, set_thread_state_ext, tcb_sched_action, reschedule_required, cap_swap_for_delete,\n  finalise_cap, cap_move, cap_swap, cap_delete, cancel_badged_sends, cap_insert\n  \"domain_fields P\"\n  (    wp: syscall_valid crunch_wps rec_del_preservation cap_revoke_preservation modify_wp\n     simp: crunch_simps check_cap_at_def filterM_mapM unless_def\n   ignore: without_preemption filterM rec_del check_cap_at cap_revoke\n   ignore_del: retype_region_ext create_cap_ext cap_insert_ext ethread_set cap_move_ext\n               empty_slot_ext cap_swap_ext set_thread_state_ext tcb_sched_action reschedule_required)",
        "output": "",
        "raw_output": "",
        "step_time": 2.305145025253296
    },
    {
        "index": 9,
        "step": "lemma cap_revoke_domain_fields[wp]:\n  \"cap_revoke a \\<lbrace>domain_fields P\\<rbrace>\"",
        "output": "",
        "raw_output": "proof (prove)\ngoal (1 subgoal):\n 1. \\<lbrace>\\<lambda>s. P (domain_time s) (domain_index s) (domain_list s)\\<rbrace> cap_revoke a \\<lbrace>\\<lambda>_ s. P (domain_time s) (domain_index s) (domain_list s)\\<rbrace>",
        "step_time": 0.008403778076171875
    },
    {
        "index": 10,
        "step": "by (rule cap_revoke_preservation2; wp)",
        "output": "",
        "raw_output": "",
        "step_time": 0.017209529876708984
    },
    {
        "index": 11,
        "step": "lemma invoke_cnode_domain_fields[wp]:\n  \"invoke_cnode a \\<lbrace>domain_fields P\\<rbrace>\"",
        "output": "",
        "raw_output": "proof (prove)\ngoal (1 subgoal):\n 1. \\<lbrace>\\<lambda>s. P (domain_time s) (domain_index s) (domain_list s)\\<rbrace> invoke_cnode a \\<lbrace>\\<lambda>_ s. P (domain_time s) (domain_index s) (domain_list s)\\<rbrace>",
        "step_time": 0.008681535720825195
    },
    {
        "index": 12,
        "step": "unfolding invoke_cnode_def",
        "output": "",
        "raw_output": "proof (prove)\ngoal (1 subgoal):\n 1. \\<lbrace>\\<lambda>s. P (domain_time s) (domain_index s) (domain_list s)\\<rbrace> case a of InsertCall cap src_slot dest_slot \\<Rightarrow> without_preemption $ cap_insert cap src_slot dest_slot | MoveCall cap src_slot dest_slot \\<Rightarrow> without_preemption $ cap_move cap src_slot dest_slot | RevokeCall dest_slot \\<Rightarrow> cap_revoke dest_slot | DeleteCall dest_slot \\<Rightarrow> cap_delete dest_slot | RotateCall cap1 cap2 slot1 slot2 slot3 \\<Rightarrow> without_preemption $ if slot1 = slot3 then cap_swap cap1 slot1 cap2 slot2 else do cap_move cap2 slot2 slot3;\ncap_move cap1 slot1 slot2\nod | SaveCall slot \\<Rightarrow> without_preemption $ do thread <- gets cur_thread;\nsrc_slot <- return (thread, tcb_cnode_index 3);\ncap <- get_cap src_slot;\ncase cap of NullCap \\<Rightarrow> return () | ReplyCap x True xa \\<Rightarrow> fail | ReplyCap x False xa \\<Rightarrow> cap_move cap src_slot slot | _ \\<Rightarrow> fail\nod | CancelBadgedSendsCall (EndpointCap ep b R) \\<Rightarrow> without_preemption $ when (b \\<noteq> 0) $ cancel_badged_sends ep b | CancelBadgedSendsCall _ \\<Rightarrow> fail \\<lbrace>\\<lambda>_ s. P (domain_time s) (domain_index s) (domain_list s)\\<rbrace>",
        "step_time": 0.028627395629882812
    },
    {
        "index": 13,
        "step": "by (wpsimp wp: get_cap_wp hoare_vcg_all_lift hoare_vcg_imp_lift | rule conjI)+",
        "output": "",
        "raw_output": "",
        "step_time": 1.441129446029663
    },
    {
        "index": 14,
        "step": "end",
        "output": "",
        "raw_output": "",
        "step_time": 0.007700681686401367
    },
    {
        "index": 15,
        "step": "section \\<open>PAS wellformedness property for non-interference\\<close>",
        "output": "",
        "raw_output": "",
        "step_time": 0.006830692291259766
    },
    {
        "index": 16,
        "step": "definition pas_wellformed_noninterference where\n  \"pas_wellformed_noninterference aag \\<equiv>\n     (\\<forall>l \\<in> range (pasObjectAbs aag) \\<union> \\<Union>(range (pasDomainAbs aag)) - {SilcLabel}.\n        pas_wellformed (aag\\<lparr>pasSubject := l\\<rparr>)) \\<and>\n     (\\<forall>d. SilcLabel \\<notin> pasDomainAbs aag d) \\<and> pas_domains_distinct aag\"",
        "output": "",
        "raw_output": "",
        "step_time": 0.04732537269592285
    },
    {
        "index": 17,
        "step": "lemma pas_wellformed_noninterference_domains_distinct:\n  \"pas_wellformed_noninterference aag \\<Longrightarrow> pas_domains_distinct aag\"",
        "output": "",
        "raw_output": "proof (prove)\ngoal (1 subgoal):\n 1. pas_wellformed_noninterference aag \\<Longrightarrow> pas_domains_distinct aag",
        "step_time": 0.006810426712036133
    },
    {
        "index": 18,
        "step": "by (simp add: pas_wellformed_noninterference_def)",
        "output": "",
        "raw_output": "",
        "step_time": 0.029883384704589844
    },
    {
        "index": 19,
        "step": "lemma pas_wellformed_noninterference_silc[intro!]:\n  \"pas_wellformed_noninterference aag \\<Longrightarrow> SilcLabel \\<notin> pasDomainAbs aag d\"",
        "output": "",
        "raw_output": "proof (prove)\ngoal (1 subgoal):\n 1. pas_wellformed_noninterference aag \\<Longrightarrow> SilcLabel \\<notin> pasDomainAbs aag d",
        "step_time": 0.006941795349121094
    },
    {
        "index": 20,
        "step": "by (fastforce simp: pas_wellformed_noninterference_def)",
        "output": "",
        "raw_output": "",
        "step_time": 0.06299471855163574
    },
    {
        "index": 21,
        "step": "section \\<open>PAS subject update\\<close>",
        "output": "",
        "raw_output": "",
        "step_time": 0.0054242610931396484
    },
    {
        "index": 22,
        "step": "lemma pasObjectAbs_pasSubject_update:\n  \"pasObjectAbs (aag\\<lparr>pasSubject := x\\<rparr>) = pasObjectAbs aag\"",
        "output": "",
        "raw_output": "proof (prove)\ngoal (1 subgoal):\n 1. pasObjectAbs (aag\\<lparr>pasSubject := x\\<rparr>) = pasObjectAbs aag",
        "step_time": 0.008359670639038086
    },
    {
        "index": 23,
        "step": "by simp",
        "output": "",
        "raw_output": "",
        "step_time": 0.008501052856445312
    },
    {
        "index": 24,
        "step": "lemma pasASIDAbs_pasSubject_update:\n  \"pasASIDAbs (aag\\<lparr>pasSubject := x\\<rparr>) = pasASIDAbs aag\"",
        "output": "",
        "raw_output": "proof (prove)\ngoal (1 subgoal):\n 1. pasASIDAbs (aag\\<lparr>pasSubject := x\\<rparr>) = pasASIDAbs aag",
        "step_time": 0.007149457931518555
    },
    {
        "index": 25,
        "step": "by simp",
        "output": "",
        "raw_output": "",
        "step_time": 0.008365631103515625
    },
    {
        "index": 26,
        "step": "lemma pasIRQAbs_pasSubject_update:\n  \"pasIRQAbs (aag\\<lparr>pasSubject := x\\<rparr>) = pasIRQAbs aag\"",
        "output": "",
        "raw_output": "proof (prove)\ngoal (1 subgoal):\n 1. pasIRQAbs (aag\\<lparr>pasSubject := x\\<rparr>) = pasIRQAbs aag",
        "step_time": 0.006598949432373047
    },
    {
        "index": 27,
        "step": "by simp",
        "output": "",
        "raw_output": "",
        "step_time": 0.007168769836425781
    },
    {
        "index": 28,
        "step": "lemma state_irqs_to_policy_pasSubject_update:\n  \"state_irqs_to_policy_aux (aag\\<lparr>pasSubject := x\\<rparr>) caps =\n   state_irqs_to_policy_aux aag caps\"",
        "output": "",
        "raw_output": "proof (prove)\ngoal (1 subgoal):\n 1. state_irqs_to_policy_aux (aag\\<lparr>pasSubject := x\\<rparr>) caps = state_irqs_to_policy_aux aag caps",
        "step_time": 0.007367610931396484
    },
    {
        "index": 29,
        "step": "apply (rule equalityI; clarify)",
        "output": "",
        "raw_output": "proof (prove)\ngoal (2 subgoals):\n 1. \\<And>a aa b. (a, aa, b) \\<in> state_irqs_to_policy_aux (aag\\<lparr>pasSubject := x\\<rparr>) caps \\<Longrightarrow> (a, aa, b) \\<in> state_irqs_to_policy_aux aag caps\n 2. \\<And>a aa b. (a, aa, b) \\<in> state_irqs_to_policy_aux aag caps \\<Longrightarrow> (a, aa, b) \\<in> state_irqs_to_policy_aux (aag\\<lparr>pasSubject := x\\<rparr>) caps",
        "step_time": 0.007078409194946289
    },
    {
        "index": 30,
        "step": "apply (erule state_irqs_to_policy_aux.cases, simp, blast intro: state_irqs_to_policy_aux.intros)",
        "output": "",
        "raw_output": "proof (prove)\ngoal (1 subgoal):\n 1. \\<And>a aa b. (a, aa, b) \\<in> state_irqs_to_policy_aux aag caps \\<Longrightarrow> (a, aa, b) \\<in> state_irqs_to_policy_aux (aag\\<lparr>pasSubject := x\\<rparr>) caps",
        "step_time": 0.016585826873779297
    },
    {
        "index": 31,
        "step": "apply (erule state_irqs_to_policy_aux.cases)",
        "output": "",
        "raw_output": "proof (prove)\ngoal (1 subgoal):\n 1. \\<And>a aa b ptr cap irq. \\<lbrakk>a = pasObjectAbs aag (fst ptr); aa = Control; b = pasIRQAbs aag irq; caps ptr = Some cap; irq \\<in> cap_irqs_controlled cap\\<rbrakk> \\<Longrightarrow> (a, aa, b) \\<in> state_irqs_to_policy_aux (aag\\<lparr>pasSubject := x\\<rparr>) caps",
        "step_time": 0.007254362106323242
    },
    {
        "index": 32,
        "step": "apply simp",
        "output": "",
        "raw_output": "proof (prove)\ngoal (1 subgoal):\n 1. \\<And>a aa b ptr cap irq. \\<lbrakk>a = pasObjectAbs aag (fst ptr); aa = Control; b = pasIRQAbs aag irq; caps ptr = Some cap; irq \\<in> cap_irqs_controlled cap\\<rbrakk> \\<Longrightarrow> (pasObjectAbs aag (fst ptr), Control, pasIRQAbs aag irq) \\<in> state_irqs_to_policy_aux (aag\\<lparr>pasSubject := x\\<rparr>) caps",
        "step_time": 0.011466503143310547
    },
    {
        "index": 33,
        "step": "apply (subst pasObjectAbs_pasSubject_update[symmetric])",
        "output": "",
        "raw_output": "proof (prove)\ngoal (1 subgoal):\n 1. \\<And>a aa b ptr cap irq. \\<lbrakk>a = pasObjectAbs aag (fst ptr); aa = Control; b = pasIRQAbs aag irq; caps ptr = Some cap; irq \\<in> cap_irqs_controlled cap\\<rbrakk> \\<Longrightarrow> (pasObjectAbs (aag\\<lparr>pasSubject := ?x45 a aa b ptr cap irq\\<rparr>) (fst ptr), Control, pasIRQAbs aag irq) \\<in> state_irqs_to_policy_aux (aag\\<lparr>pasSubject := x\\<rparr>) caps",
        "step_time": 0.007008552551269531
    },
    {
        "index": 34,
        "step": "apply (subst pasIRQAbs_pasSubject_update[symmetric])",
        "output": "",
        "raw_output": "proof (prove)\ngoal (1 subgoal):\n 1. \\<And>a aa b ptr cap irq. \\<lbrakk>a = pasObjectAbs aag (fst ptr); aa = Control; b = pasIRQAbs aag irq; caps ptr = Some cap; irq \\<in> cap_irqs_controlled cap\\<rbrakk> \\<Longrightarrow> (pasObjectAbs (aag\\<lparr>pasSubject := ?xa46 a aa b ptr cap irq (?a46 a aa b ptr cap irq) (?aa46 a aa b ptr cap irq) (?b46 a aa b ptr cap irq) ptr (?cap46 a aa b ptr cap irq) irq\\<rparr>) (fst ptr), Control, pasIRQAbs (aag\\<lparr>pasSubject := ?x46 a aa b ptr cap irq\\<rparr>) irq) \\<in> state_irqs_to_policy_aux (aag\\<lparr>pasSubject := x\\<rparr>) caps",
        "step_time": 0.007109165191650391
    },
    {
        "index": 35,
        "step": "apply (rule state_irqs_to_policy_aux.intros)",
        "output": "",
        "raw_output": "proof (prove)\ngoal (2 subgoals):\n 1. \\<And>a aa b ptr cap irq. \\<lbrakk>a = pasObjectAbs aag (fst ptr); aa = Control; b = pasIRQAbs aag irq; caps ptr = Some cap; irq \\<in> cap_irqs_controlled cap\\<rbrakk> \\<Longrightarrow> caps ptr = Some (?cap47 a aa b ptr cap irq)\n 2. \\<And>a aa b ptr cap irq. \\<lbrakk>a = pasObjectAbs aag (fst ptr); aa = Control; b = pasIRQAbs aag irq; caps ptr = Some cap; irq \\<in> cap_irqs_controlled cap\\<rbrakk> \\<Longrightarrow> irq \\<in> cap_irqs_controlled (?cap47 a aa b ptr cap irq)",
        "step_time": 0.006757497787475586
    },
    {
        "index": 36,
        "step": "apply assumption+",
        "output": "",
        "raw_output": "proof (prove)\ngoal:\nNo subgoals!",
        "step_time": 0.004843711853027344
    },
    {
        "index": 37,
        "step": "done",
        "output": "",
        "raw_output": "",
        "step_time": 0.005871295928955078
    },
    {
        "index": 38,
        "step": "lemma irq_map_wellformed_pasSubject_update:\n  \"irq_map_wellformed_aux (aag\\<lparr>pasSubject := x\\<rparr>) irqn =\n   irq_map_wellformed_aux aag irqn\"",
        "output": "",
        "raw_output": "proof (prove)\ngoal (1 subgoal):\n 1. irq_map_wellformed_aux (aag\\<lparr>pasSubject := x\\<rparr>) irqn = irq_map_wellformed_aux aag irqn",
        "step_time": 0.007876157760620117
    },
    {
        "index": 39,
        "step": "by (clarsimp simp: irq_map_wellformed_aux_def)",
        "output": "",
        "raw_output": "",
        "step_time": 0.01004481315612793
    },
    {
        "index": 40,
        "step": "lemma tcb_domain_map_wellformed_pasSubject_update:\n  \"tcb_domain_map_wellformed_aux (aag\\<lparr>pasSubject := x\\<rparr>) irqn =\n   tcb_domain_map_wellformed_aux aag irqn\"",
        "output": "",
        "raw_output": "proof (prove)\ngoal (1 subgoal):\n 1. tcb_domain_map_wellformed_aux (aag\\<lparr>pasSubject := x\\<rparr>) irqn = tcb_domain_map_wellformed_aux aag irqn",
        "step_time": 0.007893800735473633
    },
    {
        "index": 41,
        "step": "by (clarsimp simp: tcb_domain_map_wellformed_aux_def)",
        "output": "",
        "raw_output": "",
        "step_time": 0.011770486831665039
    },
    {
        "index": 42,
        "step": "locale PasUpdates_2 = PasUpdates_1 +\n  assumes arch_perform_invocation_domain_fields[wp]:\n    \"arch_perform_invocation i \\<lbrace>domain_fields P\\<rbrace>\"\n  and arch_invoke_irq_control_domain_fields[wp]:\n    \"arch_invoke_irq_control ci \\<lbrace>domain_fields P\\<rbrace>\"\n  and arch_invoke_irq_handler_domain_fields[wp]:\n    \"arch_invoke_irq_handler hi \\<lbrace>domain_fields P\\<rbrace>\"\n  and arch_post_modify_registers_domain_fields[wp]:\n    \"arch_post_modify_registers cur t \\<lbrace>domain_fields P\\<rbrace>\"\n  and handle_arch_fault_reply_domain_fields[wp]:\n    \"handle_arch_fault_reply vmf thread x y \\<lbrace>domain_fields P\\<rbrace>\"\n  and init_arch_objects_domain_fields[wp]:\n    \"init_arch_objects typ ptr num sz refs \\<lbrace>domain_fields P\\<rbrace>\"\n  and state_asids_to_policy_pasSubject_update:\n    \"state_asids_to_policy (aag\\<lparr>pasSubject := subject\\<rparr>) s =\n     state_asids_to_policy aag s\"\n  and state_asids_to_policy_pasMayActivate_update:\n    \"state_asids_to_policy (aag\\<lparr>pasMayActivate := b\\<rparr>) s =\n     state_asids_to_policy aag s\"\n  and state_asids_to_policy_pasMayEditReadyQueues_update:\n    \"state_asids_to_policy (aag\\<lparr>pasMayEditReadyQueues := b\\<rparr>) s =\n     state_asids_to_policy aag s\"\nbegin",
        "output": "",
        "raw_output": "",
        "step_time": 0.09798383712768555
    },
    {
        "index": 43,
        "step": "crunch domain_fields[wp]:\n  set_domain,possible_switch_to,set_priority,set_extra_badge,handle_send,handle_recv,handle_reply\n  \"domain_fields P\"\n  (wp: syscall_valid crunch_wps mapME_x_inv_wp\n   simp: crunch_simps check_cap_at_def detype_def detype_ext_def mapM_x_defsym\n   ignore: check_cap_at syscall\n   ignore_del: set_domain set_priority possible_switch_to\n   rule: transfer_caps_loop_pres)",
        "output": "",
        "raw_output": "",
        "step_time": 3.0229828357696533
    },
    {
        "index": 44,
        "step": "lemma pas_refined_pasSubject_update':\n  \"\\<lbrakk> pas_refined aag s; pas_wellformed (aag\\<lparr>pasSubject := x\\<rparr>) \\<rbrakk>\n     \\<Longrightarrow> pas_refined (aag\\<lparr>pasSubject := x\\<rparr>) s\"",
        "output": "",
        "raw_output": "proof (prove)\ngoal (1 subgoal):\n 1. \\<lbrakk>pas_refined aag s; pas_wellformed (aag\\<lparr>pasSubject := x\\<rparr>)\\<rbrakk> \\<Longrightarrow> pas_refined (aag\\<lparr>pasSubject := x\\<rparr>) s",
        "step_time": 0.008676528930664062
    },
    {
        "index": 45,
        "step": "apply (subst pas_refined_def)",
        "output": "",
        "raw_output": "proof (prove)\ngoal (1 subgoal):\n 1. \\<lbrakk>pas_refined aag s; pas_wellformed (aag\\<lparr>pasSubject := x\\<rparr>)\\<rbrakk> \\<Longrightarrow> pas_wellformed (aag\\<lparr>pasSubject := x\\<rparr>) \\<and> irq_map_wellformed (aag\\<lparr>pasSubject := x\\<rparr>) s \\<and> tcb_domain_map_wellformed (aag\\<lparr>pasSubject := x\\<rparr>) s \\<and> state_objs_in_policy (aag\\<lparr>pasSubject := x\\<rparr>) s \\<and> state_asids_to_policy (aag\\<lparr>pasSubject := x\\<rparr>) s \\<subseteq> pasPolicy (aag\\<lparr>pasSubject := x\\<rparr>) \\<and> state_irqs_to_policy (aag\\<lparr>pasSubject := x\\<rparr>) s \\<subseteq> pasPolicy (aag\\<lparr>pasSubject := x\\<rparr>)",
        "step_time": 0.006834506988525391
    },
    {
        "index": 46,
        "step": "apply (safe del: subsetI)",
        "output": "",
        "raw_output": "proof (prove)\ngoal (5 subgoals):\n 1. \\<lbrakk>pas_refined aag s; pas_wellformed (aag\\<lparr>pasSubject := x\\<rparr>)\\<rbrakk> \\<Longrightarrow> irq_map_wellformed (aag\\<lparr>pasSubject := x\\<rparr>) s\n 2. \\<lbrakk>pas_refined aag s; pas_wellformed (aag\\<lparr>pasSubject := x\\<rparr>)\\<rbrakk> \\<Longrightarrow> tcb_domain_map_wellformed (aag\\<lparr>pasSubject := x\\<rparr>) s\n 3. \\<lbrakk>pas_refined aag s; pas_wellformed (aag\\<lparr>pasSubject := x\\<rparr>)\\<rbrakk> \\<Longrightarrow> state_objs_in_policy (aag\\<lparr>pasSubject := x\\<rparr>) s\n 4. \\<lbrakk>pas_refined aag s; pas_wellformed (aag\\<lparr>pasSubject := x\\<rparr>)\\<rbrakk> \\<Longrightarrow> state_asids_to_policy (aag\\<lparr>pasSubject := x\\<rparr>) s \\<subseteq> pasPolicy (aag\\<lparr>pasSubject := x\\<rparr>)\n 5. \\<lbrakk>pas_refined aag s; pas_wellformed (aag\\<lparr>pasSubject := x\\<rparr>)\\<rbrakk> \\<Longrightarrow> state_irqs_to_policy (aag\\<lparr>pasSubject := x\\<rparr>) s \\<subseteq> pasPolicy (aag\\<lparr>pasSubject := x\\<rparr>)",
        "step_time": 0.009307622909545898
    },
    {
        "index": 47,
        "step": "apply (simp add: irq_map_wellformed_pasSubject_update pas_refined_def)",
        "output": "",
        "raw_output": "proof (prove)\ngoal (4 subgoals):\n 1. \\<lbrakk>pas_refined aag s; pas_wellformed (aag\\<lparr>pasSubject := x\\<rparr>)\\<rbrakk> \\<Longrightarrow> tcb_domain_map_wellformed (aag\\<lparr>pasSubject := x\\<rparr>) s\n 2. \\<lbrakk>pas_refined aag s; pas_wellformed (aag\\<lparr>pasSubject := x\\<rparr>)\\<rbrakk> \\<Longrightarrow> state_objs_in_policy (aag\\<lparr>pasSubject := x\\<rparr>) s\n 3. \\<lbrakk>pas_refined aag s; pas_wellformed (aag\\<lparr>pasSubject := x\\<rparr>)\\<rbrakk> \\<Longrightarrow> state_asids_to_policy (aag\\<lparr>pasSubject := x\\<rparr>) s \\<subseteq> pasPolicy (aag\\<lparr>pasSubject := x\\<rparr>)\n 4. \\<lbrakk>pas_refined aag s; pas_wellformed (aag\\<lparr>pasSubject := x\\<rparr>)\\<rbrakk> \\<Longrightarrow> state_irqs_to_policy (aag\\<lparr>pasSubject := x\\<rparr>) s \\<subseteq> pasPolicy (aag\\<lparr>pasSubject := x\\<rparr>)",
        "step_time": 0.021229267120361328
    },
    {
        "index": 48,
        "step": "apply (simp add: tcb_domain_map_wellformed_pasSubject_update pas_refined_def)",
        "output": "",
        "raw_output": "proof (prove)\ngoal (3 subgoals):\n 1. \\<lbrakk>pas_refined aag s; pas_wellformed (aag\\<lparr>pasSubject := x\\<rparr>)\\<rbrakk> \\<Longrightarrow> state_objs_in_policy (aag\\<lparr>pasSubject := x\\<rparr>) s\n 2. \\<lbrakk>pas_refined aag s; pas_wellformed (aag\\<lparr>pasSubject := x\\<rparr>)\\<rbrakk> \\<Longrightarrow> state_asids_to_policy (aag\\<lparr>pasSubject := x\\<rparr>) s \\<subseteq> pasPolicy (aag\\<lparr>pasSubject := x\\<rparr>)\n 3. \\<lbrakk>pas_refined aag s; pas_wellformed (aag\\<lparr>pasSubject := x\\<rparr>)\\<rbrakk> \\<Longrightarrow> state_irqs_to_policy (aag\\<lparr>pasSubject := x\\<rparr>) s \\<subseteq> pasPolicy (aag\\<lparr>pasSubject := x\\<rparr>)",
        "step_time": 0.01531076431274414
    },
    {
        "index": 49,
        "step": "apply (clarsimp simp: pas_refined_def)",
        "output": "",
        "raw_output": "proof (prove)\ngoal (2 subgoals):\n 1. \\<lbrakk>pas_refined aag s; pas_wellformed (aag\\<lparr>pasSubject := x\\<rparr>)\\<rbrakk> \\<Longrightarrow> state_asids_to_policy (aag\\<lparr>pasSubject := x\\<rparr>) s \\<subseteq> pasPolicy (aag\\<lparr>pasSubject := x\\<rparr>)\n 2. \\<lbrakk>pas_refined aag s; pas_wellformed (aag\\<lparr>pasSubject := x\\<rparr>)\\<rbrakk> \\<Longrightarrow> state_irqs_to_policy (aag\\<lparr>pasSubject := x\\<rparr>) s \\<subseteq> pasPolicy (aag\\<lparr>pasSubject := x\\<rparr>)",
        "step_time": 0.01740121841430664
    },
    {
        "index": 50,
        "step": "apply (clarsimp simp: pas_refined_def state_asids_to_policy_pasSubject_update)",
        "output": "",
        "raw_output": "proof (prove)\ngoal (1 subgoal):\n 1. \\<lbrakk>pas_refined aag s; pas_wellformed (aag\\<lparr>pasSubject := x\\<rparr>)\\<rbrakk> \\<Longrightarrow> state_irqs_to_policy (aag\\<lparr>pasSubject := x\\<rparr>) s \\<subseteq> pasPolicy (aag\\<lparr>pasSubject := x\\<rparr>)",
        "step_time": 0.04485964775085449
    },
    {
        "index": 51,
        "step": "apply (fastforce simp: pas_refined_def state_irqs_to_policy_pasSubject_update)",
        "output": "",
        "raw_output": "proof (prove)\ngoal:\nNo subgoals!",
        "step_time": 0.08085799217224121
    },
    {
        "index": 52,
        "step": "done",
        "output": "",
        "raw_output": "",
        "step_time": 0.0058062076568603516
    },
    {
        "index": 53,
        "step": "lemma pas_wellformed_pasSubject_update:\n  \"\\<lbrakk> pas_wellformed_noninterference aag; l \\<in> pasDomainAbs aag d \\<rbrakk>\n     \\<Longrightarrow> pas_wellformed (aag\\<lparr>pasSubject := l\\<rparr>)\"",
        "output": "",
        "raw_output": "proof (prove)\ngoal (1 subgoal):\n 1. \\<lbrakk>pas_wellformed_noninterference aag; l \\<in> pasDomainAbs aag d\\<rbrakk> \\<Longrightarrow> pas_wellformed (aag\\<lparr>pasSubject := l\\<rparr>)",
        "step_time": 0.009966850280761719
    },
    {
        "index": 54,
        "step": "by (auto simp: pas_wellformed_noninterference_def)",
        "output": "",
        "raw_output": "",
        "step_time": 0.046895742416381836
    },
    {
        "index": 55,
        "step": "lemmas pas_refined_pasSubject_update =\n  pas_refined_pasSubject_update'[OF _ pas_wellformed_pasSubject_update]",
        "output": "",
        "raw_output": "",
        "step_time": 0.004912614822387695
    },
    {
        "index": 56,
        "step": "end",
        "output": "",
        "raw_output": "",
        "step_time": 0.004456520080566406
    },
    {
        "index": 57,
        "step": "lemma guarded_pas_domain_pasSubject_update[simp]:\n  \"guarded_pas_domain (aag\\<lparr>pasSubject := x\\<rparr>) s = guarded_pas_domain aag s\"",
        "output": "",
        "raw_output": "proof (prove)\ngoal (1 subgoal):\n 1. guarded_pas_domain (aag\\<lparr>pasSubject := x\\<rparr>) s = guarded_pas_domain aag s",
        "step_time": 0.0065174102783203125
    },
    {
        "index": 58,
        "step": "by (simp add: guarded_pas_domain_def)",
        "output": "",
        "raw_output": "",
        "step_time": 0.01082611083984375
    },
    {
        "index": 59,
        "step": "lemma silc_inv_pasSubject_update':\n  \"\\<lbrakk> silc_inv aag st s; x \\<noteq> SilcLabel \\<rbrakk>\n     \\<Longrightarrow> silc_inv (aag\\<lparr>pasSubject := x\\<rparr>) st s\"",
        "output": "",
        "raw_output": "proof (prove)\ngoal (1 subgoal):\n 1. \\<lbrakk>silc_inv aag st s; x \\<noteq> SilcLabel\\<rbrakk> \\<Longrightarrow> silc_inv (aag\\<lparr>pasSubject := x\\<rparr>) st s",
        "step_time": 0.008746862411499023
    },
    {
        "index": 60,
        "step": "by (auto simp: silc_inv_def silc_dom_equiv_def intra_label_cap_def cap_points_to_label_def)",
        "output": "",
        "raw_output": "",
        "step_time": 0.08237743377685547
    },
    {
        "index": 61,
        "step": "lemma silc_inv_pasSubject_update:\n  \"\\<lbrakk> silc_inv aag st s; pas_wellformed_noninterference aag; l \\<in> pasDomainAbs aag d \\<rbrakk>\n     \\<Longrightarrow> silc_inv (aag\\<lparr>pasSubject := l\\<rparr>) st s\"",
        "output": "",
        "raw_output": "proof (prove)\ngoal (1 subgoal):\n 1. \\<lbrakk>silc_inv aag st s; pas_wellformed_noninterference aag; l \\<in> pasDomainAbs aag d\\<rbrakk> \\<Longrightarrow> silc_inv (aag\\<lparr>pasSubject := l\\<rparr>) st s",
        "step_time": 0.010296106338500977
    },
    {
        "index": 62,
        "step": "by (fastforce intro: silc_inv_pasSubject_update' dest: pas_wellformed_noninterference_silc)",
        "output": "",
        "raw_output": "",
        "step_time": 0.013429880142211914
    },
    {
        "index": 63,
        "step": "section \\<open>PAS MayActivate update\\<close>",
        "output": "",
        "raw_output": "",
        "step_time": 0.004329681396484375
    },
    {
        "index": 64,
        "step": "lemma prop_of_pasMayActivate_update_idemp:\n  \"\\<lbrakk> P aag; pasMayActivate aag = v \\<rbrakk> \\<Longrightarrow> P (aag\\<lparr>pasMayActivate := v\\<rparr>)\"",
        "output": "",
        "raw_output": "proof (prove)\ngoal (1 subgoal):\n 1. \\<lbrakk>P aag; pasMayActivate aag = v\\<rbrakk> \\<Longrightarrow> P (aag\\<lparr>pasMayActivate := v\\<rparr>)",
        "step_time": 0.0055921077728271484
    },
    {
        "index": 65,
        "step": "by (hypsubst, auto)",
        "output": "",
        "raw_output": "",
        "step_time": 0.005760669708251953
    },
    {
        "index": 66,
        "step": "lemma pasObjectAbs_pasMayActivate_update:\n  \"pasObjectAbs (aag\\<lparr>pasMayActivate := x\\<rparr>) = pasObjectAbs aag\"",
        "output": "",
        "raw_output": "proof (prove)\ngoal (1 subgoal):\n 1. pasObjectAbs (aag\\<lparr>pasMayActivate := x\\<rparr>) = pasObjectAbs aag",
        "step_time": 0.006121158599853516
    },
    {
        "index": 67,
        "step": "by simp",
        "output": "",
        "raw_output": "",
        "step_time": 0.007539033889770508
    },
    {
        "index": 68,
        "step": "lemma pasASIDAbs_pasMayActivate_update:\n  \"pasASIDAbs (aag\\<lparr>pasMayActivate := x\\<rparr>) = pasASIDAbs aag\"",
        "output": "",
        "raw_output": "proof (prove)\ngoal (1 subgoal):\n 1. pasASIDAbs (aag\\<lparr>pasMayActivate := x\\<rparr>) = pasASIDAbs aag",
        "step_time": 0.006219387054443359
    },
    {
        "index": 69,
        "step": "by simp",
        "output": "",
        "raw_output": "",
        "step_time": 0.006541013717651367
    },
    {
        "index": 70,
        "step": "lemma pasIRQAbs_pasMayActivate_update:\n  \"pasIRQAbs (aag\\<lparr>pasMayActivate := x\\<rparr>) = pasIRQAbs aag\"",
        "output": "",
        "raw_output": "proof (prove)\ngoal (1 subgoal):\n 1. pasIRQAbs (aag\\<lparr>pasMayActivate := x\\<rparr>) = pasIRQAbs aag",
        "step_time": 0.005700349807739258
    },
    {
        "index": 71,
        "step": "by simp",
        "output": "",
        "raw_output": "",
        "step_time": 0.005980014801025391
    },
    {
        "index": 72,
        "step": "lemma state_irqs_to_policy_pasMayActivate_update:\n  \"state_irqs_to_policy (aag\\<lparr>pasMayActivate := x\\<rparr>) s =\n   state_irqs_to_policy aag s\"",
        "output": "",
        "raw_output": "proof (prove)\ngoal (1 subgoal):\n 1. state_irqs_to_policy (aag\\<lparr>pasMayActivate := x\\<rparr>) s = state_irqs_to_policy aag s",
        "step_time": 0.006430625915527344
    },
    {
        "index": 73,
        "step": "apply (rule equalityI)",
        "output": "",
        "raw_output": "proof (prove)\ngoal (2 subgoals):\n 1. state_irqs_to_policy (aag\\<lparr>pasMayActivate := x\\<rparr>) s \\<subseteq> state_irqs_to_policy aag s\n 2. state_irqs_to_policy aag s \\<subseteq> state_irqs_to_policy (aag\\<lparr>pasMayActivate := x\\<rparr>) s",
        "step_time": 0.0037593841552734375
    },
    {
        "index": 74,
        "step": "apply (clarify)",
        "output": "",
        "raw_output": "proof (prove)\ngoal (2 subgoals):\n 1. \\<And>a aa b. (a, aa, b) \\<in> state_irqs_to_policy (aag\\<lparr>pasMayActivate := x\\<rparr>) s \\<Longrightarrow> (a, aa, b) \\<in> state_irqs_to_policy aag s\n 2. state_irqs_to_policy aag s \\<subseteq> state_irqs_to_policy (aag\\<lparr>pasMayActivate := x\\<rparr>) s",
        "step_time": 0.0049877166748046875
    },
    {
        "index": 75,
        "step": "apply (erule state_irqs_to_policy_aux.cases\n          | simp\n          | fastforce intro: state_irqs_to_policy_aux.intros)+",
        "output": "",
        "raw_output": "proof (prove)\ngoal (1 subgoal):\n 1. state_irqs_to_policy aag s \\<subseteq> state_irqs_to_policy (aag\\<lparr>pasMayActivate := x\\<rparr>) s",
        "step_time": 0.026040315628051758
    },
    {
        "index": 76,
        "step": "apply (clarify)",
        "output": "",
        "raw_output": "proof (prove)\ngoal (1 subgoal):\n 1. \\<And>a aa b. (a, aa, b) \\<in> state_irqs_to_policy aag s \\<Longrightarrow> (a, aa, b) \\<in> state_irqs_to_policy (aag\\<lparr>pasMayActivate := x\\<rparr>) s",
        "step_time": 0.004807949066162109
    },
    {
        "index": 77,
        "step": "apply (erule state_irqs_to_policy_aux.cases)",
        "output": "",
        "raw_output": "proof (prove)\ngoal (1 subgoal):\n 1. \\<And>a aa b ptr cap irq. \\<lbrakk>a = pasObjectAbs aag (fst ptr); aa = Control; b = pasIRQAbs aag irq; caps_of_state s ptr = Some cap; irq \\<in> cap_irqs_controlled cap\\<rbrakk> \\<Longrightarrow> (a, aa, b) \\<in> state_irqs_to_policy (aag\\<lparr>pasMayActivate := x\\<rparr>) s",
        "step_time": 0.005462169647216797
    },
    {
        "index": 78,
        "step": "apply (simp, subst pasObjectAbs_pasMayActivate_update[symmetric]\n             , subst pasIRQAbs_pasMayActivate_update[symmetric]\n             , rule state_irqs_to_policy_aux.intros, assumption+)",
        "output": "",
        "raw_output": "proof (prove)\ngoal:\nNo subgoals!",
        "step_time": 0.009489059448242188
    },
    {
        "index": 79,
        "step": "done",
        "output": "",
        "raw_output": "",
        "step_time": 0.0050852298736572266
    },
    {
        "index": 80,
        "step": "lemma guarded_pas_domainMayActivate_update[simp]:\n  \"guarded_pas_domain (aag\\<lparr>pasMayActivate := False\\<rparr>) = guarded_pas_domain aag\"",
        "output": "",
        "raw_output": "proof (prove)\ngoal (1 subgoal):\n 1. guarded_pas_domain (aag\\<lparr>pasMayActivate := False\\<rparr>) = guarded_pas_domain aag",
        "step_time": 0.006967067718505859
    },
    {
        "index": 81,
        "step": "by (simp add: guarded_pas_domain_def)",
        "output": "",
        "raw_output": "",
        "step_time": 0.012416839599609375
    },
    {
        "index": 82,
        "step": "lemma cdt_change_allowedMayActivate_update[simp]:\n  \"cdt_change_allowed (aag\\<lparr>pasMayActivate := x\\<rparr>) = cdt_change_allowed aag \"",
        "output": "",
        "raw_output": "proof (prove)\ngoal (1 subgoal):\n 1. cdt_change_allowed (aag\\<lparr>pasMayActivate := x\\<rparr>) = cdt_change_allowed aag",
        "step_time": 0.0058476924896240234
    },
    {
        "index": 83,
        "step": "by (simp add: cdt_change_allowed_def[abs_def] cdt_direct_change_allowed.simps direct_call_def)",
        "output": "",
        "raw_output": "",
        "step_time": 0.021564960479736328
    },
    {
        "index": 84,
        "step": "section \\<open>PAS MayEditReadyQueue update\\<close>",
        "output": "",
        "raw_output": "",
        "step_time": 0.004079103469848633
    },
    {
        "index": 85,
        "step": "lemma prop_of_pasMayEditReadyQueues_update_idemp:\n  \"\\<lbrakk> P aag; pasMayEditReadyQueues aag = v \\<rbrakk> \\<Longrightarrow> P (aag\\<lparr>pasMayEditReadyQueues := v\\<rparr>)\"",
        "output": "",
        "raw_output": "proof (prove)\ngoal (1 subgoal):\n 1. \\<lbrakk>P aag; pasMayEditReadyQueues aag = v\\<rbrakk> \\<Longrightarrow> P (aag\\<lparr>pasMayEditReadyQueues := v\\<rparr>)",
        "step_time": 0.00640559196472168
    },
    {
        "index": 86,
        "step": "by clarsimp",
        "output": "",
        "raw_output": "",
        "step_time": 0.0076868534088134766
    },
    {
        "index": 87,
        "step": "lemma pasObjectAbs_pasMayEditReadyQueues_update:\n  \"pasObjectAbs (aag\\<lparr>pasMayEditReadyQueues := x\\<rparr>) = pasObjectAbs aag\"",
        "output": "",
        "raw_output": "proof (prove)\ngoal (1 subgoal):\n 1. pasObjectAbs (aag\\<lparr>pasMayEditReadyQueues := x\\<rparr>) = pasObjectAbs aag",
        "step_time": 0.0059735774993896484
    },
    {
        "index": 88,
        "step": "by simp",
        "output": "",
        "raw_output": "",
        "step_time": 0.00642085075378418
    },
    {
        "index": 89,
        "step": "lemma pasASIDAbs_pasMayEditReadyQueues_update:\n  \"pasASIDAbs (aag\\<lparr>pasMayEditReadyQueues := x\\<rparr>) = pasASIDAbs aag\"",
        "output": "",
        "raw_output": "proof (prove)\ngoal (1 subgoal):\n 1. pasASIDAbs (aag\\<lparr>pasMayEditReadyQueues := x\\<rparr>) = pasASIDAbs aag",
        "step_time": 0.0058939456939697266
    },
    {
        "index": 90,
        "step": "by simp",
        "output": "",
        "raw_output": "",
        "step_time": 0.007219791412353516
    },
    {
        "index": 91,
        "step": "lemma pasIRQAbs_pasMayEditReadyQueues_update:\n  \"pasIRQAbs (aag\\<lparr>pasMayEditReadyQueues := x\\<rparr>) = pasIRQAbs aag\"",
        "output": "",
        "raw_output": "proof (prove)\ngoal (1 subgoal):\n 1. pasIRQAbs (aag\\<lparr>pasMayEditReadyQueues := x\\<rparr>) = pasIRQAbs aag",
        "step_time": 0.0065000057220458984
    },
    {
        "index": 92,
        "step": "by simp",
        "output": "",
        "raw_output": "",
        "step_time": 0.006934404373168945
    },
    {
        "index": 93,
        "step": "lemma state_irqs_to_policy_pasMayEditReadyQueues_update:\n  \"state_irqs_to_policy (aag\\<lparr>pasMayEditReadyQueues := x\\<rparr>) s =\n   state_irqs_to_policy aag s\"",
        "output": "",
        "raw_output": "proof (prove)\ngoal (1 subgoal):\n 1. state_irqs_to_policy (aag\\<lparr>pasMayEditReadyQueues := x\\<rparr>) s = state_irqs_to_policy aag s",
        "step_time": 0.0066149234771728516
    },
    {
        "index": 94,
        "step": "apply (rule equalityI)",
        "output": "",
        "raw_output": "proof (prove)\ngoal (2 subgoals):\n 1. state_irqs_to_policy (aag\\<lparr>pasMayEditReadyQueues := x\\<rparr>) s \\<subseteq> state_irqs_to_policy aag s\n 2. state_irqs_to_policy aag s \\<subseteq> state_irqs_to_policy (aag\\<lparr>pasMayEditReadyQueues := x\\<rparr>) s",
        "step_time": 0.0038657188415527344
    },
    {
        "index": 95,
        "step": "apply (clarify)",
        "output": "",
        "raw_output": "proof (prove)\ngoal (2 subgoals):\n 1. \\<And>a aa b. (a, aa, b) \\<in> state_irqs_to_policy (aag\\<lparr>pasMayEditReadyQueues := x\\<rparr>) s \\<Longrightarrow> (a, aa, b) \\<in> state_irqs_to_policy aag s\n 2. state_irqs_to_policy aag s \\<subseteq> state_irqs_to_policy (aag\\<lparr>pasMayEditReadyQueues := x\\<rparr>) s",
        "step_time": 0.005002737045288086
    },
    {
        "index": 96,
        "step": "apply (erule state_irqs_to_policy_aux.cases\n          | simp\n          | fastforce intro: state_irqs_to_policy_aux.intros)+",
        "output": "",
        "raw_output": "proof (prove)\ngoal (1 subgoal):\n 1. state_irqs_to_policy aag s \\<subseteq> state_irqs_to_policy (aag\\<lparr>pasMayEditReadyQueues := x\\<rparr>) s",
        "step_time": 0.027657508850097656
    },
    {
        "index": 97,
        "step": "apply (clarify)",
        "output": "",
        "raw_output": "proof (prove)\ngoal (1 subgoal):\n 1. \\<And>a aa b. (a, aa, b) \\<in> state_irqs_to_policy aag s \\<Longrightarrow> (a, aa, b) \\<in> state_irqs_to_policy (aag\\<lparr>pasMayEditReadyQueues := x\\<rparr>) s",
        "step_time": 0.006540775299072266
    },
    {
        "index": 98,
        "step": "apply (erule state_irqs_to_policy_aux.cases)",
        "output": "",
        "raw_output": "proof (prove)\ngoal (1 subgoal):\n 1. \\<And>a aa b ptr cap irq. \\<lbrakk>a = pasObjectAbs aag (fst ptr); aa = Control; b = pasIRQAbs aag irq; caps_of_state s ptr = Some cap; irq \\<in> cap_irqs_controlled cap\\<rbrakk> \\<Longrightarrow> (a, aa, b) \\<in> state_irqs_to_policy (aag\\<lparr>pasMayEditReadyQueues := x\\<rparr>) s",
        "step_time": 0.027422428131103516
    },
    {
        "index": 99,
        "step": "apply (simp, subst pasObjectAbs_pasMayEditReadyQueues_update[symmetric]\n             , subst pasIRQAbs_pasMayEditReadyQueues_update[symmetric]\n             , rule state_irqs_to_policy_aux.intros, assumption+)",
        "output": "",
        "raw_output": "proof (prove)\ngoal:\nNo subgoals!",
        "step_time": 0.013152360916137695
    },
    {
        "index": 100,
        "step": "done",
        "output": "",
        "raw_output": "",
        "step_time": 0.0049359798431396484
    },
    {
        "index": 101,
        "step": "context PasUpdates_2 begin",
        "output": "",
        "raw_output": "",
        "step_time": 0.03569483757019043
    },
    {
        "index": 102,
        "step": "lemma pas_refined_pasMayActivate_update:\n  \"pas_refined aag s\n   \\<Longrightarrow> pas_refined (aag\\<lparr>pasMayActivate := x\\<rparr>) s\"",
        "output": "",
        "raw_output": "proof (prove)\ngoal (1 subgoal):\n 1. pas_refined aag s \\<Longrightarrow> pas_refined (aag\\<lparr>pasMayActivate := x\\<rparr>) s",
        "step_time": 0.005208492279052734
    },
    {
        "index": 103,
        "step": "by (simp add: pas_refined_def irq_map_wellformed_aux_def\n                state_asids_to_policy_pasMayActivate_update[simplified]\n                state_irqs_to_policy_pasMayActivate_update tcb_domain_map_wellformed_aux_def)",
        "output": "",
        "raw_output": "",
        "step_time": 0.03262448310852051
    },
    {
        "index": 104,
        "step": "lemma pas_refined_pasMayEditReadyQueues_update:\n  \"pas_refined aag s\n   \\<Longrightarrow> pas_refined (aag\\<lparr>pasMayEditReadyQueues := x\\<rparr>) s\"",
        "output": "",
        "raw_output": "proof (prove)\ngoal (1 subgoal):\n 1. pas_refined aag s \\<Longrightarrow> pas_refined (aag\\<lparr>pasMayEditReadyQueues := x\\<rparr>) s",
        "step_time": 0.005601167678833008
    },
    {
        "index": 105,
        "step": "by (clarsimp simp: pas_refined_def irq_map_wellformed_aux_def tcb_domain_map_wellformed_aux_def\n                     state_asids_to_policy_pasMayEditReadyQueues_update[simplified]\n                     state_irqs_to_policy_pasMayEditReadyQueues_update)",
        "output": "",
        "raw_output": "",
        "step_time": 0.033904314041137695
    },
    {
        "index": 106,
        "step": "end",
        "output": "",
        "raw_output": "",
        "step_time": 0.0036296844482421875
    },
    {
        "index": 107,
        "step": "lemma guarded_pas_domainMayEditReadyQueues_update[simp]:\n  \"guarded_pas_domain (aag\\<lparr>pasMayEditReadyQueues := False\\<rparr>) = guarded_pas_domain aag\"",
        "output": "",
        "raw_output": "proof (prove)\ngoal (1 subgoal):\n 1. guarded_pas_domain (aag\\<lparr>pasMayEditReadyQueues := False\\<rparr>) = guarded_pas_domain aag",
        "step_time": 0.00588679313659668
    },
    {
        "index": 108,
        "step": "by (simp add: guarded_pas_domain_def)",
        "output": "",
        "raw_output": "",
        "step_time": 0.011009693145751953
    },
    {
        "index": 109,
        "step": "lemma cdt_change_allowedMayEditReadyQueues_update[simp]:\n  \"cdt_change_allowed (aag\\<lparr>pasMayEditReadyQueues := x\\<rparr>) =\n   cdt_change_allowed aag\"",
        "output": "",
        "raw_output": "proof (prove)\ngoal (1 subgoal):\n 1. cdt_change_allowed (aag\\<lparr>pasMayEditReadyQueues := x\\<rparr>) = cdt_change_allowed aag",
        "step_time": 0.00591731071472168
    },
    {
        "index": 110,
        "step": "by (simp add: cdt_change_allowed_def[abs_def] cdt_direct_change_allowed.simps direct_call_def)",
        "output": "",
        "raw_output": "",
        "step_time": 0.02431011199951172
    },
    {
        "index": 111,
        "step": "end",
        "output": "",
        "raw_output": "",
        "step_time": 0.005228757858276367
    }
]