[
    {
        "index": 0,
        "step": "(*\n * Copyright 2020, Data61, CSIRO (ABN 41 687 119 230)\n *\n * SPDX-License-Identifier: GPL-2.0-only\n *)\n\n",
        "output": "",
        "raw_output": "",
        "step_time": 0.0052373409271240234
    },
    {
        "index": 1,
        "step": "theory Access\nimports ArchAccess\nbegin",
        "output": "",
        "raw_output": "",
        "step_time": 0.004563093185424805
    },
    {
        "index": 2,
        "step": "subsection \\<open>Policy wellformedness\\<close>",
        "output": "",
        "raw_output": "",
        "step_time": 0.004822969436645508
    },
    {
        "index": 3,
        "step": "text\\<open>\n\nWellformedness of the agent authority function with respect to a label\n(the current thread):\n\n\\begin{itemize}\n\n\\item For (the current untrusted) @{term \"agent\"}, large enough\n  authority must be contained within the agent's boundaries.\n\n\\item @{term \"agent\"} has all the self authority it could want.\n\n\\item If an agent can grant caps through an endpoint, then it is\n  authority-equivalent to all agents that can receive on that\n  endpoint.\n\n\\item Similarly, if an agent can grant through a reply cap, then\n  it is authority-equivalent to the original caller.\n\n\\item Anyone can send on any IRQ notification.\n\n\\item Call implies a send ability.\n\n\\item If an agent could reply to a call, then the caller has the\n  authority to delete the derived reply cap. This can happen if\n  the caller thread is deleted before the reply takes place.\n\n\\item Reply caps can be transferred, so the DeleteDerived\n  authority propagates transitively.\n\n\\end{itemize}\n\n\\<close>",
        "output": "",
        "raw_output": "",
        "step_time": 0.005950927734375
    },
    {
        "index": 4,
        "step": "definition policy_wellformed where\n  \"policy_wellformed aag maySendIrqs irqs agent \\<equiv>\n     (\\<forall>agent'. (agent, Control, agent') \\<in> aag \\<longrightarrow> agent = agent')\n   \\<and> (\\<forall>a. (agent, a, agent) \\<in> aag)\n   \\<and> (\\<forall>s r ep. (s, Grant, ep) \\<in> aag \\<and> (r, Receive, ep) \\<in> aag\n                \\<longrightarrow> (s, Control, r) \\<in> aag \\<and> (r, Control, s) \\<in> aag)\n   \\<and> (maySendIrqs \\<longrightarrow> (\\<forall>irq ntfn. irq \\<in> irqs \\<and> (irq, Notify, ntfn) \\<in> aag\n                                  \\<longrightarrow> (agent, Notify, ntfn) \\<in> aag))\n   \\<and> (\\<forall>s ep. (s, Call, ep) \\<in> aag \\<longrightarrow> (s, SyncSend, ep) \\<in> aag)\n   \\<and> (\\<forall>s r ep. (s, Call, ep) \\<in> aag \\<and> (r, Receive, ep) \\<in> aag \\<longrightarrow> (r, Reply, s) \\<in> aag)\n   \\<and> (\\<forall>s r. (s, Reply, r) \\<in> aag \\<longrightarrow> (r, DeleteDerived, s) \\<in> aag)\n   \\<and> (\\<forall>l1 l2 l3. (l1, DeleteDerived, l2) \\<in> aag \\<longrightarrow> (l2, DeleteDerived, l3) \\<in> aag\n                  \\<longrightarrow> (l1, DeleteDerived, l3) \\<in> aag)\n   \\<and> (\\<forall>s r ep. (s, Call, ep) \\<in> aag \\<and> (r, Receive, ep) \\<in> aag \\<and> (r, Grant, ep) \\<in> aag\n                \\<longrightarrow> (s, Control, r) \\<in> aag \\<and> (r, Control, s) \\<in> aag)\"",
        "output": "",
        "raw_output": "",
        "step_time": 0.18841195106506348
    },
    {
        "index": 5,
        "step": "abbreviation pas_wellformed where\n  \"pas_wellformed aag \\<equiv>\n     policy_wellformed (pasPolicy aag) (pasMaySendIrqs aag) (range (pasIRQAbs aag)) (pasSubject aag)\"",
        "output": "",
        "raw_output": "",
        "step_time": 0.017040014266967773
    },
    {
        "index": 6,
        "step": "subsection \\<open>auth_graph_map\\<close>",
        "output": "",
        "raw_output": "",
        "step_time": 0.006867885589599609
    },
    {
        "index": 7,
        "step": "text\\<open>\n\nAbstract a graph by relabelling the nodes (agents). Clearly this can\ncollapse (and not create) distinctions.\n\n\\<close>",
        "output": "",
        "raw_output": "",
        "step_time": 0.005788087844848633
    },
    {
        "index": 8,
        "step": "definition auth_graph_map :: \"('a \\<Rightarrow> 'b) \\<Rightarrow> 'a auth_graph \\<Rightarrow> 'b auth_graph\" where\n  \"auth_graph_map f aag \\<equiv> {(f x, auth, f y) | x auth y. (x, auth, y) \\<in> aag}\"",
        "output": "",
        "raw_output": "",
        "step_time": 0.028217077255249023
    },
    {
        "index": 9,
        "step": "subsection \\<open>Transform caps and tcb states into authority\\<close>",
        "output": "",
        "raw_output": "",
        "step_time": 0.006228208541870117
    },
    {
        "index": 10,
        "step": "text\\<open>\n\nAbstract the state to an agent authority graph. This definition states\nwhat authority is conferred by a particular capability to the obj_refs\nin it.\n\n\\<close>",
        "output": "",
        "raw_output": "",
        "step_time": 0.005384922027587891
    },
    {
        "index": 11,
        "step": "definition cap_rights_to_auth :: \"cap_rights \\<Rightarrow> bool \\<Rightarrow> auth set\" where\n  \"cap_rights_to_auth r sync \\<equiv>\n     {Reset}\n   \\<union> (if AllowRead \\<in> r then {Receive} else {})\n   \\<union> (if AllowWrite \\<in> r then (if sync then {SyncSend} else {Notify}) else {})\n   \\<union> (if AllowGrant \\<in> r then UNIV else {})\n   \\<union> (if AllowGrantReply \\<in> r \\<and> AllowWrite \\<in> r then {Call} else {})\"",
        "output": "",
        "raw_output": "",
        "step_time": 0.02748560905456543
    },
    {
        "index": 12,
        "step": "definition reply_cap_rights_to_auth :: \"bool \\<Rightarrow> cap_rights \\<Rightarrow> auth set\" where\n  \"reply_cap_rights_to_auth master r \\<equiv> if AllowGrant \\<in> r \\<or> master then UNIV else {Reply}\"",
        "output": "",
        "raw_output": "",
        "step_time": 0.020881175994873047
    },
    {
        "index": 13,
        "step": "definition cap_auth_conferred :: \"cap \\<Rightarrow> auth set\" where\n \"cap_auth_conferred cap \\<equiv> case cap of\n    NullCap \\<Rightarrow> {}\n  | UntypedCap isdev oref bits freeIndex \\<Rightarrow> {Control}\n  | EndpointCap oref badge r \\<Rightarrow> cap_rights_to_auth r True\n  | NotificationCap oref badge r \\<Rightarrow> cap_rights_to_auth (r - {AllowGrant, AllowGrantReply}) False\n  | ReplyCap oref m r \\<Rightarrow> reply_cap_rights_to_auth m r\n  | CNodeCap oref bits guard \\<Rightarrow> {Control}\n  | ThreadCap obj_ref \\<Rightarrow> {Control}\n  | DomainCap \\<Rightarrow> {Control}\n  | IRQControlCap \\<Rightarrow> {Control}\n  | IRQHandlerCap irq \\<Rightarrow> {Control}\n  | Zombie ptr b n \\<Rightarrow> {Control}\n  | ArchObjectCap arch_cap \\<Rightarrow> arch_cap_auth_conferred arch_cap\"",
        "output": "",
        "raw_output": "",
        "step_time": 0.07424783706665039
    },
    {
        "index": 14,
        "step": "fun tcb_st_to_auth :: \"thread_state \\<Rightarrow> (obj_ref \\<times> auth) set\" where\n  \"tcb_st_to_auth (BlockedOnNotification ntfn) = {(ntfn, Receive)}\"\n| \"tcb_st_to_auth (BlockedOnSend ep payl) =\n     {(ep, SyncSend)} \\<union> (if sender_can_grant payl then {(ep, Grant),(ep, Call)} else {})\n   \\<union> (if sender_can_grant_reply payl then {(ep, Call)} else {})\"\n| \"tcb_st_to_auth (BlockedOnReceive ep payl) =\n     {(ep, Receive)} \\<union> (if receiver_can_grant payl then {(ep, Grant)} else {})\"\n| \"tcb_st_to_auth _ = {}\"",
        "output": "",
        "raw_output": "",
        "step_time": 0.2146148681640625
    },
    {
        "index": 15,
        "step": "subsection \\<open>Transferability: Moving caps between agents\\<close>",
        "output": "",
        "raw_output": "",
        "step_time": 0.006294965744018555
    },
    {
        "index": 16,
        "step": "text \\<open>\n  Tells if cap can move/be derived between agents without grant\n  due to the inner workings of the system (Calling and replying for now)\n\\<close>",
        "output": "",
        "raw_output": "",
        "step_time": 0.0058290958404541016
    },
    {
        "index": 17,
        "step": "\n\n(* FIXME is_transferable should guarantee directly that a non-NullCap cap is owned by its CDT\n   parents without using directly the CDT so that we can use it in integrity *)\n",
        "output": "",
        "raw_output": "",
        "step_time": 0.0046460628509521484
    },
    {
        "index": 18,
        "step": "inductive is_transferable for opt_cap where\n  it_None: \"opt_cap = None \\<Longrightarrow> is_transferable opt_cap\" |\n  it_Null: \"opt_cap = Some NullCap \\<Longrightarrow> is_transferable opt_cap\" |\n  it_Reply: \"opt_cap = Some (ReplyCap t False R) \\<Longrightarrow> is_transferable opt_cap\"",
        "output": "",
        "raw_output": "",
        "step_time": 0.04843425750732422
    },
    {
        "index": 19,
        "step": "abbreviation \"is_transferable_cap cap \\<equiv> is_transferable (Some cap)\"",
        "output": "",
        "raw_output": "",
        "step_time": 0.009292840957641602
    },
    {
        "index": 20,
        "step": "abbreviation \"is_transferable_in slot s \\<equiv> is_transferable (caps_of_state s slot)\"",
        "output": "",
        "raw_output": "",
        "step_time": 0.009664535522460938
    },
    {
        "index": 21,
        "step": "subsection \\<open>Generating a policy from the current cap, ASID and IRQs distribution\\<close>",
        "output": "",
        "raw_output": "",
        "step_time": 0.004902839660644531
    },
    {
        "index": 22,
        "step": "\n\n(* TODO split that section between sbta sata and sita and move a maximum\n   of accesor functions back to AInvs *)\n\n(* FIXME: update comment *)\n",
        "output": "",
        "raw_output": "",
        "step_time": 0.004846811294555664
    },
    {
        "index": 23,
        "step": "text \\<open>\n  sbta_caps/sbta_asid imply that a thread and it's vspace are labelled\n  the same -- caps_of_state (tcb, vspace_index) will be the PD cap.\n  Thus, a thread is completely managed or completely self-managed.\n  We can (possibly) weaken this by only talking about addressable caps\n  (i.e., only cspace in a tcb). This would also mean that we should use\n  the current cspace for the current label ... a bit strange, though.\n\n  The set of all objects affected by a capability. We cheat a bit and\n  say that a DomainCap contains references to everything, as it\n  intuitively grants its owners that sort of access. This allows us to\n  reuse sbta for DomainCaps.\n\n  The sbta definition is non-inductive. We use the \"inductive\"\n  construct for convenience, i.e. to get a nice set of intro rules,\n  cases, etc.\n\n\\<close>",
        "output": "",
        "raw_output": "",
        "step_time": 0.016737937927246094
    },
    {
        "index": 24,
        "step": "primrec obj_refs_ac :: \"cap \\<Rightarrow> obj_ref set\" where\n  \"obj_refs_ac NullCap = {}\"\n| \"obj_refs_ac (ReplyCap r m cr) = {r}\"\n| \"obj_refs_ac IRQControlCap = {}\"\n| \"obj_refs_ac (IRQHandlerCap irq) = {}\"\n| \"obj_refs_ac (UntypedCap d r s f) = {}\"\n| \"obj_refs_ac (CNodeCap r bits guard) = {r}\"\n| \"obj_refs_ac (EndpointCap r b cr) = {r}\"\n| \"obj_refs_ac (NotificationCap r b cr) = {r}\"\n| \"obj_refs_ac (ThreadCap r) = {r}\"\n| \"obj_refs_ac (Zombie ptr b n) = {ptr}\"\n| \"obj_refs_ac (ArchObjectCap x) = aobj_ref' x\"\n| \"obj_refs_ac DomainCap = UNIV\"",
        "output": "",
        "raw_output": "",
        "step_time": 0.05895233154296875
    },
    {
        "index": 25,
        "step": " (* hack, see above *)\n\n",
        "output": "",
        "raw_output": "",
        "step_time": 0.00557708740234375
    },
    {
        "index": 26,
        "step": "fun cap_irqs_controlled :: \"cap \\<Rightarrow> irq set\" where\n  \"cap_irqs_controlled IRQControlCap = UNIV\"\n| \"cap_irqs_controlled (IRQHandlerCap irq) = {irq}\"\n| \"cap_irqs_controlled _ = {}\"",
        "output": "",
        "raw_output": "",
        "step_time": 0.23003005981445312
    },
    {
        "index": 27,
        "step": "inductive_set state_irqs_to_policy_aux for aag caps where\n  sita_controlled:\n    \"\\<lbrakk> caps ptr = Some cap; irq \\<in> cap_irqs_controlled cap \\<rbrakk>\n       \\<Longrightarrow> (pasObjectAbs aag (fst ptr), Control, pasIRQAbs aag irq) \\<in> state_irqs_to_policy_aux aag caps\"",
        "output": "",
        "raw_output": "",
        "step_time": 0.11477112770080566
    },
    {
        "index": 28,
        "step": "abbreviation state_irqs_to_policy where\n  \"state_irqs_to_policy aag s \\<equiv> state_irqs_to_policy_aux aag (caps_of_state s)\"",
        "output": "",
        "raw_output": "",
        "step_time": 0.011394500732421875
    },
    {
        "index": 29,
        "step": "definition irq_map_wellformed_aux where\n  \"irq_map_wellformed_aux aag irqs \\<equiv> \\<forall>irq. pasObjectAbs aag (irqs irq) = pasIRQAbs aag irq\"",
        "output": "",
        "raw_output": "",
        "step_time": 0.061679840087890625
    },
    {
        "index": 30,
        "step": "abbreviation irq_map_wellformed where\n  \"irq_map_wellformed aag s \\<equiv> irq_map_wellformed_aux aag (interrupt_irq_node s)\"",
        "output": "",
        "raw_output": "",
        "step_time": 0.007614850997924805
    },
    {
        "index": 31,
        "step": "definition thread_st_auth where\n  \"thread_st_auth s \\<equiv> case_option {} tcb_st_to_auth \\<circ> tcb_states_of_state s\"",
        "output": "",
        "raw_output": "",
        "step_time": 0.034807443618774414
    },
    {
        "index": 32,
        "step": "definition thread_bound_ntfns where\n  \"thread_bound_ntfns s \\<equiv> \\<lambda>p. case_option None tcb_bound_notification (get_tcb p s)\"",
        "output": "",
        "raw_output": "",
        "step_time": 0.031433820724487305
    },
    {
        "index": 33,
        "step": "inductive_set state_bits_to_policy for caps thread_sts thread_bas cdt vrefs where\n  sbta_caps:\n    \"\\<lbrakk> caps ptr = Some cap; oref \\<in> obj_refs_ac cap; auth \\<in> cap_auth_conferred cap \\<rbrakk>\n       \\<Longrightarrow> (fst ptr, auth, oref) \\<in> state_bits_to_policy caps thread_sts thread_bas cdt vrefs\"\n| sbta_untyped:\n    \"\\<lbrakk> caps ptr = Some cap; oref \\<in> untyped_range cap \\<rbrakk>\n       \\<Longrightarrow> (fst ptr, Control, oref) \\<in> state_bits_to_policy caps thread_sts thread_bas cdt vrefs\"\n| sbta_ts:\n    \"(oref', auth) \\<in> thread_sts oref\n     \\<Longrightarrow> (oref, auth, oref') \\<in> state_bits_to_policy caps thread_sts thread_bas cdt vrefs\"\n| sbta_bounds:\n    \"\\<lbrakk> thread_bas oref = Some oref'; auth \\<in> {Receive, Reset} \\<rbrakk>\n       \\<Longrightarrow> (oref, auth, oref') \\<in> state_bits_to_policy caps thread_sts thread_bas cdt vrefs\"\n| sbta_cdt:\n    \"\\<lbrakk> cdt slot' = Some slot ; \\<not>is_transferable (caps slot') \\<rbrakk>\n       \\<Longrightarrow> (fst slot, Control, fst slot') \\<in> state_bits_to_policy caps thread_sts thread_bas cdt vrefs\"\n| sbta_cdt_transferable:\n    \"cdt slot' = Some slot\n     \\<Longrightarrow> (fst slot, DeleteDerived, fst slot') \\<in> state_bits_to_policy caps thread_sts thread_bas cdt vrefs\"\n| sbta_vref:\n    \"(ptr', _, _, auth) \\<in> vrefs ptr\n     \\<Longrightarrow> (ptr, auth, ptr') \\<in> state_bits_to_policy caps thread_sts thread_bas cdt vrefs\"",
        "output": "",
        "raw_output": "",
        "step_time": 0.31136631965637207
    },
    {
        "index": 34,
        "step": "definition state_objs_to_policy :: \"det_ext state \\<Rightarrow> (obj_ref \\<times> auth \\<times> obj_ref) set\" where\n  \"state_objs_to_policy s = state_bits_to_policy (caps_of_state s) (thread_st_auth s)\n                                                 (thread_bound_ntfns s) (cdt s) (state_vrefs s)\"",
        "output": "",
        "raw_output": "",
        "step_time": 0.03625679016113281
    },
    {
        "index": 35,
        "step": "subsection \\<open>Policy Refinement\\<close>",
        "output": "",
        "raw_output": "",
        "step_time": 0.004920244216918945
    },
    {
        "index": 36,
        "step": "text\\<open>\n\nWe map scheduler domains to labels. This asserts that the labels on\ntcbs are consistent with the labels on the domains they run in.\n\nWe need this to show that the ready queues are not reordered by\nunauthorised subjects (see integrity_ready_queues).\n\n\\<close>",
        "output": "",
        "raw_output": "",
        "step_time": 0.0049097537994384766
    },
    {
        "index": 37,
        "step": "inductive_set domains_of_state_aux for ekheap where\n  domtcbs:\n    \"\\<lbrakk> ekheap ptr = Some etcb; d = tcb_domain etcb \\<rbrakk> \\<Longrightarrow> (ptr, d) \\<in> domains_of_state_aux ekheap\"",
        "output": "",
        "raw_output": "",
        "step_time": 0.0874180793762207
    },
    {
        "index": 38,
        "step": "abbreviation \"domains_of_state s \\<equiv> domains_of_state_aux (ekheap s)\"",
        "output": "",
        "raw_output": "",
        "step_time": 0.005918025970458984
    },
    {
        "index": 39,
        "step": "definition tcb_domain_map_wellformed_aux where\n  \"tcb_domain_map_wellformed_aux aag etcbs_doms \\<equiv>\n     \\<forall>(ptr, d) \\<in> etcbs_doms. pasObjectAbs aag ptr \\<in> pasDomainAbs aag d\"",
        "output": "",
        "raw_output": "",
        "step_time": 0.04112505912780762
    },
    {
        "index": 40,
        "step": "abbreviation tcb_domain_map_wellformed where\n  \"tcb_domain_map_wellformed aag s \\<equiv> tcb_domain_map_wellformed_aux aag (domains_of_state s)\"",
        "output": "",
        "raw_output": "",
        "step_time": 0.009056568145751953
    },
    {
        "index": 41,
        "step": "text\\<open>\n\nWe sometimes need to know that our current subject may run in the current domain.\n\n\\<close>",
        "output": "",
        "raw_output": "",
        "step_time": 0.004637479782104492
    },
    {
        "index": 42,
        "step": "abbreviation \"pas_cur_domain aag s \\<equiv> pasSubject aag \\<in> pasDomainAbs aag (cur_domain s)\"",
        "output": "",
        "raw_output": "",
        "step_time": 0.01036834716796875
    },
    {
        "index": 43,
        "step": "text\\<open>\n\nThe relation we want to hold between the current state and\nthe policy:\n\\begin{itemize}\n\n\\item The policy should be well-formed.\n\n\\item The abstraction of the state should respect the policy.\n\n\\end{itemize}\n\n\\<close>",
        "output": "",
        "raw_output": "",
        "step_time": 0.005262136459350586
    },
    {
        "index": 44,
        "step": "abbreviation state_objs_in_policy :: \"'a PAS \\<Rightarrow> det_ext state \\<Rightarrow> bool\" where\n  \"state_objs_in_policy aag s \\<equiv>\n                auth_graph_map (pasObjectAbs aag) (state_objs_to_policy s) \\<subseteq> pasPolicy aag\"",
        "output": "",
        "raw_output": "",
        "step_time": 0.010909080505371094
    },
    {
        "index": 45,
        "step": "abbreviation state_asids_to_policy :: \"'a PAS \\<Rightarrow> det_ext state \\<Rightarrow> ('a \\<times> auth \\<times> 'a) set\" where\n  \"state_asids_to_policy aag s \\<equiv>\n     state_asids_to_policy_arch aag (caps_of_state s) (arch_state s) (state_vrefs s)\"",
        "output": "",
        "raw_output": "",
        "step_time": 0.010962963104248047
    },
    {
        "index": 46,
        "step": "definition pas_refined :: \"'a PAS \\<Rightarrow> det_ext state \\<Rightarrow> bool\" where\n  \"pas_refined aag \\<equiv> \\<lambda>s.\n     pas_wellformed aag\n   \\<and> irq_map_wellformed aag s\n   \\<and> tcb_domain_map_wellformed aag s\n   \\<and> state_objs_in_policy aag s\n   \\<and> state_asids_to_policy aag s \\<subseteq> pasPolicy aag\n   \\<and> state_irqs_to_policy aag s \\<subseteq> pasPolicy aag\"",
        "output": "",
        "raw_output": "",
        "step_time": 0.041915178298950195
    },
    {
        "index": 47,
        "step": "section \\<open>Integrity definition\\<close>",
        "output": "",
        "raw_output": "",
        "step_time": 0.00495457649230957
    },
    {
        "index": 48,
        "step": "subsection \\<open>How kernel objects can change\\<close>",
        "output": "",
        "raw_output": "",
        "step_time": 0.004675865173339844
    },
    {
        "index": 49,
        "step": "fun blocked_on :: \"obj_ref \\<Rightarrow> thread_state \\<Rightarrow> bool\" where\n  \"blocked_on ref (BlockedOnReceive ref' _)    = (ref = ref')\"\n| \"blocked_on ref (BlockedOnSend    ref' _)    = (ref = ref')\"\n| \"blocked_on ref (BlockedOnNotification ref') = (ref = ref')\"\n| \"blocked_on _ _ = False\"",
        "output": "",
        "raw_output": "",
        "step_time": 0.2851283550262451
    },
    {
        "index": 50,
        "step": "fun receive_blocked_on :: \"obj_ref \\<Rightarrow> thread_state \\<Rightarrow> bool\" where\n  \"receive_blocked_on ref (BlockedOnReceive ref' _)    = (ref = ref')\"\n| \"receive_blocked_on ref (BlockedOnNotification ref') = (ref = ref')\"\n| \"receive_blocked_on _ _ = False\"",
        "output": "",
        "raw_output": "",
        "step_time": 0.2551150321960449
    },
    {
        "index": 51,
        "step": "lemma receive_blocked_on_def2:\n  \"receive_blocked_on ref ts = ((ref, Receive) \\<in> tcb_st_to_auth ts)\"",
        "output": "",
        "raw_output": "proof (prove)\ngoal (1 subgoal):\n 1. receive_blocked_on ref ts = ((ref, Receive) \\<in> tcb_st_to_auth ts)",
        "step_time": 0.009264945983886719
    },
    {
        "index": 52,
        "step": "by (cases ts, simp_all)",
        "output": "",
        "raw_output": "",
        "step_time": 0.0230712890625
    },
    {
        "index": 53,
        "step": "fun send_blocked_on :: \"obj_ref \\<Rightarrow> thread_state \\<Rightarrow> bool\" where\n  \"send_blocked_on ref (BlockedOnSend ref' _) = (ref = ref')\"\n| \"send_blocked_on _ _ = False\"",
        "output": "",
        "raw_output": "",
        "step_time": 0.2682976722717285
    },
    {
        "index": 54,
        "step": "lemma send_blocked_on_def2:\n  \"send_blocked_on ref ts = ((ref, SyncSend) \\<in> tcb_st_to_auth ts)\"",
        "output": "",
        "raw_output": "proof (prove)\ngoal (1 subgoal):\n 1. send_blocked_on ref ts = ((ref, SyncSend) \\<in> tcb_st_to_auth ts)",
        "step_time": 0.009710550308227539
    },
    {
        "index": 55,
        "step": "by (cases ts, simp_all)",
        "output": "",
        "raw_output": "",
        "step_time": 0.04326820373535156
    },
    {
        "index": 56,
        "step": "fun send_is_call :: \"thread_state \\<Rightarrow> bool\" where\n  \"send_is_call (BlockedOnSend _ payl) = sender_is_call payl\"\n| \"send_is_call _ = False\"",
        "output": "",
        "raw_output": "",
        "step_time": 0.1545884609222412
    },
    {
        "index": 57,
        "step": "definition tcb_bound_notification_reset_integrity ::\n  \"obj_ref option \\<Rightarrow> obj_ref option \\<Rightarrow> 'a set \\<Rightarrow> 'a PAS \\<Rightarrow> bool\" where\n  \"tcb_bound_notification_reset_integrity ntfn ntfn' subjects aag \\<equiv>\n     (ntfn = ntfn') \\<comment> \\<open>no change to bound ntfn\\<close>\n   \\<or> (ntfn' = None \\<and> aag_subjects_have_auth_to subjects aag Reset (the ntfn)) \\<comment> \\<open>ntfn is unbound\\<close>\"",
        "output": "",
        "raw_output": "",
        "step_time": 0.040857553482055664
    },
    {
        "index": 58,
        "step": "definition direct_send :: \"'a set \\<Rightarrow> 'a PAS \\<Rightarrow> obj_ref \\<Rightarrow> tcb \\<Rightarrow> bool\" where\n  \"direct_send subjects aag ep tcb \\<equiv> receive_blocked_on ep (tcb_state tcb) \\<and>\n                                     (aag_subjects_have_auth_to subjects aag SyncSend ep \\<or>\n                                      aag_subjects_have_auth_to subjects aag Notify ep)\"",
        "output": "",
        "raw_output": "",
        "step_time": 0.03765058517456055
    },
    {
        "index": 59,
        "step": "abbreviation ep_recv_blocked :: \"obj_ref \\<Rightarrow> thread_state \\<Rightarrow> bool\" where\n  \"ep_recv_blocked ep ts \\<equiv> case ts of BlockedOnReceive w _ \\<Rightarrow> w = ep | _ \\<Rightarrow> False\"",
        "output": "",
        "raw_output": "",
        "step_time": 0.01145172119140625
    },
    {
        "index": 60,
        "step": "definition direct_call :: \"'a set \\<Rightarrow> 'a PAS \\<Rightarrow> obj_ref \\<Rightarrow> thread_state \\<Rightarrow> bool\" where\n  \"direct_call subjects aag ep tcbst \\<equiv> ep_recv_blocked ep (tcbst) \\<and>\n                                        aag_subjects_have_auth_to subjects aag Call ep\"",
        "output": "",
        "raw_output": "",
        "step_time": 0.04032754898071289
    },
    {
        "index": 61,
        "step": "definition indirect_send :: \"'a set \\<Rightarrow> 'a PAS \\<Rightarrow> obj_ref \\<Rightarrow> obj_ref \\<Rightarrow> tcb \\<Rightarrow> bool\" where\n  \"indirect_send subjects aag ntfn recv_ep tcb \\<equiv>\n     ep_recv_blocked recv_ep (tcb_state tcb) \\<and> aag_subjects_have_auth_to subjects aag Notify ntfn\n              \\<comment> \\<open>tcb is blocked on sync ep\\<close> \\<and> (tcb_bound_notification tcb = Some ntfn)\"",
        "output": "",
        "raw_output": "",
        "step_time": 0.04549741744995117
    },
    {
        "index": 62,
        "step": "definition call_blocked :: \"obj_ref \\<Rightarrow> thread_state \\<Rightarrow> bool\" where\n  \"call_blocked ep tst \\<equiv> \\<exists>pl. tst = BlockedOnSend ep pl \\<and> sender_is_call pl\"",
        "output": "",
        "raw_output": "",
        "step_time": 0.03566169738769531
    },
    {
        "index": 63,
        "step": "definition allowed_call_blocked :: \"obj_ref \\<Rightarrow> thread_state \\<Rightarrow> bool\" where\n  \"allowed_call_blocked ep tst \\<equiv> \\<exists>pl. tst = BlockedOnSend ep pl \\<and> sender_is_call pl \\<and>\n                                              (sender_can_grant pl \\<or> sender_can_grant_reply pl)\"",
        "output": "",
        "raw_output": "",
        "step_time": 0.032697439193725586
    },
    {
        "index": 64,
        "step": "definition direct_reply :: \"'a set \\<Rightarrow> 'a PAS \\<Rightarrow> 'a \\<Rightarrow> tcb \\<Rightarrow> bool\" where\n  \"direct_reply subjects aag tcb_owner tcb \\<equiv>\n     (awaiting_reply (tcb_state tcb)\n        \\<or> (\\<exists>ep. allowed_call_blocked ep (tcb_state tcb)\n            \\<and> aag_subjects_have_auth_to subjects aag Receive ep))\n     \\<and> aag_subjects_have_auth_to_label subjects aag Reply tcb_owner\"",
        "output": "",
        "raw_output": "",
        "step_time": 0.0407257080078125
    },
    {
        "index": 65,
        "step": "definition reply_cap_deletion_integrity :: \"'a set \\<Rightarrow> 'a PAS \\<Rightarrow> cap \\<Rightarrow> cap \\<Rightarrow> bool\" where\n  \"reply_cap_deletion_integrity subjects aag cap cap' \\<equiv>\n   (cap = cap') \\<or> (\\<exists>caller R. cap = ReplyCap caller False R \\<and> cap' = NullCap \\<and>\n                              pasObjectAbs aag caller \\<in> subjects)\"",
        "output": "",
        "raw_output": "",
        "step_time": 0.03744983673095703
    },
    {
        "index": 66,
        "step": "\n\n(* WARNING: if some one want to add a cap to is_transferable, it must appear here *)\n",
        "output": "",
        "raw_output": "",
        "step_time": 0.005104541778564453
    },
    {
        "index": 67,
        "step": "definition cnode_integrity :: \"'a set \\<Rightarrow> 'a PAS \\<Rightarrow> cnode_contents \\<Rightarrow> cnode_contents \\<Rightarrow> bool\" where\n  \"cnode_integrity subjects aag content content' \\<equiv>\n   \\<forall>l. content l = content' l \\<or> (\\<exists>cap cap'. content l = Some cap \\<and> content' l = Some cap' \\<and>\n                                            reply_cap_deletion_integrity subjects aag cap cap')\"",
        "output": "",
        "raw_output": "",
        "step_time": 0.027677536010742188
    },
    {
        "index": 68,
        "step": "subsubsection \\<open>Definition of object integrity\\<close>",
        "output": "",
        "raw_output": "",
        "step_time": 0.005590200424194336
    },
    {
        "index": 69,
        "step": "text \\<open>\n  The object integrity relation describes which modification to kernel objects are allowed by the\n  policy aag when the system is controlled by subjects.\n\n  ko and ko' are the initial and final version of the particular kernel object\n  on which we are reasoning.\n  The corresponding memory emplacement must belong to l.\n\n  The activate boolean allows reactivation of a thread in a @{term Restart} state.\n\n  Creation and destruction or retyping of kernel objects are not allowed unless l \\<in> subjects\n\\<close>",
        "output": "",
        "raw_output": "",
        "step_time": 0.0065004825592041016
    },
    {
        "index": 70,
        "step": "\n\n(* FIXME it would be nice if there was an arch_tcb_context_update with all the required lemmas*)\n",
        "output": "",
        "raw_output": "",
        "step_time": 0.005425691604614258
    },
    {
        "index": 71,
        "step": "inductive integrity_obj_atomic for aag activate subjects l ko ko' where\n  (* l can modify any object it owns *)\n  troa_lrefl:\n    \"l \\<in> subjects \\<Longrightarrow> integrity_obj_atomic aag activate subjects l ko ko'\"\n  (* l can modify a Notification object state if it has rights to interact with it *)\n| troa_ntfn:\n    \"\\<lbrakk> ko = Some (Notification ntfn); ko' = Some (Notification ntfn');\n       auth \\<in> {Receive, Notify, Reset}; s \\<in> subjects; (s, auth, l) \\<in> pasPolicy aag \\<rbrakk>\n       \\<Longrightarrow> integrity_obj_atomic aag activate subjects l ko ko'\"\n  (* l can modify an Endpoint object state if it has rights to interact with it *)\n| troa_ep:\n    \"\\<lbrakk> ko = Some (Endpoint ep); ko' = Some (Endpoint ep');\n       auth \\<in> {Receive, SyncSend, Reset}; s \\<in> subjects; (s, auth, l) \\<in> pasPolicy aag \\<rbrakk>\n       \\<Longrightarrow> integrity_obj_atomic aag activate subjects l ko ko'\"\n  (* If a tcb is waiting on receiving on an Endpoint but could be bound to a notification ntfn.\n     Then if we can Notify ntfn, we could modify the endpoint *)\n| troa_ep_unblock:\n    \"\\<lbrakk> ko = Some (Endpoint ep); ko' = Some (Endpoint ep');\n       (tcb, Receive, pasObjectAbs aag ntfn) \\<in> pasPolicy aag;\n       (tcb, Receive, l) \\<in> pasPolicy aag;\n       aag_subjects_have_auth_to subjects aag Notify ntfn \\<rbrakk>\n       \\<Longrightarrow> integrity_obj_atomic aag activate subjects l ko ko'\"\n  (* If the subjects can send to an Endpoint or its bound notification, they can also\n     modify any thread that is waiting on it *)\n| troa_tcb_send:\n    \"\\<lbrakk> ko = Some (TCB tcb); ko' = Some (TCB tcb');\n       tcb' = tcb \\<lparr>tcb_arch := arch_tcb_context_set ctxt' (tcb_arch tcb), tcb_state := Running\\<rparr>;\n       direct_send subjects aag ep tcb\n       \\<or> indirect_send subjects aag (the (tcb_bound_notification tcb)) ep tcb \\<rbrakk>\n       \\<Longrightarrow> integrity_obj_atomic aag activate subjects l ko ko'\"\n  (* If a tcb is waiting on an Endpoint that the subjects can Call, they are allowed\n     to do that call, and insert a ReplyCap back towards a subject*)\n| troa_tcb_call:\n    \"\\<lbrakk> ko = Some (TCB tcb); ko' = Some (TCB tcb');\n       tcb' = tcb \\<lparr>tcb_arch := arch_tcb_context_set ctxt' (tcb_arch tcb), tcb_state := Running,\n                   tcb_caller := ReplyCap caller False R\\<rparr>;\n       pasObjectAbs aag caller \\<in> subjects;\n       direct_call subjects aag ep (tcb_state tcb) \\<rbrakk>\n       \\<Longrightarrow> integrity_obj_atomic aag activate subjects l ko ko'\"\n  (* Subjects can reply to a tcb waiting for a Reply, if they have authority to do that Reply\n     In case of a fault Reply, the new state of the thread can be Restart or Inactive depending on\n     the fault handler*)\n| troa_tcb_reply:\n    \"\\<lbrakk> ko = Some (TCB tcb); ko' = Some (TCB tcb');\n       tcb' = tcb \\<lparr>tcb_arch := arch_tcb_context_set ctxt' (tcb_arch tcb),\n                   tcb_state := new_st, tcb_fault := None\\<rparr>;\n       new_st = Running \\<or> (tcb_fault tcb \\<noteq> None \\<and> (new_st = Restart \\<or> new_st = Inactive));\n       awaiting_reply (tcb_state tcb); aag_subjects_have_auth_to_label subjects aag Reply l \\<rbrakk>\n       \\<Longrightarrow> integrity_obj_atomic aag activate subjects l ko ko'\"\n  (* Subjects can receive a message from an Endpoint. The sender state will then be set to\n     Running if it is a normal send and to Inactive or BlockedOnReply if it is a call.\n     TODO split that rule *)\n| troa_tcb_receive:\n    \"\\<lbrakk> ko = Some (TCB tcb); ko' = Some (TCB tcb');\n       tcb' = tcb \\<lparr>tcb_state := new_st\\<rparr>;\n       new_st = Running\n       \\<or> (inactive new_st \\<and> call_blocked ep (tcb_state tcb))\n       \\<or> (awaiting_reply new_st \\<and> allowed_call_blocked ep (tcb_state tcb));\n       send_blocked_on ep (tcb_state tcb);\n       aag_subjects_have_auth_to subjects aag Receive ep \\<rbrakk>\n       \\<Longrightarrow> integrity_obj_atomic aag activate subjects l ko ko'\"\n  (* Subjects can Reset an Endpoint/Notification they have Reset authority to, and thus\n     all TCBs blocked on it need to be restarted *)\n| troa_tcb_restart:\n    \"\\<lbrakk> ko = Some (TCB tcb); ko' = Some (TCB tcb');\n       tcb' = tcb\\<lparr>tcb_state := Restart\\<rparr>;\n       blocked_on ep (tcb_state tcb);\n       aag_subjects_have_auth_to subjects aag Reset ep \\<rbrakk>\n       \\<Longrightarrow> integrity_obj_atomic aag activate subjects l ko ko'\"\n  (* Subjects can Reset a bound Notification which then need to be unbound*)\n| troa_tcb_unbind:\n    \"\\<lbrakk> ko = Some (TCB tcb); ko' = Some (TCB tcb');\n       tcb' = tcb\\<lparr>tcb_bound_notification := None\\<rparr>;\n       aag_subjects_have_auth_to subjects aag Reset (the (tcb_bound_notification tcb)) \\<rbrakk>\n       \\<Longrightarrow> integrity_obj_atomic aag activate subjects l ko ko'\"\n  (* Allow subjects to delete their reply caps in other subjects' threads.\n   * Note that we need to account for the reply cap being in tcb_ctable,\n   * because recursive deletion of the root CNode may temporarily place any\n   * contained cap (in particular, a copied reply cap) in that location. *)\n| troa_tcb_empty_ctable:\n    \"\\<lbrakk> ko = Some (TCB tcb); ko' = Some (TCB tcb');\n       tcb' = tcb\\<lparr>tcb_ctable := cap'\\<rparr>;\n       reply_cap_deletion_integrity subjects aag (tcb_ctable tcb) cap' \\<rbrakk>\n       \\<Longrightarrow> integrity_obj_atomic aag activate subjects l ko ko'\"\n| troa_tcb_empty_caller:\n    \"\\<lbrakk> ko = Some (TCB tcb); ko' = Some (TCB tcb');\n       tcb' = tcb\\<lparr>tcb_caller := cap'\\<rparr>;\n       reply_cap_deletion_integrity subjects aag (tcb_caller tcb) cap' \\<rbrakk>\n       \\<Longrightarrow> integrity_obj_atomic aag activate subjects l ko ko'\"\n  (* If the activate flag is on, any thread in Restart state can be restarted *)\n| troa_tcb_activate:\n    \"\\<lbrakk> ko = Some (TCB tcb); ko' = Some (TCB tcb');\n       tcb' = tcb\\<lparr>tcb_arch := arch_IP_update (tcb_arch tcb),\n                  tcb_state := Running\\<rparr>;\n       tcb_state tcb = Restart; activate \\<rbrakk> \\<comment> \\<open>Anyone can do this\\<close>\n       \\<Longrightarrow> integrity_obj_atomic aag activate subjects l ko ko'\"\n  (* If there is a deletable_cap in a CNode, it must be allowed to be deleted *)\n| troa_cnode:\n      \"\\<lbrakk> ko = Some (CNode n content); ko' = Some (CNode n content');\n         cnode_integrity subjects aag content content' \\<rbrakk>\n         \\<Longrightarrow> integrity_obj_atomic aag activate subjects l ko ko'\"\n  (* Arch-specific rules *)\n| troa_arch:\n      \"\\<lbrakk> ko = Some (ArchObj ao); ko' = Some (ArchObj ao');\n         arch_integrity_obj_atomic aag subjects l ao ao' \\<rbrakk>\n         \\<Longrightarrow> integrity_obj_atomic aag activate subjects l ko ko'\"",
        "output": "",
        "raw_output": "",
        "step_time": 0.35823488235473633
    },
    {
        "index": 72,
        "step": "definition integrity_obj where\n  \"integrity_obj aag activate subjects l \\<equiv> (integrity_obj_atomic aag activate subjects l)\\<^sup>*\\<^sup>*\"",
        "output": "",
        "raw_output": "",
        "step_time": 0.1282341480255127
    },
    {
        "index": 73,
        "step": "abbreviation integrity_obj_state where\n  \"integrity_obj_state aag activate subjects s s' \\<equiv>\n     (\\<forall>x. integrity_obj aag activate subjects (pasObjectAbs aag x) (kheap s x) (kheap s' x))\"",
        "output": "",
        "raw_output": "",
        "step_time": 0.011711359024047852
    },
    {
        "index": 74,
        "step": "subsubsection \\<open>Alternative tagged formulation of object integrity\\<close>",
        "output": "",
        "raw_output": "",
        "step_time": 0.004481077194213867
    },
    {
        "index": 75,
        "step": "datatype Tro_rules = LRefl | ORefl | RNtfn | REp | EpUnblock | TCBSend | TCBCall | TCBReply\n                           | TCBReceive | TCBRestart | TCBGeneric | RArch | TCBActivate | RCNode",
        "output": "",
        "raw_output": "",
        "step_time": 1.3438165187835693
    },
    {
        "index": 76,
        "step": "definition tro_tag :: \"Tro_rules \\<Rightarrow> bool\" where\n  \"tro_tag t \\<equiv> True\"",
        "output": "",
        "raw_output": "",
        "step_time": 0.01748347282409668
    },
    {
        "index": 77,
        "step": "\n\n(* do not put that one in the simpset unless you know what you are doing *)\n",
        "output": "",
        "raw_output": "",
        "step_time": 0.0039861202239990234
    },
    {
        "index": 78,
        "step": "lemma tro_tagI[intro!]:\n  \"tro_tag t\"",
        "output": "",
        "raw_output": "proof (prove)\ngoal (1 subgoal):\n 1. tro_tag t",
        "step_time": 0.005749702453613281
    },
    {
        "index": 79,
        "step": "unfolding tro_tag_def",
        "output": "",
        "raw_output": "proof (prove)\ngoal (1 subgoal):\n 1. True",
        "step_time": 0.004844188690185547
    },
    {
        "index": 80,
        "step": "..",
        "output": "",
        "raw_output": "",
        "step_time": 0.0049152374267578125
    },
    {
        "index": 81,
        "step": "definition tro_tag' :: \"Tro_rules \\<Rightarrow> bool\" where\n  \"tro_tag' t \\<equiv> True\"",
        "output": "",
        "raw_output": "",
        "step_time": 0.01850748062133789
    },
    {
        "index": 82,
        "step": "\n\n(* do not put that one in the simpset unless you know what you are doing *)\n",
        "output": "",
        "raw_output": "",
        "step_time": 0.005015373229980469
    },
    {
        "index": 83,
        "step": "lemma tro_tag'_intro[intro!]:\n  \"tro_tag' t\"",
        "output": "",
        "raw_output": "proof (prove)\ngoal (1 subgoal):\n 1. tro_tag' t",
        "step_time": 0.00589752197265625
    },
    {
        "index": 84,
        "step": "unfolding tro_tag'_def",
        "output": "",
        "raw_output": "proof (prove)\ngoal (1 subgoal):\n 1. True",
        "step_time": 0.004586696624755859
    },
    {
        "index": 85,
        "step": "..",
        "output": "",
        "raw_output": "",
        "step_time": 0.005045175552368164
    },
    {
        "index": 86,
        "step": "lemma tro_tag_to_prime:\n  \"tro_tag t = tro_tag' t\"",
        "output": "",
        "raw_output": "proof (prove)\ngoal (1 subgoal):\n 1. tro_tag t = tro_tag' t",
        "step_time": 0.005523204803466797
    },
    {
        "index": 87,
        "step": "unfolding tro_tag_def tro_tag'_def",
        "output": "",
        "raw_output": "proof (prove)\ngoal (1 subgoal):\n 1. True = True",
        "step_time": 0.004060029983520508
    },
    {
        "index": 88,
        "step": "by simp",
        "output": "",
        "raw_output": "",
        "step_time": 0.004436969757080078
    },
    {
        "index": 89,
        "step": "text \\<open>\n  This is the old definition of @{const integrity_obj}, corresponding\n  to @{const integrity_obj_atomic} but with certain atomic steps\n  combined (notably TCB updates).\n\n  We keep this here because it is used by many of the existing proofs,\n  and having common combinations of steps is sometimes useful.\n\n  The @{const tro_tag}s are used to tag each rule, for use in the\n  transitivity proof. The transitivity property is, in turn, needed to\n  prove that these steps are included in @{const integrity_obj}\n  (which is the transitive closure of @{const integrity_obj_atomic}).\n\n  NB: we do not try to prove the converse, i.e. integrity_obj_alt\n      implying @{const integrity_obj}. It is not quite true, and we\n      do not need it in any case.\n\\<close>",
        "output": "",
        "raw_output": "",
        "step_time": 0.004288196563720703
    },
    {
        "index": 90,
        "step": "inductive integrity_obj_alt for aag activate subjects l' ko ko' where\n  tro_alt_lrefl:\n    \"\\<lbrakk> tro_tag LRefl; l' \\<in> subjects \\<rbrakk> \\<Longrightarrow> integrity_obj_alt aag activate subjects l' ko ko'\"\n| tro_alt_orefl:\n    \"\\<lbrakk> tro_tag ORefl; ko = ko' \\<rbrakk> \\<Longrightarrow> integrity_obj_alt aag activate subjects l' ko ko'\"\n| tro_alt_ntfn:\n    \"\\<lbrakk> tro_tag RNtfn; ko = Some (Notification ntfn); ko' = Some (Notification ntfn');\n       auth \\<in> {Receive, Notify, Reset};\n       \\<exists>s \\<in> subjects. (s, auth, l') \\<in> pasPolicy aag \\<rbrakk>\n       \\<Longrightarrow> integrity_obj_alt aag activate subjects l' ko ko'\"\n| tro_alt_ep:\n    \"\\<lbrakk> tro_tag REp; ko = Some (Endpoint ep); ko' = Some (Endpoint ep');\n       auth \\<in> {Receive, SyncSend, Reset}; (\\<exists>s \\<in> subjects. (s, auth, l') \\<in> pasPolicy aag) \\<rbrakk>\n       \\<Longrightarrow> integrity_obj_alt aag activate subjects l' ko ko'\"\n| tro_alt_ep_unblock:\n    \"\\<lbrakk> tro_tag EpUnblock; ko = Some (Endpoint ep); ko' = Some (Endpoint ep');\n       \\<exists>tcb ntfn. (tcb, Receive, pasObjectAbs aag ntfn) \\<in> pasPolicy aag \\<and>\n                  (tcb, Receive, l') \\<in> pasPolicy aag \\<and>\n                  aag_subjects_have_auth_to subjects aag Notify ntfn \\<rbrakk>\n       \\<Longrightarrow> integrity_obj_alt aag activate subjects l' ko ko'\"\n| tro_alt_tcb_send:\n    \"\\<lbrakk> tro_tag TCBSend; ko = Some (TCB tcb); ko' = Some (TCB tcb');\n       \\<exists>ctxt'. tcb' = tcb \\<lparr>tcb_arch := arch_tcb_context_set ctxt' (tcb_arch tcb),\n                           tcb_state := Running, tcb_bound_notification := ntfn',\n                           tcb_caller := cap', tcb_ctable := ccap'\\<rparr>;\n       tcb_bound_notification_reset_integrity (tcb_bound_notification tcb) ntfn' subjects aag;\n       reply_cap_deletion_integrity subjects aag (tcb_caller tcb) cap';\n       reply_cap_deletion_integrity subjects aag (tcb_ctable tcb) ccap';\n       direct_send subjects aag ep tcb\n       \\<or> indirect_send subjects aag (the (tcb_bound_notification tcb)) ep tcb \\<rbrakk>\n       \\<Longrightarrow> integrity_obj_alt aag activate subjects l' ko ko'\"\n| tro_alt_tcb_call:\n    \"\\<lbrakk> tro_tag TCBCall; ko = Some (TCB tcb); ko' = Some (TCB tcb');\n       \\<exists>ctxt'. tcb' = tcb \\<lparr>tcb_arch := arch_tcb_context_set ctxt' (tcb_arch tcb),\n                           tcb_state := Running, tcb_bound_notification := ntfn',\n                            tcb_caller := cap', tcb_ctable := ccap'\\<rparr>;\n       pasObjectAbs aag caller \\<in> subjects;\n       tcb_bound_notification_reset_integrity (tcb_bound_notification tcb) ntfn' subjects aag;\n       reply_cap_deletion_integrity subjects aag (ReplyCap caller False R) cap';\n       reply_cap_deletion_integrity subjects aag (tcb_ctable tcb) ccap';\n       direct_call subjects aag ep (tcb_state tcb) \\<rbrakk>\n       \\<Longrightarrow> integrity_obj_alt aag activate subjects l' ko ko'\"\n| tro_alt_tcb_reply:\n    \"\\<lbrakk> tro_tag TCBReply; ko = Some (TCB tcb); ko' = Some (TCB tcb');\n       \\<exists>ctxt'. tcb' = tcb \\<lparr>tcb_arch := arch_tcb_context_set ctxt' (tcb_arch tcb),\n                           tcb_state := new_st, tcb_fault := None,\n                           tcb_bound_notification := ntfn',\n                           tcb_caller := cap', tcb_ctable := ccap'\\<rparr>;\n       new_st = Running \\<or> (tcb_fault tcb \\<noteq> None \\<and> (new_st = Restart \\<or> new_st = Inactive));\n       tcb_bound_notification_reset_integrity (tcb_bound_notification tcb) ntfn' subjects aag;\n       reply_cap_deletion_integrity subjects aag (tcb_caller tcb) cap';\n       reply_cap_deletion_integrity subjects aag (tcb_ctable tcb) ccap';\n       direct_reply subjects aag l' tcb \\<rbrakk>\n       \\<Longrightarrow> integrity_obj_alt aag activate subjects l' ko ko'\"\n| tro_alt_tcb_receive:\n    \"\\<lbrakk> tro_tag TCBReceive; ko = Some (TCB tcb); ko' = Some (TCB tcb');\n       tcb' = tcb \\<lparr>tcb_state := new_st, tcb_bound_notification := ntfn',\n                   tcb_caller := cap', tcb_ctable := ccap'\\<rparr>;\n       new_st = Running \\<or> ((new_st = Inactive \\<and> call_blocked ep (tcb_state tcb)) \\<or>\n       (new_st = BlockedOnReply \\<and> (allowed_call_blocked ep (tcb_state tcb))));\n       tcb_bound_notification_reset_integrity (tcb_bound_notification tcb) ntfn' subjects aag;\n       reply_cap_deletion_integrity subjects aag (tcb_caller tcb) cap';\n       reply_cap_deletion_integrity subjects aag (tcb_ctable tcb) ccap';\n       send_blocked_on ep (tcb_state tcb);\n       aag_subjects_have_auth_to subjects aag Receive ep \\<rbrakk>\n       \\<Longrightarrow> integrity_obj_alt aag activate subjects l' ko ko'\"\n| tro_alt_tcb_restart:\n    \"\\<lbrakk> tro_tag TCBRestart; ko  = Some (TCB tcb); ko' = Some (TCB tcb');\n       tcb' = tcb\\<lparr>tcb_arch := new_arch, tcb_state := tcb_state tcb',\n                  tcb_bound_notification := ntfn', tcb_caller := cap', tcb_ctable := ccap'\\<rparr>;\n       (tcb_state tcb' = Restart \\<and> new_arch = tcb_arch tcb) \\<or>\n       (tcb_state tcb' = Running \\<and> new_arch = arch_IP_update (tcb_arch tcb));\n       tcb_bound_notification_reset_integrity (tcb_bound_notification tcb) ntfn' subjects aag;\n       reply_cap_deletion_integrity subjects aag (tcb_caller tcb) cap';\n       reply_cap_deletion_integrity subjects aag (tcb_ctable tcb) ccap';\n       blocked_on ep (tcb_state tcb);\n       aag_subjects_have_auth_to subjects aag Reset ep \\<rbrakk>\n       \\<Longrightarrow> integrity_obj_alt aag activate subjects l' ko ko'\"\n| tro_alt_tcb_generic:\n    \"\\<lbrakk> tro_tag TCBGeneric; ko = Some (TCB tcb); ko' = Some (TCB tcb');\n       tcb' = tcb \\<lparr>tcb_bound_notification := ntfn', tcb_caller := cap', tcb_ctable := ccap'\\<rparr>;\n       tcb_bound_notification_reset_integrity (tcb_bound_notification tcb) ntfn' subjects aag ;\n       reply_cap_deletion_integrity subjects aag (tcb_caller tcb) cap';\n       reply_cap_deletion_integrity subjects aag (tcb_ctable tcb) ccap' \\<rbrakk>\n       \\<Longrightarrow> integrity_obj_alt aag activate subjects l' ko ko'\"\n| tro_alt_tcb_activate:\n    \"\\<lbrakk> tro_tag TCBActivate; ko  = Some (TCB tcb); ko' = Some (TCB tcb');\n       tcb' = tcb \\<lparr>tcb_arch := arch_IP_update (tcb_arch tcb),\n                   tcb_caller := cap', tcb_ctable := ccap',\n                   tcb_state := Running, tcb_bound_notification := ntfn'\\<rparr>;\n       tcb_state tcb = Restart;\n       reply_cap_deletion_integrity subjects aag (tcb_caller tcb) cap';\n       reply_cap_deletion_integrity subjects aag (tcb_ctable tcb) ccap';\n       tcb_bound_notification_reset_integrity (tcb_bound_notification tcb) ntfn' subjects aag;\n       activate \\<rbrakk> \\<comment> \\<open>Anyone can do this\\<close>\n       \\<Longrightarrow> integrity_obj_alt aag activate subjects l' ko ko'\"\n| tro_alt_cnode:\n    \"\\<lbrakk> tro_tag RCNode; ko  = Some (CNode n content); ko' = Some (CNode n content');\n       cnode_integrity subjects aag content content' \\<rbrakk>\n       \\<Longrightarrow> integrity_obj_alt aag activate subjects l' ko ko'\"\n| tro_alt_arch:\n    \"\\<lbrakk> tro_tag RArch; ko = Some (ArchObj ao); ko' = Some (ArchObj ao');\n       arch_integrity_obj_alt aag subjects l' ao ao'\\<rbrakk>\n       \\<Longrightarrow> integrity_obj_alt aag activate subjects l' ko ko'\"",
        "output": "",
        "raw_output": "",
        "step_time": 0.3352382183074951
    },
    {
        "index": 91,
        "step": "subsubsection \\<open>ekheap and ready queues\\<close>",
        "output": "",
        "raw_output": "",
        "step_time": 0.00588679313659668
    },
    {
        "index": 92,
        "step": "text\\<open>\n\n  Assume two subjects can't interact. Then AINVS already implies that\n  the ready queues of one won't change when the other is running.\n\n  Assume two subjects can interact via an endpoint. (Probably an\n  notification object for infoflow purposes.) Then the following says\n  that the ready queues for the non-running subject can be extended by\n  the running subject, e.g. by sending a message. Note these threads are\n  added to the start of the queue.\n\n\\<close>",
        "output": "",
        "raw_output": "",
        "step_time": 0.00560760498046875
    },
    {
        "index": 93,
        "step": "definition integrity_ready_queues where\n  \"integrity_ready_queues aag subjects queue_labels rq rq' \\<equiv>\n     pasMayEditReadyQueues aag \\<or> (queue_labels \\<inter> subjects = {} \\<longrightarrow> (\\<exists>threads. threads @ rq = rq'))\"",
        "output": "",
        "raw_output": "",
        "step_time": 0.024480342864990234
    },
    {
        "index": 94,
        "step": "inductive integrity_eobj for aag subjects l' eko eko' where\n  tre_lrefl: \"l' \\<in> subjects \\<Longrightarrow> integrity_eobj aag subjects l' eko eko'\"\n| tre_orefl: \"eko = eko' \\<Longrightarrow> integrity_eobj aag subjects l' eko eko'\"",
        "output": "",
        "raw_output": "",
        "step_time": 0.03718256950378418
    },
    {
        "index": 95,
        "step": "abbreviation object_integrity where\n  \"object_integrity aag \\<equiv> integrity_obj (aag :: 'a PAS) (pasMayActivate aag) {pasSubject aag}\"",
        "output": "",
        "raw_output": "",
        "step_time": 0.010364294052124023
    },
    {
        "index": 96,
        "step": "subsection \\<open>How the CDT can change\\<close>",
        "output": "",
        "raw_output": "",
        "step_time": 0.004965066909790039
    },
    {
        "index": 97,
        "step": "text \\<open>\n  The CDT and CDT_list integrity relations describe which modification to the CDT (@{term cdt})\n  , @{term is_original_cap} and @{term cdt_list})\n  are allowed by the policy aag when the system is controlled by subjects.\n\n  A modification to the CDT at a specific slot can happen for different reasons :\n  \\begin{itemize}\n  \\item we own directly or indirectly the slot. The \"indirectly\" means that\n        if an ancestor of a slot is owned by the subject, the slot is indirectly own by the subject\n  \\item we are allowed explicitly to take ownership of the slot, for now this only happens when\n        we call someone: we are allowed to put a reply cap in its caller slot (slot number 3)\n\\<close>",
        "output": "",
        "raw_output": "",
        "step_time": 0.005997419357299805
    },
    {
        "index": 98,
        "step": "inductive cdt_direct_change_allowed for aag subjects tcbsts ptr where\n  cdca_owned:\n    \"pasObjectAbs aag (fst ptr) \\<in> subjects \\<Longrightarrow> cdt_direct_change_allowed aag subjects tcbsts ptr\"\n| cdca_reply:\n    \"\\<lbrakk> tcbsts (fst ptr) = Some tcbst; direct_call subjects aag ep tcbst; (snd ptr) = tcb_cnode_index 3 \\<rbrakk>\n       \\<Longrightarrow> cdt_direct_change_allowed aag subjects tcbsts ptr\"",
        "output": "",
        "raw_output": "",
        "step_time": 0.0527195930480957
    },
    {
        "index": 99,
        "step": "\n\n(* for the moment the only caps that can be affected by that indirect control are reply caps *)\n",
        "output": "",
        "raw_output": "",
        "step_time": 0.0043299198150634766
    },
    {
        "index": 100,
        "step": "definition cdt_change_allowed where\n  \"cdt_change_allowed aag subjects m tcbsts ptr \\<equiv>\n     \\<exists>pptr. m \\<Turnstile> pptr \\<rightarrow>* ptr \\<and> cdt_direct_change_allowed aag subjects tcbsts pptr\"",
        "output": "",
        "raw_output": "",
        "step_time": 0.038750410079956055
    },
    {
        "index": 101,
        "step": "\n\n(* FIXME get a coherent naming scheme *)\n",
        "output": "",
        "raw_output": "",
        "step_time": 0.0037598609924316406
    },
    {
        "index": 102,
        "step": "abbreviation cdt_change_allowed' where\n  \"cdt_change_allowed' aag ptr s \\<equiv>\n     cdt_change_allowed aag {pasSubject aag} (cdt s) (tcb_states_of_state s) ptr\"",
        "output": "",
        "raw_output": "",
        "step_time": 0.010001659393310547
    },
    {
        "index": 103,
        "step": "text\\<open>\n  ptr is the slot we currently looking at\n  s is the initial state (v should be coherent with s)\n  v = (initial parent of ptr, initial \"originality\" of ptr)\n  v' = (final parent of ptr, final \"originality\" of ptr)\n\\<close>",
        "output": "",
        "raw_output": "",
        "step_time": 0.004084587097167969
    },
    {
        "index": 104,
        "step": "definition integrity_cdt ::\n   \"'a PAS \\<Rightarrow> 'a set \\<Rightarrow> cdt \\<Rightarrow> (obj_ref \\<Rightarrow> thread_state option) \\<Rightarrow> cslot_ptr\n           \\<Rightarrow> (cslot_ptr option \\<times> bool) \\<Rightarrow> (cslot_ptr option \\<times> bool) \\<Rightarrow> bool\" where\n  \"integrity_cdt aag subjects m tcbsts ptr v v' \\<equiv>\n     v = v' \\<or> cdt_change_allowed aag subjects m tcbsts ptr\"",
        "output": "",
        "raw_output": "",
        "step_time": 0.04114079475402832
    },
    {
        "index": 105,
        "step": "abbreviation integrity_cdt_state where\n  \"integrity_cdt_state aag subjects s s' \\<equiv>\n     (\\<forall>x. integrity_cdt aag subjects (cdt s) (tcb_states_of_state s) x\n                        (cdt s x,is_original_cap s x) (cdt s' x, is_original_cap s' x))\"",
        "output": "",
        "raw_output": "",
        "step_time": 0.016286849975585938
    },
    {
        "index": 106,
        "step": "abbreviation \"cdt_integrity aag \\<equiv> integrity_cdt (aag :: 'a PAS) {pasSubject aag} \"",
        "output": "",
        "raw_output": "",
        "step_time": 0.010944128036499023
    },
    {
        "index": 107,
        "step": "abbreviation cdt_integrity_state where\n  \"cdt_integrity_state aag s s' \\<equiv>\n     (\\<forall>x. integrity_cdt (aag :: 'a PAS) {pasSubject aag} (cdt s) (tcb_states_of_state s) x\n                        (cdt s x,is_original_cap s x) (cdt s' x, is_original_cap s' x))\"",
        "output": "",
        "raw_output": "",
        "step_time": 0.01596999168395996
    },
    {
        "index": 108,
        "step": "text\\<open>\n  m is the cdt of the initial state\n  tcbsts are tcb_states_of_state of the initial state\n  ptr is the slot we currently looking at\n  l and l' are the initial and final list of children of ptr\n\\<close>",
        "output": "",
        "raw_output": "",
        "step_time": 0.005197048187255859
    },
    {
        "index": 109,
        "step": "definition integrity_cdt_list ::\n   \"'a PAS \\<Rightarrow> 'a set \\<Rightarrow> cdt \\<Rightarrow> (obj_ref \\<Rightarrow> thread_state option)\n           \\<Rightarrow> cslot_ptr \\<Rightarrow> (cslot_ptr list) \\<Rightarrow> (cslot_ptr list) \\<Rightarrow> bool\" where\n  \"integrity_cdt_list aag subjects m tcbsts ptr l l' \\<equiv>\n     filtered_eq (cdt_change_allowed aag subjects m tcbsts) l l'\n   \\<or> cdt_change_allowed aag subjects m tcbsts ptr\"",
        "output": "",
        "raw_output": "",
        "step_time": 0.04198646545410156
    },
    {
        "index": 110,
        "step": "abbreviation integrity_cdt_list_state where\n  \"integrity_cdt_list_state aag subjects s s' \\<equiv>\n     (\\<forall>x. integrity_cdt_list aag subjects (cdt s) (tcb_states_of_state s)\n                             x (cdt_list s x) (cdt_list s' x))\"",
        "output": "",
        "raw_output": "",
        "step_time": 0.012417078018188477
    },
    {
        "index": 111,
        "step": "abbreviation \"cdt_list_integrity aag \\<equiv> integrity_cdt_list (aag :: 'a PAS) {pasSubject aag}\"",
        "output": "",
        "raw_output": "",
        "step_time": 0.011080026626586914
    },
    {
        "index": 112,
        "step": "abbreviation cdt_list_integrity_state where\n  \"cdt_list_integrity_state aag  s s' \\<equiv>\n     (\\<forall>x. integrity_cdt_list (aag :: 'a PAS) {pasSubject aag} (cdt s) (tcb_states_of_state s) x\n                             (cdt_list s x) (cdt_list s' x))\"",
        "output": "",
        "raw_output": "",
        "step_time": 0.014430999755859375
    },
    {
        "index": 113,
        "step": "subsection \\<open>How user and device memory can change\\<close>",
        "output": "",
        "raw_output": "",
        "step_time": 0.0041468143463134766
    },
    {
        "index": 114,
        "step": "text \\<open>\n  The memory integrity relation describes which modification to user memory are allowed by the\n  policy aag when the system is controlled by subjects.\n\n  p is the physical pointer to the concerned memory.\n  ts and ts' are the @{term tcb_states_of_state} of both states\n  icp_buf is the @{term auth_ipc_buffers} of the initial state\n  globals is a deprecated parameter that is used in InfoFlow with the value {}\n         TODO: It would be nice if someone made it disappear.\n  w and w' are the data in the initial and final state.\n\n  The possible reason allowing for a write are :\n  \\begin{itemize}\n  \\item owning the memory\n  \\item being explicitly allowed to write by the policy\n  \\item The pointer is in the \"globals\" set. This is an obsolete concept and will be removed\n  \\item The thread is receiving an IPC, and we write to its IPC buffer\n        We indirectly use the constraints of tro (@{term integrity_obj})\n        to decide when to allow that in order to avoid duplicating the definitions.\n\n  Inductive for now, we should add something about user memory/transitions.\n\\<close>",
        "output": "",
        "raw_output": "",
        "step_time": 0.004881858825683594
    },
    {
        "index": 115,
        "step": "inductive integrity_mem for aag subjects p ts ts' ipcbufs globals w w' where\n  trm_lrefl:\n    \"pasObjectAbs aag p \\<in> subjects \\<Longrightarrow> integrity_mem aag subjects p ts ts' ipcbufs globals w w'\"\n| trm_orefl:\n    \"w = w' \\<Longrightarrow> integrity_mem aag subjects p ts ts' ipcbufs globals w w'\"\n| trm_write:\n    \"aag_subjects_have_auth_to subjects aag Write p\n     \\<Longrightarrow> integrity_mem aag subjects p ts ts' ipcbufs globals w w'\"\n| trm_globals:\n    \"p \\<in> globals \\<Longrightarrow> integrity_mem aag subjects p ts ts' ipcbufs globals w w'\"\n| trm_ipc:\n    \"\\<lbrakk> case_option False can_receive_ipc (ts p');\n       ts' p' = Some Running; p \\<in> ipcbufs p'; pasObjectAbs aag p' \\<notin> subjects \\<rbrakk>\n       \\<Longrightarrow> integrity_mem aag subjects p ts ts' ipcbufs globals w w'\"",
        "output": "",
        "raw_output": "",
        "step_time": 0.08325338363647461
    },
    {
        "index": 116,
        "step": "abbreviation\n  \"memory_integrity X aag x t1 t2 ipc \\<equiv> integrity_mem (aag :: 'a PAS) {pasSubject aag} x t1 t2 ipc X\"",
        "output": "",
        "raw_output": "",
        "step_time": 0.014701128005981445
    },
    {
        "index": 117,
        "step": "inductive integrity_device for aag subjects p ts ts' w w' where\n  trd_lrefl:\n    \"pasObjectAbs aag p \\<in> subjects \\<Longrightarrow> integrity_device aag subjects p ts ts' w w'\"\n| trd_orefl:\n    \"w = w' \\<Longrightarrow> integrity_device aag subjects p ts ts' w w'\"\n| trd_write:\n    \"aag_subjects_have_auth_to subjects aag Write p \\<Longrightarrow> integrity_device aag subjects p ts ts' w w'\"",
        "output": "",
        "raw_output": "",
        "step_time": 0.05628037452697754
    },
    {
        "index": 118,
        "step": "subsection \\<open>How other stuff can change\\<close>",
        "output": "",
        "raw_output": "",
        "step_time": 0.005104541778564453
    },
    {
        "index": 119,
        "step": "definition integrity_interrupts ::\n  \"'a PAS \\<Rightarrow> 'a set \\<Rightarrow> irq \\<Rightarrow> (obj_ref \\<times> irq_state) \\<Rightarrow> (obj_ref \\<times> irq_state) \\<Rightarrow> bool\" where\n  \"integrity_interrupts aag subjects irq v v' \\<equiv> v = v' \\<or> pasIRQAbs aag irq \\<in> subjects\"",
        "output": "",
        "raw_output": "",
        "step_time": 0.03617286682128906
    },
    {
        "index": 120,
        "step": "subsection \\<open>General integrity\\<close>",
        "output": "",
        "raw_output": "",
        "step_time": 0.004590034484863281
    },
    {
        "index": 121,
        "step": "text\\<open>\n\nHalf of what we ultimately want to say: that the parts of the\nsystem state that change are allowed to by the labelling @{term\n\"aag\"}.\n\nThe other half involves showing that @{term \"aag\"} concords with the\npolicy. See @{term \"state_objs_to_policy s\"} and @{term \"pas_refined aag s\"}.\n\n\\<close>",
        "output": "",
        "raw_output": "",
        "step_time": 0.004364490509033203
    },
    {
        "index": 122,
        "step": "definition integrity_subjects ::\n  \"'a set \\<Rightarrow> 'a PAS \\<Rightarrow> bool \\<Rightarrow> obj_ref set \\<Rightarrow> det_ext state \\<Rightarrow> det_ext state \\<Rightarrow> bool\" where\n  \"integrity_subjects subjects aag activate X s s' \\<equiv>\n     (\\<forall>x. integrity_obj aag activate subjects (pasObjectAbs aag x) (kheap s x) (kheap s' x))\n   \\<and> (\\<forall>x. integrity_eobj aag subjects (pasObjectAbs aag x) (ekheap s x) (ekheap s' x))\n   \\<and> integrity_cdt_state aag subjects s s'\n   \\<and> integrity_cdt_list_state aag subjects s s'\n   \\<and> (\\<forall>x. integrity_interrupts aag subjects x (interrupt_irq_node s x, interrupt_states s x)\n                               (interrupt_irq_node s' x, interrupt_states s' x))\n   \\<and> (\\<forall>d p. integrity_ready_queues aag subjects (pasDomainAbs aag d) (ready_queues s d p)\n                                   (ready_queues s' d p))\n   \\<and> (\\<forall>x. integrity_mem aag subjects x (tcb_states_of_state s) (tcb_states_of_state s')\n                        (auth_ipc_buffers s) X\n                        (underlying_memory (machine_state s) x)\n                        (underlying_memory (machine_state s') x))\n   \\<and> (\\<forall>x. integrity_device aag subjects x (tcb_states_of_state s) (tcb_states_of_state s')\n                           (device_state (machine_state s) x)\n                           (device_state (machine_state s') x))\n   \\<and> (\\<forall>x a. integrity_asids aag subjects x a s s')\"",
        "output": "",
        "raw_output": "",
        "step_time": 0.11142134666442871
    },
    {
        "index": 123,
        "step": "abbreviation \"integrity pas \\<equiv> integrity_subjects {pasSubject pas} pas (pasMayActivate pas)\"",
        "output": "",
        "raw_output": "",
        "step_time": 0.008913516998291016
    },
    {
        "index": 124,
        "step": "subsection \\<open>Various definitions and abbreviations\\<close>",
        "output": "",
        "raw_output": "",
        "step_time": 0.003717184066772461
    },
    {
        "index": 125,
        "step": "definition label_owns_asid_slot :: \"'a PAS \\<Rightarrow> 'a \\<Rightarrow> asid \\<Rightarrow> bool\" where\n  \"label_owns_asid_slot aag l asid \\<equiv>\n     (l, Control, pasASIDAbs aag asid) \\<in> pasPolicy aag\"",
        "output": "",
        "raw_output": "",
        "step_time": 0.037602901458740234
    },
    {
        "index": 126,
        "step": "fun cap_asid' :: \"cap \\<Rightarrow> asid set\" where\n  \"cap_asid' (ArchObjectCap acap) = acap_asid' acap\"\n| \"cap_asid' _ = {}\"",
        "output": "",
        "raw_output": "",
        "step_time": 0.24903249740600586
    },
    {
        "index": 127,
        "step": "definition cap_links_asid_slot :: \"'a PAS \\<Rightarrow> 'a \\<Rightarrow> cap \\<Rightarrow> bool\" where\n  \"cap_links_asid_slot aag l cap \\<equiv> (\\<forall>asid \\<in> cap_asid' cap. label_owns_asid_slot aag l asid)\"",
        "output": "",
        "raw_output": "",
        "step_time": 0.030924320220947266
    },
    {
        "index": 128,
        "step": "abbreviation is_subject_asid :: \"'a PAS \\<Rightarrow> asid \\<Rightarrow> bool\" where\n  \"is_subject_asid aag asid \\<equiv> pasASIDAbs aag asid = pasSubject aag\"",
        "output": "",
        "raw_output": "",
        "step_time": 0.007142066955566406
    },
    {
        "index": 129,
        "step": "definition cap_links_irq :: \"'a PAS \\<Rightarrow> 'a \\<Rightarrow> cap \\<Rightarrow> bool\" where\n  \"cap_links_irq aag l cap \\<equiv>\n     \\<forall>irq \\<in> cap_irqs_controlled cap. (l, Control, pasIRQAbs aag irq) \\<in> pasPolicy aag\"",
        "output": "",
        "raw_output": "",
        "step_time": 0.02592611312866211
    },
    {
        "index": 130,
        "step": "abbreviation is_subject_irq :: \"'a PAS \\<Rightarrow> irq \\<Rightarrow> bool\" where\n  \"is_subject_irq aag irq \\<equiv> pasIRQAbs aag irq = pasSubject aag\"",
        "output": "",
        "raw_output": "",
        "step_time": 0.00835561752319336
    },
    {
        "index": 131,
        "step": "definition aag_cap_auth :: \"'a PAS \\<Rightarrow> 'a \\<Rightarrow> cap \\<Rightarrow> bool\" where\n  \"aag_cap_auth aag l cap \\<equiv>\n     (\\<forall>x \\<in> obj_refs_ac cap. \\<forall>auth \\<in> cap_auth_conferred cap. (l, auth, pasObjectAbs aag x) \\<in> pasPolicy aag)\n   \\<and> (\\<forall>x \\<in> untyped_range cap. (l, Control, pasObjectAbs aag x) \\<in> pasPolicy aag)\n   \\<and> cap_links_asid_slot aag l cap \\<and> cap_links_irq aag l cap\"",
        "output": "",
        "raw_output": "",
        "step_time": 0.04234123229980469
    },
    {
        "index": 132,
        "step": "abbreviation pas_cap_cur_auth :: \"'a PAS \\<Rightarrow> cap \\<Rightarrow> bool\" where\n  \"pas_cap_cur_auth aag cap \\<equiv> aag_cap_auth aag (pasSubject aag) cap\"",
        "output": "",
        "raw_output": "",
        "step_time": 0.0104827880859375
    },
    {
        "index": 133,
        "step": "end",
        "output": "",
        "raw_output": "",
        "step_time": 0.0071561336517333984
    }
]