[
    {
        "index": 0,
        "step": "(*\n * Copyright 2020, Data61, CSIRO (ABN 41 687 119 230)\n *\n * SPDX-License-Identifier: GPL-2.0-only\n *)\n\n",
        "output": "",
        "raw_output": "",
        "step_time": 0.004602193832397461
    },
    {
        "index": 1,
        "step": "theory AutoCorresModifiesProofs\nimports\n  \"CBaseRefine.L4VerifiedLinks\"\n  \"CLib.SIMPL_Lemmas\"\nbegin",
        "output": "",
        "raw_output": "",
        "step_time": 0.005025148391723633
    },
    {
        "index": 2,
        "step": "text \\<open>\n  Generate modifies specs, i.e. specifications of which globals fields\n  may potentially be modified by each function.\n\n  It turns out that ac_corres is not strong enough to automagically\n  transfer C-parser's modifies theorems across to the AutoCorres functions.\n  This is because the modifies specs are unconditional, whereas our\n  ac_corres theorems have preconditions on the initial states.\n\n  In other words, the modifies spec is a syntactic property of a function\n  rather than a semantic one. Fortunately, this also makes it straightforward\n  to prove them from scratch over our newly-generated functions.\n\\<close>",
        "output": "",
        "raw_output": "",
        "step_time": 0.0051288604736328125
    },
    {
        "index": 3,
        "step": "section \\<open>Rules for modifies proof method\\<close>",
        "output": "",
        "raw_output": "",
        "step_time": 0.00435328483581543
    },
    {
        "index": 4,
        "step": "text \\<open>\n  Transferring modifies rules for un-translated functions.\n  These functions are defined to be equivalent to their SIMPL specs\n  (via L1_call_simpl), so the limitations of ac_corres do not apply.\n\\<close>",
        "output": "",
        "raw_output": "",
        "step_time": 0.004100322723388672
    },
    {
        "index": 5,
        "step": "lemma autocorres_modifies_transfer:\n  notes hoare_seq_ext[wp]\n  fixes \\<Gamma> globals f' f_'proc modifies_eqn P xf\n  assumes f'_def: \"f' \\<equiv> AC_call_L1 P globals xf (L1_call_simpl check_termination \\<Gamma> f_'proc)\"\n  assumes f_modifies: \"\\<forall>\\<sigma>. \\<Gamma>\\<turnstile>\\<^bsub>/UNIV\\<^esub> {\\<sigma>} Call f_'proc {t. modifies_eqn (globals t) (globals \\<sigma>)}\"\n  shows \"\\<lbrace> \\<lambda>s. s = \\<sigma> \\<rbrace> f' \\<lbrace> \\<lambda>_ s. modifies_eqn s \\<sigma> \\<rbrace>\"",
        "output": "",
        "raw_output": "proof (prove)\ngoal (1 subgoal):\n 1. \\<lbrace>\\<lambda>s. s = \\<sigma>\\<rbrace> f' \\<lbrace>\\<lambda>_ s. modifies_eqn s \\<sigma>\\<rbrace>",
        "step_time": 0.2542552947998047
    },
    {
        "index": 6,
        "step": "apply (clarsimp simp: f'_def AC_call_L1_def L2_call_L1_def L1_call_simpl_def)",
        "output": "",
        "raw_output": "proof (prove)\ngoal (1 subgoal):\n 1. \\<lbrace>\\<lambda>s. s = \\<sigma>\\<rbrace> liftM (\\<lambda>rv. case rv of Inr v \\<Rightarrow> v) (do cur_gs <- get;\ns <- select {s. globals s = cur_gs \\<and> P s};\n(rv, s') <- select_f ((do s <- get;\ny <- assert (check_termination \\<longrightarrow> \\<Gamma>\\<turnstile>Call f_'proc \\<down> Normal s);\nselect (Collect (exec \\<Gamma> (Call f_'proc) (Normal s))) >>= case_xstate (\\<lambda>s. liftE (put s)) (\\<lambda>s. put s >>= throwError) (\\<lambda>ft. fail) fail\nod) s);\ny <- put (globals s');\ncase rv of Inl x \\<Rightarrow> fail | Inr x \\<Rightarrow> return (Inr (xf s'))\nod) \\<lbrace>\\<lambda>_ s. modifies_eqn s \\<sigma>\\<rbrace>",
        "step_time": 0.02081608772277832
    },
    {
        "index": 7,
        "step": "apply (simp add: liftM_def bind_assoc)",
        "output": "",
        "raw_output": "proof (prove)\ngoal (1 subgoal):\n 1. \\<lbrace>\\<lambda>s. s = \\<sigma>\\<rbrace> do x <- get;\nx <- select {s. globals s = x \\<and> P s};\nx <- select_f ((do s <- get;\ny <- assert (check_termination \\<longrightarrow> \\<Gamma>\\<turnstile>Call f_'proc \\<down> Normal s);\nselect (Collect (exec \\<Gamma> (Call f_'proc) (Normal s))) >>= case_xstate (\\<lambda>s. liftE (put s)) (\\<lambda>s. put s >>= throwError) (\\<lambda>ft. fail) fail\nod) x);\nx <- case x of (rv, s') \\<Rightarrow> do y <- put (globals s');\ncase rv of Inl x \\<Rightarrow> fail | Inr x \\<Rightarrow> return (Inr (xf s'))\nod;\nreturn (case x of Inr v \\<Rightarrow> v)\nod \\<lbrace>\\<lambda>_ s. modifies_eqn s \\<sigma>\\<rbrace>",
        "step_time": 0.020387649536132812
    },
    {
        "index": 8,
        "step": "apply wpsimp",
        "output": "",
        "raw_output": "proof (prove)\ngoal (1 subgoal):\n 1. \\<And>x b. \\<lbrakk>(Inr (), b) \\<in> fst ((do s <- get;\ny <- assert (check_termination \\<longrightarrow> \\<Gamma>\\<turnstile>Call f_'proc \\<down> Normal s);\nselect (Collect (exec \\<Gamma> (Call f_'proc) (Normal s))) >>= case_xstate (\\<lambda>s. liftE (put s)) (\\<lambda>s. put s >>= throwError) (\\<lambda>ft. fail) fail\nod) x); P x; \\<sigma> = globals x\\<rbrakk> \\<Longrightarrow> modifies_eqn (globals b) (globals x)",
        "step_time": 0.10421490669250488
    },
    {
        "index": 9,
        "step": "apply (clarsimp simp: in_monad select_def split: xstate.splits)",
        "output": "",
        "raw_output": "proof (prove)\ngoal (1 subgoal):\n 1. \\<And>x b xa. \\<lbrakk>P x; \\<sigma> = globals x; check_termination \\<longrightarrow> \\<Gamma>\\<turnstile>Call f_'proc \\<down> Normal x; \\<forall>x1. xa = Normal x1 \\<longrightarrow> \\<Gamma>\\<turnstile> \\<langle>Call f_'proc,Normal x\\<rangle> \\<Rightarrow> Normal x1 \\<and> b = x1; \\<forall>x2. xa \\<noteq> Abrupt x2; \\<forall>x3. xa \\<noteq> Fault x3; xa \\<noteq> Stuck\\<rbrakk> \\<Longrightarrow> modifies_eqn (globals b) (globals x)",
        "step_time": 0.04007768630981445
    },
    {
        "index": 10,
        "step": "by (case_tac xa; clarsimp dest!: exec_normal[OF singletonI _ f_modifies[rule_format]])",
        "output": "",
        "raw_output": "",
        "step_time": 0.043900251388549805
    },
    {
        "index": 11,
        "step": "text \\<open>\n  A monadic Hoare triple for a modifies spec looks like\n    \"\\<lbrace>\\<lambda>s. s = \\<sigma>\\<rbrace> prog \\<lbrace>\\<lambda>s. \\<exists>x1 x2... s = \\<sigma>\\<lparr>field1 := x1, ...\\<rparr>\\<rbrace>\"\n  where (fieldk, xk) are the possibly-modified fields.\n  To prove it, we rewrite the precondition to an invariant:\n     \\<lbrace>\\<lambda>s. \\<exists>x1 x2... s = \\<sigma>\\<lparr>field1 := x1, ...\\<rparr> \\<rbrace> prog \\<lbrace>\\<lambda>_ s. \\<exists>x1 x2... s = \\<sigma>\\<lparr>field1 := x1, ...\\<rparr> \\<rbrace>\n  Then we carry the invariant through each statement of the program.\n\\<close>",
        "output": "",
        "raw_output": "",
        "step_time": 0.006849765777587891
    },
    {
        "index": 12,
        "step": "text \\<open>\n  Adapter for apply rules to an invariant goal.\n  We allow \"I\" and \"I'\" to be different (in our modifies proof, \"I\"\n  will have \\<exists>-quantified vars lifted out).\n\\<close>",
        "output": "",
        "raw_output": "",
        "step_time": 0.006376504898071289
    },
    {
        "index": 13,
        "step": "lemma valid_inv_weaken:\n  \"\\<lbrakk> valid P f (\\<lambda>_. R); \\<And>s. I s \\<Longrightarrow> P s; \\<And>s. R s \\<Longrightarrow> I' s \\<rbrakk> \\<Longrightarrow> valid I f (\\<lambda>_. I')\"",
        "output": "",
        "raw_output": "proof (prove)\ngoal (1 subgoal):\n 1. \\<lbrakk>\\<lbrace>P\\<rbrace> f \\<lbrace>\\<lambda>_. R\\<rbrace>; \\<And>s. I s \\<Longrightarrow> P s; \\<And>s. R s \\<Longrightarrow> I' s\\<rbrakk> \\<Longrightarrow> \\<lbrace>I\\<rbrace> f \\<lbrace>\\<lambda>_. I'\\<rbrace>",
        "step_time": 0.01658320426940918
    },
    {
        "index": 14,
        "step": "by (fastforce simp: valid_def)",
        "output": "",
        "raw_output": "",
        "step_time": 0.04100990295410156
    },
    {
        "index": 15,
        "step": "text \\<open>\n  Our function modifies rules have a schematic precond,\n  so this rule avoids weakening the invariant when applying those rules\n  and ending up with an underspecified P.\n\\<close>",
        "output": "",
        "raw_output": "",
        "step_time": 0.0065059661865234375
    },
    {
        "index": 16,
        "step": "lemma valid_inv_weaken':\n  \"\\<lbrakk> valid I f (\\<lambda>_. Q); \\<And>s. Q s \\<Longrightarrow> I' s \\<rbrakk> \\<Longrightarrow> valid I f (\\<lambda>_. I')\"",
        "output": "",
        "raw_output": "proof (prove)\ngoal (1 subgoal):\n 1. \\<lbrakk>\\<lbrace>I\\<rbrace> f \\<lbrace>\\<lambda>_. Q\\<rbrace>; \\<And>s. Q s \\<Longrightarrow> I' s\\<rbrakk> \\<Longrightarrow> \\<lbrace>I\\<rbrace> f \\<lbrace>\\<lambda>_. I'\\<rbrace>",
        "step_time": 0.013715505599975586
    },
    {
        "index": 17,
        "step": "by (rule valid_inv_weaken)",
        "output": "",
        "raw_output": "",
        "step_time": 0.007060527801513672
    },
    {
        "index": 18,
        "step": "text \\<open>\n  Used by modifies_initial_tac to instantiate a schematic precondition\n  to an invariant.\n\\<close>",
        "output": "",
        "raw_output": "",
        "step_time": 0.004683971405029297
    },
    {
        "index": 19,
        "step": "lemma valid_invI:\n  \"valid I f (\\<lambda>_. I) \\<Longrightarrow> valid I f (\\<lambda>_. I)\"",
        "output": "",
        "raw_output": "proof (prove)\ngoal (1 subgoal):\n 1. \\<lbrace>I\\<rbrace> f \\<lbrace>\\<lambda>_. I\\<rbrace> \\<Longrightarrow> \\<lbrace>I\\<rbrace> f \\<lbrace>\\<lambda>_. I\\<rbrace>",
        "step_time": 0.010605096817016602
    },
    {
        "index": 20,
        "step": "by -",
        "output": "",
        "raw_output": "",
        "step_time": 0.00630497932434082
    },
    {
        "index": 21,
        "step": "text \\<open>For rewriting foralls in premises.\\<close>",
        "output": "",
        "raw_output": "",
        "step_time": 0.005015134811401367
    },
    {
        "index": 22,
        "step": "lemma All_to_all:\n  \"Trueprop (\\<forall>x. P x) \\<equiv> (\\<And>x. P x)\"",
        "output": "",
        "raw_output": "proof (prove)\ngoal (1 subgoal):\n 1. \\<forall>x. P x \\<equiv> (\\<And>x. P x)",
        "step_time": 0.009248971939086914
    },
    {
        "index": 23,
        "step": "by presburger",
        "output": "",
        "raw_output": "",
        "step_time": 0.00647282600402832
    },
    {
        "index": 24,
        "step": "subsection \\<open>Hoare rules for state invariants\\<close>",
        "output": "",
        "raw_output": "",
        "step_time": 0.004770755767822266
    },
    {
        "index": 25,
        "step": "named_theorems valid_inv",
        "output": "",
        "raw_output": "",
        "step_time": 0.22889041900634766
    },
    {
        "index": 26,
        "step": "lemmas [valid_inv] =\n  fail_inv\n  gets_inv\n  return_inv\n  hoare_K_bind",
        "output": "",
        "raw_output": "",
        "step_time": 0.008806705474853516
    },
    {
        "index": 27,
        "step": "lemma when_inv[valid_inv]:\n  \"\\<lbrace>I\\<rbrace> f \\<lbrace>\\<lambda>_. I\\<rbrace> \\<Longrightarrow> \\<lbrace>I\\<rbrace> when c f \\<lbrace>\\<lambda>_. I\\<rbrace>\"",
        "output": "",
        "raw_output": "proof (prove)\ngoal (1 subgoal):\n 1. \\<lbrace>I\\<rbrace> f \\<lbrace>\\<lambda>_. I\\<rbrace> \\<Longrightarrow> \\<lbrace>I\\<rbrace> when c f \\<lbrace>\\<lambda>_. I\\<rbrace>",
        "step_time": 0.016368627548217773
    },
    {
        "index": 28,
        "step": "apply wp",
        "output": "",
        "raw_output": "proof (prove)\ngoal (1 subgoal):\n 1. \\<And>s. \\<lbrakk>\\<lbrace>I\\<rbrace> f \\<lbrace>\\<lambda>_. I\\<rbrace>; I s\\<rbrakk> \\<Longrightarrow> (if c then I else I) s",
        "step_time": 0.008939266204833984
    },
    {
        "index": 29,
        "step": "apply auto",
        "output": "",
        "raw_output": "proof (prove)\ngoal:\nNo subgoals!",
        "step_time": 0.007550716400146484
    },
    {
        "index": 30,
        "step": "done",
        "output": "",
        "raw_output": "",
        "step_time": 0.006616353988647461
    },
    {
        "index": 31,
        "step": "lemma bind_inv[valid_inv]:\n  \"\\<lbrace>I\\<rbrace> f \\<lbrace>\\<lambda>_. I\\<rbrace> \\<Longrightarrow> (\\<And>x. \\<lbrace>I\\<rbrace> g x \\<lbrace>\\<lambda>_. I\\<rbrace>) \\<Longrightarrow> \\<lbrace>I\\<rbrace> f >>= g \\<lbrace>\\<lambda>_. I\\<rbrace>\"",
        "output": "",
        "raw_output": "proof (prove)\ngoal (1 subgoal):\n 1. \\<lbrakk>\\<lbrace>I\\<rbrace> f \\<lbrace>\\<lambda>_. I\\<rbrace>; \\<And>x. \\<lbrace>I\\<rbrace> g x \\<lbrace>\\<lambda>_. I\\<rbrace>\\<rbrakk> \\<Longrightarrow> \\<lbrace>I\\<rbrace> f >>= g \\<lbrace>\\<lambda>_. I\\<rbrace>",
        "step_time": 0.030553102493286133
    },
    {
        "index": 32,
        "step": "apply (wp; assumption)",
        "output": "",
        "raw_output": "proof (prove)\ngoal:\nNo subgoals!",
        "step_time": 0.014103412628173828
    },
    {
        "index": 33,
        "step": "done",
        "output": "",
        "raw_output": "",
        "step_time": 0.006086587905883789
    },
    {
        "index": 34,
        "step": "lemma guard_inv[valid_inv]:\n  \"\\<lbrace>I\\<rbrace> guard G \\<lbrace>\\<lambda>_. I\\<rbrace>\"",
        "output": "",
        "raw_output": "proof (prove)\ngoal (1 subgoal):\n 1. \\<lbrace>I\\<rbrace> guard G \\<lbrace>\\<lambda>_. I\\<rbrace>",
        "step_time": 0.011276721954345703
    },
    {
        "index": 35,
        "step": "by (fastforce simp: valid_def)",
        "output": "",
        "raw_output": "",
        "step_time": 0.013462305068969727
    },
    {
        "index": 36,
        "step": "lemma modify_inv[valid_inv]:\n  \"(\\<And>s. I s \\<Longrightarrow> I (f s)) \\<Longrightarrow> \\<lbrace>I\\<rbrace> modify f \\<lbrace>\\<lambda>_. I\\<rbrace>\"",
        "output": "",
        "raw_output": "proof (prove)\ngoal (1 subgoal):\n 1. (\\<And>s. I s \\<Longrightarrow> I (f s)) \\<Longrightarrow> \\<lbrace>I\\<rbrace> modify f \\<lbrace>\\<lambda>_. I\\<rbrace>",
        "step_time": 0.013378381729125977
    },
    {
        "index": 37,
        "step": "apply wp",
        "output": "",
        "raw_output": "proof (prove)\ngoal (1 subgoal):\n 1. \\<And>s. \\<lbrakk>\\<And>s. I s \\<Longrightarrow> I (f s); I s\\<rbrakk> \\<Longrightarrow> I (f s)",
        "step_time": 0.009542226791381836
    },
    {
        "index": 38,
        "step": "by simp",
        "output": "",
        "raw_output": "",
        "step_time": 0.0071375370025634766
    },
    {
        "index": 39,
        "step": "lemma skip_inv[valid_inv]:\n  \"\\<lbrace>I\\<rbrace> skip \\<lbrace>\\<lambda>_. I\\<rbrace>\"",
        "output": "",
        "raw_output": "proof (prove)\ngoal (1 subgoal):\n 1. \\<lbrace>I\\<rbrace> skip \\<lbrace>\\<lambda>_. I\\<rbrace>",
        "step_time": 0.010912179946899414
    },
    {
        "index": 40,
        "step": "by (rule skip_wp)",
        "output": "",
        "raw_output": "",
        "step_time": 0.005990028381347656
    },
    {
        "index": 41,
        "step": "lemma select_inv[valid_inv]:\n  \"\\<lbrace>I\\<rbrace> select f \\<lbrace>\\<lambda>_. I\\<rbrace>\"",
        "output": "",
        "raw_output": "proof (prove)\ngoal (1 subgoal):\n 1. \\<lbrace>I\\<rbrace> select f \\<lbrace>\\<lambda>_. I\\<rbrace>",
        "step_time": 0.009524822235107422
    },
    {
        "index": 42,
        "step": "by (rule hoare_weaken_pre, rule select_wp, blast)",
        "output": "",
        "raw_output": "",
        "step_time": 0.005747795104980469
    },
    {
        "index": 43,
        "step": "lemma condition_inv[valid_inv]:\n  \"\\<lbrace>I\\<rbrace> t \\<lbrace>\\<lambda>_. I\\<rbrace> \\<Longrightarrow> \\<lbrace>I\\<rbrace> f \\<lbrace>\\<lambda>_. I\\<rbrace> \\<Longrightarrow> \\<lbrace>I\\<rbrace> condition c t f\\<lbrace>\\<lambda>_. I\\<rbrace>\"",
        "output": "",
        "raw_output": "proof (prove)\ngoal (1 subgoal):\n 1. \\<lbrakk>\\<lbrace>I\\<rbrace> t \\<lbrace>\\<lambda>_. I\\<rbrace>; \\<lbrace>I\\<rbrace> f \\<lbrace>\\<lambda>_. I\\<rbrace>\\<rbrakk> \\<Longrightarrow> \\<lbrace>I\\<rbrace> condition c\n  t\n  f \\<lbrace>\\<lambda>_. I\\<rbrace>",
        "step_time": 0.026574373245239258
    },
    {
        "index": 44,
        "step": "apply (rule hoare_weaken_pre)",
        "output": "",
        "raw_output": "proof (prove)\ngoal (2 subgoals):\n 1. \\<lbrakk>\\<lbrace>I\\<rbrace> t \\<lbrace>\\<lambda>_. I\\<rbrace>; \\<lbrace>I\\<rbrace> f \\<lbrace>\\<lambda>_. I\\<rbrace>\\<rbrakk> \\<Longrightarrow> \\<lbrace>?Q\\<rbrace> condition c\n  t\n  f \\<lbrace>\\<lambda>_. I\\<rbrace>\n 2. \\<And>s. \\<lbrakk>\\<lbrace>I\\<rbrace> t \\<lbrace>\\<lambda>_. I\\<rbrace>; \\<lbrace>I\\<rbrace> f \\<lbrace>\\<lambda>_. I\\<rbrace>; I s\\<rbrakk> \\<Longrightarrow> ?Q s",
        "step_time": 0.00575566291809082
    },
    {
        "index": 45,
        "step": "apply (rule condition_wp)",
        "output": "",
        "raw_output": "proof (prove)\ngoal (3 subgoals):\n 1. \\<lbrakk>\\<lbrace>I\\<rbrace> t \\<lbrace>\\<lambda>_. I\\<rbrace>; \\<lbrace>I\\<rbrace> f \\<lbrace>\\<lambda>_. I\\<rbrace>\\<rbrakk> \\<Longrightarrow> \\<lbrace>?Q3\\<rbrace> t \\<lbrace>\\<lambda>_. I\\<rbrace>\n 2. \\<lbrakk>\\<lbrace>I\\<rbrace> t \\<lbrace>\\<lambda>_. I\\<rbrace>; \\<lbrace>I\\<rbrace> f \\<lbrace>\\<lambda>_. I\\<rbrace>\\<rbrakk> \\<Longrightarrow> \\<lbrace>?R3\\<rbrace> f \\<lbrace>\\<lambda>_. I\\<rbrace>\n 3. \\<And>s. \\<lbrakk>\\<lbrace>I\\<rbrace> t \\<lbrace>\\<lambda>_. I\\<rbrace>; \\<lbrace>I\\<rbrace> f \\<lbrace>\\<lambda>_. I\\<rbrace>; I s\\<rbrakk> \\<Longrightarrow> if c s then ?Q3 s else ?R3 s",
        "step_time": 0.00566411018371582
    },
    {
        "index": 46,
        "step": "apply auto",
        "output": "",
        "raw_output": "proof (prove)\ngoal:\nNo subgoals!",
        "step_time": 0.013658523559570312
    },
    {
        "index": 47,
        "step": "done",
        "output": "",
        "raw_output": "",
        "step_time": 0.005741119384765625
    },
    {
        "index": 48,
        "step": "lemma whileLoop_inv[valid_inv]:\n  \"\\<lbrakk>\\<And>r. \\<lbrace>I\\<rbrace> b r \\<lbrace>\\<lambda>_. I\\<rbrace> \\<rbrakk> \\<Longrightarrow> \\<lbrace>I\\<rbrace> whileLoop c b r \\<lbrace>\\<lambda>_. I\\<rbrace>\"",
        "output": "",
        "raw_output": "proof (prove)\ngoal (1 subgoal):\n 1. (\\<And>r. \\<lbrace>I\\<rbrace> b r \\<lbrace>\\<lambda>_. I\\<rbrace>) \\<Longrightarrow> \\<lbrace>I\\<rbrace> whileLoop c\n  b r \\<lbrace>\\<lambda>_. I\\<rbrace>",
        "step_time": 0.021636486053466797
    },
    {
        "index": 49,
        "step": "apply (rule whileLoop_wp)",
        "output": "",
        "raw_output": "proof (prove)\ngoal (2 subgoals):\n 1. \\<And>r. (\\<And>r. \\<lbrace>I\\<rbrace> b r \\<lbrace>\\<lambda>_. I\\<rbrace>) \\<Longrightarrow> \\<lbrace>\\<lambda>s. I s \\<and> c r s\\<rbrace> b r \\<lbrace>\\<lambda>a. I\\<rbrace>\n 2. \\<And>r s. \\<lbrakk>\\<And>r. \\<lbrace>I\\<rbrace> b r \\<lbrace>\\<lambda>_. I\\<rbrace>; I s; \\<not> c r s\\<rbrakk> \\<Longrightarrow> I s",
        "step_time": 0.006780147552490234
    },
    {
        "index": 50,
        "step": "apply (blast intro: hoare_weaken_pre)",
        "output": "",
        "raw_output": "proof (prove)\ngoal (1 subgoal):\n 1. \\<And>r s. \\<lbrakk>\\<And>r. \\<lbrace>I\\<rbrace> b r \\<lbrace>\\<lambda>_. I\\<rbrace>; I s; \\<not> c r s\\<rbrakk> \\<Longrightarrow> I s",
        "step_time": 0.006162881851196289
    },
    {
        "index": 51,
        "step": "apply assumption",
        "output": "",
        "raw_output": "proof (prove)\ngoal:\nNo subgoals!",
        "step_time": 0.003746509552001953
    },
    {
        "index": 52,
        "step": "done",
        "output": "",
        "raw_output": "",
        "step_time": 0.005205869674682617
    },
    {
        "index": 53,
        "step": "lemma valid_case_prod_inv[valid_inv]:\n  \"(\\<And>x y. \\<lbrace>I\\<rbrace> f x y \\<lbrace>\\<lambda>_. I\\<rbrace>) \\<Longrightarrow> \\<lbrace>I\\<rbrace> case v of (x, y) \\<Rightarrow> f x y \\<lbrace>\\<lambda>_. I\\<rbrace>\"",
        "output": "",
        "raw_output": "proof (prove)\ngoal (1 subgoal):\n 1. (\\<And>x y. \\<lbrace>I\\<rbrace> f x y \\<lbrace>\\<lambda>_. I\\<rbrace>) \\<Longrightarrow> \\<lbrace>I\\<rbrace> case v of (x, y) \\<Rightarrow> f x y \\<lbrace>\\<lambda>_. I\\<rbrace>",
        "step_time": 0.018726110458374023
    },
    {
        "index": 54,
        "step": "apply wp",
        "output": "",
        "raw_output": "proof (prove)\ngoal (2 subgoals):\n 1. \\<And>x y. (\\<And>x y. \\<lbrace>I\\<rbrace> f x y \\<lbrace>\\<lambda>_. I\\<rbrace>) \\<Longrightarrow> \\<lbrace>?P1 x y\\<rbrace> f x y \\<lbrace>\\<lambda>_. I\\<rbrace>\n 2. \\<And>s. \\<lbrakk>\\<And>x y. \\<lbrace>I\\<rbrace> f x y \\<lbrace>\\<lambda>_. I\\<rbrace>; I s\\<rbrakk> \\<Longrightarrow> (case v of (x, xa) \\<Rightarrow> ?P1 x xa) s",
        "step_time": 0.01183629035949707
    },
    {
        "index": 55,
        "step": "apply auto",
        "output": "",
        "raw_output": "proof (prove)\ngoal:\nNo subgoals!",
        "step_time": 0.022388458251953125
    },
    {
        "index": 56,
        "step": "done",
        "output": "",
        "raw_output": "",
        "step_time": 0.0058116912841796875
    },
    {
        "index": 57,
        "step": "lemma unknown_inv[valid_inv]:\n  \"\\<lbrace>I\\<rbrace> unknown \\<lbrace>\\<lambda>_. I\\<rbrace>\"",
        "output": "",
        "raw_output": "proof (prove)\ngoal (1 subgoal):\n 1. \\<lbrace>I\\<rbrace> unknown \\<lbrace>\\<lambda>_. I\\<rbrace>",
        "step_time": 0.00917959213256836
    },
    {
        "index": 58,
        "step": "apply (unfold unknown_def)",
        "output": "",
        "raw_output": "proof (prove)\ngoal (1 subgoal):\n 1. \\<lbrace>I\\<rbrace> select UNIV \\<lbrace>\\<lambda>_. I\\<rbrace>",
        "step_time": 0.004720926284790039
    },
    {
        "index": 59,
        "step": "apply (rule select_inv)",
        "output": "",
        "raw_output": "proof (prove)\ngoal:\nNo subgoals!",
        "step_time": 0.0041925907135009766
    },
    {
        "index": 60,
        "step": "done",
        "output": "",
        "raw_output": "",
        "step_time": 0.004762411117553711
    },
    {
        "index": 61,
        "step": "lemma throwError_inv[valid_inv]:\n  \"\\<lbrace>I\\<rbrace> throwError e \\<lbrace>\\<lambda>_. I\\<rbrace>\"",
        "output": "",
        "raw_output": "proof (prove)\ngoal (1 subgoal):\n 1. \\<lbrace>I\\<rbrace> throwError e \\<lbrace>\\<lambda>_. I\\<rbrace>",
        "step_time": 0.008939027786254883
    },
    {
        "index": 62,
        "step": "by wp",
        "output": "",
        "raw_output": "",
        "step_time": 0.009320497512817383
    },
    {
        "index": 63,
        "step": "lemma catch_inv[valid_inv]:\n  \"\\<lbrakk> \\<lbrace>I\\<rbrace> f \\<lbrace>\\<lambda>_. I\\<rbrace>; \\<And>e. \\<lbrace>I\\<rbrace> h e \\<lbrace>\\<lambda>_. I\\<rbrace> \\<rbrakk> \\<Longrightarrow> \\<lbrace>I\\<rbrace> catch f h \\<lbrace>\\<lambda>_. I\\<rbrace>\"",
        "output": "",
        "raw_output": "proof (prove)\ngoal (1 subgoal):\n 1. \\<lbrakk>\\<lbrace>I\\<rbrace> f \\<lbrace>\\<lambda>_. I\\<rbrace>; \\<And>e. \\<lbrace>I\\<rbrace> h e \\<lbrace>\\<lambda>_. I\\<rbrace>\\<rbrakk> \\<Longrightarrow> \\<lbrace>I\\<rbrace> f <catch> h \\<lbrace>\\<lambda>_. I\\<rbrace>",
        "step_time": 0.051872968673706055
    },
    {
        "index": 64,
        "step": "apply wpsimp",
        "output": "",
        "raw_output": "proof (prove)\ngoal (3 subgoals):\n 1. \\<And>x. \\<lbrakk>\\<lbrace>I\\<rbrace> f \\<lbrace>\\<lambda>_. I\\<rbrace>; \\<And>e. \\<lbrace>I\\<rbrace> h e \\<lbrace>\\<lambda>_. I\\<rbrace>\\<rbrakk> \\<Longrightarrow> \\<lbrace>?E2 x\\<rbrace> h x \\<lbrace>\\<lambda>_. I\\<rbrace>\n 2. \\<lbrakk>\\<lbrace>I\\<rbrace> f \\<lbrace>\\<lambda>_. I\\<rbrace>; \\<And>e. \\<lbrace>I\\<rbrace> h e \\<lbrace>\\<lambda>_. I\\<rbrace>\\<rbrakk> \\<Longrightarrow> \\<lbrace>?Q1\\<rbrace> f \\<lbrace>\\<lambda>_. I\\<rbrace>, \\<lbrace>?E2\\<rbrace>\n 3. \\<And>s. \\<lbrakk>\\<lbrace>I\\<rbrace> f \\<lbrace>\\<lambda>_. I\\<rbrace>; \\<And>e. \\<lbrace>I\\<rbrace> h e \\<lbrace>\\<lambda>_. I\\<rbrace>; I s\\<rbrakk> \\<Longrightarrow> ?Q1 s",
        "step_time": 0.02841472625732422
    },
    {
        "index": 65,
        "step": "apply assumption",
        "output": "",
        "raw_output": "proof (prove)\ngoal (2 subgoals):\n 1. \\<lbrakk>\\<lbrace>I\\<rbrace> f \\<lbrace>\\<lambda>_. I\\<rbrace>; \\<And>e. \\<lbrace>I\\<rbrace> h e \\<lbrace>\\<lambda>_. I\\<rbrace>\\<rbrakk> \\<Longrightarrow> \\<lbrace>?Q1\\<rbrace> f \\<lbrace>\\<lambda>_. I\\<rbrace>, \\<lbrace>\\<lambda>x. I\\<rbrace>\n 2. \\<And>s. \\<lbrakk>\\<lbrace>I\\<rbrace> f \\<lbrace>\\<lambda>_. I\\<rbrace>; \\<And>e. \\<lbrace>I\\<rbrace> h e \\<lbrace>\\<lambda>_. I\\<rbrace>; I s\\<rbrakk> \\<Longrightarrow> ?Q1 s",
        "step_time": 0.006762981414794922
    },
    {
        "index": 66,
        "step": "apply (simp add: validE_def)",
        "output": "",
        "raw_output": "proof (prove)\ngoal (1 subgoal):\n 1. \\<And>s. \\<lbrakk>\\<lbrace>I\\<rbrace> f \\<lbrace>\\<lambda>_. I\\<rbrace>; \\<And>e. \\<lbrace>I\\<rbrace> h e \\<lbrace>\\<lambda>_. I\\<rbrace>; I s\\<rbrakk> \\<Longrightarrow> I s",
        "step_time": 0.008028030395507812
    },
    {
        "index": 67,
        "step": "by assumption",
        "output": "",
        "raw_output": "",
        "step_time": 0.006352901458740234
    },
    {
        "index": 68,
        "step": "lemma whileLoopE_inv[valid_inv]:\n  \"(\\<And>r. \\<lbrace>I\\<rbrace> b r \\<lbrace>\\<lambda>_. I\\<rbrace>) \\<Longrightarrow> \\<lbrace>I\\<rbrace> whileLoopE c b r \\<lbrace>\\<lambda>_. I\\<rbrace>\"",
        "output": "",
        "raw_output": "proof (prove)\ngoal (1 subgoal):\n 1. (\\<And>r. \\<lbrace>I\\<rbrace> b r \\<lbrace>\\<lambda>_. I\\<rbrace>) \\<Longrightarrow> \\<lbrace>I\\<rbrace> whileLoopE c\n  b r \\<lbrace>\\<lambda>_. I\\<rbrace>",
        "step_time": 0.02372264862060547
    },
    {
        "index": 69,
        "step": "apply (unfold whileLoopE_def)",
        "output": "",
        "raw_output": "proof (prove)\ngoal (1 subgoal):\n 1. (\\<And>r. \\<lbrace>I\\<rbrace> b r \\<lbrace>\\<lambda>_. I\\<rbrace>) \\<Longrightarrow> \\<lbrace>I\\<rbrace> whileLoop (\\<lambda>r s. case r of Inl a \\<Rightarrow> False | Inr v \\<Rightarrow> c v s)\n  (Nondet_Monad.lift b) (Inr r) \\<lbrace>\\<lambda>_. I\\<rbrace>",
        "step_time": 0.007459402084350586
    },
    {
        "index": 70,
        "step": "apply (rule whileLoop_inv)",
        "output": "",
        "raw_output": "proof (prove)\ngoal (1 subgoal):\n 1. \\<And>r. (\\<And>r. \\<lbrace>I\\<rbrace> b r \\<lbrace>\\<lambda>_. I\\<rbrace>) \\<Longrightarrow> \\<lbrace>I\\<rbrace> Nondet_Monad.lift b r \\<lbrace>\\<lambda>_. I\\<rbrace>",
        "step_time": 0.005166053771972656
    },
    {
        "index": 71,
        "step": "apply (auto simp: lift_def split: sum.splits intro: throwError_inv)",
        "output": "",
        "raw_output": "proof (prove)\ngoal:\nNo subgoals!",
        "step_time": 0.013990640640258789
    },
    {
        "index": 72,
        "step": "done",
        "output": "",
        "raw_output": "",
        "step_time": 0.006549358367919922
    },
    {
        "index": 73,
        "step": "lemma bindE_inv[valid_inv]:\n  \"\\<lbrakk> \\<lbrace>I\\<rbrace> f \\<lbrace>\\<lambda>_. I\\<rbrace>; \\<And>x. \\<lbrace>I\\<rbrace> g x \\<lbrace>\\<lambda>_. I\\<rbrace> \\<rbrakk> \\<Longrightarrow> \\<lbrace>I\\<rbrace> f >>=E g \\<lbrace>\\<lambda>_. I\\<rbrace>\"",
        "output": "",
        "raw_output": "proof (prove)\ngoal (1 subgoal):\n 1. \\<lbrakk>\\<lbrace>I\\<rbrace> f \\<lbrace>\\<lambda>_. I\\<rbrace>; \\<And>x. \\<lbrace>I\\<rbrace> g x \\<lbrace>\\<lambda>_. I\\<rbrace>\\<rbrakk> \\<Longrightarrow> \\<lbrace>I\\<rbrace> f >>=E g \\<lbrace>\\<lambda>_. I\\<rbrace>",
        "step_time": 0.031043529510498047
    },
    {
        "index": 74,
        "step": "apply (unfold bindE_def)",
        "output": "",
        "raw_output": "proof (prove)\ngoal (1 subgoal):\n 1. \\<lbrakk>\\<lbrace>I\\<rbrace> f \\<lbrace>\\<lambda>_. I\\<rbrace>; \\<And>x. \\<lbrace>I\\<rbrace> g x \\<lbrace>\\<lambda>_. I\\<rbrace>\\<rbrakk> \\<Longrightarrow> \\<lbrace>I\\<rbrace> f >>= Nondet_Monad.lift g \\<lbrace>\\<lambda>_. I\\<rbrace>",
        "step_time": 0.0070416927337646484
    },
    {
        "index": 75,
        "step": "apply (rule bind_inv)",
        "output": "",
        "raw_output": "proof (prove)\ngoal (2 subgoals):\n 1. \\<lbrakk>\\<lbrace>I\\<rbrace> f \\<lbrace>\\<lambda>_. I\\<rbrace>; \\<And>x. \\<lbrace>I\\<rbrace> g x \\<lbrace>\\<lambda>_. I\\<rbrace>\\<rbrakk> \\<Longrightarrow> \\<lbrace>I\\<rbrace> f \\<lbrace>\\<lambda>_. I\\<rbrace>\n 2. \\<And>x. \\<lbrakk>\\<lbrace>I\\<rbrace> f \\<lbrace>\\<lambda>_. I\\<rbrace>; \\<And>x. \\<lbrace>I\\<rbrace> g x \\<lbrace>\\<lambda>_. I\\<rbrace>\\<rbrakk> \\<Longrightarrow> \\<lbrace>I\\<rbrace> Nondet_Monad.lift g x \\<lbrace>\\<lambda>_. I\\<rbrace>",
        "step_time": 0.0064580440521240234
    },
    {
        "index": 76,
        "step": "apply (auto simp: lift_def split: sum.splits intro: throwError_inv)",
        "output": "",
        "raw_output": "proof (prove)\ngoal:\nNo subgoals!",
        "step_time": 0.014841794967651367
    },
    {
        "index": 77,
        "step": "done",
        "output": "",
        "raw_output": "",
        "step_time": 0.00674748420715332
    },
    {
        "index": 78,
        "step": "lemma returnOk_inv[valid_inv]:\n  \"\\<lbrace>I\\<rbrace> returnOk x \\<lbrace>\\<lambda>_. I\\<rbrace>\"",
        "output": "",
        "raw_output": "proof (prove)\ngoal (1 subgoal):\n 1. \\<lbrace>I\\<rbrace> returnOk x \\<lbrace>\\<lambda>_. I\\<rbrace>",
        "step_time": 0.009066104888916016
    },
    {
        "index": 79,
        "step": "apply (simp add: returnOk_def)",
        "output": "",
        "raw_output": "proof (prove)\ngoal:\nNo subgoals!",
        "step_time": 0.005509138107299805
    },
    {
        "index": 80,
        "step": "done",
        "output": "",
        "raw_output": "",
        "step_time": 0.00521087646484375
    },
    {
        "index": 81,
        "step": "lemma liftE_inv[valid_inv]:\n  \"\\<lbrace>I\\<rbrace> f \\<lbrace>\\<lambda>_. I\\<rbrace> \\<Longrightarrow> \\<lbrace>I\\<rbrace> liftE f \\<lbrace>\\<lambda>_. I\\<rbrace>\"",
        "output": "",
        "raw_output": "proof (prove)\ngoal (1 subgoal):\n 1. \\<lbrace>I\\<rbrace> f \\<lbrace>\\<lambda>_. I\\<rbrace> \\<Longrightarrow> \\<lbrace>I\\<rbrace> liftE f \\<lbrace>\\<lambda>_. I\\<rbrace>",
        "step_time": 0.016788482666015625
    },
    {
        "index": 82,
        "step": "by wp",
        "output": "",
        "raw_output": "",
        "step_time": 0.010590076446533203
    },
    {
        "index": 83,
        "step": "lemma getsE_inv[valid_inv]:\n  \"\\<lbrace>I\\<rbrace> getsE f \\<lbrace>\\<lambda>r. I\\<rbrace>\"",
        "output": "",
        "raw_output": "proof (prove)\ngoal (1 subgoal):\n 1. \\<lbrace>I\\<rbrace> getsE f \\<lbrace>\\<lambda>r. I\\<rbrace>",
        "step_time": 0.010297536849975586
    },
    {
        "index": 84,
        "step": "apply (unfold getsE_def)",
        "output": "",
        "raw_output": "proof (prove)\ngoal (1 subgoal):\n 1. \\<lbrace>I\\<rbrace> liftE (gets f) \\<lbrace>\\<lambda>r. I\\<rbrace>",
        "step_time": 0.004662752151489258
    },
    {
        "index": 85,
        "step": "apply (blast intro: liftE_inv gets_inv)",
        "output": "",
        "raw_output": "proof (prove)\ngoal:\nNo subgoals!",
        "step_time": 0.0049495697021484375
    },
    {
        "index": 86,
        "step": "done",
        "output": "",
        "raw_output": "",
        "step_time": 0.0054242610931396484
    },
    {
        "index": 87,
        "step": "lemma skipE_inv[valid_inv]:\n  \"\\<lbrace>I\\<rbrace> skipE \\<lbrace>\\<lambda>r. I\\<rbrace>\"",
        "output": "",
        "raw_output": "proof (prove)\ngoal (1 subgoal):\n 1. \\<lbrace>I\\<rbrace> skipE \\<lbrace>\\<lambda>r. I\\<rbrace>",
        "step_time": 0.007854938507080078
    },
    {
        "index": 88,
        "step": "apply (unfold skipE_def)",
        "output": "",
        "raw_output": "proof (prove)\ngoal (1 subgoal):\n 1. \\<lbrace>I\\<rbrace> returnOk () \\<lbrace>\\<lambda>r. I\\<rbrace>",
        "step_time": 0.004148244857788086
    },
    {
        "index": 89,
        "step": "apply (blast intro: liftE_inv returnOk_inv)",
        "output": "",
        "raw_output": "proof (prove)\ngoal:\nNo subgoals!",
        "step_time": 0.00422215461730957
    },
    {
        "index": 90,
        "step": "done",
        "output": "",
        "raw_output": "",
        "step_time": 0.0046155452728271484
    },
    {
        "index": 91,
        "step": "lemma modifyE_inv[valid_inv]:\n  \"(\\<And>s. I s \\<Longrightarrow> I (f s)) \\<Longrightarrow> \\<lbrace>I\\<rbrace> modifyE f \\<lbrace>\\<lambda>_. I\\<rbrace>\"",
        "output": "",
        "raw_output": "proof (prove)\ngoal (1 subgoal):\n 1. (\\<And>s. I s \\<Longrightarrow> I (f s)) \\<Longrightarrow> \\<lbrace>I\\<rbrace> modifyE f \\<lbrace>\\<lambda>_. I\\<rbrace>",
        "step_time": 0.01265406608581543
    },
    {
        "index": 92,
        "step": "apply (unfold modifyE_def)",
        "output": "",
        "raw_output": "proof (prove)\ngoal (1 subgoal):\n 1. (\\<And>s. I s \\<Longrightarrow> I (f s)) \\<Longrightarrow> \\<lbrace>I\\<rbrace> liftE (modify f) \\<lbrace>\\<lambda>_. I\\<rbrace>",
        "step_time": 0.005376577377319336
    },
    {
        "index": 93,
        "step": "apply (blast intro: liftE_inv modify_inv)",
        "output": "",
        "raw_output": "proof (prove)\ngoal:\nNo subgoals!",
        "step_time": 0.006282806396484375
    },
    {
        "index": 94,
        "step": "done",
        "output": "",
        "raw_output": "",
        "step_time": 0.0058193206787109375
    },
    {
        "index": 95,
        "step": "lemma guardE_inv[valid_inv]:\n  \"\\<lbrace>I\\<rbrace> guardE G \\<lbrace>\\<lambda>_. I\\<rbrace>\"",
        "output": "",
        "raw_output": "proof (prove)\ngoal (1 subgoal):\n 1. \\<lbrace>I\\<rbrace> guardE G \\<lbrace>\\<lambda>_. I\\<rbrace>",
        "step_time": 0.009136676788330078
    },
    {
        "index": 96,
        "step": "apply (unfold guardE_def)",
        "output": "",
        "raw_output": "proof (prove)\ngoal (1 subgoal):\n 1. \\<lbrace>I\\<rbrace> liftE (guard G) \\<lbrace>\\<lambda>_. I\\<rbrace>",
        "step_time": 0.0047893524169921875
    },
    {
        "index": 97,
        "step": "apply (blast intro: liftE_inv guard_inv)",
        "output": "",
        "raw_output": "proof (prove)\ngoal:\nNo subgoals!",
        "step_time": 0.005064249038696289
    },
    {
        "index": 98,
        "step": "done",
        "output": "",
        "raw_output": "",
        "step_time": 0.004982709884643555
    },
    {
        "index": 99,
        "step": "lemma whenE_inv[valid_inv]:\n  \"\\<lbrace>I\\<rbrace> f \\<lbrace>\\<lambda>_. I\\<rbrace> \\<Longrightarrow> \\<lbrace>I\\<rbrace> whenE c f \\<lbrace>\\<lambda>_. I\\<rbrace>\"",
        "output": "",
        "raw_output": "proof (prove)\ngoal (1 subgoal):\n 1. \\<lbrace>I\\<rbrace> f \\<lbrace>\\<lambda>_. I\\<rbrace> \\<Longrightarrow> \\<lbrace>I\\<rbrace> whenE c f \\<lbrace>\\<lambda>_. I\\<rbrace>",
        "step_time": 0.017099618911743164
    },
    {
        "index": 100,
        "step": "apply (unfold whenE_def)",
        "output": "",
        "raw_output": "proof (prove)\ngoal (1 subgoal):\n 1. \\<lbrace>I\\<rbrace> f \\<lbrace>\\<lambda>_. I\\<rbrace> \\<Longrightarrow> \\<lbrace>I\\<rbrace> if c then f else returnOk () \\<lbrace>\\<lambda>_. I\\<rbrace>",
        "step_time": 0.005466461181640625
    },
    {
        "index": 101,
        "step": "apply (auto intro: returnOk_inv)",
        "output": "",
        "raw_output": "proof (prove)\ngoal:\nNo subgoals!",
        "step_time": 0.010779380798339844
    },
    {
        "index": 102,
        "step": "done",
        "output": "",
        "raw_output": "",
        "step_time": 0.005475759506225586
    },
    {
        "index": 103,
        "step": "lemma unless_inv[valid_inv]:\n  \"\\<lbrace>I\\<rbrace> f \\<lbrace>\\<lambda>_. I\\<rbrace> \\<Longrightarrow> \\<lbrace>I\\<rbrace> unless c f \\<lbrace>\\<lambda>_. I\\<rbrace>\"",
        "output": "",
        "raw_output": "proof (prove)\ngoal (1 subgoal):\n 1. \\<lbrace>I\\<rbrace> f \\<lbrace>\\<lambda>_. I\\<rbrace> \\<Longrightarrow> \\<lbrace>I\\<rbrace> unless c f \\<lbrace>\\<lambda>_. I\\<rbrace>",
        "step_time": 0.016616344451904297
    },
    {
        "index": 104,
        "step": "apply (unfold unless_def)",
        "output": "",
        "raw_output": "proof (prove)\ngoal (1 subgoal):\n 1. \\<lbrace>I\\<rbrace> f \\<lbrace>\\<lambda>_. I\\<rbrace> \\<Longrightarrow> \\<lbrace>I\\<rbrace> when (\\<not> c) f \\<lbrace>\\<lambda>_. I\\<rbrace>",
        "step_time": 0.005455732345581055
    },
    {
        "index": 105,
        "step": "by (rule when_inv)",
        "output": "",
        "raw_output": "",
        "step_time": 0.005807399749755859
    },
    {
        "index": 106,
        "step": "lemma unlessE_inv[valid_inv]:\n  \"\\<lbrace>I\\<rbrace> f \\<lbrace>\\<lambda>_. I\\<rbrace> \\<Longrightarrow> \\<lbrace>I\\<rbrace> unlessE c f \\<lbrace>\\<lambda>_. I\\<rbrace>\"",
        "output": "",
        "raw_output": "proof (prove)\ngoal (1 subgoal):\n 1. \\<lbrace>I\\<rbrace> f \\<lbrace>\\<lambda>_. I\\<rbrace> \\<Longrightarrow> \\<lbrace>I\\<rbrace> unlessE c f \\<lbrace>\\<lambda>_. I\\<rbrace>",
        "step_time": 0.017467021942138672
    },
    {
        "index": 107,
        "step": "apply (unfold unlessE_def)",
        "output": "",
        "raw_output": "proof (prove)\ngoal (1 subgoal):\n 1. \\<lbrace>I\\<rbrace> f \\<lbrace>\\<lambda>_. I\\<rbrace> \\<Longrightarrow> \\<lbrace>I\\<rbrace> if c then returnOk () else f \\<lbrace>\\<lambda>_. I\\<rbrace>",
        "step_time": 0.0055348873138427734
    },
    {
        "index": 108,
        "step": "by (auto intro: returnOk_inv)",
        "output": "",
        "raw_output": "",
        "step_time": 0.012077093124389648
    },
    {
        "index": 109,
        "step": "lemma handleE'_inv[valid_inv]:\n  \"\\<lbrakk> \\<lbrace>I\\<rbrace> f \\<lbrace>\\<lambda>_. I\\<rbrace>; \\<And>e. \\<lbrace>I\\<rbrace> h e \\<lbrace>\\<lambda>_. I\\<rbrace> \\<rbrakk> \\<Longrightarrow> \\<lbrace>I\\<rbrace> handleE' f h \\<lbrace>\\<lambda>_. I\\<rbrace>\"",
        "output": "",
        "raw_output": "proof (prove)\ngoal (1 subgoal):\n 1. \\<lbrakk>\\<lbrace>I\\<rbrace> f \\<lbrace>\\<lambda>_. I\\<rbrace>; \\<And>e. \\<lbrace>I\\<rbrace> h e \\<lbrace>\\<lambda>_. I\\<rbrace>\\<rbrakk> \\<Longrightarrow> \\<lbrace>I\\<rbrace> f <handle2> h \\<lbrace>\\<lambda>_. I\\<rbrace>",
        "step_time": 0.027074575424194336
    },
    {
        "index": 110,
        "step": "by (fastforce simp: handleE'_def intro: return_inv bind_inv split: sum.splits)",
        "output": "",
        "raw_output": "",
        "step_time": 0.029682159423828125
    },
    {
        "index": 111,
        "step": "lemma handleE_inv[valid_inv]:\n  \"\\<lbrakk> \\<lbrace>I\\<rbrace> f \\<lbrace>\\<lambda>_. I\\<rbrace>; \\<And>e. \\<lbrace>I\\<rbrace> h e \\<lbrace>\\<lambda>_. I\\<rbrace> \\<rbrakk> \\<Longrightarrow> \\<lbrace>I\\<rbrace> handleE f h \\<lbrace>\\<lambda>_. I\\<rbrace>\"",
        "output": "",
        "raw_output": "proof (prove)\ngoal (1 subgoal):\n 1. \\<lbrakk>\\<lbrace>I\\<rbrace> f \\<lbrace>\\<lambda>_. I\\<rbrace>; \\<And>e. \\<lbrace>I\\<rbrace> h e \\<lbrace>\\<lambda>_. I\\<rbrace>\\<rbrakk> \\<Longrightarrow> \\<lbrace>I\\<rbrace> f <handle> h \\<lbrace>\\<lambda>_. I\\<rbrace>",
        "step_time": 0.027364015579223633
    },
    {
        "index": 112,
        "step": "apply (unfold handleE_def)",
        "output": "",
        "raw_output": "proof (prove)\ngoal (1 subgoal):\n 1. \\<lbrakk>\\<lbrace>I\\<rbrace> f \\<lbrace>\\<lambda>_. I\\<rbrace>; \\<And>e. \\<lbrace>I\\<rbrace> h e \\<lbrace>\\<lambda>_. I\\<rbrace>\\<rbrakk> \\<Longrightarrow> \\<lbrace>I\\<rbrace> f <handle2> h \\<lbrace>\\<lambda>_. I\\<rbrace>",
        "step_time": 0.006231784820556641
    },
    {
        "index": 113,
        "step": "by (rule handleE'_inv)",
        "output": "",
        "raw_output": "",
        "step_time": 0.006345510482788086
    },
    {
        "index": 114,
        "step": "text \\<open>@{term measure_call} appears in AutoCorres-generated calls to recursive functions.\\<close>",
        "output": "",
        "raw_output": "",
        "step_time": 0.005435466766357422
    },
    {
        "index": 115,
        "step": "lemma measure_call_inv[valid_inv]:\n  \"\\<lbrakk>\\<And>m. \\<lbrace>I\\<rbrace> f m \\<lbrace>\\<lambda>_. I\\<rbrace>\\<rbrakk> \\<Longrightarrow> \\<lbrace>I\\<rbrace> measure_call f \\<lbrace>\\<lambda>_. I\\<rbrace>\"",
        "output": "",
        "raw_output": "proof (prove)\ngoal (1 subgoal):\n 1. (\\<And>m. \\<lbrace>I\\<rbrace> f m \\<lbrace>\\<lambda>_. I\\<rbrace>) \\<Longrightarrow> \\<lbrace>I\\<rbrace> measure_call f \\<lbrace>\\<lambda>_. I\\<rbrace>",
        "step_time": 0.018634319305419922
    },
    {
        "index": 116,
        "step": "by (fastforce simp: measure_call_def valid_def)",
        "output": "",
        "raw_output": "",
        "step_time": 0.030829668045043945
    },
    {
        "index": 117,
        "step": "text \\<open>\n  Recursion base case for AutoCorres-generated specs.\n  NB: we don't make this valid_inv because it conflicts with bind_inv.\n      Instead we apply it manually.\n\\<close>",
        "output": "",
        "raw_output": "",
        "step_time": 0.0054819583892822266
    },
    {
        "index": 118,
        "step": "lemma modifies_recursive_0: \"\\<lbrace>I\\<rbrace> do guard (\\<lambda>_. (0 :: nat) < 0); f od \\<lbrace>\\<lambda>_. I\\<rbrace>\"",
        "output": "",
        "raw_output": "proof (prove)\ngoal (1 subgoal):\n 1. \\<lbrace>I\\<rbrace> do guard (\\<lambda>_. 0 < 0);\nf\nod \\<lbrace>\\<lambda>_. I\\<rbrace>",
        "step_time": 0.01028752326965332
    },
    {
        "index": 119,
        "step": "by simp",
        "output": "",
        "raw_output": "",
        "step_time": 0.007001638412475586
    },
    {
        "index": 120,
        "step": "text \\<open>These rules are currently sufficient for all the kernel code.\\<close>",
        "output": "",
        "raw_output": "",
        "step_time": 0.004576683044433594
    },
    {
        "index": 121,
        "step": "thm valid_inv",
        "output": "",
        "raw_output": "",
        "step_time": 0.01313161849975586
    },
    {
        "index": 122,
        "step": "section \\<open>Modifies proof procedure\\<close>",
        "output": "",
        "raw_output": "",
        "step_time": 0.004633665084838867
    },
    {
        "index": 123,
        "step": "text \\<open>\n  The most important assumptions are currently:\n  - skip_heap_abs is set; we don't deal with lifted_globals\n  - all functions are translated to the nondet_monad\n  - we assume a specific format of modifies rule from the C-parser\n    (see comment for gen_modifies_prop)\n  - function_name_prefix=\"\" and function_name_suffix=\"'\" as per default\n    (FIXME: get these from function_info once it's been fixed)\n\n  The top-level procedure gets all kernel functions in topological order,\n  then does the modifies proofs for each function (or recursive function group).\n  The \"scope\" option should be supported (TODO: but not yet tested) and\n  in that case the C-parser modifies rules will be transferred directly.\n\\<close>",
        "output": "",
        "raw_output": "",
        "step_time": 0.005100727081298828
    },
    {
        "index": 124,
        "step": "ML \\<open>\nstructure AutoCorresModifiesProofs = struct\n\n(* Translate a term, top-down, stopping once a conversion has been applied.\n * trans is an assoc-list of terms to translate.\n * Bound vars in trans are interpreted relative to outside t. *)\nfun translate_term trans t = case assoc (trans, t) of SOME t' => t' | NONE =>\n      case t of f $ x => translate_term trans f $ translate_term trans x\n              | Abs (v, vT, b) => Abs (v, vT, translate_term (map (apply2 (incr_boundvars 1)) trans) b)\n              | _ => t;\n\n(* Remove \"Hoare.meq\" and \"Hoare.mex\" scaffolding from SIMPL modifies specs *)\nfun modifies_simp ctxt =\n  Conv.fconv_rule\n    (Raw_Simplifier.rewrite ctxt true\n      @{thms meq_def[THEN eq_reflection] mex_def[THEN eq_reflection]});\n\nfun modifies_simp_term ctxt =\n  Raw_Simplifier.rewrite_term (Proof_Context.theory_of ctxt)\n    @{thms meq_def[THEN eq_reflection] mex_def[THEN eq_reflection]} [];\n\n(* Translate c-parser's \"modifies\" specs of the form\n *   \\<forall>\\<sigma>. \\<Gamma>\\<turnstile>\\<^bsub>/UNIV\\<^esub> {\\<sigma>} Call f_'proc {t. mex x1... meq (globals t) ((globals s)\\<lparr>f1 := x1...\\<rparr>)}\n * to specs on the AutoCorres-generated monad\n *   \\<lbrace>\\<lambda>s. s = \\<sigma>\\<rbrace> f' \\<lbrace>\\<lambda>_ s. \\<exists>x1... \\<sigma> = s\\<lparr>f1 := x1...\\<rparr>\\<rbrace>\n *\n * This involves:\n *  - talking about the \"globals\" state instead of \"globals myvars\"\n *  - removing \"meq\" and \"mex\" which are unnecessary for our proof method\n *    and have buggy syntax translations\n *  - using the monadic hoare predicate\n *\n * Returns tuple of (state var, function arg vars, measure var, prop).\n * The returned vars are Free in the prop; the measure var is NONE for non-recursive functions.\n *)\nfun gen_modifies_prop ctxt\n      (fn_info: FunctionInfo.function_info Symtab.table)\n      (prog_info: ProgramInfo.prog_info) f_name c_prop = let\n  val f_info = the (Symtab.lookup fn_info f_name);\n  val globals_type = #globals_type prog_info;\n  val globals_term = #globals_getter prog_info;\n  val ac_ret_type = #return_type f_info;\n  val state0_var = Free (\"\\<sigma>\", globals_type);\n\n  val @{term_pat \"Trueprop (\\<forall>\\<sigma>. _\\<turnstile>\\<^bsub>/UNIV\\<^esub> {\\<sigma>} Call ?f_'proc {t. ?c_modifies_eqn})\"} = c_prop;\n  (* Bound 0 = s, Bound 1 = \\<sigma> in c_prop *)\n  val modifies_eqn = c_modifies_eqn |> translate_term\n                       [(globals_term $ Bound 0, Bound 0), (globals_term $ Bound 1, state0_var)];\n  val modifies_postcond = Abs (Name.uu_, ac_ret_type, Abs (\"s\", globals_type, modifies_eqn))\n                          |> modifies_simp_term ctxt;\n  val arg_vars = map Free (#args f_info);\n  val measure_var = if FunctionInfo.is_function_recursive f_info\n                    (* will not clash with arg_vars as C identifiers do not contain primes *)\n                    then SOME (Free (\"measure'\", @{typ nat})) else NONE;\n  val f_const = #const f_info\n  val f_call = betapplys (f_const, (case measure_var of SOME v => [v] | NONE => []) @ arg_vars);\n  val modifies_prop = @{mk_term \"Trueprop (\\<lbrace>\\<lambda>s. s = ?state\\<rbrace> ?call \\<lbrace>?postcond\\<rbrace>)\" (state, call, postcond)}\n                         (state0_var, f_call, modifies_postcond);\n  in (state0_var, arg_vars, measure_var, modifies_prop) end;\n\n(* Solve invariant goals of the form\n *   \\<And>s. (\\<exists>x1 x2... s = \\<sigma>\\<lparr>field1 := x1, field2 := x2, ...\\<rparr>) \\<Longrightarrow>\n *       (\\<exists>x1 x2... f s = \\<sigma>\\<lparr>field1 := x1, field2 := x2, ...\\<rparr>)\n * where f is some update function (usually id, but for modify statements\n * it is the modifying function).\n * We assume that s is all-quantified and \\<sigma> is free. *)\nfun modifies_invariant_tac quiet_fail ctxt n st = if Thm.nprems_of st = 0 then no_tac st else let\n  val globals_typ = Syntax.read_typ ctxt \"globals\";\n  val globals_cases = Proof_Context.get_thm ctxt \"globals.cases\";\n  val globals_splits = hd (Proof_Context.get_thms ctxt \"globals.splits\");\n\n  (* The fastest way (so far) is manually splitting s and \\<sigma>, then simplifying.\n   * The Isar analogue would be\n   *   elim exE, case_tac \"s\", case_tac \"\\<sigma>\", simp\n   *)\n\n  (* \\<sigma> is free, so obtaining the split rule is straightforward *)\n  val sigma_free = Free (\"\\<sigma>\", globals_typ);\n  val case_sigma = Drule.infer_instantiate' ctxt [SOME (Thm.cterm_of ctxt sigma_free)] globals_cases;\n\n  (* However, s is bound and accessing it requires some awkward contortions *)\n  (* globals.splits is an equation that looks like\n   *   (\\<And>r. ?P r) \\<equiv> (\\<And>fields... ?P {fields})\n   * We walk down the current goal and apply globals.splits to the quantifier for the correct s.\n   * The correct s would be the one that appears in our invariant assumption of the form\n   *   s = \\<sigma>\\<lparr>updates...\\<rparr>\n   * (We removed the preceding \\<exists>'s using exE beforehand.) *)\n  fun split_s_tac st = let\n    val subgoal = Logic.get_goal (Thm.prop_of st) n;\n    val prems = Logic.strip_assums_hyp subgoal;\n    val env = Term.strip_all_vars subgoal |> map snd |> rev;\n    fun find @{term_pat \"Trueprop (?s = _)\"} =\n          (case s of Bound s_idx => if fastype_of1 (env, s) = globals_typ then [s_idx] else []\n                   | _ => [])\n      | find _ = []\n    val s_idx = case maps find prems of\n                    [] => raise THM (\"modifies_invariant_tac: failed to find invariant assumption\", n, [st])\n                  | idx::_ => idx;\n    fun split_conv idx (Const (\"Pure.all\", _) $ Abs (_, _, body)) ct =\n            if idx > s_idx then Conv.forall_conv (fn _ => split_conv (idx - 1) body) ctxt ct else let\n              val (_, cP) = Thm.dest_comb ct\n              val inst = Drule.infer_instantiate' ctxt [SOME cP] globals_splits\n              (*val _ = @{trace} (cP, inst, case Thm.prop_of inst of @{term_pat \"?x \\<equiv> _\"} => x, Thm.term_of ct);*)\n              in inst end\n      | split_conv _ _ ct = Conv.no_conv ct; (* shouldn't happen *)\n    in Conv.gconv_rule (split_conv (length env - 1) subgoal) n st |> Seq.single end\n    handle e as THM _ => if quiet_fail then no_tac st else Exn.reraise e;\n\n  (* avoid contextual rules, like split_pair_Ex, that lead simp down the garden path *)\n  val globals_record_simps = maps (Proof_Context.get_thms ctxt) [\"globals.ext_inject\", \"globals.update_convs\"];\n  in st |>\n      (DETERM (REPEAT (eresolve_tac ctxt @{thms exE} n)) THEN\n       split_s_tac THEN\n       resolve_tac ctxt [case_sigma] n THEN\n       SOLVES (asm_full_simp_tac (put_simpset HOL_ss ctxt addsimps globals_record_simps) n))\n  end\n\n(* Convert initial modifies goal of the form\n *   \\<lbrace>\\<lambda>s. s = \\<sigma>\\<rbrace> prog \\<lbrace>\\<lambda>_ s. \\<exists>x1... s = \\<sigma>\\<lparr>field1 := x1, ...\\<rparr> \\<rbrace>\n * to one where the modifies is expressed as an invariant:\n *   \\<lbrace>\\<lambda>s. \\<exists>x1... s = \\<sigma>\\<lparr>field1 := x1, ...\\<rparr> \\<rbrace> prog \\<lbrace>\\<lambda>_ s. \\<exists>x1... s = \\<sigma>\\<lparr>field1 := x1, ...\\<rparr> \\<rbrace>\n *)\nfun modifies_initial_tac ctxt n =\n  resolve_tac ctxt @{thms hoare_weaken_pre} n THEN\n  resolve_tac ctxt @{thms valid_invI} n;\n\n(* Incremental nets. (Why isn't this standard??) *)\ntype incr_net = (int * thm) Net.net * int;\nfun build_incr_net rls = (Tactic.build_net rls, length rls);\nfun add_to_incr_net th (net, sz) =\n  (Net.insert_term (K false) (Thm.concl_of th, (sz + 1, th)) net, sz + 1); (* guessed from tactic.ML *)\nfun net_of (n: incr_net) = fst n;\n\n(* Apply a callee's modifies rule to its call site.\n * The current goal should be expressed as an invariant:\n *   \\<lbrace>\\<lambda>s. \\<exists>x1... s = \\<sigma>\\<lparr>field1 := x1, ...\\<rparr> \\<rbrace> f args... \\<lbrace>\\<lambda>_ s. \\<exists>x1... s = \\<sigma>\\<lparr>field1 := x1, ...\\<rparr> \\<rbrace>\n * We assume that callee_modifies contains the correct modifies rule\n * and is unique (no backtracking).\n *)\nfun modifies_call_tac (callee_modifies: incr_net) ctxt n = DETERM (\n  (* We move the existentials out of the precondition:\n     \\<And>x1... \\<lbrace>\\<lambda>s. s = \\<sigma>\\<lparr>field1 := x1, ...\\<rparr> \\<rbrace> f args... \\<lbrace>\\<lambda>_ s. \\<exists>x1... s = \\<sigma>\\<lparr>field1 := x1, ...\\<rparr> \\<rbrace> *)\n  REPEAT (resolve_tac ctxt @{thms hoare_ex_pre} n) THEN\n  resolve_tac ctxt @{thms valid_inv_weaken'} n THEN\n  (* Then we can apply the modifies rule, which looks like:\n     \\<lbrace>\\<lambda>s. s = ?\\<sigma>\\<rbrace> f ?args... \\<lbrace>\\<lambda>_ s. \\<exists>x1... s = ?\\<sigma>\\<lparr>field1 := x1, ...\\<rparr> \\<rbrace> *)\n  DETERM (resolve_from_net_tac ctxt (net_of callee_modifies) n) THEN\n  modifies_invariant_tac true ctxt n);\n\n(* VCG for trivial state invariants, such as globals modifies specs.\n * Takes vcg rules from \"valid_inv\". *)\nval valid_invN = Context.theory_name { long=true } @{theory} ^ \".valid_inv\"\nfun modifies_vcg_tac leaf_tac ctxt n = let\n  val vcg_rules = Named_Theorems.get ctxt valid_invN |> Tactic.build_net;\n  fun vcg n st = Seq.make (fn () => let\n        (* do not backtrack once we have matched vcg_rules *)\n        val st' = DETERM (resolve_from_net_tac ctxt vcg_rules n) st;\n        in Seq.pull ((case Seq.pull st' of\n                          NONE => leaf_tac ctxt n\n                        | SOME _ => (K (K st') THEN_ALL_NEW vcg) n) st) end);\n  in vcg n end;\n\n(* Specify and prove modifies for one (non-recursive) function. *)\nfun do_modifies_one ctxt fn_info (prog_info: ProgramInfo.prog_info) callee_modifies f_name = let\n  val c_modifies_prop = Thm.prop_of (Proof_Context.get_thm ctxt (f_name ^ \"_modifies\"));\n  val (state0_var, arg_vars, measure_var, ac_modifies_prop) =\n        gen_modifies_prop ctxt fn_info prog_info f_name c_modifies_prop;\n  val _ = if isSome measure_var then error (\"do_modifies_one bug: got recursive function \" ^ f_name) else ();\n  val f_def = the (Symtab.lookup fn_info f_name) |> #definition;\n  fun leaf_tac ctxt n = FIRST [modifies_call_tac callee_modifies ctxt n, modifies_invariant_tac true ctxt n,\n                               print_tac ctxt (\"do_modifies_one failed (goal \" ^ string_of_int n ^ \")\")];\n  val thm = Goal.prove ctxt (map (fn (Free (v, _)) => v) (state0_var :: arg_vars)) [] ac_modifies_prop\n              (K (NO_CONTEXT_TACTIC ctxt (Method.unfold [f_def] ctxt []) THEN\n                  modifies_initial_tac ctxt 1 THEN\n                  modifies_vcg_tac leaf_tac ctxt 1 THEN\n                  leaf_tac ctxt 1));\nin thm end;\n\n(* Make a list of conjunctions. *)\nfun mk_conj_list [] = @{term \"HOL.True\"}\n  | mk_conj_list [x] = x\n  | mk_conj_list (x::xs) = HOLogic.mk_conj (x, (mk_conj_list xs))\n\n(* Specify and prove modifies for a recursive function group. *)\nfun do_modifies_recursive ctxt fn_info (prog_info: ProgramInfo.prog_info) (callee_modifies: incr_net) f_names = let\n  (* Collect information *)\n  val c_modifies_props = map (fn f_name => Thm.prop_of (Proof_Context.get_thm ctxt (f_name ^ \"_modifies\"))) f_names;\n  val modifies_props =\n    map2 (gen_modifies_prop ctxt fn_info prog_info) f_names c_modifies_props;\n  val f_defs = map (fn f_name => the (Symtab.lookup fn_info f_name) |> #definition) f_names;\n\n  fun free_name (Free (v, _)) = v;\n\n  (*\n   * We do the proof in three parts.\n   *\n   * First, we prove modifies on the base case (measure' = 0) for each function.\n   * This is trivially handled by @{thm modifies_recursive_0}.\n   *)\n  val base_case_props =\n    map (fn (state0_var, arg_vars, SOME measure_var, prop) =>\n      (state0_var, arg_vars, subst_free [(measure_var, @{term \"0 :: nat\"})] prop))\n      modifies_props;\n  val base_case_leaf_tac = modifies_invariant_tac true;\n  val base_case_thms =\n    map2 (fn (state0_var, arg_vars, prop) => fn f_def =>\n            Goal.prove ctxt (map free_name (state0_var :: arg_vars)) [] prop\n              (K (EqSubst.eqsubst_tac ctxt [0] [f_def] 1 THEN\n                  modifies_initial_tac ctxt 1 THEN\n                  resolve_tac ctxt @{thms modifies_recursive_0} 1 THEN\n                  base_case_leaf_tac ctxt 1)))\n         base_case_props f_defs;\n\n  (*\n   * Next, we prove the induction step \"measure'\" \\<rightarrow> \"Suc measure'\".\n   * We create an induction hypothesis for each function, quantifying\n   * over its variables:\n   *   \\<And>\\<sigma> arg1 arg2... \\<lbrace>\\<lambda>s. s = \\<sigma>\\<rbrace> f measure' arg1 arg2... \\<lbrace>\\<lambda>s. \\<exists>x1... s = \\<sigma>\\<lparr>f1 := x1...\\<rparr>\\<rbrace>\n   * Then, we can perform the VCG-based proof as usual, using these\n   * hypotheses in modifies_call_tac.\n   *)\n  val inductive_hyps =\n    map (fn (state0_var, arg_vars, SOME measure_var, prop) =>\n           fold Logic.all (state0_var :: arg_vars) prop)\n        modifies_props;\n  val inductive_props =\n    map (fn (state0_var, arg_vars, SOME measure_var, prop) =>\n           (state0_var, arg_vars, measure_var, subst_free [(measure_var, @{term \"Suc\"} $ measure_var)] prop))\n        modifies_props;\n  val inductive_thms =\n    map2 (fn (state0_var, arg_vars, measure_var, prop) => fn f_def =>\n            Goal.prove ctxt (map free_name (state0_var :: measure_var :: arg_vars)) inductive_hyps prop\n              (fn {context, prems} => let\n                  val callee_modifies' = fold add_to_incr_net prems callee_modifies;\n                  fun inductive_leaf_tac ctxt n =\n                    FIRST [modifies_call_tac callee_modifies' ctxt n, modifies_invariant_tac true ctxt n];\n                  in EqSubst.eqsubst_tac ctxt [0] [f_def] 1 THEN\n                     (* AutoCorres specifies recursive calls to use \"measure - 1\",\n                      * which in our case becomes \"Suc measure - 1\". Simplify to \"measure\". *)\n                     NO_CONTEXT_TACTIC ctxt (Method.unfold @{thms diff_Suc_1} ctxt []) THEN\n                     modifies_initial_tac ctxt 1 THEN\n                     modifies_vcg_tac inductive_leaf_tac ctxt 1 THEN\n                     inductive_leaf_tac ctxt 1 end))\n         inductive_props f_defs\n\n  (*\n   * Third, we create a combined modifies prop\n   *   (\\<forall>\\<sigma> arg1... \\<lbrace>\\<lambda>s. s = \\<sigma>\\<rbrace> f1 measure' arg1... \\<lbrace>...\\<rbrace>) \\<and>\n   *   (\\<forall>\\<sigma> arg1... \\<lbrace>\\<lambda>s. s = \\<sigma>\\<rbrace> f2 measure' arg1... \\<lbrace>...\\<rbrace>) \\<and> ...\n   * and apply induction on measure', solving the subgoals using the\n   * theorems from before.\n   * Note that we quantify over args because arg names may clash between functions.\n   *\n   * We pre-proved the induction steps separately for convenience\n   * (e.g. so we can access the hypotheses as facts instead of premises).\n   *)\n  fun hd_of_equal [x] = x\n    | hd_of_equal (x::xs) = if forall (fn x' => x = x') xs then x else\n                              raise TERM (\"do_modifies_group bug: unequal terms\", xs);\n  val (measure_var, final_props) =\n    modifies_props\n    |> map (fn (state0_var, arg_vars, SOME measure_var, prop) =>\n              (measure_var,\n               fold (fn Free (v, T) => fn P => HOLogic.mk_all (v, T, P))\n                    (state0_var :: arg_vars) (HOLogic.dest_Trueprop prop)))\n    |> (fn xs => let\n          val props = map snd xs;\n          val measure_var = map fst xs |> hd_of_equal;\n          in (measure_var, props) end);\n  val combined_prop = HOLogic.mk_Trueprop (mk_conj_list final_props);\n\n  fun intro_tac ctxt rls n = TRY ((resolve_tac ctxt rls THEN_ALL_NEW intro_tac ctxt rls) n);\n  fun elim_tac ctxt rls n = TRY ((eresolve_tac ctxt rls THEN_ALL_NEW elim_tac ctxt rls) n);\n\n  (*fun maybe_print_tac msg ctxt = print_tac ctxt msg;*)\n  fun maybe_print_tac msg ctxt = all_tac;\n  (*val _ = @{trace} (\"inductive thms\", inductive_thms);*)\n\n  val combined_thm =\n    Goal.prove ctxt [free_name measure_var] [] combined_prop\n      (K (Induct.induct_tac ctxt\n            false (* simplifier *)\n            [[SOME (NONE, (measure_var, false))]] (* variables *)\n            [] (* arbitrary: *)\n            [] (* ??? *)\n            (SOME @{thms nat.induct}) (* induct rule *)\n            [] (* extra thms *)\n            1\n            THEN\n          maybe_print_tac \"base case\" ctxt THEN\n          (* base case *)\n          SOLVES (\n            (((DETERM o intro_tac ctxt @{thms conjI allI})\n              THEN' K (maybe_print_tac \"base case'\" ctxt))\n             THEN_ALL_NEW resolve_tac ctxt base_case_thms) 1\n          ) THEN\n          maybe_print_tac \"inductive case\" ctxt THEN\n          (* recursive case *)\n          SOLVE (\n            (((DETERM o (intro_tac ctxt @{thms conjI allI} THEN_ALL_NEW\n                         elim_tac ctxt @{thms conjE}) THEN_ALL_NEW\n                         (fn n => Conv.gconv_rule\n                                    (Raw_Simplifier.rewrite ctxt true @{thms All_to_all}) n\n                                  #> Seq.succeed))\n              THEN' K (maybe_print_tac \"inductive case'\" ctxt))\n             THEN_ALL_NEW (resolve_tac ctxt inductive_thms THEN_ALL_NEW Method.assm_tac ctxt)) 1\n          )));\n\n  (* Finally, we extract theorems for individual functions. *)\n  val final_thms =\n    HOLogic.conj_elims ctxt combined_thm\n    |> map (fn thm =>\n        thm\n        |> Thm.equal_elim (Raw_Simplifier.rewrite ctxt true @{thms All_to_all} (Thm.cprop_of thm))\n        |> Thm.forall_elim_vars 0);\n  in final_thms end;\n\n(* Prove and store modifies rules for one function or recursive function group. *)\nfun prove_modifies\n      (fn_info: FunctionInfo.function_info Symtab.table)\n      (prog_info: ProgramInfo.prog_info)\n      (callee_modifies: incr_net)\n      (results: thm Symtab.table)\n      (f_names: string list)\n      (thm_names: string list)\n      ctxt\n      : (thm list * Proof.context) option = let\n    val f_infos = map (the o Symtab.lookup fn_info) f_names;\n    val maybe_thms =\n        if length f_names = 1 andalso #is_simpl_wrapper (hd f_infos)\n        then let\n          val f_name = hd f_names;\n          val _ = tracing (f_name ^ \" is un-translated; transferring C-parser's modifies rule directly\");\n          val f_def = the (Symtab.lookup fn_info f_name) |> #definition;\n          val orig_modifies = Proof_Context.get_thm ctxt (f_name ^ \"_modifies\");\n          val transfer_thm = @{thm autocorres_modifies_transfer};\n          val thm = transfer_thm OF [f_def, orig_modifies];\n          in SOME [modifies_simp ctxt thm] end\n        else let\n          val callees = map (FunctionInfo.all_callees o the o Symtab.lookup fn_info) f_names\n                        |> Symset.union_sets |> Symset.dest;\n          val missing_callees = callees |> filter_out (fn callee =>\n                Symtab.defined results callee orelse member (=) f_names callee);\n          in if not (null missing_callees)\n             then (warning (\"Can't prove modifies; depends on functions without modifies proofs: \" ^\n                            commas missing_callees);\n                   NONE)\n             else if length f_names = 1\n                  then SOME ([do_modifies_one ctxt fn_info prog_info callee_modifies (hd f_names)])\n                  else SOME (do_modifies_recursive ctxt fn_info prog_info callee_modifies f_names) end;\n    in case maybe_thms of\n           SOME thms => let\n             val (_, ctxt) = Local_Theory.notes (map2 (fn thm_name => fn thm =>\n                               ((Binding.name thm_name, []), [([thm], [])])) thm_names thms) ctxt;\n             in SOME (thms, ctxt) end\n         | NONE => NONE\n    end;\n\nfun define_modifies_group fn_info prog_info f_names (acc as (callee_modifies, results, ctxt)) =\n    (tracing (\"Doing modifies proof for: \" ^ commas f_names);\n     case f_names |> filter (fn f_name =>\n            not (isSome (try (Proof_Context.get_thm ctxt) (f_name ^ \"_modifies\")))) of\n         [] =>\n           (case prove_modifies fn_info prog_info\n                   callee_modifies results f_names\n                   (map (fn f_name => f_name ^ \"'_modifies\") f_names) ctxt of\n                NONE => acc\n              | SOME (thms, ctxt') => (fold add_to_incr_net thms callee_modifies,\n                                       fold Symtab.update_new (f_names ~~ thms) results, ctxt'))\n       | missing =>\n           (warning (\"Can't do proof because C-parser modifies rules are missing for: \" ^ commas missing);\n                     acc));\n\n(*\n * This is the top-level wrapper that generates modifies rules for the most\n * recently translated set of functions from a given C file.\n *)\nfun new_modifies_rules filename ctxt = let\n    val all_fn_info = Symtab.lookup (AutoCorresFunctionInfo.get (Proof_Context.theory_of ctxt)) filename |> the;\n    val ts_info = FunctionInfo.Phasetab.lookup all_fn_info FunctionInfo.TS |> the;\n    val prog_info = ProgramInfo.get_prog_info ctxt filename;\n    (* Assume that the user has already generated and named modifies rules\n     * for previously-translated callees. *)\n    val existing_modifies =\n          Symtab.dest ts_info\n          |> List.mapPartial (fn (fn_name, fn_def) =>\n               try (fn _ => (fn_name, Proof_Context.get_thm ctxt (fn_name ^ \"'_modifies\"))) ())\n          |> Symtab.make;\n    (* We will do modifies proofs for these functions *)\n    val pending_fn_info =\n          Symtab.dest ts_info\n          |> List.mapPartial (fn (f, info) =>\n               if Symtab.defined existing_modifies f then NONE else SOME (f, info))\n          |> Symtab.make;\n    val (call_graph, _) = FunctionInfo.calc_call_graph pending_fn_info;\n    val (callee_modifies, results, ctxt') =\n          fold (define_modifies_group ts_info prog_info)\n               (#topo_sorted_functions call_graph |> map Symset.dest)\n               (build_incr_net (Symtab.dest existing_modifies |> map snd),\n                existing_modifies, ctxt)\nin ctxt' end\n\nend;\n\\<close>",
        "output": "",
        "raw_output": "",
        "step_time": 0.23802399635314941
    },
    {
        "index": 125,
        "step": "end",
        "output": "",
        "raw_output": "",
        "step_time": 0.00705718994140625
    }
]