[
    {
        "index": 0,
        "step": "(*\n * Copyright 2020, Data61, CSIRO (ABN 41 687 119 230)\n *\n * SPDX-License-Identifier: BSD-2-Clause\n *)\n\n",
        "output": "",
        "raw_output": "",
        "step_time": 0.0062105655670166016
    },
    {
        "index": 1,
        "step": "theory Generic_Separation_Algebras\nimports Sep_Algebra_L4v\nbegin",
        "output": "",
        "raw_output": "",
        "step_time": 0.005507230758666992
    },
    {
        "index": 2,
        "step": "instantiation \"prod\" :: (stronger_sep_algebra,stronger_sep_algebra) zero\nbegin",
        "output": "",
        "raw_output": "",
        "step_time": 0.04414033889770508
    },
    {
        "index": 3,
        "step": "definition \"zero_prod \\<equiv> (0,0)\"",
        "output": "",
        "raw_output": "",
        "step_time": 0.017735719680786133
    },
    {
        "index": 4,
        "step": "instance",
        "output": "",
        "raw_output": "proof (prove)\ngoal (1 subgoal):\n 1. OFCLASS('a \\<times> 'b, zero_class)",
        "step_time": 0.005395412445068359
    },
    {
        "index": 5,
        "step": "..",
        "output": "",
        "raw_output": "",
        "step_time": 0.010663509368896484
    },
    {
        "index": 6,
        "step": "end",
        "output": "",
        "raw_output": "",
        "step_time": 0.022671937942504883
    },
    {
        "index": 7,
        "step": "instantiation \"prod\" :: (stronger_sep_algebra,stronger_sep_algebra) stronger_sep_algebra\nbegin",
        "output": "",
        "raw_output": "",
        "step_time": 0.009042024612426758
    },
    {
        "index": 8,
        "step": "definition \"sep_disj_prod x y \\<equiv> sep_disj (fst x) (fst y) \\<and> sep_disj (snd x) (snd y)\"",
        "output": "",
        "raw_output": "",
        "step_time": 0.02158665657043457
    },
    {
        "index": 9,
        "step": "definition \"plus_prod x y \\<equiv> ( (fst x) + (fst y) ,  (snd x) + (snd y))\"",
        "output": "",
        "raw_output": "",
        "step_time": 0.01877284049987793
    },
    {
        "index": 10,
        "step": "instance",
        "output": "",
        "raw_output": "proof (prove)\ngoal (1 subgoal):\n 1. OFCLASS('a \\<times> 'b, stronger_sep_algebra_class)",
        "step_time": 0.004990100860595703
    },
    {
        "index": 11,
        "step": "apply intro_classes",
        "output": "",
        "raw_output": "proof (prove)\ngoal (6 subgoals):\n 1. \\<And>x. x ## 0\n 2. \\<And>x y. x ## y \\<Longrightarrow> y ## x\n 3. \\<And>x. x + 0 = x\n 4. \\<And>x y. x ## y \\<Longrightarrow> x + y = y + x\n 5. \\<And>x y z. \\<lbrakk>x ## y; y ## z; x ## z\\<rbrakk> \\<Longrightarrow> x + y + z = x + (y + z)\n 6. \\<And>y z x. y ## z \\<Longrightarrow> x ## y + z = (x ## y \\<and> x ## z)",
        "step_time": 0.015262842178344727
    },
    {
        "index": 12,
        "step": "apply (metis fst_conv sep_disj_prod_def sep_disj_zero snd_conv zero_prod_def)",
        "output": "",
        "raw_output": "proof (prove)\ngoal (5 subgoals):\n 1. \\<And>x y. x ## y \\<Longrightarrow> y ## x\n 2. \\<And>x. x + 0 = x\n 3. \\<And>x y. x ## y \\<Longrightarrow> x + y = y + x\n 4. \\<And>x y z. \\<lbrakk>x ## y; y ## z; x ## z\\<rbrakk> \\<Longrightarrow> x + y + z = x + (y + z)\n 5. \\<And>y z x. y ## z \\<Longrightarrow> x ## y + z = (x ## y \\<and> x ## z)",
        "step_time": 0.059914588928222656
    },
    {
        "index": 13,
        "step": "apply (metis (full_types) sep_disj_commuteI sep_disj_prod_def)",
        "output": "",
        "raw_output": "proof (prove)\ngoal (4 subgoals):\n 1. \\<And>x. x + 0 = x\n 2. \\<And>x y. x ## y \\<Longrightarrow> x + y = y + x\n 3. \\<And>x y z. \\<lbrakk>x ## y; y ## z; x ## z\\<rbrakk> \\<Longrightarrow> x + y + z = x + (y + z)\n 4. \\<And>y z x. y ## z \\<Longrightarrow> x ## y + z = (x ## y \\<and> x ## z)",
        "step_time": 0.03661513328552246
    },
    {
        "index": 14,
        "step": "apply (clarsimp simp: plus_prod_def zero_prod_def)",
        "output": "",
        "raw_output": "proof (prove)\ngoal (3 subgoals):\n 1. \\<And>x y. x ## y \\<Longrightarrow> x + y = y + x\n 2. \\<And>x y z. \\<lbrakk>x ## y; y ## z; x ## z\\<rbrakk> \\<Longrightarrow> x + y + z = x + (y + z)\n 3. \\<And>y z x. y ## z \\<Longrightarrow> x ## y + z = (x ## y \\<and> x ## z)",
        "step_time": 0.009961605072021484
    },
    {
        "index": 15,
        "step": "apply (clarsimp simp: plus_prod_def sep_disj_prod_def)",
        "output": "",
        "raw_output": "proof (prove)\ngoal (3 subgoals):\n 1. \\<And>a b aa ba. \\<lbrakk>a ## aa; b ## ba\\<rbrakk> \\<Longrightarrow> a + aa = aa + a \\<and> b + ba = ba + b\n 2. \\<And>x y z. \\<lbrakk>x ## y; y ## z; x ## z\\<rbrakk> \\<Longrightarrow> x + y + z = x + (y + z)\n 3. \\<And>y z x. y ## z \\<Longrightarrow> x ## y + z = (x ## y \\<and> x ## z)",
        "step_time": 0.016407251358032227
    },
    {
        "index": 16,
        "step": "apply safe",
        "output": "",
        "raw_output": "proof (prove)\ngoal (6 subgoals):\n 1. \\<And>a b aa ba. \\<lbrakk>a ## aa; b ## ba\\<rbrakk> \\<Longrightarrow> a + aa = aa + a\n 2. \\<And>a b aa ba. \\<lbrakk>a ## aa; b ## ba\\<rbrakk> \\<Longrightarrow> b + ba = ba + b\n 3. \\<And>a b aa ba ab bb. \\<lbrakk>(a, b) ## (aa, ba); (aa, ba) ## (ab, bb); (a, b) ## (ab, bb)\\<rbrakk> \\<Longrightarrow> (a, b) + (aa, ba) + (ab, bb) = (a, b) + ((aa, ba) + (ab, bb))\n 4. \\<And>a b aa ba ab bb. \\<lbrakk>(a, b) ## (aa, ba); (ab, bb) ## (a, b) + (aa, ba)\\<rbrakk> \\<Longrightarrow> (ab, bb) ## (a, b)\n 5. \\<And>a b aa ba ab bb. \\<lbrakk>(a, b) ## (aa, ba); (ab, bb) ## (a, b) + (aa, ba)\\<rbrakk> \\<Longrightarrow> (ab, bb) ## (aa, ba)\n 6. \\<And>a b aa ba ab bb. \\<lbrakk>(a, b) ## (aa, ba); (ab, bb) ## (a, b); (ab, bb) ## (aa, ba)\\<rbrakk> \\<Longrightarrow> (ab, bb) ## (a, b) + (aa, ba)",
        "step_time": 0.018326520919799805
    },
    {
        "index": 17,
        "step": "apply (metis sep_add_commute)",
        "output": "",
        "raw_output": "proof (prove)\ngoal (5 subgoals):\n 1. \\<And>a b aa ba. \\<lbrakk>a ## aa; b ## ba\\<rbrakk> \\<Longrightarrow> b + ba = ba + b\n 2. \\<And>a b aa ba ab bb. \\<lbrakk>(a, b) ## (aa, ba); (aa, ba) ## (ab, bb); (a, b) ## (ab, bb)\\<rbrakk> \\<Longrightarrow> (a, b) + (aa, ba) + (ab, bb) = (a, b) + ((aa, ba) + (ab, bb))\n 3. \\<And>a b aa ba ab bb. \\<lbrakk>(a, b) ## (aa, ba); (ab, bb) ## (a, b) + (aa, ba)\\<rbrakk> \\<Longrightarrow> (ab, bb) ## (a, b)\n 4. \\<And>a b aa ba ab bb. \\<lbrakk>(a, b) ## (aa, ba); (ab, bb) ## (a, b) + (aa, ba)\\<rbrakk> \\<Longrightarrow> (ab, bb) ## (aa, ba)\n 5. \\<And>a b aa ba ab bb. \\<lbrakk>(a, b) ## (aa, ba); (ab, bb) ## (a, b); (ab, bb) ## (aa, ba)\\<rbrakk> \\<Longrightarrow> (ab, bb) ## (a, b) + (aa, ba)",
        "step_time": 0.022719860076904297
    },
    {
        "index": 18,
        "step": "apply (metis sep_add_commute)",
        "output": "",
        "raw_output": "proof (prove)\ngoal (4 subgoals):\n 1. \\<And>a b aa ba ab bb. \\<lbrakk>(a, b) ## (aa, ba); (aa, ba) ## (ab, bb); (a, b) ## (ab, bb)\\<rbrakk> \\<Longrightarrow> (a, b) + (aa, ba) + (ab, bb) = (a, b) + ((aa, ba) + (ab, bb))\n 2. \\<And>a b aa ba ab bb. \\<lbrakk>(a, b) ## (aa, ba); (ab, bb) ## (a, b) + (aa, ba)\\<rbrakk> \\<Longrightarrow> (ab, bb) ## (a, b)\n 3. \\<And>a b aa ba ab bb. \\<lbrakk>(a, b) ## (aa, ba); (ab, bb) ## (a, b) + (aa, ba)\\<rbrakk> \\<Longrightarrow> (ab, bb) ## (aa, ba)\n 4. \\<And>a b aa ba ab bb. \\<lbrakk>(a, b) ## (aa, ba); (ab, bb) ## (a, b); (ab, bb) ## (aa, ba)\\<rbrakk> \\<Longrightarrow> (ab, bb) ## (a, b) + (aa, ba)",
        "step_time": 0.022130727767944336
    },
    {
        "index": 19,
        "step": "apply (clarsimp simp: plus_prod_def sep_disj_prod_def)",
        "output": "",
        "raw_output": "proof (prove)\ngoal (4 subgoals):\n 1. \\<And>a b aa ba ab bb. \\<lbrakk>a ## aa; b ## ba; aa ## ab; ba ## bb; a ## ab; b ## bb\\<rbrakk> \\<Longrightarrow> a + aa + ab = a + (aa + ab) \\<and> b + ba + bb = b + (ba + bb)\n 2. \\<And>a b aa ba ab bb. \\<lbrakk>(a, b) ## (aa, ba); (ab, bb) ## (a, b) + (aa, ba)\\<rbrakk> \\<Longrightarrow> (ab, bb) ## (a, b)\n 3. \\<And>a b aa ba ab bb. \\<lbrakk>(a, b) ## (aa, ba); (ab, bb) ## (a, b) + (aa, ba)\\<rbrakk> \\<Longrightarrow> (ab, bb) ## (aa, ba)\n 4. \\<And>a b aa ba ab bb. \\<lbrakk>(a, b) ## (aa, ba); (ab, bb) ## (a, b); (ab, bb) ## (aa, ba)\\<rbrakk> \\<Longrightarrow> (ab, bb) ## (a, b) + (aa, ba)",
        "step_time": 0.015348672866821289
    },
    {
        "index": 20,
        "step": "apply (metis sep_add_assoc)",
        "output": "",
        "raw_output": "proof (prove)\ngoal (3 subgoals):\n 1. \\<And>a b aa ba ab bb. \\<lbrakk>(a, b) ## (aa, ba); (ab, bb) ## (a, b) + (aa, ba)\\<rbrakk> \\<Longrightarrow> (ab, bb) ## (a, b)\n 2. \\<And>a b aa ba ab bb. \\<lbrakk>(a, b) ## (aa, ba); (ab, bb) ## (a, b) + (aa, ba)\\<rbrakk> \\<Longrightarrow> (ab, bb) ## (aa, ba)\n 3. \\<And>a b aa ba ab bb. \\<lbrakk>(a, b) ## (aa, ba); (ab, bb) ## (a, b); (ab, bb) ## (aa, ba)\\<rbrakk> \\<Longrightarrow> (ab, bb) ## (a, b) + (aa, ba)",
        "step_time": 0.03210902214050293
    },
    {
        "index": 21,
        "step": "apply (clarsimp simp: plus_prod_def sep_disj_prod_def)",
        "output": "",
        "raw_output": "proof (prove)\ngoal (2 subgoals):\n 1. \\<And>a b aa ba ab bb. \\<lbrakk>(a, b) ## (aa, ba); (ab, bb) ## (a, b) + (aa, ba)\\<rbrakk> \\<Longrightarrow> (ab, bb) ## (aa, ba)\n 2. \\<And>a b aa ba ab bb. \\<lbrakk>(a, b) ## (aa, ba); (ab, bb) ## (a, b); (ab, bb) ## (aa, ba)\\<rbrakk> \\<Longrightarrow> (ab, bb) ## (a, b) + (aa, ba)",
        "step_time": 0.010860681533813477
    },
    {
        "index": 22,
        "step": "apply (clarsimp simp: plus_prod_def sep_disj_prod_def)",
        "output": "",
        "raw_output": "proof (prove)\ngoal (1 subgoal):\n 1. \\<And>a b aa ba ab bb. \\<lbrakk>(a, b) ## (aa, ba); (ab, bb) ## (a, b); (ab, bb) ## (aa, ba)\\<rbrakk> \\<Longrightarrow> (ab, bb) ## (a, b) + (aa, ba)",
        "step_time": 0.009812116622924805
    },
    {
        "index": 23,
        "step": "apply (clarsimp simp: plus_prod_def sep_disj_prod_def)",
        "output": "",
        "raw_output": "proof (prove)\ngoal:\nNo subgoals!",
        "step_time": 0.009312152862548828
    },
    {
        "index": 24,
        "step": "done",
        "output": "",
        "raw_output": "",
        "step_time": 0.0051229000091552734
    },
    {
        "index": 25,
        "step": "end",
        "output": "",
        "raw_output": "",
        "step_time": 0.0048177242279052734
    },
    {
        "index": 26,
        "step": "instantiation \"option\" :: (type) zero\nbegin",
        "output": "",
        "raw_output": "",
        "step_time": 0.006476163864135742
    },
    {
        "index": 27,
        "step": "definition \"zero_option \\<equiv> None\"",
        "output": "",
        "raw_output": "",
        "step_time": 0.01785564422607422
    },
    {
        "index": 28,
        "step": "instance",
        "output": "",
        "raw_output": "proof (prove)\ngoal (1 subgoal):\n 1. OFCLASS('a option, zero_class)",
        "step_time": 0.0054090023040771484
    },
    {
        "index": 29,
        "step": "..",
        "output": "",
        "raw_output": "",
        "step_time": 0.010474681854248047
    },
    {
        "index": 30,
        "step": "end",
        "output": "",
        "raw_output": "",
        "step_time": 0.004529476165771484
    },
    {
        "index": 31,
        "step": "definition\n  orelse :: \"'a option \\<Rightarrow> 'a option \\<Rightarrow> 'a option\"\nwhere\n  \"orelse x y \\<equiv> case x of Some x' => Some x' | None => y\"",
        "output": "",
        "raw_output": "",
        "step_time": 0.017050504684448242
    },
    {
        "index": 32,
        "step": "definition\n  onlyone :: \"'a option => 'a option => bool\"\nwhere\n  \"onlyone x y \\<equiv> case x of\n                   Some x' => (case y of Some y' => False | _ => True)\n                 | None => True\"",
        "output": "",
        "raw_output": "",
        "step_time": 0.018489360809326172
    },
    {
        "index": 33,
        "step": "instantiation \"option\" :: (type) stronger_sep_algebra\nbegin",
        "output": "",
        "raw_output": "",
        "step_time": 0.006338357925415039
    },
    {
        "index": 34,
        "step": "definition \"sep_disj_option \\<equiv> onlyone \"",
        "output": "",
        "raw_output": "",
        "step_time": 0.017766714096069336
    },
    {
        "index": 35,
        "step": "definition \"plus_option  \\<equiv> orelse\"",
        "output": "",
        "raw_output": "",
        "step_time": 0.01907801628112793
    },
    {
        "index": 36,
        "step": "instance",
        "output": "",
        "raw_output": "proof (prove)\ngoal (1 subgoal):\n 1. OFCLASS('a option, stronger_sep_algebra_class)",
        "step_time": 0.005517482757568359
    },
    {
        "index": 37,
        "step": "by intro_classes\n     (clarsimp simp: sep_disj_option_def zero_option_def plus_option_def onlyone_def orelse_def\n               split: option.splits)+",
        "output": "",
        "raw_output": "",
        "step_time": 0.060587406158447266
    },
    {
        "index": 38,
        "step": "end",
        "output": "",
        "raw_output": "",
        "step_time": 0.005679607391357422
    },
    {
        "index": 39,
        "step": "record 'a generic_heap_record =\n    heap :: \"'a \"",
        "output": "",
        "raw_output": "",
        "step_time": 0.2740147113800049
    },
    {
        "index": 40,
        "step": "instantiation \"generic_heap_record_ext\" :: (stronger_sep_algebra, stronger_sep_algebra) stronger_sep_algebra\nbegin",
        "output": "",
        "raw_output": "",
        "step_time": 0.008511543273925781
    },
    {
        "index": 41,
        "step": "definition \"zero_generic_heap_record_ext \\<equiv> Abs_generic_heap_record_ext 0\"",
        "output": "",
        "raw_output": "",
        "step_time": 0.017859697341918945
    },
    {
        "index": 42,
        "step": "definition \"plus_generic_heap_record_ext h1 h2 \\<equiv>\n                Abs_generic_heap_record_ext (Rep_generic_heap_record_ext h1 + Rep_generic_heap_record_ext h2)\"",
        "output": "",
        "raw_output": "",
        "step_time": 0.020413637161254883
    },
    {
        "index": 43,
        "step": "definition \"sep_disj_generic_heap_record_ext h1 h2 \\<equiv> Rep_generic_heap_record_ext h1 ## Rep_generic_heap_record_ext h2\"",
        "output": "",
        "raw_output": "",
        "step_time": 0.01806950569152832
    },
    {
        "index": 44,
        "step": "instance",
        "output": "",
        "raw_output": "proof (prove)\ngoal (1 subgoal):\n 1. OFCLASS(('a, 'b) generic_heap_record_scheme, stronger_sep_algebra_class)",
        "step_time": 0.005893707275390625
    },
    {
        "index": 45,
        "step": "apply intro_classes",
        "output": "",
        "raw_output": "proof (prove)\ngoal (6 subgoals):\n 1. \\<And>x. x ## 0\n 2. \\<And>x y. x ## y \\<Longrightarrow> y ## x\n 3. \\<And>x. x + 0 = x\n 4. \\<And>x y. x ## y \\<Longrightarrow> x + y = y + x\n 5. \\<And>x y z. \\<lbrakk>x ## y; y ## z; x ## z\\<rbrakk> \\<Longrightarrow> x + y + z = x + (y + z)\n 6. \\<And>y z x. y ## z \\<Longrightarrow> x ## y + z = (x ## y \\<and> x ## z)",
        "step_time": 0.01631641387939453
    },
    {
        "index": 46,
        "step": "apply (fastforce simp:  sep_add_left_commute sep_disj_commute Rep_generic_heap_record_ext_inverse\n                               sep_disj_commuteI sep_add_assoc sep_add_commute Abs_generic_heap_record_ext_inverse\n                               zero_generic_heap_record_ext_def sep_disj_generic_heap_record_ext_def\n                               plus_generic_heap_record_ext_def)+",
        "output": "",
        "raw_output": "proof (prove)\ngoal:\nNo subgoals!",
        "step_time": 1.255544900894165
    },
    {
        "index": 47,
        "step": "done",
        "output": "",
        "raw_output": "",
        "step_time": 0.01014566421508789
    },
    {
        "index": 48,
        "step": "end",
        "output": "",
        "raw_output": "",
        "step_time": 0.012751102447509766
    },
    {
        "index": 49,
        "step": "end",
        "output": "",
        "raw_output": "",
        "step_time": 0.009544134140014648
    }
]