[
    {
        "index": 0,
        "step": "(*\n * Copyright 2020, Data61, CSIRO (ABN 41 687 119 230)\n *\n * SPDX-License-Identifier: BSD-2-Clause\n *)\n\n(* Author: Rafal Kolanski, 2008\n   Maintainers: Gerwin Klein <kleing at cse.unsw.edu.au>\n                Rafal Kolanski <rafal.kolanski at nicta.com.au>\n*)\n\n",
        "output": "",
        "raw_output": "",
        "step_time": 0.005753040313720703
    },
    {
        "index": 1,
        "step": "chapter \\<open>More properties of maps plus map disjuction.\\<close>",
        "output": "",
        "raw_output": "",
        "step_time": 0.005032062530517578
    },
    {
        "index": 2,
        "step": "theory Map_Extra\nimports Main\nbegin",
        "output": "",
        "raw_output": "",
        "step_time": 0.0049626827239990234
    },
    {
        "index": 3,
        "step": "text \\<open>\n  A note on naming:\n  Anything not involving heap disjuction can potentially be incorporated\n  directly into Map.thy, thus uses @{text \"m\"} for map variable names.\n  Anything involving heap disjunction is not really mergeable with Map, is\n  destined for use in separation logic, and hence uses @{text \"h\"}\n\\<close>",
        "output": "",
        "raw_output": "",
        "step_time": 0.012866973876953125
    },
    {
        "index": 4,
        "step": "section \\<open>Things that could go into Option Type\\<close>",
        "output": "",
        "raw_output": "",
        "step_time": 0.006979703903198242
    },
    {
        "index": 5,
        "step": "text \\<open>Misc option lemmas\\<close>",
        "output": "",
        "raw_output": "",
        "step_time": 0.005241870880126953
    },
    {
        "index": 6,
        "step": "lemma None_not_eq: \"(None \\<noteq> x) = (\\<exists>y. x = Some y)\"",
        "output": "",
        "raw_output": "proof (prove)\ngoal (1 subgoal):\n 1. (None \\<noteq> x) = (\\<exists>y. x = Some y)",
        "step_time": 0.05157041549682617
    },
    {
        "index": 7,
        "step": "by (cases x) auto",
        "output": "",
        "raw_output": "",
        "step_time": 0.008548736572265625
    },
    {
        "index": 8,
        "step": "lemma None_com: \"(None = x) = (x = None)\"",
        "output": "",
        "raw_output": "proof (prove)\ngoal (1 subgoal):\n 1. (None = x) = (x = None)",
        "step_time": 0.0055925846099853516
    },
    {
        "index": 9,
        "step": "by fast",
        "output": "",
        "raw_output": "",
        "step_time": 0.005179166793823242
    },
    {
        "index": 10,
        "step": "lemma Some_com: \"(Some y = x) = (x = Some y)\"",
        "output": "",
        "raw_output": "proof (prove)\ngoal (1 subgoal):\n 1. (Some y = x) = (x = Some y)",
        "step_time": 0.006692647933959961
    },
    {
        "index": 11,
        "step": "by fast",
        "output": "",
        "raw_output": "",
        "step_time": 0.00513148307800293
    },
    {
        "index": 12,
        "step": "section \\<open>Things that go into Map.thy\\<close>",
        "output": "",
        "raw_output": "",
        "step_time": 0.004298210144042969
    },
    {
        "index": 13,
        "step": "text \\<open>Map intersection: set of all keys for which the maps agree.\\<close>",
        "output": "",
        "raw_output": "",
        "step_time": 0.004040956497192383
    },
    {
        "index": 14,
        "step": "definition\n  map_inter :: \"('a \\<rightharpoonup> 'b) \\<Rightarrow> ('a \\<rightharpoonup> 'b) \\<Rightarrow> 'a set\" (infixl \"\\<inter>\\<^sub>m\" 70) where\n  \"m\\<^sub>1 \\<inter>\\<^sub>m m\\<^sub>2 \\<equiv> {x \\<in> dom m\\<^sub>1. m\\<^sub>1 x = m\\<^sub>2 x}\"",
        "output": "",
        "raw_output": "",
        "step_time": 0.018507003784179688
    },
    {
        "index": 15,
        "step": "text \\<open>Map restriction via domain subtraction\\<close>",
        "output": "",
        "raw_output": "",
        "step_time": 0.004441022872924805
    },
    {
        "index": 16,
        "step": "definition\n  sub_restrict_map :: \"('a \\<rightharpoonup> 'b) => 'a set => ('a \\<rightharpoonup> 'b)\" (infixl \"`-\"  110)\n  where\n  \"m `- S \\<equiv> (\\<lambda>x. if x \\<in> S then None else m x)\"",
        "output": "",
        "raw_output": "",
        "step_time": 0.016638994216918945
    },
    {
        "index": 17,
        "step": "subsection \\<open>Properties of maps not related to restriction\\<close>",
        "output": "",
        "raw_output": "",
        "step_time": 0.004332304000854492
    },
    {
        "index": 18,
        "step": "lemma empty_forall_equiv: \"(m = Map.empty) = (\\<forall>x. m x = None)\"",
        "output": "",
        "raw_output": "proof (prove)\ngoal (1 subgoal):\n 1. (m = (\\<lambda>x. None)) = (\\<forall>x. m x = None)",
        "step_time": 0.008691549301147461
    },
    {
        "index": 19,
        "step": "by (rule fun_eq_iff)",
        "output": "",
        "raw_output": "",
        "step_time": 0.005389213562011719
    },
    {
        "index": 20,
        "step": "lemma map_le_empty2 [simp]:\n  \"(m \\<subseteq>\\<^sub>m Map.empty) = (m = Map.empty)\"",
        "output": "",
        "raw_output": "proof (prove)\ngoal (1 subgoal):\n 1. (m \\<subseteq>\\<^sub>m (\\<lambda>x. None)) = (m = (\\<lambda>x. None))",
        "step_time": 0.0067064762115478516
    },
    {
        "index": 21,
        "step": "by (auto simp: map_le_def)",
        "output": "",
        "raw_output": "",
        "step_time": 0.008941888809204102
    },
    {
        "index": 22,
        "step": "lemma dom_iff:\n  \"(\\<exists>y. m x = Some y) = (x \\<in> dom m)\"",
        "output": "",
        "raw_output": "proof (prove)\ngoal (1 subgoal):\n 1. (\\<exists>y. m x = Some y) = (x \\<in> dom m)",
        "step_time": 0.007769584655761719
    },
    {
        "index": 23,
        "step": "by auto",
        "output": "",
        "raw_output": "",
        "step_time": 0.006590127944946289
    },
    {
        "index": 24,
        "step": "lemma non_dom_eval:\n  \"x \\<notin> dom m \\<Longrightarrow> m x = None\"",
        "output": "",
        "raw_output": "proof (prove)\ngoal (1 subgoal):\n 1. x \\<notin> dom m \\<Longrightarrow> m x = None",
        "step_time": 0.006927490234375
    },
    {
        "index": 25,
        "step": "by auto",
        "output": "",
        "raw_output": "",
        "step_time": 0.006348133087158203
    },
    {
        "index": 26,
        "step": "lemma non_dom_eval_eq:\n  \"x \\<notin> dom m = (m x = None)\"",
        "output": "",
        "raw_output": "proof (prove)\ngoal (1 subgoal):\n 1. (x \\<notin> dom m) = (m x = None)",
        "step_time": 0.006784200668334961
    },
    {
        "index": 27,
        "step": "by auto",
        "output": "",
        "raw_output": "",
        "step_time": 0.007150173187255859
    },
    {
        "index": 28,
        "step": "lemma map_add_same_left_eq:\n  \"m\\<^sub>1 = m\\<^sub>1' \\<Longrightarrow> (m\\<^sub>0 ++ m\\<^sub>1 = m\\<^sub>0 ++ m\\<^sub>1')\"",
        "output": "",
        "raw_output": "proof (prove)\ngoal (1 subgoal):\n 1. m\\<^sub>1 = m\\<^sub>1' \\<Longrightarrow> m\\<^sub>0 ++ m\\<^sub>1 = m\\<^sub>0 ++ m\\<^sub>1'",
        "step_time": 0.006596803665161133
    },
    {
        "index": 29,
        "step": "by simp",
        "output": "",
        "raw_output": "",
        "step_time": 0.005826711654663086
    },
    {
        "index": 30,
        "step": "lemma map_add_left_cancelI [intro!]:\n  \"m\\<^sub>1 = m\\<^sub>1' \\<Longrightarrow> m\\<^sub>0 ++ m\\<^sub>1 = m\\<^sub>0 ++ m\\<^sub>1'\"",
        "output": "",
        "raw_output": "proof (prove)\ngoal (1 subgoal):\n 1. m\\<^sub>1 = m\\<^sub>1' \\<Longrightarrow> m\\<^sub>0 ++ m\\<^sub>1 = m\\<^sub>0 ++ m\\<^sub>1'",
        "step_time": 0.007677555084228516
    },
    {
        "index": 31,
        "step": "by simp",
        "output": "",
        "raw_output": "",
        "step_time": 0.007100105285644531
    },
    {
        "index": 32,
        "step": "lemma dom_empty_is_empty:\n  \"(dom m = {}) = (m = Map.empty)\"",
        "output": "",
        "raw_output": "proof (prove)\ngoal (1 subgoal):\n 1. (dom m = {}) = (m = (\\<lambda>x. None))",
        "step_time": 0.0064013004302978516
    },
    {
        "index": 33,
        "step": "proof (rule iffI)",
        "output": "",
        "raw_output": "proof (state)\ngoal (2 subgoals):\n 1. dom m = {} \\<Longrightarrow> m = (\\<lambda>x. None)\n 2. m = (\\<lambda>x. None) \\<Longrightarrow> dom m = {}",
        "step_time": 0.00516200065612793
    },
    {
        "index": 34,
        "step": "assume a: \"dom m = {}\"",
        "output": "",
        "raw_output": "proof (state)\nthis:\ndom m = {}\n\ngoal (2 subgoals):\n 1. dom m = {} \\<Longrightarrow> m = (\\<lambda>x. None)\n 2. m = (\\<lambda>x. None) \\<Longrightarrow> dom m = {}",
        "step_time": 0.005498647689819336
    },
    {
        "index": 35,
        "step": "{",
        "output": "",
        "raw_output": "proof (state)\nthis:\ndom m = {}\n\ngoal (2 subgoals):\n 1. dom m = {} \\<Longrightarrow> m = (\\<lambda>x. None)\n 2. m = (\\<lambda>x. None) \\<Longrightarrow> dom m = {}",
        "step_time": 0.004941701889038086
    },
    {
        "index": 36,
        "step": "assume \"m \\<noteq> Map.empty\"",
        "output": "",
        "raw_output": "proof (state)\nthis:\nm \\<noteq> (\\<lambda>x. None)\n\ngoal (2 subgoals):\n 1. dom m = {} \\<Longrightarrow> m = (\\<lambda>x. None)\n 2. m = (\\<lambda>x. None) \\<Longrightarrow> dom m = {}",
        "step_time": 0.006160259246826172
    },
    {
        "index": 37,
        "step": "hence \"dom m \\<noteq> {}\"",
        "output": "",
        "raw_output": "proof (prove)\nusing this:\nm \\<noteq> (\\<lambda>x. None)\n\ngoal (1 subgoal):\n 1. dom m \\<noteq> {}",
        "step_time": 0.005333662033081055
    },
    {
        "index": 38,
        "step": "by - (subst (asm) empty_forall_equiv, simp add: dom_def)",
        "output": "",
        "raw_output": "proof (state)\nthis:\ndom m \\<noteq> {}\n\ngoal (2 subgoals):\n 1. dom m = {} \\<Longrightarrow> m = (\\<lambda>x. None)\n 2. m = (\\<lambda>x. None) \\<Longrightarrow> dom m = {}",
        "step_time": 0.009659528732299805
    },
    {
        "index": 39,
        "step": "hence False",
        "output": "",
        "raw_output": "proof (prove)\nusing this:\ndom m \\<noteq> {}\n\ngoal (1 subgoal):\n 1. False",
        "step_time": 0.005220174789428711
    },
    {
        "index": 40,
        "step": "using a",
        "output": "",
        "raw_output": "proof (prove)\nusing this:\ndom m \\<noteq> {}\ndom m = {}\n\ngoal (1 subgoal):\n 1. False",
        "step_time": 0.005005598068237305
    },
    {
        "index": 41,
        "step": "by blast",
        "output": "",
        "raw_output": "proof (state)\nthis:\nFalse\n\ngoal (2 subgoals):\n 1. dom m = {} \\<Longrightarrow> m = (\\<lambda>x. None)\n 2. m = (\\<lambda>x. None) \\<Longrightarrow> dom m = {}",
        "step_time": 0.005784273147583008
    },
    {
        "index": 42,
        "step": "}",
        "output": "",
        "raw_output": "proof (state)\nthis:\nm \\<noteq> (\\<lambda>x. None) \\<Longrightarrow> False\n\ngoal (2 subgoals):\n 1. dom m = {} \\<Longrightarrow> m = (\\<lambda>x. None)\n 2. m = (\\<lambda>x. None) \\<Longrightarrow> dom m = {}",
        "step_time": 0.005296468734741211
    },
    {
        "index": 43,
        "step": "thus \"m = Map.empty\"",
        "output": "",
        "raw_output": "proof (prove)\nusing this:\nm \\<noteq> (\\<lambda>x. None) \\<Longrightarrow> False\n\ngoal (1 subgoal):\n 1. m = (\\<lambda>x. None)",
        "step_time": 0.00611567497253418
    },
    {
        "index": 44,
        "step": "by blast",
        "output": "",
        "raw_output": "proof (state)\nthis:\nm = (\\<lambda>x. None)\n\ngoal (1 subgoal):\n 1. m = (\\<lambda>x. None) \\<Longrightarrow> dom m = {}",
        "step_time": 0.006350040435791016
    },
    {
        "index": 45,
        "step": "next",
        "output": "",
        "raw_output": "proof (state)\ngoal (1 subgoal):\n 1. m = (\\<lambda>x. None) \\<Longrightarrow> dom m = {}",
        "step_time": 0.004763603210449219
    },
    {
        "index": 46,
        "step": "assume a: \"m = Map.empty\"",
        "output": "",
        "raw_output": "proof (state)\nthis:\nm = (\\<lambda>x. None)\n\ngoal (1 subgoal):\n 1. m = (\\<lambda>x. None) \\<Longrightarrow> dom m = {}",
        "step_time": 0.00615382194519043
    },
    {
        "index": 47,
        "step": "thus \"dom m = {}\"",
        "output": "",
        "raw_output": "proof (prove)\nusing this:\nm = (\\<lambda>x. None)\n\ngoal (1 subgoal):\n 1. dom m = {}",
        "step_time": 0.005679607391357422
    },
    {
        "index": 48,
        "step": "by simp",
        "output": "",
        "raw_output": "proof (state)\nthis:\ndom m = {}\n\ngoal:\nNo subgoals!",
        "step_time": 0.0059185028076171875
    },
    {
        "index": 49,
        "step": "qed",
        "output": "",
        "raw_output": "",
        "step_time": 0.0050771236419677734
    },
    {
        "index": 50,
        "step": "lemma map_add_dom_eq:\n  \"dom m = dom m' \\<Longrightarrow> m ++ m' = m'\"",
        "output": "",
        "raw_output": "proof (prove)\ngoal (1 subgoal):\n 1. dom m = dom m' \\<Longrightarrow> m ++ m' = m'",
        "step_time": 0.0065402984619140625
    },
    {
        "index": 51,
        "step": "by (rule ext) (auto simp: map_add_def split: option.splits)",
        "output": "",
        "raw_output": "",
        "step_time": 0.010098934173583984
    },
    {
        "index": 52,
        "step": "lemma map_add_right_dom_eq:\n  \"\\<lbrakk> m\\<^sub>0 ++ m\\<^sub>1 = m\\<^sub>0' ++ m\\<^sub>1'; dom m\\<^sub>1 = dom m\\<^sub>1' \\<rbrakk> \\<Longrightarrow> m\\<^sub>1 = m\\<^sub>1'\"",
        "output": "",
        "raw_output": "proof (prove)\ngoal (1 subgoal):\n 1. \\<lbrakk>m\\<^sub>0 ++ m\\<^sub>1 = m\\<^sub>0' ++ m\\<^sub>1'; dom m\\<^sub>1 = dom m\\<^sub>1'\\<rbrakk> \\<Longrightarrow> m\\<^sub>1 = m\\<^sub>1'",
        "step_time": 0.008158445358276367
    },
    {
        "index": 53,
        "step": "unfolding map_add_def",
        "output": "",
        "raw_output": "proof (prove)\ngoal (1 subgoal):\n 1. \\<lbrakk>(\\<lambda>x. case m\\<^sub>1 x of None \\<Rightarrow> m\\<^sub>0 x | Some x \\<Rightarrow> Some x) = (\\<lambda>x. case m\\<^sub>1' x of None \\<Rightarrow> m\\<^sub>0' x | Some x \\<Rightarrow> Some x); dom m\\<^sub>1 = dom m\\<^sub>1'\\<rbrakk> \\<Longrightarrow> m\\<^sub>1 = m\\<^sub>1'",
        "step_time": 0.006091594696044922
    },
    {
        "index": 54,
        "step": "by (rule ext, rule ccontr,\n      drule_tac x=x in fun_cong, clarsimp split: option.splits,\n      drule sym, drule sym, force+)",
        "output": "",
        "raw_output": "",
        "step_time": 0.09354329109191895
    },
    {
        "index": 55,
        "step": "lemma map_le_same_dom_eq:\n  \"\\<lbrakk> m\\<^sub>0 \\<subseteq>\\<^sub>m m\\<^sub>1 ; dom m\\<^sub>0 = dom m\\<^sub>1 \\<rbrakk> \\<Longrightarrow> m\\<^sub>0 = m\\<^sub>1\"",
        "output": "",
        "raw_output": "proof (prove)\ngoal (1 subgoal):\n 1. \\<lbrakk>m\\<^sub>0 \\<subseteq>\\<^sub>m m\\<^sub>1; dom m\\<^sub>0 = dom m\\<^sub>1\\<rbrakk> \\<Longrightarrow> m\\<^sub>0 = m\\<^sub>1",
        "step_time": 0.010279178619384766
    },
    {
        "index": 56,
        "step": "by (simp add: map_le_antisym map_le_def)",
        "output": "",
        "raw_output": "",
        "step_time": 0.03672051429748535
    },
    {
        "index": 57,
        "step": "subsection \\<open>Properties of map restriction\\<close>",
        "output": "",
        "raw_output": "",
        "step_time": 0.02599501609802246
    },
    {
        "index": 58,
        "step": "lemma restrict_map_cancel:\n  \"(m |` S = m |` T) = (dom m \\<inter> S = dom m \\<inter> T)\"",
        "output": "",
        "raw_output": "proof (prove)\ngoal (1 subgoal):\n 1. (m |` S = m |` T) = (dom m \\<inter> S = dom m \\<inter> T)",
        "step_time": 0.01394033432006836
    },
    {
        "index": 59,
        "step": "by (fastforce dest: fun_cong simp: restrict_map_def None_not_eq split: if_split_asm)",
        "output": "",
        "raw_output": "",
        "step_time": 0.0680234432220459
    },
    {
        "index": 60,
        "step": "lemma map_add_restricted_self [simp]:\n  \"m ++ m |` S = m\"",
        "output": "",
        "raw_output": "proof (prove)\ngoal (1 subgoal):\n 1. m ++ m |` S = m",
        "step_time": 0.007110595703125
    },
    {
        "index": 61,
        "step": "by (auto simp: restrict_map_def map_add_def split: option.splits)",
        "output": "",
        "raw_output": "",
        "step_time": 0.017191648483276367
    },
    {
        "index": 62,
        "step": "lemma map_add_restrict_dom_right [simp]:\n  \"(m ++ m') |` dom m' = m'\"",
        "output": "",
        "raw_output": "proof (prove)\ngoal (1 subgoal):\n 1. (m ++ m') |` dom m' = m'",
        "step_time": 0.008501291275024414
    },
    {
        "index": 63,
        "step": "by (rule ext, auto simp: restrict_map_def map_add_def split: option.splits)",
        "output": "",
        "raw_output": "",
        "step_time": 0.01639723777770996
    },
    {
        "index": 64,
        "step": "lemma restrict_map_UNIV [simp]:\n  \"m |` UNIV = m\"",
        "output": "",
        "raw_output": "proof (prove)\ngoal (1 subgoal):\n 1. m |` UNIV = m",
        "step_time": 0.007153749465942383
    },
    {
        "index": 65,
        "step": "by (simp add: restrict_map_def)",
        "output": "",
        "raw_output": "",
        "step_time": 0.0071718692779541016
    },
    {
        "index": 66,
        "step": "lemma restrict_map_dom:\n  \"S = dom m \\<Longrightarrow> m |` S = m\"",
        "output": "",
        "raw_output": "proof (prove)\ngoal (1 subgoal):\n 1. S = dom m \\<Longrightarrow> m |` S = m",
        "step_time": 0.007343292236328125
    },
    {
        "index": 67,
        "step": "by (rule ext, auto simp: restrict_map_def None_not_eq)",
        "output": "",
        "raw_output": "",
        "step_time": 0.014498233795166016
    },
    {
        "index": 68,
        "step": "lemma restrict_map_subdom:\n  \"dom m \\<subseteq> S \\<Longrightarrow> m |` S = m\"",
        "output": "",
        "raw_output": "proof (prove)\ngoal (1 subgoal):\n 1. dom m \\<subseteq> S \\<Longrightarrow> m |` S = m",
        "step_time": 0.008021116256713867
    },
    {
        "index": 69,
        "step": "by (fastforce simp: restrict_map_def None_com)",
        "output": "",
        "raw_output": "",
        "step_time": 0.015478849411010742
    },
    {
        "index": 70,
        "step": "lemma map_add_restrict:\n  \"(m\\<^sub>0 ++ m\\<^sub>1) |` S = ((m\\<^sub>0 |` S) ++ (m\\<^sub>1 |` S))\"",
        "output": "",
        "raw_output": "proof (prove)\ngoal (1 subgoal):\n 1. (m\\<^sub>0 ++ m\\<^sub>1) |` S = m\\<^sub>0 |` S ++ m\\<^sub>1 |` S",
        "step_time": 0.008130311965942383
    },
    {
        "index": 71,
        "step": "by (force simp: map_add_def restrict_map_def)",
        "output": "",
        "raw_output": "",
        "step_time": 0.03803682327270508
    },
    {
        "index": 72,
        "step": "lemma map_le_restrict:\n  \"m \\<subseteq>\\<^sub>m m' \\<Longrightarrow> m = m' |` dom m\"",
        "output": "",
        "raw_output": "proof (prove)\ngoal (1 subgoal):\n 1. m \\<subseteq>\\<^sub>m m' \\<Longrightarrow> m = m' |` dom m",
        "step_time": 0.006269693374633789
    },
    {
        "index": 73,
        "step": "by (force simp: map_le_def restrict_map_def None_com)",
        "output": "",
        "raw_output": "",
        "step_time": 0.016319990158081055
    },
    {
        "index": 74,
        "step": "lemma restrict_map_le:\n  \"m |` S \\<subseteq>\\<^sub>m m\"",
        "output": "",
        "raw_output": "proof (prove)\ngoal (1 subgoal):\n 1. m |` S \\<subseteq>\\<^sub>m m",
        "step_time": 0.006491422653198242
    },
    {
        "index": 75,
        "step": "by (auto simp: map_le_def)",
        "output": "",
        "raw_output": "",
        "step_time": 0.008832454681396484
    },
    {
        "index": 76,
        "step": "lemma restrict_map_remerge:\n  \"\\<lbrakk> S \\<inter> T = {} \\<rbrakk> \\<Longrightarrow> m |` S ++ m |` T = m |` (S \\<union> T)\"",
        "output": "",
        "raw_output": "proof (prove)\ngoal (1 subgoal):\n 1. S \\<inter> T = {} \\<Longrightarrow> m |` S ++ m |` T = m |` (S \\<union> T)",
        "step_time": 0.0070607662200927734
    },
    {
        "index": 77,
        "step": "by (rule ext, clarsimp simp: restrict_map_def map_add_def\n                         split: option.splits)",
        "output": "",
        "raw_output": "",
        "step_time": 0.021211624145507812
    },
    {
        "index": 78,
        "step": "lemma restrict_map_empty:\n  \"dom m \\<inter> S = {} \\<Longrightarrow> m |` S = Map.empty\"",
        "output": "",
        "raw_output": "proof (prove)\ngoal (1 subgoal):\n 1. dom m \\<inter> S = {} \\<Longrightarrow> m |` S = (\\<lambda>x. None)",
        "step_time": 0.006548166275024414
    },
    {
        "index": 79,
        "step": "by (fastforce simp: restrict_map_def)",
        "output": "",
        "raw_output": "",
        "step_time": 0.01899886131286621
    },
    {
        "index": 80,
        "step": "lemma map_add_restrict_comp_right [simp]:\n  \"(m |` S ++ m |` (UNIV - S)) = m\"",
        "output": "",
        "raw_output": "proof (prove)\ngoal (1 subgoal):\n 1. m |` S ++ m |` (UNIV - S) = m",
        "step_time": 0.008108139038085938
    },
    {
        "index": 81,
        "step": "by (force simp: map_add_def restrict_map_def split: option.splits)",
        "output": "",
        "raw_output": "",
        "step_time": 0.017547130584716797
    },
    {
        "index": 82,
        "step": "lemma map_add_restrict_comp_right_dom [simp]:\n  \"(m |` S ++ m |` (dom m - S)) = m\"",
        "output": "",
        "raw_output": "proof (prove)\ngoal (1 subgoal):\n 1. m |` S ++ m |` (dom m - S) = m",
        "step_time": 0.006509304046630859
    },
    {
        "index": 83,
        "step": "by (rule ext, auto simp: map_add_def restrict_map_def split: option.splits)",
        "output": "",
        "raw_output": "",
        "step_time": 0.021894454956054688
    },
    {
        "index": 84,
        "step": "lemma map_add_restrict_comp_left [simp]:\n  \"(m |` (UNIV - S) ++ m |` S) = m\"",
        "output": "",
        "raw_output": "proof (prove)\ngoal (1 subgoal):\n 1. m |` (UNIV - S) ++ m |` S = m",
        "step_time": 0.006447553634643555
    },
    {
        "index": 85,
        "step": "by (subst map_add_comm, auto)",
        "output": "",
        "raw_output": "",
        "step_time": 0.009627103805541992
    },
    {
        "index": 86,
        "step": "lemma restrict_self_UNIV:\n  \"m |` (dom m - S) = m |` (UNIV - S)\"",
        "output": "",
        "raw_output": "proof (prove)\ngoal (1 subgoal):\n 1. m |` (dom m - S) = m |` (UNIV - S)",
        "step_time": 0.007303714752197266
    },
    {
        "index": 87,
        "step": "by (rule ext, auto simp: restrict_map_def)",
        "output": "",
        "raw_output": "",
        "step_time": 0.015557527542114258
    },
    {
        "index": 88,
        "step": "lemma map_add_restrict_nonmember_right:\n  \"x \\<notin> dom m' \\<Longrightarrow> (m ++ m') |` {x} = m |` {x}\"",
        "output": "",
        "raw_output": "proof (prove)\ngoal (1 subgoal):\n 1. x \\<notin> dom m' \\<Longrightarrow> (m ++ m') |` {x} = m |` {x}",
        "step_time": 0.008355140686035156
    },
    {
        "index": 89,
        "step": "by (rule ext, auto simp: restrict_map_def map_add_def split: option.splits)",
        "output": "",
        "raw_output": "",
        "step_time": 0.012843132019042969
    },
    {
        "index": 90,
        "step": "lemma map_add_restrict_nonmember_left:\n  \"x \\<notin> dom m \\<Longrightarrow> (m ++ m') |` {x} = m' |` {x}\"",
        "output": "",
        "raw_output": "proof (prove)\ngoal (1 subgoal):\n 1. x \\<notin> dom m \\<Longrightarrow> (m ++ m') |` {x} = m' |` {x}",
        "step_time": 0.006783962249755859
    },
    {
        "index": 91,
        "step": "by (rule ext, auto simp: restrict_map_def map_add_def split: option.splits)",
        "output": "",
        "raw_output": "",
        "step_time": 0.013692378997802734
    },
    {
        "index": 92,
        "step": "lemma map_add_restrict_right:\n  \"x \\<subseteq> dom m' \\<Longrightarrow> (m ++ m') |` x = m' |` x\"",
        "output": "",
        "raw_output": "proof (prove)\ngoal (1 subgoal):\n 1. x \\<subseteq> dom m' \\<Longrightarrow> (m ++ m') |` x = m' |` x",
        "step_time": 0.007582187652587891
    },
    {
        "index": 93,
        "step": "by (rule ext, auto simp: restrict_map_def map_add_def split: option.splits)",
        "output": "",
        "raw_output": "",
        "step_time": 0.015425682067871094
    },
    {
        "index": 94,
        "step": "lemma restrict_map_compose:\n  \"\\<lbrakk> S \\<union> T = dom m ; S \\<inter> T = {} \\<rbrakk> \\<Longrightarrow> m |` S ++ m |` T = m\"",
        "output": "",
        "raw_output": "proof (prove)\ngoal (1 subgoal):\n 1. \\<lbrakk>S \\<union> T = dom m; S \\<inter> T = {}\\<rbrakk> \\<Longrightarrow> m |` S ++ m |` T = m",
        "step_time": 0.008561372756958008
    },
    {
        "index": 95,
        "step": "by (fastforce simp: map_add_def restrict_map_def)",
        "output": "",
        "raw_output": "",
        "step_time": 0.04158902168273926
    },
    {
        "index": 96,
        "step": "lemma map_le_dom_subset_restrict:\n  \"\\<lbrakk> m' \\<subseteq>\\<^sub>m m; dom m' \\<subseteq> S \\<rbrakk> \\<Longrightarrow> m' \\<subseteq>\\<^sub>m (m |` S)\"",
        "output": "",
        "raw_output": "proof (prove)\ngoal (1 subgoal):\n 1. \\<lbrakk>m' \\<subseteq>\\<^sub>m m; dom m' \\<subseteq> S\\<rbrakk> \\<Longrightarrow> m' \\<subseteq>\\<^sub>m m |` S",
        "step_time": 0.006930828094482422
    },
    {
        "index": 97,
        "step": "by (force simp: restrict_map_def map_le_def)",
        "output": "",
        "raw_output": "",
        "step_time": 0.024011611938476562
    },
    {
        "index": 98,
        "step": "lemma map_le_dom_restrict_sub_add:\n  \"m' \\<subseteq>\\<^sub>m m \\<Longrightarrow> m |` (dom m - dom m') ++ m' = m\"",
        "output": "",
        "raw_output": "proof (prove)\ngoal (1 subgoal):\n 1. m' \\<subseteq>\\<^sub>m m \\<Longrightarrow> m |` (dom m - dom m') ++ m' = m",
        "step_time": 0.008075237274169922
    },
    {
        "index": 99,
        "step": "by (rule ext, auto simp: None_com map_add_def restrict_map_def map_le_def\n                     split: option.splits; force simp: Some_com)",
        "output": "",
        "raw_output": "",
        "step_time": 0.06224822998046875
    },
    {
        "index": 100,
        "step": "lemma subset_map_restrict_sub_add:\n  \"T \\<subseteq> S \\<Longrightarrow> m |` (S - T) ++ m |` T = m |` S\"",
        "output": "",
        "raw_output": "proof (prove)\ngoal (1 subgoal):\n 1. T \\<subseteq> S \\<Longrightarrow> m |` (S - T) ++ m |` T = m |` S",
        "step_time": 0.007081031799316406
    },
    {
        "index": 101,
        "step": "by (rule ext) (auto simp: restrict_map_def map_add_def split: option.splits)",
        "output": "",
        "raw_output": "",
        "step_time": 0.030127525329589844
    },
    {
        "index": 102,
        "step": "lemma restrict_map_sub_union:\n  \"m |` (dom m - (S \\<union> T)) = (m |` (dom m - T)) |` (dom m - S)\"",
        "output": "",
        "raw_output": "proof (prove)\ngoal (1 subgoal):\n 1. m |` (dom m - (S \\<union> T)) = m |` (dom m - T) |` (dom m - S)",
        "step_time": 0.009237051010131836
    },
    {
        "index": 103,
        "step": "by (auto simp: restrict_map_def)",
        "output": "",
        "raw_output": "",
        "step_time": 0.01976633071899414
    },
    {
        "index": 104,
        "step": "lemma prod_restrict_map_add:\n  \"\\<lbrakk> S \\<union> T = U; S \\<inter> T = {} \\<rbrakk> \\<Longrightarrow> m |` (X \\<times> S) ++ m |` (X \\<times> T) = m |` (X \\<times> U)\"",
        "output": "",
        "raw_output": "proof (prove)\ngoal (1 subgoal):\n 1. \\<lbrakk>S \\<union> T = U; S \\<inter> T = {}\\<rbrakk> \\<Longrightarrow> m |` (X \\<times> S) ++ m |` (X \\<times> T) = m |` (X \\<times> U)",
        "step_time": 0.012195825576782227
    },
    {
        "index": 105,
        "step": "by (auto simp: map_add_def restrict_map_def split: option.splits)",
        "output": "",
        "raw_output": "",
        "step_time": 0.05438971519470215
    },
    {
        "index": 106,
        "step": "section \\<open>Things that should not go into Map.thy (separation logic)\\<close>",
        "output": "",
        "raw_output": "",
        "step_time": 0.005318641662597656
    },
    {
        "index": 107,
        "step": "subsection \\<open>Definitions\\<close>",
        "output": "",
        "raw_output": "",
        "step_time": 0.005621433258056641
    },
    {
        "index": 108,
        "step": "text \\<open>Map disjuction\\<close>",
        "output": "",
        "raw_output": "",
        "step_time": 0.005102872848510742
    },
    {
        "index": 109,
        "step": "definition\n  map_disj :: \"('a \\<rightharpoonup> 'b) \\<Rightarrow> ('a \\<rightharpoonup> 'b) \\<Rightarrow> bool\" (infix \"\\<bottom>\" 51) where\n  \"h\\<^sub>0 \\<bottom> h\\<^sub>1 \\<equiv> dom h\\<^sub>0 \\<inter> dom h\\<^sub>1 = {}\"",
        "output": "",
        "raw_output": "",
        "step_time": 0.01487588882446289
    },
    {
        "index": 110,
        "step": "declare None_not_eq [simp]",
        "output": "",
        "raw_output": "",
        "step_time": 0.0047147274017333984
    },
    {
        "index": 111,
        "step": "subsection \\<open>Properties of @{term \"sub_restrict_map\"}\\<close>",
        "output": "",
        "raw_output": "",
        "step_time": 0.004232645034790039
    },
    {
        "index": 112,
        "step": "lemma restrict_map_sub_disj: \"h |` S \\<bottom> h `- S\"",
        "output": "",
        "raw_output": "proof (prove)\ngoal (1 subgoal):\n 1. h |` S \\<bottom> h `- S",
        "step_time": 0.00601506233215332
    },
    {
        "index": 113,
        "step": "by (fastforce simp: sub_restrict_map_def restrict_map_def map_disj_def\n               split: option.splits if_split_asm)",
        "output": "",
        "raw_output": "",
        "step_time": 0.013850212097167969
    },
    {
        "index": 114,
        "step": "lemma restrict_map_sub_add: \"h |` S ++ h `- S = h\"",
        "output": "",
        "raw_output": "proof (prove)\ngoal (1 subgoal):\n 1. h |` S ++ h `- S = h",
        "step_time": 0.006604671478271484
    },
    {
        "index": 115,
        "step": "by (fastforce simp: sub_restrict_map_def restrict_map_def map_add_def\n               split: option.splits if_split)",
        "output": "",
        "raw_output": "",
        "step_time": 0.016375303268432617
    },
    {
        "index": 116,
        "step": "subsection \\<open>Properties of map disjunction\\<close>",
        "output": "",
        "raw_output": "",
        "step_time": 0.004229545593261719
    },
    {
        "index": 117,
        "step": "lemma map_disj_empty_right [simp]:\n  \"h \\<bottom> Map.empty\"",
        "output": "",
        "raw_output": "proof (prove)\ngoal (1 subgoal):\n 1. h \\<bottom> (\\<lambda>x. None)",
        "step_time": 0.0057642459869384766
    },
    {
        "index": 118,
        "step": "by (simp add: map_disj_def)",
        "output": "",
        "raw_output": "",
        "step_time": 0.0063359737396240234
    },
    {
        "index": 119,
        "step": "lemma map_disj_empty_left [simp]:\n  \"Map.empty \\<bottom> h\"",
        "output": "",
        "raw_output": "proof (prove)\ngoal (1 subgoal):\n 1. (\\<lambda>x. None) \\<bottom> h",
        "step_time": 0.00496673583984375
    },
    {
        "index": 120,
        "step": "by (simp add: map_disj_def)",
        "output": "",
        "raw_output": "",
        "step_time": 0.005356550216674805
    },
    {
        "index": 121,
        "step": "lemma map_disj_com:\n  \"h\\<^sub>0 \\<bottom> h\\<^sub>1 = h\\<^sub>1 \\<bottom> h\\<^sub>0\"",
        "output": "",
        "raw_output": "proof (prove)\ngoal (1 subgoal):\n 1. h\\<^sub>0 \\<bottom> h\\<^sub>1 = h\\<^sub>1 \\<bottom> h\\<^sub>0",
        "step_time": 0.0053746700286865234
    },
    {
        "index": 122,
        "step": "by (simp add: map_disj_def, fast)",
        "output": "",
        "raw_output": "",
        "step_time": 0.013365983963012695
    },
    {
        "index": 123,
        "step": "lemma map_disjD:\n  \"h\\<^sub>0 \\<bottom> h\\<^sub>1 \\<Longrightarrow> dom h\\<^sub>0 \\<inter> dom h\\<^sub>1 = {}\"",
        "output": "",
        "raw_output": "proof (prove)\ngoal (1 subgoal):\n 1. h\\<^sub>0 \\<bottom> h\\<^sub>1 \\<Longrightarrow> dom h\\<^sub>0 \\<inter> dom h\\<^sub>1 = {}",
        "step_time": 0.006608247756958008
    },
    {
        "index": 124,
        "step": "by (simp add: map_disj_def)",
        "output": "",
        "raw_output": "",
        "step_time": 0.0060422420501708984
    },
    {
        "index": 125,
        "step": "lemma map_disjI:\n  \"dom h\\<^sub>0 \\<inter> dom h\\<^sub>1 = {} \\<Longrightarrow> h\\<^sub>0 \\<bottom> h\\<^sub>1\"",
        "output": "",
        "raw_output": "proof (prove)\ngoal (1 subgoal):\n 1. dom h\\<^sub>0 \\<inter> dom h\\<^sub>1 = {} \\<Longrightarrow> h\\<^sub>0 \\<bottom> h\\<^sub>1",
        "step_time": 0.0062940120697021484
    },
    {
        "index": 126,
        "step": "by (simp add: map_disj_def)",
        "output": "",
        "raw_output": "",
        "step_time": 0.005937099456787109
    },
    {
        "index": 127,
        "step": "subsection \\<open>Map associativity-commutativity based on map disjuction\\<close>",
        "output": "",
        "raw_output": "",
        "step_time": 0.0037660598754882812
    },
    {
        "index": 128,
        "step": "lemma map_add_com:\n  \"h\\<^sub>0 \\<bottom> h\\<^sub>1 \\<Longrightarrow> h\\<^sub>0 ++ h\\<^sub>1 = h\\<^sub>1 ++ h\\<^sub>0\"",
        "output": "",
        "raw_output": "proof (prove)\ngoal (1 subgoal):\n 1. h\\<^sub>0 \\<bottom> h\\<^sub>1 \\<Longrightarrow> h\\<^sub>0 ++ h\\<^sub>1 = h\\<^sub>1 ++ h\\<^sub>0",
        "step_time": 0.006361484527587891
    },
    {
        "index": 129,
        "step": "by (drule map_disjD, rule map_add_comm, force)",
        "output": "",
        "raw_output": "",
        "step_time": 0.005918025970458984
    },
    {
        "index": 130,
        "step": "lemma map_add_left_commute:\n  \"h\\<^sub>0 \\<bottom> h\\<^sub>1 \\<Longrightarrow> h\\<^sub>0 ++ (h\\<^sub>1 ++ h\\<^sub>2) = h\\<^sub>1 ++ (h\\<^sub>0 ++ h\\<^sub>2)\"",
        "output": "",
        "raw_output": "proof (prove)\ngoal (1 subgoal):\n 1. h\\<^sub>0 \\<bottom> h\\<^sub>1 \\<Longrightarrow> h\\<^sub>0 ++ (h\\<^sub>1 ++ h\\<^sub>2) = h\\<^sub>1 ++ (h\\<^sub>0 ++ h\\<^sub>2)",
        "step_time": 0.00709223747253418
    },
    {
        "index": 131,
        "step": "by (simp add: map_add_com map_disj_com)",
        "output": "",
        "raw_output": "",
        "step_time": 0.008060455322265625
    },
    {
        "index": 132,
        "step": "lemma map_add_disj:\n  \"h\\<^sub>0 \\<bottom> (h\\<^sub>1 ++ h\\<^sub>2) = (h\\<^sub>0 \\<bottom> h\\<^sub>1 \\<and> h\\<^sub>0 \\<bottom> h\\<^sub>2)\"",
        "output": "",
        "raw_output": "proof (prove)\ngoal (1 subgoal):\n 1. h\\<^sub>0 \\<bottom> h\\<^sub>1 ++ h\\<^sub>2 = (h\\<^sub>0 \\<bottom> h\\<^sub>1 \\<and> h\\<^sub>0 \\<bottom> h\\<^sub>2)",
        "step_time": 0.007135629653930664
    },
    {
        "index": 133,
        "step": "by (simp add: map_disj_def, fast)",
        "output": "",
        "raw_output": "",
        "step_time": 0.02526068687438965
    },
    {
        "index": 134,
        "step": "lemma map_add_disj':\n  \"(h\\<^sub>1 ++ h\\<^sub>2) \\<bottom> h\\<^sub>0 = (h\\<^sub>1 \\<bottom> h\\<^sub>0 \\<and> h\\<^sub>2 \\<bottom> h\\<^sub>0)\"",
        "output": "",
        "raw_output": "proof (prove)\ngoal (1 subgoal):\n 1. h\\<^sub>1 ++ h\\<^sub>2 \\<bottom> h\\<^sub>0 = (h\\<^sub>1 \\<bottom> h\\<^sub>0 \\<and> h\\<^sub>2 \\<bottom> h\\<^sub>0)",
        "step_time": 0.007436037063598633
    },
    {
        "index": 135,
        "step": "by (simp add: map_disj_def, fast)",
        "output": "",
        "raw_output": "",
        "step_time": 0.024965524673461914
    },
    {
        "index": 136,
        "step": "text \\<open>\n  We redefine @{term \"map_add\"} associativity to bind to the right, which\n  seems to be the more common case.\n  Note that when a theory includes Map again, @{text \"map_add_assoc\"} will\n  return to the simpset and will cause infinite loops if its symmetric\n  counterpart is added (e.g. via @{text \"map_add_ac\"})\n\\<close>",
        "output": "",
        "raw_output": "",
        "step_time": 0.004248619079589844
    },
    {
        "index": 137,
        "step": "declare map_add_assoc [simp del]",
        "output": "",
        "raw_output": "",
        "step_time": 0.005262136459350586
    },
    {
        "index": 138,
        "step": "text \\<open>\n  Since the associativity-commutativity of @{term \"map_add\"} relies on\n  map disjunction, we include some basic rules into the ac set.\n\\<close>",
        "output": "",
        "raw_output": "",
        "step_time": 0.0039331912994384766
    },
    {
        "index": 139,
        "step": "lemmas map_add_ac =\n  map_add_assoc[symmetric] map_add_com map_disj_com\n  map_add_left_commute map_add_disj map_add_disj'",
        "output": "",
        "raw_output": "",
        "step_time": 0.007704496383666992
    },
    {
        "index": 140,
        "step": "subsection \\<open>Basic properties\\<close>",
        "output": "",
        "raw_output": "",
        "step_time": 0.003925323486328125
    },
    {
        "index": 141,
        "step": "lemma map_disj_None_right:\n  \"\\<lbrakk> h\\<^sub>0 \\<bottom> h\\<^sub>1 ; x \\<in> dom h\\<^sub>0 \\<rbrakk> \\<Longrightarrow> h\\<^sub>1 x = None\"",
        "output": "",
        "raw_output": "proof (prove)\ngoal (1 subgoal):\n 1. \\<lbrakk>h\\<^sub>0 \\<bottom> h\\<^sub>1; x \\<in> dom h\\<^sub>0\\<rbrakk> \\<Longrightarrow> h\\<^sub>1 x = None",
        "step_time": 0.007021427154541016
    },
    {
        "index": 142,
        "step": "by (auto simp: map_disj_def dom_def)",
        "output": "",
        "raw_output": "",
        "step_time": 0.014340877532958984
    },
    {
        "index": 143,
        "step": "lemma map_disj_None_left:\n  \"\\<lbrakk> h\\<^sub>0 \\<bottom> h\\<^sub>1 ; x \\<in> dom h\\<^sub>1 \\<rbrakk> \\<Longrightarrow> h\\<^sub>0 x = None\"",
        "output": "",
        "raw_output": "proof (prove)\ngoal (1 subgoal):\n 1. \\<lbrakk>h\\<^sub>0 \\<bottom> h\\<^sub>1; x \\<in> dom h\\<^sub>1\\<rbrakk> \\<Longrightarrow> h\\<^sub>0 x = None",
        "step_time": 0.0067789554595947266
    },
    {
        "index": 144,
        "step": "by (auto simp: map_disj_def dom_def)",
        "output": "",
        "raw_output": "",
        "step_time": 0.013717889785766602
    },
    {
        "index": 145,
        "step": "lemma map_disj_None_left':\n  \"\\<lbrakk> h\\<^sub>0 x = Some y ; h\\<^sub>1 \\<bottom> h\\<^sub>0 \\<rbrakk> \\<Longrightarrow> h\\<^sub>1 x = None \"",
        "output": "",
        "raw_output": "proof (prove)\ngoal (1 subgoal):\n 1. \\<lbrakk>h\\<^sub>0 x = Some y; h\\<^sub>1 \\<bottom> h\\<^sub>0\\<rbrakk> \\<Longrightarrow> h\\<^sub>1 x = None",
        "step_time": 0.007393598556518555
    },
    {
        "index": 146,
        "step": "by (auto simp: map_disj_def)",
        "output": "",
        "raw_output": "",
        "step_time": 0.006521463394165039
    },
    {
        "index": 147,
        "step": "lemma map_disj_None_right':\n  \"\\<lbrakk> h\\<^sub>1 x = Some y ; h\\<^sub>1 \\<bottom> h\\<^sub>0 \\<rbrakk> \\<Longrightarrow> h\\<^sub>0 x = None \"",
        "output": "",
        "raw_output": "proof (prove)\ngoal (1 subgoal):\n 1. \\<lbrakk>h\\<^sub>1 x = Some y; h\\<^sub>1 \\<bottom> h\\<^sub>0\\<rbrakk> \\<Longrightarrow> h\\<^sub>0 x = None",
        "step_time": 0.006600141525268555
    },
    {
        "index": 148,
        "step": "by (auto simp: map_disj_def)",
        "output": "",
        "raw_output": "",
        "step_time": 0.007430315017700195
    },
    {
        "index": 149,
        "step": "lemma map_disj_common:\n  \"\\<lbrakk> h\\<^sub>0 \\<bottom> h\\<^sub>1 ; h\\<^sub>0 p = Some v ; h\\<^sub>1 p = Some v' \\<rbrakk> \\<Longrightarrow> False\"",
        "output": "",
        "raw_output": "proof (prove)\ngoal (1 subgoal):\n 1. \\<lbrakk>h\\<^sub>0 \\<bottom> h\\<^sub>1; h\\<^sub>0 p = Some v; h\\<^sub>1 p = Some v'\\<rbrakk> \\<Longrightarrow> False",
        "step_time": 0.007370471954345703
    },
    {
        "index": 150,
        "step": "by (frule (1) map_disj_None_left', simp)",
        "output": "",
        "raw_output": "",
        "step_time": 0.005740165710449219
    },
    {
        "index": 151,
        "step": "lemma map_disj_eq_dom_left:\n  \"\\<lbrakk> h\\<^sub>0 \\<bottom> h\\<^sub>1 ; dom h\\<^sub>0' = dom h\\<^sub>0 \\<rbrakk> \\<Longrightarrow> h\\<^sub>0' \\<bottom> h\\<^sub>1\"",
        "output": "",
        "raw_output": "proof (prove)\ngoal (1 subgoal):\n 1. \\<lbrakk>h\\<^sub>0 \\<bottom> h\\<^sub>1; dom h\\<^sub>0' = dom h\\<^sub>0\\<rbrakk> \\<Longrightarrow> h\\<^sub>0' \\<bottom> h\\<^sub>1",
        "step_time": 0.00583195686340332
    },
    {
        "index": 152,
        "step": "by (auto simp: map_disj_def)",
        "output": "",
        "raw_output": "",
        "step_time": 0.005250453948974609
    },
    {
        "index": 153,
        "step": "subsection \\<open>Map disjunction and addition\\<close>",
        "output": "",
        "raw_output": "",
        "step_time": 0.0036897659301757812
    },
    {
        "index": 154,
        "step": "lemma map_add_eval_left:\n  \"\\<lbrakk> x \\<in> dom h ; h \\<bottom> h' \\<rbrakk> \\<Longrightarrow> (h ++ h') x = h x\"",
        "output": "",
        "raw_output": "proof (prove)\ngoal (1 subgoal):\n 1. \\<lbrakk>x \\<in> dom h; h \\<bottom> h'\\<rbrakk> \\<Longrightarrow> (h ++ h') x = h x",
        "step_time": 0.00717473030090332
    },
    {
        "index": 155,
        "step": "by (auto dest!: map_disj_None_right simp: map_add_def cong: option.case_cong)",
        "output": "",
        "raw_output": "",
        "step_time": 0.00922393798828125
    },
    {
        "index": 156,
        "step": "lemma map_add_eval_right:\n  \"\\<lbrakk> x \\<in> dom h' \\<rbrakk> \\<Longrightarrow> (h ++ h') x = h' x\"",
        "output": "",
        "raw_output": "proof (prove)\ngoal (1 subgoal):\n 1. x \\<in> dom h' \\<Longrightarrow> (h ++ h') x = h' x",
        "step_time": 0.0067675113677978516
    },
    {
        "index": 157,
        "step": "by (rule map_add_dom_app_simps)",
        "output": "",
        "raw_output": "",
        "step_time": 0.004282712936401367
    },
    {
        "index": 158,
        "step": "lemma map_add_eval_left':\n  \"\\<lbrakk> x \\<notin> dom h' \\<rbrakk> \\<Longrightarrow> (h ++ h') x = h x\"",
        "output": "",
        "raw_output": "proof (prove)\ngoal (1 subgoal):\n 1. x \\<notin> dom h' \\<Longrightarrow> (h ++ h') x = h x",
        "step_time": 0.006932258605957031
    },
    {
        "index": 159,
        "step": "by (rule map_add_dom_app_simps)",
        "output": "",
        "raw_output": "",
        "step_time": 0.00482177734375
    },
    {
        "index": 160,
        "step": "lemma map_add_eval_right':\n  \"\\<lbrakk> x \\<notin> dom h \\<rbrakk> \\<Longrightarrow> (h ++ h') x = h' x\"",
        "output": "",
        "raw_output": "proof (prove)\ngoal (1 subgoal):\n 1. x \\<notin> dom h \\<Longrightarrow> (h ++ h') x = h' x",
        "step_time": 0.006647348403930664
    },
    {
        "index": 161,
        "step": "by (rule map_add_dom_app_simps)",
        "output": "",
        "raw_output": "",
        "step_time": 0.004780292510986328
    },
    {
        "index": 162,
        "step": "lemma map_add_left_dom_eq:\n  assumes eq: \"h\\<^sub>0 ++ h\\<^sub>1 = h\\<^sub>0' ++ h\\<^sub>1'\"\n  assumes etc: \"h\\<^sub>0 \\<bottom> h\\<^sub>1\" \"h\\<^sub>0' \\<bottom> h\\<^sub>1'\" \"dom h\\<^sub>0 = dom h\\<^sub>0'\"\n  shows \"h\\<^sub>0 = h\\<^sub>0'\"",
        "output": "",
        "raw_output": "proof (prove)\ngoal (1 subgoal):\n 1. h\\<^sub>0 = h\\<^sub>0'",
        "step_time": 0.00868535041809082
    },
    {
        "index": 163,
        "step": "proof -",
        "output": "",
        "raw_output": "proof (state)\ngoal (1 subgoal):\n 1. h\\<^sub>0 = h\\<^sub>0'",
        "step_time": 0.004004716873168945
    },
    {
        "index": 164,
        "step": "from eq",
        "output": "",
        "raw_output": "proof (chain)\npicking this:\nh\\<^sub>0 ++ h\\<^sub>1 = h\\<^sub>0' ++ h\\<^sub>1'",
        "step_time": 0.0038604736328125
    },
    {
        "index": 165,
        "step": "have \"h\\<^sub>1 ++ h\\<^sub>0 = h\\<^sub>1' ++ h\\<^sub>0'\"",
        "output": "",
        "raw_output": "proof (prove)\nusing this:\nh\\<^sub>0 ++ h\\<^sub>1 = h\\<^sub>0' ++ h\\<^sub>1'\n\ngoal (1 subgoal):\n 1. h\\<^sub>1 ++ h\\<^sub>0 = h\\<^sub>1' ++ h\\<^sub>0'",
        "step_time": 0.005295276641845703
    },
    {
        "index": 166,
        "step": "using etc",
        "output": "",
        "raw_output": "proof (prove)\nusing this:\nh\\<^sub>0 ++ h\\<^sub>1 = h\\<^sub>0' ++ h\\<^sub>1'\nh\\<^sub>0 \\<bottom> h\\<^sub>1\nh\\<^sub>0' \\<bottom> h\\<^sub>1'\ndom h\\<^sub>0 = dom h\\<^sub>0'\n\ngoal (1 subgoal):\n 1. h\\<^sub>1 ++ h\\<^sub>0 = h\\<^sub>1' ++ h\\<^sub>0'",
        "step_time": 0.004313945770263672
    },
    {
        "index": 167,
        "step": "by (simp add: map_add_ac)",
        "output": "",
        "raw_output": "proof (state)\nthis:\nh\\<^sub>1 ++ h\\<^sub>0 = h\\<^sub>1' ++ h\\<^sub>0'\n\ngoal (1 subgoal):\n 1. h\\<^sub>0 = h\\<^sub>0'",
        "step_time": 0.008868932723999023
    },
    {
        "index": 168,
        "step": "thus ?thesis",
        "output": "",
        "raw_output": "proof (prove)\nusing this:\nh\\<^sub>1 ++ h\\<^sub>0 = h\\<^sub>1' ++ h\\<^sub>0'\n\ngoal (1 subgoal):\n 1. h\\<^sub>0 = h\\<^sub>0'",
        "step_time": 0.004565238952636719
    },
    {
        "index": 169,
        "step": "using etc",
        "output": "",
        "raw_output": "proof (prove)\nusing this:\nh\\<^sub>1 ++ h\\<^sub>0 = h\\<^sub>1' ++ h\\<^sub>0'\nh\\<^sub>0 \\<bottom> h\\<^sub>1\nh\\<^sub>0' \\<bottom> h\\<^sub>1'\ndom h\\<^sub>0 = dom h\\<^sub>0'\n\ngoal (1 subgoal):\n 1. h\\<^sub>0 = h\\<^sub>0'",
        "step_time": 0.00397944450378418
    },
    {
        "index": 170,
        "step": "by (fastforce elim!: map_add_right_dom_eq simp: map_add_ac)",
        "output": "",
        "raw_output": "proof (state)\nthis:\nh\\<^sub>0 = h\\<^sub>0'\n\ngoal:\nNo subgoals!",
        "step_time": 0.00641179084777832
    },
    {
        "index": 171,
        "step": "qed",
        "output": "",
        "raw_output": "",
        "step_time": 0.005146026611328125
    },
    {
        "index": 172,
        "step": "lemma map_add_left_eq:\n  assumes eq: \"h\\<^sub>0 ++ h = h\\<^sub>1 ++ h\"\n  assumes disj: \"h\\<^sub>0 \\<bottom> h\" \"h\\<^sub>1 \\<bottom> h\"\n  shows \"h\\<^sub>0 = h\\<^sub>1\"",
        "output": "",
        "raw_output": "proof (prove)\ngoal (1 subgoal):\n 1. h\\<^sub>0 = h\\<^sub>1",
        "step_time": 0.00799703598022461
    },
    {
        "index": 173,
        "step": "proof (rule ext)",
        "output": "",
        "raw_output": "proof (state)\ngoal (1 subgoal):\n 1. \\<And>x. h\\<^sub>0 x = h\\<^sub>1 x",
        "step_time": 0.004380226135253906
    },
    {
        "index": 174,
        "step": "fix x",
        "output": "",
        "raw_output": "proof (state)\ngoal (1 subgoal):\n 1. \\<And>x. h\\<^sub>0 x = h\\<^sub>1 x",
        "step_time": 0.004230499267578125
    },
    {
        "index": 175,
        "step": "from eq",
        "output": "",
        "raw_output": "proof (chain)\npicking this:\nh\\<^sub>0 ++ h = h\\<^sub>1 ++ h",
        "step_time": 0.0036520957946777344
    },
    {
        "index": 176,
        "step": "have eq': \"(h\\<^sub>0 ++ h) x = (h\\<^sub>1 ++ h) x\"",
        "output": "",
        "raw_output": "proof (prove)\nusing this:\nh\\<^sub>0 ++ h = h\\<^sub>1 ++ h\n\ngoal (1 subgoal):\n 1. (h\\<^sub>0 ++ h) x = (h\\<^sub>1 ++ h) x",
        "step_time": 0.006056070327758789
    },
    {
        "index": 177,
        "step": "by auto",
        "output": "",
        "raw_output": "proof (state)\nthis:\n(h\\<^sub>0 ++ h) x = (h\\<^sub>1 ++ h) x\n\ngoal (1 subgoal):\n 1. \\<And>x. h\\<^sub>0 x = h\\<^sub>1 x",
        "step_time": 0.006889820098876953
    },
    {
        "index": 178,
        "step": "{",
        "output": "",
        "raw_output": "proof (state)\nthis:\n(h\\<^sub>0 ++ h) x = (h\\<^sub>1 ++ h) x\n\ngoal (1 subgoal):\n 1. \\<And>x. h\\<^sub>0 x = h\\<^sub>1 x",
        "step_time": 0.004242420196533203
    },
    {
        "index": 179,
        "step": "assume \"x \\<in> dom h\"",
        "output": "",
        "raw_output": "proof (state)\nthis:\nx \\<in> dom h\n\ngoal (1 subgoal):\n 1. \\<And>x. h\\<^sub>0 x = h\\<^sub>1 x",
        "step_time": 0.0046460628509521484
    },
    {
        "index": 180,
        "step": "hence \"h\\<^sub>0 x = h\\<^sub>1 x\"",
        "output": "",
        "raw_output": "proof (prove)\nusing this:\nx \\<in> dom h\n\ngoal (1 subgoal):\n 1. h\\<^sub>0 x = h\\<^sub>1 x",
        "step_time": 0.00492405891418457
    },
    {
        "index": 181,
        "step": "using disj",
        "output": "",
        "raw_output": "proof (prove)\nusing this:\nx \\<in> dom h\nh\\<^sub>0 \\<bottom> h\nh\\<^sub>1 \\<bottom> h\n\ngoal (1 subgoal):\n 1. h\\<^sub>0 x = h\\<^sub>1 x",
        "step_time": 0.003998756408691406
    },
    {
        "index": 182,
        "step": "by (simp add: map_disj_None_left)",
        "output": "",
        "raw_output": "proof (state)\nthis:\nh\\<^sub>0 x = h\\<^sub>1 x\n\ngoal (1 subgoal):\n 1. \\<And>x. h\\<^sub>0 x = h\\<^sub>1 x",
        "step_time": 0.006299495697021484
    },
    {
        "index": 183,
        "step": "}",
        "output": "",
        "raw_output": "proof (state)\nthis:\nx \\<in> dom h \\<Longrightarrow> h\\<^sub>0 x = h\\<^sub>1 x\n\ngoal (1 subgoal):\n 1. \\<And>x. h\\<^sub>0 x = h\\<^sub>1 x",
        "step_time": 0.0041849613189697266
    },
    {
        "index": 184,
        "step": "moreover",
        "output": "",
        "raw_output": "proof (state)\nthis:\nx \\<in> dom h \\<Longrightarrow> h\\<^sub>0 x = h\\<^sub>1 x\n\ngoal (1 subgoal):\n 1. \\<And>x. h\\<^sub>0 x = h\\<^sub>1 x",
        "step_time": 0.004263401031494141
    },
    {
        "index": 185,
        "step": "{",
        "output": "",
        "raw_output": "proof (state)\nthis:\nx \\<in> dom h \\<Longrightarrow> h\\<^sub>0 x = h\\<^sub>1 x\n\ngoal (1 subgoal):\n 1. \\<And>x. h\\<^sub>0 x = h\\<^sub>1 x",
        "step_time": 0.003665447235107422
    },
    {
        "index": 186,
        "step": "assume \"x \\<notin> dom h\"",
        "output": "",
        "raw_output": "proof (state)\nthis:\nx \\<notin> dom h\n\ngoal (1 subgoal):\n 1. \\<And>x. h\\<^sub>0 x = h\\<^sub>1 x",
        "step_time": 0.0049037933349609375
    },
    {
        "index": 187,
        "step": "hence \"h\\<^sub>0 x = h\\<^sub>1 x\"",
        "output": "",
        "raw_output": "proof (prove)\nusing this:\nx \\<notin> dom h\n\ngoal (1 subgoal):\n 1. h\\<^sub>0 x = h\\<^sub>1 x",
        "step_time": 0.005044460296630859
    },
    {
        "index": 188,
        "step": "using disj eq'",
        "output": "",
        "raw_output": "proof (prove)\nusing this:\nx \\<notin> dom h\nh\\<^sub>0 \\<bottom> h\nh\\<^sub>1 \\<bottom> h\n(h\\<^sub>0 ++ h) x = (h\\<^sub>1 ++ h) x\n\ngoal (1 subgoal):\n 1. h\\<^sub>0 x = h\\<^sub>1 x",
        "step_time": 0.0042591094970703125
    },
    {
        "index": 189,
        "step": "by (simp add: map_add_eval_left')",
        "output": "",
        "raw_output": "proof (state)\nthis:\nh\\<^sub>0 x = h\\<^sub>1 x\n\ngoal (1 subgoal):\n 1. \\<And>x. h\\<^sub>0 x = h\\<^sub>1 x",
        "step_time": 0.008596420288085938
    },
    {
        "index": 190,
        "step": "}",
        "output": "",
        "raw_output": "proof (state)\nthis:\nx \\<notin> dom h \\<Longrightarrow> h\\<^sub>0 x = h\\<^sub>1 x\n\ngoal (1 subgoal):\n 1. \\<And>x. h\\<^sub>0 x = h\\<^sub>1 x",
        "step_time": 0.004809379577636719
    },
    {
        "index": 191,
        "step": "ultimately",
        "output": "",
        "raw_output": "proof (chain)\npicking this:\nx \\<in> dom h \\<Longrightarrow> h\\<^sub>0 x = h\\<^sub>1 x\nx \\<notin> dom h \\<Longrightarrow> h\\<^sub>0 x = h\\<^sub>1 x",
        "step_time": 0.004656553268432617
    },
    {
        "index": 192,
        "step": "show \"h\\<^sub>0 x = h\\<^sub>1 x\"",
        "output": "",
        "raw_output": "proof (prove)\nusing this:\nx \\<in> dom h \\<Longrightarrow> h\\<^sub>0 x = h\\<^sub>1 x\nx \\<notin> dom h \\<Longrightarrow> h\\<^sub>0 x = h\\<^sub>1 x\n\ngoal (1 subgoal):\n 1. h\\<^sub>0 x = h\\<^sub>1 x",
        "step_time": 0.005770444869995117
    },
    {
        "index": 193,
        "step": "by cases",
        "output": "",
        "raw_output": "proof (state)\nthis:\nh\\<^sub>0 x = h\\<^sub>1 x\n\ngoal:\nNo subgoals!",
        "step_time": 0.005370140075683594
    },
    {
        "index": 194,
        "step": "qed",
        "output": "",
        "raw_output": "",
        "step_time": 0.004391908645629883
    },
    {
        "index": 195,
        "step": "lemma map_add_right_eq:\n  \"\\<lbrakk>h ++ h\\<^sub>0 = h ++ h\\<^sub>1; h\\<^sub>0 \\<bottom> h; h\\<^sub>1 \\<bottom> h\\<rbrakk> \\<Longrightarrow> h\\<^sub>0 = h\\<^sub>1\"",
        "output": "",
        "raw_output": "proof (prove)\ngoal (1 subgoal):\n 1. \\<lbrakk>h ++ h\\<^sub>0 = h ++ h\\<^sub>1; h\\<^sub>0 \\<bottom> h; h\\<^sub>1 \\<bottom> h\\<rbrakk> \\<Longrightarrow> h\\<^sub>0 = h\\<^sub>1",
        "step_time": 0.007278919219970703
    },
    {
        "index": 196,
        "step": "by (rule_tac h=h in map_add_left_eq, auto simp: map_add_ac)",
        "output": "",
        "raw_output": "",
        "step_time": 0.009404182434082031
    },
    {
        "index": 197,
        "step": "lemma map_disj_add_eq_dom_right_eq:\n  assumes merge: \"h\\<^sub>0 ++ h\\<^sub>1 = h\\<^sub>0' ++ h\\<^sub>1'\" and d: \"dom h\\<^sub>0 = dom h\\<^sub>0'\" and\n      ab_disj: \"h\\<^sub>0 \\<bottom> h\\<^sub>1\" and cd_disj: \"h\\<^sub>0' \\<bottom> h\\<^sub>1'\"\n  shows \"h\\<^sub>1 = h\\<^sub>1'\"",
        "output": "",
        "raw_output": "proof (prove)\ngoal (1 subgoal):\n 1. h\\<^sub>1 = h\\<^sub>1'",
        "step_time": 0.0072784423828125
    },
    {
        "index": 198,
        "step": "proof (rule ext)",
        "output": "",
        "raw_output": "proof (state)\ngoal (1 subgoal):\n 1. \\<And>x. h\\<^sub>1 x = h\\<^sub>1' x",
        "step_time": 0.0042498111724853516
    },
    {
        "index": 199,
        "step": "fix x",
        "output": "",
        "raw_output": "proof (state)\ngoal (1 subgoal):\n 1. \\<And>x. h\\<^sub>1 x = h\\<^sub>1' x",
        "step_time": 0.004069089889526367
    },
    {
        "index": 200,
        "step": "from merge",
        "output": "",
        "raw_output": "proof (chain)\npicking this:\nh\\<^sub>0 ++ h\\<^sub>1 = h\\<^sub>0' ++ h\\<^sub>1'",
        "step_time": 0.004088640213012695
    },
    {
        "index": 201,
        "step": "have merge_x: \"(h\\<^sub>0 ++ h\\<^sub>1) x = (h\\<^sub>0' ++ h\\<^sub>1') x\"",
        "output": "",
        "raw_output": "proof (prove)\nusing this:\nh\\<^sub>0 ++ h\\<^sub>1 = h\\<^sub>0' ++ h\\<^sub>1'\n\ngoal (1 subgoal):\n 1. (h\\<^sub>0 ++ h\\<^sub>1) x = (h\\<^sub>0' ++ h\\<^sub>1') x",
        "step_time": 0.005972862243652344
    },
    {
        "index": 202,
        "step": "by simp",
        "output": "",
        "raw_output": "proof (state)\nthis:\n(h\\<^sub>0 ++ h\\<^sub>1) x = (h\\<^sub>0' ++ h\\<^sub>1') x\n\ngoal (1 subgoal):\n 1. \\<And>x. h\\<^sub>1 x = h\\<^sub>1' x",
        "step_time": 0.0068819522857666016
    },
    {
        "index": 203,
        "step": "with d ab_disj cd_disj",
        "output": "",
        "raw_output": "proof (chain)\npicking this:\ndom h\\<^sub>0 = dom h\\<^sub>0'\nh\\<^sub>0 \\<bottom> h\\<^sub>1\nh\\<^sub>0' \\<bottom> h\\<^sub>1'\n(h\\<^sub>0 ++ h\\<^sub>1) x = (h\\<^sub>0' ++ h\\<^sub>1') x",
        "step_time": 0.0038406848907470703
    },
    {
        "index": 204,
        "step": "show  \"h\\<^sub>1 x = h\\<^sub>1' x\"",
        "output": "",
        "raw_output": "proof (prove)\nusing this:\ndom h\\<^sub>0 = dom h\\<^sub>0'\nh\\<^sub>0 \\<bottom> h\\<^sub>1\nh\\<^sub>0' \\<bottom> h\\<^sub>1'\n(h\\<^sub>0 ++ h\\<^sub>1) x = (h\\<^sub>0' ++ h\\<^sub>1') x\n\ngoal (1 subgoal):\n 1. h\\<^sub>1 x = h\\<^sub>1' x",
        "step_time": 0.005998373031616211
    },
    {
        "index": 205,
        "step": "by - (case_tac \"h\\<^sub>1 x\", case_tac \"h\\<^sub>1' x\", simp, fastforce simp: map_disj_def,\n          case_tac \"h\\<^sub>1' x\", clarsimp, simp add: Some_com,\n          force simp: map_disj_def, simp)",
        "output": "",
        "raw_output": "proof (state)\nthis:\nh\\<^sub>1 x = h\\<^sub>1' x\n\ngoal:\nNo subgoals!",
        "step_time": 0.09025907516479492
    },
    {
        "index": 206,
        "step": "qed",
        "output": "",
        "raw_output": "",
        "step_time": 0.006896018981933594
    },
    {
        "index": 207,
        "step": "lemma map_disj_add_eq_dom_left_eq:\n  assumes add: \"h\\<^sub>0 ++ h\\<^sub>1 = h\\<^sub>0' ++ h\\<^sub>1'\" and\n          dom: \"dom h\\<^sub>1 = dom h\\<^sub>1'\" and\n          disj: \"h\\<^sub>0 \\<bottom> h\\<^sub>1\" \"h\\<^sub>0' \\<bottom> h\\<^sub>1'\"\n  shows \"h\\<^sub>0 = h\\<^sub>0'\"",
        "output": "",
        "raw_output": "proof (prove)\ngoal (1 subgoal):\n 1. h\\<^sub>0 = h\\<^sub>0'",
        "step_time": 0.009432315826416016
    },
    {
        "index": 208,
        "step": "proof -",
        "output": "",
        "raw_output": "proof (state)\ngoal (1 subgoal):\n 1. h\\<^sub>0 = h\\<^sub>0'",
        "step_time": 0.0044879913330078125
    },
    {
        "index": 209,
        "step": "have \"h\\<^sub>1 ++ h\\<^sub>0 = h\\<^sub>1' ++ h\\<^sub>0'\"",
        "output": "",
        "raw_output": "proof (prove)\ngoal (1 subgoal):\n 1. h\\<^sub>1 ++ h\\<^sub>0 = h\\<^sub>1' ++ h\\<^sub>0'",
        "step_time": 0.005370378494262695
    },
    {
        "index": 210,
        "step": "using add disj",
        "output": "",
        "raw_output": "proof (prove)\nusing this:\nh\\<^sub>0 ++ h\\<^sub>1 = h\\<^sub>0' ++ h\\<^sub>1'\nh\\<^sub>0 \\<bottom> h\\<^sub>1\nh\\<^sub>0' \\<bottom> h\\<^sub>1'\n\ngoal (1 subgoal):\n 1. h\\<^sub>1 ++ h\\<^sub>0 = h\\<^sub>1' ++ h\\<^sub>0'",
        "step_time": 0.004242420196533203
    },
    {
        "index": 211,
        "step": "by (simp add: map_add_ac)",
        "output": "",
        "raw_output": "proof (state)\nthis:\nh\\<^sub>1 ++ h\\<^sub>0 = h\\<^sub>1' ++ h\\<^sub>0'\n\ngoal (1 subgoal):\n 1. h\\<^sub>0 = h\\<^sub>0'",
        "step_time": 0.008543014526367188
    },
    {
        "index": 212,
        "step": "thus ?thesis",
        "output": "",
        "raw_output": "proof (prove)\nusing this:\nh\\<^sub>1 ++ h\\<^sub>0 = h\\<^sub>1' ++ h\\<^sub>0'\n\ngoal (1 subgoal):\n 1. h\\<^sub>0 = h\\<^sub>0'",
        "step_time": 0.005172252655029297
    },
    {
        "index": 213,
        "step": "using dom disj",
        "output": "",
        "raw_output": "proof (prove)\nusing this:\nh\\<^sub>1 ++ h\\<^sub>0 = h\\<^sub>1' ++ h\\<^sub>0'\ndom h\\<^sub>1 = dom h\\<^sub>1'\nh\\<^sub>0 \\<bottom> h\\<^sub>1\nh\\<^sub>0' \\<bottom> h\\<^sub>1'\n\ngoal (1 subgoal):\n 1. h\\<^sub>0 = h\\<^sub>0'",
        "step_time": 0.004738330841064453
    },
    {
        "index": 214,
        "step": "by - (rule map_disj_add_eq_dom_right_eq, auto simp: map_disj_com)",
        "output": "",
        "raw_output": "proof (state)\nthis:\nh\\<^sub>0 = h\\<^sub>0'\n\ngoal:\nNo subgoals!",
        "step_time": 0.010828733444213867
    },
    {
        "index": 215,
        "step": "qed",
        "output": "",
        "raw_output": "",
        "step_time": 0.005316257476806641
    },
    {
        "index": 216,
        "step": "lemma map_add_left_cancel:\n  assumes disj: \"h\\<^sub>0 \\<bottom> h\\<^sub>1\" \"h\\<^sub>0 \\<bottom> h\\<^sub>1'\"\n  shows \"(h\\<^sub>0 ++ h\\<^sub>1 = h\\<^sub>0 ++ h\\<^sub>1') = (h\\<^sub>1 = h\\<^sub>1')\"",
        "output": "",
        "raw_output": "proof (prove)\ngoal (1 subgoal):\n 1. (h\\<^sub>0 ++ h\\<^sub>1 = h\\<^sub>0 ++ h\\<^sub>1') = (h\\<^sub>1 = h\\<^sub>1')",
        "step_time": 0.0071828365325927734
    },
    {
        "index": 217,
        "step": "proof (rule iffI, rule ext)",
        "output": "",
        "raw_output": "proof (state)\ngoal (2 subgoals):\n 1. \\<And>x. h\\<^sub>0 ++ h\\<^sub>1 = h\\<^sub>0 ++ h\\<^sub>1' \\<Longrightarrow> h\\<^sub>1 x = h\\<^sub>1' x\n 2. h\\<^sub>1 = h\\<^sub>1' \\<Longrightarrow> h\\<^sub>0 ++ h\\<^sub>1 = h\\<^sub>0 ++ h\\<^sub>1'",
        "step_time": 0.0048792362213134766
    },
    {
        "index": 218,
        "step": "fix x",
        "output": "",
        "raw_output": "proof (state)\ngoal (2 subgoals):\n 1. \\<And>x. h\\<^sub>0 ++ h\\<^sub>1 = h\\<^sub>0 ++ h\\<^sub>1' \\<Longrightarrow> h\\<^sub>1 x = h\\<^sub>1' x\n 2. h\\<^sub>1 = h\\<^sub>1' \\<Longrightarrow> h\\<^sub>0 ++ h\\<^sub>1 = h\\<^sub>0 ++ h\\<^sub>1'",
        "step_time": 0.0044744014739990234
    },
    {
        "index": 219,
        "step": "assume \"(h\\<^sub>0 ++ h\\<^sub>1) = (h\\<^sub>0 ++ h\\<^sub>1')\"",
        "output": "",
        "raw_output": "proof (state)\nthis:\nh\\<^sub>0 ++ h\\<^sub>1 = h\\<^sub>0 ++ h\\<^sub>1'\n\ngoal (2 subgoals):\n 1. \\<And>x. h\\<^sub>0 ++ h\\<^sub>1 = h\\<^sub>0 ++ h\\<^sub>1' \\<Longrightarrow> h\\<^sub>1 x = h\\<^sub>1' x\n 2. h\\<^sub>1 = h\\<^sub>1' \\<Longrightarrow> h\\<^sub>0 ++ h\\<^sub>1 = h\\<^sub>0 ++ h\\<^sub>1'",
        "step_time": 0.006147623062133789
    },
    {
        "index": 220,
        "step": "hence \"(h\\<^sub>0 ++ h\\<^sub>1) x = (h\\<^sub>0 ++ h\\<^sub>1') x\"",
        "output": "",
        "raw_output": "proof (prove)\nusing this:\nh\\<^sub>0 ++ h\\<^sub>1 = h\\<^sub>0 ++ h\\<^sub>1'\n\ngoal (1 subgoal):\n 1. (h\\<^sub>0 ++ h\\<^sub>1) x = (h\\<^sub>0 ++ h\\<^sub>1') x",
        "step_time": 0.005141496658325195
    },
    {
        "index": 221,
        "step": "by auto",
        "output": "",
        "raw_output": "proof (state)\nthis:\n(h\\<^sub>0 ++ h\\<^sub>1) x = (h\\<^sub>0 ++ h\\<^sub>1') x\n\ngoal (2 subgoals):\n 1. \\<And>x. h\\<^sub>0 ++ h\\<^sub>1 = h\\<^sub>0 ++ h\\<^sub>1' \\<Longrightarrow> h\\<^sub>1 x = h\\<^sub>1' x\n 2. h\\<^sub>1 = h\\<^sub>1' \\<Longrightarrow> h\\<^sub>0 ++ h\\<^sub>1 = h\\<^sub>0 ++ h\\<^sub>1'",
        "step_time": 0.006996870040893555
    },
    {
        "index": 222,
        "step": "hence \"h\\<^sub>1 x = h\\<^sub>1' x\"",
        "output": "",
        "raw_output": "proof (prove)\nusing this:\n(h\\<^sub>0 ++ h\\<^sub>1) x = (h\\<^sub>0 ++ h\\<^sub>1') x\n\ngoal (1 subgoal):\n 1. h\\<^sub>1 x = h\\<^sub>1' x",
        "step_time": 0.0048868656158447266
    },
    {
        "index": 223,
        "step": "using disj",
        "output": "",
        "raw_output": "proof (prove)\nusing this:\n(h\\<^sub>0 ++ h\\<^sub>1) x = (h\\<^sub>0 ++ h\\<^sub>1') x\nh\\<^sub>0 \\<bottom> h\\<^sub>1\nh\\<^sub>0 \\<bottom> h\\<^sub>1'\n\ngoal (1 subgoal):\n 1. h\\<^sub>1 x = h\\<^sub>1' x",
        "step_time": 0.004046916961669922
    },
    {
        "index": 224,
        "step": "by (cases \"x \\<in> dom h\\<^sub>0\"; simp add: map_disj_None_right map_add_eval_right')",
        "output": "",
        "raw_output": "proof (state)\nthis:\nh\\<^sub>1 x = h\\<^sub>1' x\n\ngoal (2 subgoals):\n 1. \\<And>x. h\\<^sub>0 ++ h\\<^sub>1 = h\\<^sub>0 ++ h\\<^sub>1' \\<Longrightarrow> h\\<^sub>1 x = h\\<^sub>1' x\n 2. h\\<^sub>1 = h\\<^sub>1' \\<Longrightarrow> h\\<^sub>0 ++ h\\<^sub>1 = h\\<^sub>0 ++ h\\<^sub>1'",
        "step_time": 0.04221749305725098
    },
    {
        "index": 225,
        "step": "thus \"h\\<^sub>1 x = h\\<^sub>1' x\"",
        "output": "",
        "raw_output": "proof (prove)\nusing this:\nh\\<^sub>1 x = h\\<^sub>1' x\n\ngoal (1 subgoal):\n 1. h\\<^sub>1 x = h\\<^sub>1' x",
        "step_time": 0.006198883056640625
    },
    {
        "index": 226,
        "step": "by auto",
        "output": "",
        "raw_output": "proof (state)\nthis:\nh\\<^sub>1 x = h\\<^sub>1' x\n\ngoal (1 subgoal):\n 1. h\\<^sub>1 = h\\<^sub>1' \\<Longrightarrow> h\\<^sub>0 ++ h\\<^sub>1 = h\\<^sub>0 ++ h\\<^sub>1'",
        "step_time": 0.005781888961791992
    },
    {
        "index": 227,
        "step": "qed auto",
        "output": "",
        "raw_output": "",
        "step_time": 0.005556821823120117
    },
    {
        "index": 228,
        "step": "lemma map_add_lr_disj:\n  \"\\<lbrakk> h\\<^sub>0 ++ h\\<^sub>1 = h\\<^sub>0' ++ h\\<^sub>1'; h\\<^sub>1 \\<bottom> h\\<^sub>1'  \\<rbrakk> \\<Longrightarrow> dom h\\<^sub>1 \\<subseteq> dom h\\<^sub>0'\"",
        "output": "",
        "raw_output": "proof (prove)\ngoal (1 subgoal):\n 1. \\<lbrakk>h\\<^sub>0 ++ h\\<^sub>1 = h\\<^sub>0' ++ h\\<^sub>1'; h\\<^sub>1 \\<bottom> h\\<^sub>1'\\<rbrakk> \\<Longrightarrow> dom h\\<^sub>1 \\<subseteq> dom h\\<^sub>0'",
        "step_time": 0.006467103958129883
    },
    {
        "index": 229,
        "step": "by (clarsimp simp: map_disj_def map_add_def, drule_tac x=x in fun_cong)\n     (auto split: option.splits)",
        "output": "",
        "raw_output": "",
        "step_time": 0.027930736541748047
    },
    {
        "index": 230,
        "step": "subsection \\<open>Map disjunction and map updates\\<close>",
        "output": "",
        "raw_output": "",
        "step_time": 0.004561185836791992
    },
    {
        "index": 231,
        "step": "lemma map_disj_update_left [simp]:\n  \"p \\<in> dom h\\<^sub>1 \\<Longrightarrow> h\\<^sub>0 \\<bottom> h\\<^sub>1(p \\<mapsto> v) = h\\<^sub>0 \\<bottom> h\\<^sub>1\"",
        "output": "",
        "raw_output": "proof (prove)\ngoal (1 subgoal):\n 1. p \\<in> dom h\\<^sub>1 \\<Longrightarrow> h\\<^sub>0 \\<bottom> h\\<^sub>1(p \\<mapsto> v) = h\\<^sub>0 \\<bottom> h\\<^sub>1",
        "step_time": 0.007698535919189453
    },
    {
        "index": 232,
        "step": "by (clarsimp simp: map_disj_def, blast)",
        "output": "",
        "raw_output": "",
        "step_time": 0.027500629425048828
    },
    {
        "index": 233,
        "step": "lemma map_disj_update_right [simp]:\n  \"p \\<in> dom h\\<^sub>1 \\<Longrightarrow> h\\<^sub>1(p \\<mapsto> v) \\<bottom> h\\<^sub>0 = h\\<^sub>1 \\<bottom> h\\<^sub>0\"",
        "output": "",
        "raw_output": "proof (prove)\ngoal (1 subgoal):\n 1. p \\<in> dom h\\<^sub>1 \\<Longrightarrow> h\\<^sub>1(p \\<mapsto> v) \\<bottom> h\\<^sub>0 = h\\<^sub>1 \\<bottom> h\\<^sub>0",
        "step_time": 0.008686065673828125
    },
    {
        "index": 234,
        "step": "by (simp add: map_disj_com)",
        "output": "",
        "raw_output": "",
        "step_time": 0.005799770355224609
    },
    {
        "index": 235,
        "step": "lemma map_add_update_left:\n  \"\\<lbrakk> h\\<^sub>0 \\<bottom> h\\<^sub>1 ; p \\<in> dom h\\<^sub>0 \\<rbrakk> \\<Longrightarrow> (h\\<^sub>0 ++ h\\<^sub>1)(p \\<mapsto> v) = (h\\<^sub>0(p \\<mapsto> v) ++ h\\<^sub>1)\"",
        "output": "",
        "raw_output": "proof (prove)\ngoal (1 subgoal):\n 1. \\<lbrakk>h\\<^sub>0 \\<bottom> h\\<^sub>1; p \\<in> dom h\\<^sub>0\\<rbrakk> \\<Longrightarrow> (h\\<^sub>0 ++ h\\<^sub>1)(p \\<mapsto> v) = h\\<^sub>0(p \\<mapsto> v) ++ h\\<^sub>1",
        "step_time": 0.009426116943359375
    },
    {
        "index": 236,
        "step": "by (drule (1) map_disj_None_right)\n     (auto simp: map_add_def cong: option.case_cong)",
        "output": "",
        "raw_output": "",
        "step_time": 0.019376516342163086
    },
    {
        "index": 237,
        "step": "lemma map_add_update_right:\n  \"\\<lbrakk> h\\<^sub>0 \\<bottom> h\\<^sub>1 ; p \\<in> dom h\\<^sub>1  \\<rbrakk> \\<Longrightarrow> (h\\<^sub>0 ++ h\\<^sub>1)(p \\<mapsto> v) = (h\\<^sub>0 ++ h\\<^sub>1 (p \\<mapsto> v))\"",
        "output": "",
        "raw_output": "proof (prove)\ngoal (1 subgoal):\n 1. \\<lbrakk>h\\<^sub>0 \\<bottom> h\\<^sub>1; p \\<in> dom h\\<^sub>1\\<rbrakk> \\<Longrightarrow> (h\\<^sub>0 ++ h\\<^sub>1)(p \\<mapsto> v) = h\\<^sub>0 ++ h\\<^sub>1(p \\<mapsto> v)",
        "step_time": 0.008490800857543945
    },
    {
        "index": 238,
        "step": "by (drule (1) map_disj_None_left)\n     (auto simp: map_add_def cong: option.case_cong)",
        "output": "",
        "raw_output": "",
        "step_time": 0.019558429718017578
    },
    {
        "index": 239,
        "step": "lemma map_add3_update:\n  \"\\<lbrakk> h\\<^sub>0 \\<bottom> h\\<^sub>1 ; h\\<^sub>1  \\<bottom> h\\<^sub>2 ; h\\<^sub>0 \\<bottom> h\\<^sub>2 ; p \\<in> dom h\\<^sub>0 \\<rbrakk>\n  \\<Longrightarrow> (h\\<^sub>0 ++ h\\<^sub>1 ++ h\\<^sub>2)(p \\<mapsto> v) = h\\<^sub>0(p \\<mapsto> v) ++ h\\<^sub>1 ++ h\\<^sub>2\"",
        "output": "",
        "raw_output": "proof (prove)\ngoal (1 subgoal):\n 1. \\<lbrakk>h\\<^sub>0 \\<bottom> h\\<^sub>1; h\\<^sub>1 \\<bottom> h\\<^sub>2; h\\<^sub>0 \\<bottom> h\\<^sub>2; p \\<in> dom h\\<^sub>0\\<rbrakk> \\<Longrightarrow> (h\\<^sub>0 ++ h\\<^sub>1 ++ h\\<^sub>2)(p \\<mapsto> v) = h\\<^sub>0(p \\<mapsto> v) ++ h\\<^sub>1 ++ h\\<^sub>2",
        "step_time": 0.011793375015258789
    },
    {
        "index": 240,
        "step": "by (auto simp: map_add_update_left[symmetric] map_add_ac)",
        "output": "",
        "raw_output": "",
        "step_time": 0.01197671890258789
    },
    {
        "index": 241,
        "step": "subsection \\<open>Map disjunction and @{term \"map_le\"}\\<close>",
        "output": "",
        "raw_output": "",
        "step_time": 0.004178762435913086
    },
    {
        "index": 242,
        "step": "lemma map_le_override [simp]:\n  \"\\<lbrakk> h \\<bottom> h' \\<rbrakk> \\<Longrightarrow> h \\<subseteq>\\<^sub>m h ++ h'\"",
        "output": "",
        "raw_output": "proof (prove)\ngoal (1 subgoal):\n 1. h \\<bottom> h' \\<Longrightarrow> h \\<subseteq>\\<^sub>m h ++ h'",
        "step_time": 0.0063457489013671875
    },
    {
        "index": 243,
        "step": "by (auto simp: map_le_def map_add_def map_disj_def split: option.splits)",
        "output": "",
        "raw_output": "",
        "step_time": 0.014292716979980469
    },
    {
        "index": 244,
        "step": "lemma map_leI_left:\n  \"\\<lbrakk> h = h\\<^sub>0 ++ h\\<^sub>1 ; h\\<^sub>0 \\<bottom> h\\<^sub>1 \\<rbrakk> \\<Longrightarrow> h\\<^sub>0 \\<subseteq>\\<^sub>m h\"",
        "output": "",
        "raw_output": "proof (prove)\ngoal (1 subgoal):\n 1. \\<lbrakk>h = h\\<^sub>0 ++ h\\<^sub>1; h\\<^sub>0 \\<bottom> h\\<^sub>1\\<rbrakk> \\<Longrightarrow> h\\<^sub>0 \\<subseteq>\\<^sub>m h",
        "step_time": 0.006870746612548828
    },
    {
        "index": 245,
        "step": "by auto",
        "output": "",
        "raw_output": "",
        "step_time": 0.006255626678466797
    },
    {
        "index": 246,
        "step": "lemma map_leI_right:\n  \"\\<lbrakk> h = h\\<^sub>0 ++ h\\<^sub>1 ; h\\<^sub>0 \\<bottom> h\\<^sub>1 \\<rbrakk> \\<Longrightarrow> h\\<^sub>1 \\<subseteq>\\<^sub>m h\"",
        "output": "",
        "raw_output": "proof (prove)\ngoal (1 subgoal):\n 1. \\<lbrakk>h = h\\<^sub>0 ++ h\\<^sub>1; h\\<^sub>0 \\<bottom> h\\<^sub>1\\<rbrakk> \\<Longrightarrow> h\\<^sub>1 \\<subseteq>\\<^sub>m h",
        "step_time": 0.007592916488647461
    },
    {
        "index": 247,
        "step": "by auto",
        "output": "",
        "raw_output": "",
        "step_time": 0.006406545639038086
    },
    {
        "index": 248,
        "step": "lemma map_disj_map_le:\n  \"\\<lbrakk> h\\<^sub>0' \\<subseteq>\\<^sub>m h\\<^sub>0; h\\<^sub>0 \\<bottom> h\\<^sub>1 \\<rbrakk> \\<Longrightarrow> h\\<^sub>0' \\<bottom> h\\<^sub>1\"",
        "output": "",
        "raw_output": "proof (prove)\ngoal (1 subgoal):\n 1. \\<lbrakk>h\\<^sub>0' \\<subseteq>\\<^sub>m h\\<^sub>0; h\\<^sub>0 \\<bottom> h\\<^sub>1\\<rbrakk> \\<Longrightarrow> h\\<^sub>0' \\<bottom> h\\<^sub>1",
        "step_time": 0.005743265151977539
    },
    {
        "index": 249,
        "step": "by (force simp: map_disj_def map_le_def)",
        "output": "",
        "raw_output": "",
        "step_time": 0.06947803497314453
    },
    {
        "index": 250,
        "step": "lemma map_le_on_disj_left:\n  \"\\<lbrakk> h' \\<subseteq>\\<^sub>m h ; h\\<^sub>0 \\<bottom> h\\<^sub>1 ; h' = h\\<^sub>0 ++ h\\<^sub>1 \\<rbrakk> \\<Longrightarrow> h\\<^sub>0 \\<subseteq>\\<^sub>m h\"",
        "output": "",
        "raw_output": "proof (prove)\ngoal (1 subgoal):\n 1. \\<lbrakk>h' \\<subseteq>\\<^sub>m h; h\\<^sub>0 \\<bottom> h\\<^sub>1; h' = h\\<^sub>0 ++ h\\<^sub>1\\<rbrakk> \\<Longrightarrow> h\\<^sub>0 \\<subseteq>\\<^sub>m h",
        "step_time": 0.007942438125610352
    },
    {
        "index": 251,
        "step": "unfolding map_le_def",
        "output": "",
        "raw_output": "proof (prove)\ngoal (1 subgoal):\n 1. \\<lbrakk>\\<forall>a\\<in>dom h'. h' a = h a; h\\<^sub>0 \\<bottom> h\\<^sub>1; h' = h\\<^sub>0 ++ h\\<^sub>1\\<rbrakk> \\<Longrightarrow> \\<forall>a\\<in>dom h\\<^sub>0. h\\<^sub>0 a = h a",
        "step_time": 0.005822181701660156
    },
    {
        "index": 252,
        "step": "by (rule ballI, erule_tac x=a in ballE, auto simp: map_add_eval_left)+",
        "output": "",
        "raw_output": "",
        "step_time": 0.01136326789855957
    },
    {
        "index": 253,
        "step": "lemma map_le_on_disj_right:\n  \"\\<lbrakk> h' \\<subseteq>\\<^sub>m h ; h\\<^sub>0 \\<bottom> h\\<^sub>1 ; h' = h\\<^sub>1 ++ h\\<^sub>0 \\<rbrakk> \\<Longrightarrow> h\\<^sub>0 \\<subseteq>\\<^sub>m h\"",
        "output": "",
        "raw_output": "proof (prove)\ngoal (1 subgoal):\n 1. \\<lbrakk>h' \\<subseteq>\\<^sub>m h; h\\<^sub>0 \\<bottom> h\\<^sub>1; h' = h\\<^sub>1 ++ h\\<^sub>0\\<rbrakk> \\<Longrightarrow> h\\<^sub>0 \\<subseteq>\\<^sub>m h",
        "step_time": 0.009128570556640625
    },
    {
        "index": 254,
        "step": "by (auto simp: map_le_on_disj_left map_add_ac)",
        "output": "",
        "raw_output": "",
        "step_time": 0.06916117668151855
    },
    {
        "index": 255,
        "step": "lemma map_le_add_cancel:\n  \"\\<lbrakk> h\\<^sub>0 \\<bottom> h\\<^sub>1 ; h\\<^sub>0' \\<subseteq>\\<^sub>m h\\<^sub>0 \\<rbrakk> \\<Longrightarrow> h\\<^sub>0' ++ h\\<^sub>1 \\<subseteq>\\<^sub>m h\\<^sub>0 ++ h\\<^sub>1\"",
        "output": "",
        "raw_output": "proof (prove)\ngoal (1 subgoal):\n 1. \\<lbrakk>h\\<^sub>0 \\<bottom> h\\<^sub>1; h\\<^sub>0' \\<subseteq>\\<^sub>m h\\<^sub>0\\<rbrakk> \\<Longrightarrow> h\\<^sub>0' ++ h\\<^sub>1 \\<subseteq>\\<^sub>m h\\<^sub>0 ++ h\\<^sub>1",
        "step_time": 0.008895635604858398
    },
    {
        "index": 256,
        "step": "by (auto simp: map_le_def map_add_def map_disj_def split: option.splits)",
        "output": "",
        "raw_output": "",
        "step_time": 0.028589725494384766
    },
    {
        "index": 257,
        "step": "lemma map_le_override_bothD:\n  assumes subm: \"h\\<^sub>0' ++ h\\<^sub>1 \\<subseteq>\\<^sub>m h\\<^sub>0 ++ h\\<^sub>1\"\n  assumes disj': \"h\\<^sub>0' \\<bottom> h\\<^sub>1\"\n  assumes disj: \"h\\<^sub>0 \\<bottom> h\\<^sub>1\"\n  shows \"h\\<^sub>0' \\<subseteq>\\<^sub>m h\\<^sub>0\"",
        "output": "",
        "raw_output": "proof (prove)\ngoal (1 subgoal):\n 1. h\\<^sub>0' \\<subseteq>\\<^sub>m h\\<^sub>0",
        "step_time": 0.008863687515258789
    },
    {
        "index": 258,
        "step": "unfolding map_le_def",
        "output": "",
        "raw_output": "proof (prove)\ngoal (1 subgoal):\n 1. \\<forall>a\\<in>dom h\\<^sub>0'. h\\<^sub>0' a = h\\<^sub>0 a",
        "step_time": 0.006028413772583008
    },
    {
        "index": 259,
        "step": "proof (rule ballI)",
        "output": "",
        "raw_output": "proof (state)\ngoal (1 subgoal):\n 1. \\<And>a. a \\<in> dom h\\<^sub>0' \\<Longrightarrow> h\\<^sub>0' a = h\\<^sub>0 a",
        "step_time": 0.0057735443115234375
    },
    {
        "index": 260,
        "step": "fix a",
        "output": "",
        "raw_output": "proof (state)\ngoal (1 subgoal):\n 1. \\<And>a. a \\<in> dom h\\<^sub>0' \\<Longrightarrow> h\\<^sub>0' a = h\\<^sub>0 a",
        "step_time": 0.005726814270019531
    },
    {
        "index": 261,
        "step": "assume a: \"a \\<in> dom h\\<^sub>0'\"",
        "output": "",
        "raw_output": "proof (state)\nthis:\na \\<in> dom h\\<^sub>0'\n\ngoal (1 subgoal):\n 1. \\<And>a. a \\<in> dom h\\<^sub>0' \\<Longrightarrow> h\\<^sub>0' a = h\\<^sub>0 a",
        "step_time": 0.009441852569580078
    },
    {
        "index": 262,
        "step": "hence sumeq: \"(h\\<^sub>0' ++ h\\<^sub>1) a = (h\\<^sub>0 ++ h\\<^sub>1) a\"",
        "output": "",
        "raw_output": "proof (prove)\nusing this:\na \\<in> dom h\\<^sub>0'\n\ngoal (1 subgoal):\n 1. (h\\<^sub>0' ++ h\\<^sub>1) a = (h\\<^sub>0 ++ h\\<^sub>1) a",
        "step_time": 0.0070972442626953125
    },
    {
        "index": 263,
        "step": "using subm",
        "output": "",
        "raw_output": "proof (prove)\nusing this:\na \\<in> dom h\\<^sub>0'\nh\\<^sub>0' ++ h\\<^sub>1 \\<subseteq>\\<^sub>m h\\<^sub>0 ++ h\\<^sub>1\n\ngoal (1 subgoal):\n 1. (h\\<^sub>0' ++ h\\<^sub>1) a = (h\\<^sub>0 ++ h\\<^sub>1) a",
        "step_time": 0.004717588424682617
    },
    {
        "index": 264,
        "step": "unfolding map_le_def",
        "output": "",
        "raw_output": "proof (prove)\nusing this:\na \\<in> dom h\\<^sub>0'\n\\<forall>a\\<in>dom (h\\<^sub>0' ++ h\\<^sub>1). (h\\<^sub>0' ++ h\\<^sub>1) a = (h\\<^sub>0 ++ h\\<^sub>1) a\n\ngoal (1 subgoal):\n 1. (h\\<^sub>0' ++ h\\<^sub>1) a = (h\\<^sub>0 ++ h\\<^sub>1) a",
        "step_time": 0.005728483200073242
    },
    {
        "index": 265,
        "step": "by auto",
        "output": "",
        "raw_output": "proof (state)\nthis:\n(h\\<^sub>0' ++ h\\<^sub>1) a = (h\\<^sub>0 ++ h\\<^sub>1) a\n\ngoal (1 subgoal):\n 1. \\<And>a. a \\<in> dom h\\<^sub>0' \\<Longrightarrow> h\\<^sub>0' a = h\\<^sub>0 a",
        "step_time": 0.010968923568725586
    },
    {
        "index": 266,
        "step": "from a",
        "output": "",
        "raw_output": "proof (chain)\npicking this:\na \\<in> dom h\\<^sub>0'",
        "step_time": 0.004137754440307617
    },
    {
        "index": 267,
        "step": "have \"a \\<notin> dom h\\<^sub>1\"",
        "output": "",
        "raw_output": "proof (prove)\nusing this:\na \\<in> dom h\\<^sub>0'\n\ngoal (1 subgoal):\n 1. a \\<notin> dom h\\<^sub>1",
        "step_time": 0.00471949577331543
    },
    {
        "index": 268,
        "step": "using disj'",
        "output": "",
        "raw_output": "proof (prove)\nusing this:\na \\<in> dom h\\<^sub>0'\nh\\<^sub>0' \\<bottom> h\\<^sub>1\n\ngoal (1 subgoal):\n 1. a \\<notin> dom h\\<^sub>1",
        "step_time": 0.004217863082885742
    },
    {
        "index": 269,
        "step": "by (auto dest!: map_disj_None_right)",
        "output": "",
        "raw_output": "proof (state)\nthis:\na \\<notin> dom h\\<^sub>1\n\ngoal (1 subgoal):\n 1. \\<And>a. a \\<in> dom h\\<^sub>0' \\<Longrightarrow> h\\<^sub>0' a = h\\<^sub>0 a",
        "step_time": 0.009229898452758789
    },
    {
        "index": 270,
        "step": "thus \"h\\<^sub>0' a = h\\<^sub>0 a\"",
        "output": "",
        "raw_output": "proof (prove)\nusing this:\na \\<notin> dom h\\<^sub>1\n\ngoal (1 subgoal):\n 1. h\\<^sub>0' a = h\\<^sub>0 a",
        "step_time": 0.005511760711669922
    },
    {
        "index": 271,
        "step": "using a sumeq disj disj'",
        "output": "",
        "raw_output": "proof (prove)\nusing this:\na \\<notin> dom h\\<^sub>1\na \\<in> dom h\\<^sub>0'\n(h\\<^sub>0' ++ h\\<^sub>1) a = (h\\<^sub>0 ++ h\\<^sub>1) a\nh\\<^sub>0 \\<bottom> h\\<^sub>1\nh\\<^sub>0' \\<bottom> h\\<^sub>1\n\ngoal (1 subgoal):\n 1. h\\<^sub>0' a = h\\<^sub>0 a",
        "step_time": 0.004832029342651367
    },
    {
        "index": 272,
        "step": "by (simp add: map_add_eval_left map_add_eval_left')",
        "output": "",
        "raw_output": "proof (state)\nthis:\nh\\<^sub>0' a = h\\<^sub>0 a\n\ngoal:\nNo subgoals!",
        "step_time": 0.010819673538208008
    },
    {
        "index": 273,
        "step": "qed",
        "output": "",
        "raw_output": "",
        "step_time": 0.005193471908569336
    },
    {
        "index": 274,
        "step": "lemma map_le_conv:\n  \"(h\\<^sub>0' \\<subseteq>\\<^sub>m h\\<^sub>0 \\<and> h\\<^sub>0' \\<noteq> h\\<^sub>0) = (\\<exists>h\\<^sub>1. h\\<^sub>0 = h\\<^sub>0' ++ h\\<^sub>1 \\<and> h\\<^sub>0' \\<bottom> h\\<^sub>1 \\<and> h\\<^sub>0' \\<noteq> h\\<^sub>0)\"",
        "output": "",
        "raw_output": "proof (prove)\ngoal (1 subgoal):\n 1. (h\\<^sub>0' \\<subseteq>\\<^sub>m h\\<^sub>0 \\<and> h\\<^sub>0' \\<noteq> h\\<^sub>0) = (\\<exists>h\\<^sub>1. h\\<^sub>0 = h\\<^sub>0' ++ h\\<^sub>1 \\<and> h\\<^sub>0' \\<bottom> h\\<^sub>1 \\<and> h\\<^sub>0' \\<noteq> h\\<^sub>0)",
        "step_time": 0.008614540100097656
    },
    {
        "index": 275,
        "step": "unfolding map_le_def map_disj_def map_add_def",
        "output": "",
        "raw_output": "proof (prove)\ngoal (1 subgoal):\n 1. ((\\<forall>a\\<in>dom h\\<^sub>0'. h\\<^sub>0' a = h\\<^sub>0 a) \\<and> h\\<^sub>0' \\<noteq> h\\<^sub>0) = (\\<exists>h\\<^sub>1. h\\<^sub>0 = (\\<lambda>x. case h\\<^sub>1 x of None \\<Rightarrow> h\\<^sub>0' x | Some x \\<Rightarrow> Some x) \\<and> dom h\\<^sub>0' \\<inter> dom h\\<^sub>1 = {} \\<and> h\\<^sub>0' \\<noteq> h\\<^sub>0)",
        "step_time": 0.005479335784912109
    },
    {
        "index": 276,
        "step": "by (rule iffI,\n      clarsimp intro!: exI[where x=\"\\<lambda>x. if x \\<notin> dom h\\<^sub>0' then h\\<^sub>0 x else None\"])\n     (fastforce intro: split: option.splits if_split_asm)+",
        "output": "",
        "raw_output": "",
        "step_time": 0.06743764877319336
    },
    {
        "index": 277,
        "step": "lemma map_le_conv2:\n  \"h\\<^sub>0' \\<subseteq>\\<^sub>m h\\<^sub>0 = (\\<exists>h\\<^sub>1. h\\<^sub>0 = h\\<^sub>0' ++ h\\<^sub>1 \\<and> h\\<^sub>0' \\<bottom> h\\<^sub>1)\"",
        "output": "",
        "raw_output": "proof (prove)\ngoal (1 subgoal):\n 1. (h\\<^sub>0' \\<subseteq>\\<^sub>m h\\<^sub>0) = (\\<exists>h\\<^sub>1. h\\<^sub>0 = h\\<^sub>0' ++ h\\<^sub>1 \\<and> h\\<^sub>0' \\<bottom> h\\<^sub>1)",
        "step_time": 0.007539510726928711
    },
    {
        "index": 278,
        "step": "by (case_tac \"h\\<^sub>0'=h\\<^sub>0\", insert map_le_conv, auto intro: exI[where x=Map.empty])",
        "output": "",
        "raw_output": "",
        "step_time": 0.08731341361999512
    },
    {
        "index": 279,
        "step": "subsection \\<open>Map disjunction and restriction\\<close>",
        "output": "",
        "raw_output": "",
        "step_time": 0.005572319030761719
    },
    {
        "index": 280,
        "step": "lemma map_disj_comp [simp]:\n  \"h\\<^sub>0 \\<bottom> h\\<^sub>1 |` (UNIV - dom h\\<^sub>0)\"",
        "output": "",
        "raw_output": "proof (prove)\ngoal (1 subgoal):\n 1. h\\<^sub>0 \\<bottom> h\\<^sub>1 |` (UNIV - dom h\\<^sub>0)",
        "step_time": 0.008452177047729492
    },
    {
        "index": 281,
        "step": "by (force simp: map_disj_def)",
        "output": "",
        "raw_output": "",
        "step_time": 0.008488655090332031
    },
    {
        "index": 282,
        "step": "lemma restrict_map_disj:\n  \"S \\<inter> T = {} \\<Longrightarrow> h |` S \\<bottom> h |` T\"",
        "output": "",
        "raw_output": "proof (prove)\ngoal (1 subgoal):\n 1. S \\<inter> T = {} \\<Longrightarrow> h |` S \\<bottom> h |` T",
        "step_time": 0.00616145133972168
    },
    {
        "index": 283,
        "step": "by (auto simp: map_disj_def restrict_map_def dom_def)",
        "output": "",
        "raw_output": "",
        "step_time": 0.01487421989440918
    },
    {
        "index": 284,
        "step": "lemma map_disj_restrict_dom [simp]:\n  \"h\\<^sub>0 \\<bottom> h\\<^sub>1 |` (dom h\\<^sub>1 - dom h\\<^sub>0)\"",
        "output": "",
        "raw_output": "proof (prove)\ngoal (1 subgoal):\n 1. h\\<^sub>0 \\<bottom> h\\<^sub>1 |` (dom h\\<^sub>1 - dom h\\<^sub>0)",
        "step_time": 0.005692958831787109
    },
    {
        "index": 285,
        "step": "by (force simp: map_disj_def)",
        "output": "",
        "raw_output": "",
        "step_time": 0.0058591365814208984
    },
    {
        "index": 286,
        "step": "lemma restrict_map_disj_dom_empty:\n  \"h \\<bottom> h' \\<Longrightarrow> h |` dom h' = Map.empty\"",
        "output": "",
        "raw_output": "proof (prove)\ngoal (1 subgoal):\n 1. h \\<bottom> h' \\<Longrightarrow> h |` dom h' = (\\<lambda>x. None)",
        "step_time": 0.0068738460540771484
    },
    {
        "index": 287,
        "step": "by (fastforce simp: map_disj_def restrict_map_def)",
        "output": "",
        "raw_output": "",
        "step_time": 0.017876386642456055
    },
    {
        "index": 288,
        "step": "lemma restrict_map_univ_disj_eq:\n  \"h \\<bottom> h' \\<Longrightarrow> h |` (UNIV - dom h') = h\"",
        "output": "",
        "raw_output": "proof (prove)\ngoal (1 subgoal):\n 1. h \\<bottom> h' \\<Longrightarrow> h |` (UNIV - dom h') = h",
        "step_time": 0.005752086639404297
    },
    {
        "index": 289,
        "step": "by (rule ext, auto simp: map_disj_def restrict_map_def)",
        "output": "",
        "raw_output": "",
        "step_time": 0.014085769653320312
    },
    {
        "index": 290,
        "step": "lemma restrict_map_disj_dom:\n  \"h\\<^sub>0 \\<bottom> h\\<^sub>1 \\<Longrightarrow> h |` dom h\\<^sub>0 \\<bottom> h |` dom h\\<^sub>1\"",
        "output": "",
        "raw_output": "proof (prove)\ngoal (1 subgoal):\n 1. h\\<^sub>0 \\<bottom> h\\<^sub>1 \\<Longrightarrow> h |` dom h\\<^sub>0 \\<bottom> h |` dom h\\<^sub>1",
        "step_time": 0.00641179084777832
    },
    {
        "index": 291,
        "step": "by (auto simp: map_disj_def restrict_map_def dom_def)",
        "output": "",
        "raw_output": "",
        "step_time": 0.017223358154296875
    },
    {
        "index": 292,
        "step": "lemma map_add_restrict_dom_left:\n  \"h \\<bottom> h' \\<Longrightarrow> (h ++ h') |` dom h = h\"",
        "output": "",
        "raw_output": "proof (prove)\ngoal (1 subgoal):\n 1. h \\<bottom> h' \\<Longrightarrow> (h ++ h') |` dom h = h",
        "step_time": 0.005734920501708984
    },
    {
        "index": 293,
        "step": "by (rule ext, auto simp: restrict_map_def map_add_def dom_def map_disj_def\n                     split: option.splits)",
        "output": "",
        "raw_output": "",
        "step_time": 0.015660762786865234
    },
    {
        "index": 294,
        "step": "lemma map_add_restrict_dom_left':\n  \"h \\<bottom> h' \\<Longrightarrow> S = dom h \\<Longrightarrow> (h ++ h') |` S = h\"",
        "output": "",
        "raw_output": "proof (prove)\ngoal (1 subgoal):\n 1. \\<lbrakk>h \\<bottom> h'; S = dom h\\<rbrakk> \\<Longrightarrow> (h ++ h') |` S = h",
        "step_time": 0.005455970764160156
    },
    {
        "index": 295,
        "step": "by (rule ext, auto simp: restrict_map_def map_add_def dom_def map_disj_def\n                     split: option.splits)",
        "output": "",
        "raw_output": "",
        "step_time": 0.014132022857666016
    },
    {
        "index": 296,
        "step": "lemma restrict_map_disj_left:\n  \"h\\<^sub>0 \\<bottom> h\\<^sub>1 \\<Longrightarrow> h\\<^sub>0 |` S \\<bottom> h\\<^sub>1\"",
        "output": "",
        "raw_output": "proof (prove)\ngoal (1 subgoal):\n 1. h\\<^sub>0 \\<bottom> h\\<^sub>1 \\<Longrightarrow> h\\<^sub>0 |` S \\<bottom> h\\<^sub>1",
        "step_time": 0.005488157272338867
    },
    {
        "index": 297,
        "step": "by (auto simp: map_disj_def)",
        "output": "",
        "raw_output": "",
        "step_time": 0.006933450698852539
    },
    {
        "index": 298,
        "step": "lemma restrict_map_disj_right:\n  \"h\\<^sub>0 \\<bottom> h\\<^sub>1 \\<Longrightarrow> h\\<^sub>0 \\<bottom> h\\<^sub>1 |` S\"",
        "output": "",
        "raw_output": "proof (prove)\ngoal (1 subgoal):\n 1. h\\<^sub>0 \\<bottom> h\\<^sub>1 \\<Longrightarrow> h\\<^sub>0 \\<bottom> h\\<^sub>1 |` S",
        "step_time": 0.005659580230712891
    },
    {
        "index": 299,
        "step": "by (auto simp: map_disj_def)",
        "output": "",
        "raw_output": "",
        "step_time": 0.0068683624267578125
    },
    {
        "index": 300,
        "step": "lemmas restrict_map_disj_both = restrict_map_disj_right restrict_map_disj_left",
        "output": "",
        "raw_output": "",
        "step_time": 0.00446319580078125
    },
    {
        "index": 301,
        "step": "lemma map_dom_disj_restrict_right:\n  \"h\\<^sub>0 \\<bottom> h\\<^sub>1 \\<Longrightarrow> (h\\<^sub>0 ++ h\\<^sub>0') |` dom h\\<^sub>1 = h\\<^sub>0' |` dom h\\<^sub>1\"",
        "output": "",
        "raw_output": "proof (prove)\ngoal (1 subgoal):\n 1. h\\<^sub>0 \\<bottom> h\\<^sub>1 \\<Longrightarrow> (h\\<^sub>0 ++ h\\<^sub>0') |` dom h\\<^sub>1 = h\\<^sub>0' |` dom h\\<^sub>1",
        "step_time": 0.006178140640258789
    },
    {
        "index": 302,
        "step": "by (simp add: map_add_restrict restrict_map_empty map_disj_def)",
        "output": "",
        "raw_output": "",
        "step_time": 0.008432149887084961
    },
    {
        "index": 303,
        "step": "lemma restrict_map_on_disj:\n  \"h\\<^sub>0' \\<bottom> h\\<^sub>1 \\<Longrightarrow> h\\<^sub>0 |` dom h\\<^sub>0' \\<bottom> h\\<^sub>1\"",
        "output": "",
        "raw_output": "proof (prove)\ngoal (1 subgoal):\n 1. h\\<^sub>0' \\<bottom> h\\<^sub>1 \\<Longrightarrow> h\\<^sub>0 |` dom h\\<^sub>0' \\<bottom> h\\<^sub>1",
        "step_time": 0.006141185760498047
    },
    {
        "index": 304,
        "step": "unfolding map_disj_def",
        "output": "",
        "raw_output": "proof (prove)\ngoal (1 subgoal):\n 1. dom h\\<^sub>0' \\<inter> dom h\\<^sub>1 = {} \\<Longrightarrow> dom (h\\<^sub>0 |` dom h\\<^sub>0') \\<inter> dom h\\<^sub>1 = {}",
        "step_time": 0.004340410232543945
    },
    {
        "index": 305,
        "step": "by auto",
        "output": "",
        "raw_output": "",
        "step_time": 0.006980180740356445
    },
    {
        "index": 306,
        "step": "lemma restrict_map_on_disj':\n  \"h\\<^sub>0 \\<bottom> h\\<^sub>1 \\<Longrightarrow> h\\<^sub>0 \\<bottom> h\\<^sub>1 |` S\"",
        "output": "",
        "raw_output": "proof (prove)\ngoal (1 subgoal):\n 1. h\\<^sub>0 \\<bottom> h\\<^sub>1 \\<Longrightarrow> h\\<^sub>0 \\<bottom> h\\<^sub>1 |` S",
        "step_time": 0.005395412445068359
    },
    {
        "index": 307,
        "step": "by (rule restrict_map_disj_right)",
        "output": "",
        "raw_output": "",
        "step_time": 0.004490375518798828
    },
    {
        "index": 308,
        "step": "lemma map_le_sub_dom:\n  \"\\<lbrakk> h\\<^sub>0 ++ h\\<^sub>1 \\<subseteq>\\<^sub>m h ; h\\<^sub>0 \\<bottom> h\\<^sub>1 \\<rbrakk> \\<Longrightarrow> h\\<^sub>0 \\<subseteq>\\<^sub>m h |` (dom h - dom h\\<^sub>1)\"",
        "output": "",
        "raw_output": "proof (prove)\ngoal (1 subgoal):\n 1. \\<lbrakk>h\\<^sub>0 ++ h\\<^sub>1 \\<subseteq>\\<^sub>m h; h\\<^sub>0 \\<bottom> h\\<^sub>1\\<rbrakk> \\<Longrightarrow> h\\<^sub>0 \\<subseteq>\\<^sub>m h |` (dom h - dom h\\<^sub>1)",
        "step_time": 0.008003473281860352
    },
    {
        "index": 309,
        "step": "by (rule map_le_override_bothD, subst map_le_dom_restrict_sub_add)\n     (auto elim: map_add_le_mapE simp: map_add_ac)",
        "output": "",
        "raw_output": "",
        "step_time": 0.00873565673828125
    },
    {
        "index": 310,
        "step": "lemma map_submap_break:\n  \"\\<lbrakk> h \\<subseteq>\\<^sub>m h' \\<rbrakk> \\<Longrightarrow> h' = (h' |` (UNIV - dom h)) ++ h\"",
        "output": "",
        "raw_output": "proof (prove)\ngoal (1 subgoal):\n 1. h \\<subseteq>\\<^sub>m h' \\<Longrightarrow> h' = h' |` (UNIV - dom h) ++ h",
        "step_time": 0.006805419921875
    },
    {
        "index": 311,
        "step": "by (fastforce split: option.splits\n                simp: map_le_restrict restrict_map_def map_le_def map_add_def\n                      dom_def)",
        "output": "",
        "raw_output": "",
        "step_time": 0.019244909286499023
    },
    {
        "index": 312,
        "step": "lemma map_add_disj_restrict_both:\n  \"\\<lbrakk> h\\<^sub>0 \\<bottom> h\\<^sub>1; S \\<inter> S' = {}; T \\<inter> T' = {} \\<rbrakk>\n   \\<Longrightarrow> (h\\<^sub>0 |` S) ++ (h\\<^sub>1 |` T) \\<bottom> (h\\<^sub>0 |` S') ++ (h\\<^sub>1 |` T')\"",
        "output": "",
        "raw_output": "proof (prove)\ngoal (1 subgoal):\n 1. \\<lbrakk>h\\<^sub>0 \\<bottom> h\\<^sub>1; S \\<inter> S' = {}; T \\<inter> T' = {}\\<rbrakk> \\<Longrightarrow> h\\<^sub>0 |` S ++ h\\<^sub>1 |` T \\<bottom> h\\<^sub>0 |` S' ++ h\\<^sub>1 |` T'",
        "step_time": 0.006598472595214844
    },
    {
        "index": 313,
        "step": "by (auto simp: map_add_ac intro!: restrict_map_disj_both restrict_map_disj)",
        "output": "",
        "raw_output": "",
        "step_time": 0.0075206756591796875
    },
    {
        "index": 314,
        "step": "end",
        "output": "",
        "raw_output": "",
        "step_time": 0.004557132720947266
    }
]