[
    {
        "index": 0,
        "step": "(*\n * Copyright 2020, Data61, CSIRO (ABN 41 687 119 230)\n *\n * SPDX-License-Identifier: BSD-2-Clause\n *)\n\n",
        "output": "",
        "raw_output": "",
        "step_time": 0.005199909210205078
    },
    {
        "index": 1,
        "step": "theory Sep_MP\nimports Sep_Tactic_Helpers Sep_Provers Sep_Cancel_Set\nbegin",
        "output": "",
        "raw_output": "",
        "step_time": 0.004364728927612305
    },
    {
        "index": 2,
        "step": "lemma sep_mp_gen: \"((Q \\<longrightarrow>* R) \\<and>* Q') s \\<Longrightarrow> (\\<And>s. Q' s \\<Longrightarrow> Q s) \\<Longrightarrow> R s\"",
        "output": "",
        "raw_output": "proof (prove)\ngoal (1 subgoal):\n 1. \\<lbrakk>((Q \\<longrightarrow>* R) \\<and>* Q') s; \\<And>s. Q' s \\<Longrightarrow> Q s\\<rbrakk> \\<Longrightarrow> R s",
        "step_time": 0.06907367706298828
    },
    {
        "index": 3,
        "step": "by (clarsimp simp: sep_conj_def sep_impl_def)",
        "output": "",
        "raw_output": "",
        "step_time": 0.017664194107055664
    },
    {
        "index": 4,
        "step": "lemma sep_mp_frame_gen: \"\\<lbrakk>((Q \\<longrightarrow>* R) \\<and>* Q' \\<and>* R') s; (\\<And>s. Q' s \\<Longrightarrow> Q s)\\<rbrakk> \\<Longrightarrow> (R \\<and>* R') s\"",
        "output": "",
        "raw_output": "proof (prove)\ngoal (1 subgoal):\n 1. \\<lbrakk>((Q \\<longrightarrow>* R) \\<and>* Q' \\<and>* R') s; \\<And>s. Q' s \\<Longrightarrow> Q s\\<rbrakk> \\<Longrightarrow> (R \\<and>* R') s",
        "step_time": 0.010935306549072266
    },
    {
        "index": 5,
        "step": "by (metis sep_conj_left_commute sep_globalise sep_mp_frame)",
        "output": "",
        "raw_output": "",
        "step_time": 0.054239511489868164
    },
    {
        "index": 6,
        "step": "lemma sep_impl_simpl:\n     \"(P \\<and>* Q \\<longrightarrow>* R) s \\<Longrightarrow> (P \\<longrightarrow>* Q \\<longrightarrow>* R) s\"",
        "output": "",
        "raw_output": "proof (prove)\ngoal (1 subgoal):\n 1. (P \\<and>* Q \\<longrightarrow>* R) s \\<Longrightarrow> (P \\<longrightarrow>* Q \\<longrightarrow>* R) s",
        "step_time": 0.009072542190551758
    },
    {
        "index": 7,
        "step": "apply (erule sep_conj_sep_impl)",
        "output": "",
        "raw_output": "proof (prove)\ngoal (1 subgoal):\n 1. \\<And>h. ((P \\<and>* Q \\<longrightarrow>* R) \\<and>* P) h \\<Longrightarrow> (Q \\<longrightarrow>* R) h",
        "step_time": 0.006318092346191406
    },
    {
        "index": 8,
        "step": "apply (erule sep_conj_sep_impl)",
        "output": "",
        "raw_output": "proof (prove)\ngoal (1 subgoal):\n 1. \\<And>h ha. (((P \\<and>* Q \\<longrightarrow>* R) \\<and>* P) \\<and>* Q) ha \\<Longrightarrow> R ha",
        "step_time": 0.007017612457275391
    },
    {
        "index": 9,
        "step": "apply (clarsimp simp: sep_conj_assoc)",
        "output": "",
        "raw_output": "proof (prove)\ngoal (1 subgoal):\n 1. \\<And>ha. ((P \\<and>* Q \\<longrightarrow>* R) \\<and>* P \\<and>* Q) ha \\<Longrightarrow> R ha",
        "step_time": 0.00802302360534668
    },
    {
        "index": 10,
        "step": "apply (erule sep_mp)",
        "output": "",
        "raw_output": "proof (prove)\ngoal:\nNo subgoals!",
        "step_time": 0.005063772201538086
    },
    {
        "index": 11,
        "step": "done",
        "output": "",
        "raw_output": "",
        "step_time": 0.006046295166015625
    },
    {
        "index": 12,
        "step": "lemma sep_wand_frame_lens: \"((P \\<longrightarrow>* Q) \\<and>* R) s \\<Longrightarrow> (\\<And>s. T s = R s) ==> ((P \\<longrightarrow>* Q) \\<and>* T) s\"",
        "output": "",
        "raw_output": "proof (prove)\ngoal (1 subgoal):\n 1. \\<lbrakk>((P \\<longrightarrow>* Q) \\<and>* R) s; \\<And>s. T s = R s\\<rbrakk> \\<Longrightarrow> ((P \\<longrightarrow>* Q) \\<and>* T) s",
        "step_time": 0.010063648223876953
    },
    {
        "index": 13,
        "step": "by (metis sep_conj_commute sep_conj_impl1)",
        "output": "",
        "raw_output": "",
        "step_time": 0.034455299377441406
    },
    {
        "index": 14,
        "step": "ML \\<open>\n  fun sep_wand_frame_drule ctxt =\n     let val lens  = dresolve_tac ctxt [@{thm sep_wand_frame_lens}]\n         val lens' = dresolve_tac ctxt [@{thm sep_asm_eq}]\n         val r = rotator' ctxt\n         val sep_cancel_thms = rev (SepCancel_Rules.get ctxt)\n      in sep_apply_tactic ctxt (dresolve_tac ctxt [@{thm sep_mp_frame_gen}]) sep_cancel_thms |> r lens |> r lens'\n   end;\n\n   fun sep_mp_solver ctxt  =\n    let val sep_mp = sep_apply_tactic ctxt (dresolve0_tac [@{thm sep_mp_gen}]) ((rev o SepCancel_Rules.get) ctxt)\n        val taclist = [sep_drule_comb_tac false [@{thm sep_empty_imp}] ctxt,\n                       sep_drule_tac sep_mp ctxt,\n                       sep_drule_tac (sep_drule_tactic ctxt [@{thm sep_impl_simpl}]) ctxt,\n                       sep_wand_frame_drule ctxt ]\n        val check = DETERM o (sep_drule_tac (sep_select_tactic (dresolve0_tac [@{thm sep_wand_frame_lens}]) [1] ctxt) ctxt)\n\n   in  CHANGED_PROP o (check THEN_ALL_NEW REPEAT_ALL_NEW ( FIRST' taclist) )\n   end;\n\n   val sep_mp_method = SIMPLE_METHOD' o sep_mp_solver\n\\<close>",
        "output": "",
        "raw_output": "",
        "step_time": 0.0350649356842041
    },
    {
        "index": 15,
        "step": "method_setup sep_mp = \\<open>Scan.succeed sep_mp_method\\<close>",
        "output": "",
        "raw_output": "",
        "step_time": 0.00598597526550293
    },
    {
        "index": 16,
        "step": "end",
        "output": "",
        "raw_output": "",
        "step_time": 0.005421161651611328
    }
]