[
    {
        "index": 0,
        "step": "(*\n * Copyright 2020, Data61, CSIRO (ABN 41 687 119 230)\n *\n * SPDX-License-Identifier: BSD-2-Clause\n *)\n\n",
        "output": "",
        "raw_output": "",
        "step_time": 0.007615327835083008
    },
    {
        "index": 1,
        "step": "theory Sep_Rule_Ext\nimports\n  Sep_Provers\n  Sep_Attribs\n  Sep_ImpI\n  Sep_MP\nbegin",
        "output": "",
        "raw_output": "",
        "step_time": 0.006006002426147461
    },
    {
        "index": 2,
        "step": "ML \\<open>\n  fun backwardise ctxt thm = SOME (backward ctxt thm) handle THM _  => NONE\n  fun sep_curry ctxt thm = SOME (sep_curry_inner ctxt thm) handle THM _ => NONE\n\n  fun make_sep_drule direct thms ctxt i =\n  let\n    val default = sep_drule_comb_tac direct\n    fun make_sep_rule_inner i thm =\n    let\n      val goal = i + Thm.nprems_of thm - 1\n    in\n      case sep_curry ctxt thm of\n        SOME thm' =>\n          (sep_drule_tac (fn i => sep_drule_tactic ctxt [thm'] i THEN\n                                  (sep_mp_solver ctxt THEN' (TRY o sep_flatten ctxt)) goal) ctxt) i\n      | NONE => default [thm] ctxt i\n    end\n  in\n    if direct then default thms ctxt i else FIRST (map (make_sep_rule_inner i) thms)\n  end\n\n  fun make_sep_rule direct thms ctxt =\n  let\n    val default = sep_rule_comb_tac direct\n    fun make_sep_rule_inner thm =\n      case backwardise ctxt thm of\n        SOME thm' => sep_rule_comb_tac true [thm'] ctxt THEN'\n                     REPEAT_ALL_NEW (sep_match_trivial_tac ctxt) THEN'\n                     TRY o sep_flatten ctxt\n      | NONE => default [thm] ctxt\n  in\n    if direct then default thms ctxt else  FIRST' (map make_sep_rule_inner thms)\n  end\n\n  fun sep_rule_method direct thms ctxt = SIMPLE_METHOD' (make_sep_rule direct thms ctxt)\n  fun sep_drule_method direct thms ctxt = SIMPLE_METHOD' (make_sep_drule direct thms ctxt)\n\\<close>",
        "output": "",
        "raw_output": "",
        "step_time": 0.02780437469482422
    },
    {
        "index": 3,
        "step": "method_setup sep_rule = \\<open>\n  Scan.lift (Args.mode \"direct\") -- Attrib.thms  >> uncurry sep_rule_method\n\\<close>",
        "output": "",
        "raw_output": "",
        "step_time": 0.01315927505493164
    },
    {
        "index": 4,
        "step": "method_setup sep_drule = \\<open>\n  Scan.lift (Args.mode \"direct\") -- Attrib.thms  >> uncurry sep_drule_method\n\\<close>",
        "output": "",
        "raw_output": "",
        "step_time": 0.011174678802490234
    },
    {
        "index": 5,
        "step": "end",
        "output": "",
        "raw_output": "",
        "step_time": 0.006789207458496094
    }
]