[
    {
        "index": 0,
        "step": "(*\n * Copyright 2020, Data61, CSIRO (ABN 41 687 119 230)\n *\n * SPDX-License-Identifier: BSD-2-Clause\n *)\n\n(* Author: Gerwin Klein, 2012\n   Maintainers: Gerwin Klein <kleing at cse.unsw.edu.au>\n                Rafal Kolanski <rafal.kolanski at nicta.com.au>\n*)\n\n",
        "output": "",
        "raw_output": "",
        "step_time": 0.0052394866943359375
    },
    {
        "index": 1,
        "step": "chapter \"Standard Heaps as an Instance of Separation Algebra\"",
        "output": "",
        "raw_output": "",
        "step_time": 0.003771066665649414
    },
    {
        "index": 2,
        "step": "theory Sep_Heap_Instance\nimports Separation_Algebra\nbegin",
        "output": "",
        "raw_output": "",
        "step_time": 0.004046440124511719
    },
    {
        "index": 3,
        "step": "text \\<open>\n  Example instantiation of a the separation algebra to a map, i.e.\\ a\n  function from any type to @{typ \"'a option\"}.\n\\<close>",
        "output": "",
        "raw_output": "",
        "step_time": 0.004132270812988281
    },
    {
        "index": 4,
        "step": "class opt =\n  fixes none :: 'a\nbegin",
        "output": "",
        "raw_output": "",
        "step_time": 0.08119869232177734
    },
    {
        "index": 5,
        "step": "definition \"domain f \\<equiv> {x. f x \\<noteq> none}\"",
        "output": "",
        "raw_output": "",
        "step_time": 0.014808416366577148
    },
    {
        "index": 6,
        "step": "end",
        "output": "",
        "raw_output": "",
        "step_time": 0.004303932189941406
    },
    {
        "index": 7,
        "step": "instantiation option :: (type) opt\nbegin",
        "output": "",
        "raw_output": "",
        "step_time": 0.0039272308349609375
    },
    {
        "index": 8,
        "step": "definition none_def [simp]: \"none \\<equiv> None\"",
        "output": "",
        "raw_output": "",
        "step_time": 0.011071920394897461
    },
    {
        "index": 9,
        "step": "instance",
        "output": "",
        "raw_output": "proof (prove)\ngoal (1 subgoal):\n 1. OFCLASS('a option, opt_class)",
        "step_time": 0.0039463043212890625
    },
    {
        "index": 10,
        "step": "..",
        "output": "",
        "raw_output": "",
        "step_time": 0.007668972015380859
    },
    {
        "index": 11,
        "step": "end",
        "output": "",
        "raw_output": "",
        "step_time": 0.003943204879760742
    },
    {
        "index": 12,
        "step": "instantiation \"fun\" :: (type, opt) zero\nbegin",
        "output": "",
        "raw_output": "",
        "step_time": 0.0046956539154052734
    },
    {
        "index": 13,
        "step": "definition zero_fun_def: \"0 \\<equiv> \\<lambda>s. none\"",
        "output": "",
        "raw_output": "",
        "step_time": 0.014098644256591797
    },
    {
        "index": 14,
        "step": "instance",
        "output": "",
        "raw_output": "proof (prove)\ngoal (1 subgoal):\n 1. OFCLASS('a \\<Rightarrow> 'b, zero_class)",
        "step_time": 0.003821134567260742
    },
    {
        "index": 15,
        "step": "..",
        "output": "",
        "raw_output": "",
        "step_time": 0.007946014404296875
    },
    {
        "index": 16,
        "step": "end",
        "output": "",
        "raw_output": "",
        "step_time": 0.003772735595703125
    },
    {
        "index": 17,
        "step": "instantiation \"fun\" :: (type, opt) sep_algebra\nbegin",
        "output": "",
        "raw_output": "",
        "step_time": 0.004677534103393555
    },
    {
        "index": 18,
        "step": "definition\n  plus_fun_def: \"m1 + m2 \\<equiv> \\<lambda>x. if m2 x = none then m1 x else m2 x\"",
        "output": "",
        "raw_output": "",
        "step_time": 0.01813197135925293
    },
    {
        "index": 19,
        "step": "definition\n  sep_disj_fun_def: \"sep_disj m1 m2 \\<equiv> domain m1 \\<inter> domain m2 = {}\"",
        "output": "",
        "raw_output": "",
        "step_time": 0.012728214263916016
    },
    {
        "index": 20,
        "step": "instance",
        "output": "",
        "raw_output": "proof (prove)\ngoal (1 subgoal):\n 1. OFCLASS('a \\<Rightarrow> 'b, sep_algebra_class)",
        "step_time": 0.004221200942993164
    },
    {
        "index": 21,
        "step": "apply intro_classes",
        "output": "",
        "raw_output": "proof (prove)\ngoal (7 subgoals):\n 1. \\<And>x. x ## 0\n 2. \\<And>x y. x ## y \\<Longrightarrow> y ## x\n 3. \\<And>x. x + 0 = x\n 4. \\<And>x y. x ## y \\<Longrightarrow> x + y = y + x\n 5. \\<And>x y z. \\<lbrakk>x ## y; y ## z; x ## z\\<rbrakk> \\<Longrightarrow> x + y + z = x + (y + z)\n 6. \\<And>x y z. \\<lbrakk>x ## y + z; y ## z\\<rbrakk> \\<Longrightarrow> x ## y\n 7. \\<And>x y z. \\<lbrakk>x ## y + z; y ## z\\<rbrakk> \\<Longrightarrow> x + y ## z",
        "step_time": 0.01338052749633789
    },
    {
        "index": 22,
        "step": "apply (simp add: sep_disj_fun_def domain_def zero_fun_def)",
        "output": "",
        "raw_output": "proof (prove)\ngoal (6 subgoals):\n 1. \\<And>x y. x ## y \\<Longrightarrow> y ## x\n 2. \\<And>x. x + 0 = x\n 3. \\<And>x y. x ## y \\<Longrightarrow> x + y = y + x\n 4. \\<And>x y z. \\<lbrakk>x ## y; y ## z; x ## z\\<rbrakk> \\<Longrightarrow> x + y + z = x + (y + z)\n 5. \\<And>x y z. \\<lbrakk>x ## y + z; y ## z\\<rbrakk> \\<Longrightarrow> x ## y\n 6. \\<And>x y z. \\<lbrakk>x ## y + z; y ## z\\<rbrakk> \\<Longrightarrow> x + y ## z",
        "step_time": 0.005955219268798828
    },
    {
        "index": 23,
        "step": "apply (fastforce simp: sep_disj_fun_def)",
        "output": "",
        "raw_output": "proof (prove)\ngoal (5 subgoals):\n 1. \\<And>x. x + 0 = x\n 2. \\<And>x y. x ## y \\<Longrightarrow> x + y = y + x\n 3. \\<And>x y z. \\<lbrakk>x ## y; y ## z; x ## z\\<rbrakk> \\<Longrightarrow> x + y + z = x + (y + z)\n 4. \\<And>x y z. \\<lbrakk>x ## y + z; y ## z\\<rbrakk> \\<Longrightarrow> x ## y\n 5. \\<And>x y z. \\<lbrakk>x ## y + z; y ## z\\<rbrakk> \\<Longrightarrow> x + y ## z",
        "step_time": 0.012619733810424805
    },
    {
        "index": 24,
        "step": "apply (simp add: plus_fun_def zero_fun_def)",
        "output": "",
        "raw_output": "proof (prove)\ngoal (4 subgoals):\n 1. \\<And>x y. x ## y \\<Longrightarrow> x + y = y + x\n 2. \\<And>x y z. \\<lbrakk>x ## y; y ## z; x ## z\\<rbrakk> \\<Longrightarrow> x + y + z = x + (y + z)\n 3. \\<And>x y z. \\<lbrakk>x ## y + z; y ## z\\<rbrakk> \\<Longrightarrow> x ## y\n 4. \\<And>x y z. \\<lbrakk>x ## y + z; y ## z\\<rbrakk> \\<Longrightarrow> x + y ## z",
        "step_time": 0.006411075592041016
    },
    {
        "index": 25,
        "step": "apply (simp add: plus_fun_def sep_disj_fun_def domain_def)",
        "output": "",
        "raw_output": "proof (prove)\ngoal (4 subgoals):\n 1. \\<And>x y. {xa. x xa \\<noteq> none} \\<inter> {x. y x \\<noteq> none} = {} \\<Longrightarrow> (\\<lambda>xa. if y xa = none then x xa else y xa) = (\\<lambda>xa. if x xa = none then y xa else x xa)\n 2. \\<And>x y z. \\<lbrakk>x ## y; y ## z; x ## z\\<rbrakk> \\<Longrightarrow> x + y + z = x + (y + z)\n 3. \\<And>x y z. \\<lbrakk>x ## y + z; y ## z\\<rbrakk> \\<Longrightarrow> x ## y\n 4. \\<And>x y z. \\<lbrakk>x ## y + z; y ## z\\<rbrakk> \\<Longrightarrow> x + y ## z",
        "step_time": 0.009512901306152344
    },
    {
        "index": 26,
        "step": "apply (rule ext)",
        "output": "",
        "raw_output": "proof (prove)\ngoal (4 subgoals):\n 1. \\<And>x y xa. {xa. x xa \\<noteq> none} \\<inter> {x. y x \\<noteq> none} = {} \\<Longrightarrow> (if y xa = none then x xa else y xa) = (if x xa = none then y xa else x xa)\n 2. \\<And>x y z. \\<lbrakk>x ## y; y ## z; x ## z\\<rbrakk> \\<Longrightarrow> x + y + z = x + (y + z)\n 3. \\<And>x y z. \\<lbrakk>x ## y + z; y ## z\\<rbrakk> \\<Longrightarrow> x ## y\n 4. \\<And>x y z. \\<lbrakk>x ## y + z; y ## z\\<rbrakk> \\<Longrightarrow> x + y ## z",
        "step_time": 0.00660395622253418
    },
    {
        "index": 27,
        "step": "apply fastforce",
        "output": "",
        "raw_output": "proof (prove)\ngoal (3 subgoals):\n 1. \\<And>x y z. \\<lbrakk>x ## y; y ## z; x ## z\\<rbrakk> \\<Longrightarrow> x + y + z = x + (y + z)\n 2. \\<And>x y z. \\<lbrakk>x ## y + z; y ## z\\<rbrakk> \\<Longrightarrow> x ## y\n 3. \\<And>x y z. \\<lbrakk>x ## y + z; y ## z\\<rbrakk> \\<Longrightarrow> x + y ## z",
        "step_time": 0.022682666778564453
    },
    {
        "index": 28,
        "step": "apply (rule ext)",
        "output": "",
        "raw_output": "proof (prove)\ngoal (3 subgoals):\n 1. \\<And>x y z xa. \\<lbrakk>x ## y; y ## z; x ## z\\<rbrakk> \\<Longrightarrow> (x + y + z) xa = (x + (y + z)) xa\n 2. \\<And>x y z. \\<lbrakk>x ## y + z; y ## z\\<rbrakk> \\<Longrightarrow> x ## y\n 3. \\<And>x y z. \\<lbrakk>x ## y + z; y ## z\\<rbrakk> \\<Longrightarrow> x + y ## z",
        "step_time": 0.004472017288208008
    },
    {
        "index": 29,
        "step": "apply (simp add: plus_fun_def)",
        "output": "",
        "raw_output": "proof (prove)\ngoal (2 subgoals):\n 1. \\<And>x y z. \\<lbrakk>x ## y + z; y ## z\\<rbrakk> \\<Longrightarrow> x ## y\n 2. \\<And>x y z. \\<lbrakk>x ## y + z; y ## z\\<rbrakk> \\<Longrightarrow> x + y ## z",
        "step_time": 0.01992177963256836
    },
    {
        "index": 30,
        "step": "apply (simp add: sep_disj_fun_def domain_def plus_fun_def)",
        "output": "",
        "raw_output": "proof (prove)\ngoal (2 subgoals):\n 1. \\<And>x y z. \\<lbrakk>{xa. x xa \\<noteq> none} \\<inter> {x. (if z x = none then y x else z x) \\<noteq> none} = {}; {x. y x \\<noteq> none} \\<inter> {x. z x \\<noteq> none} = {}\\<rbrakk> \\<Longrightarrow> {xa. x xa \\<noteq> none} \\<inter> {x. y x \\<noteq> none} = {}\n 2. \\<And>x y z. \\<lbrakk>x ## y + z; y ## z\\<rbrakk> \\<Longrightarrow> x + y ## z",
        "step_time": 0.012334108352661133
    },
    {
        "index": 31,
        "step": "apply fastforce",
        "output": "",
        "raw_output": "proof (prove)\ngoal (1 subgoal):\n 1. \\<And>x y z. \\<lbrakk>x ## y + z; y ## z\\<rbrakk> \\<Longrightarrow> x + y ## z",
        "step_time": 0.03324747085571289
    },
    {
        "index": 32,
        "step": "apply (simp add: sep_disj_fun_def domain_def plus_fun_def)",
        "output": "",
        "raw_output": "proof (prove)\ngoal (1 subgoal):\n 1. \\<And>x y z. \\<lbrakk>{xa. x xa \\<noteq> none} \\<inter> {x. (if z x = none then y x else z x) \\<noteq> none} = {}; {x. y x \\<noteq> none} \\<inter> {x. z x \\<noteq> none} = {}\\<rbrakk> \\<Longrightarrow> {xa. y xa = none \\<longrightarrow> x xa \\<noteq> none} \\<inter> {x. z x \\<noteq> none} = {}",
        "step_time": 0.0167083740234375
    },
    {
        "index": 33,
        "step": "apply fastforce",
        "output": "",
        "raw_output": "proof (prove)\ngoal:\nNo subgoals!",
        "step_time": 0.05297136306762695
    },
    {
        "index": 34,
        "step": "done",
        "output": "",
        "raw_output": "",
        "step_time": 0.005519866943359375
    },
    {
        "index": 35,
        "step": "end",
        "output": "",
        "raw_output": "",
        "step_time": 0.004400491714477539
    },
    {
        "index": 36,
        "step": "text \\<open>\n  For the actual option type @{const domain} and @{text \"+\"} are\n  just @{const dom} and @{text \"++\"}:\n\\<close>",
        "output": "",
        "raw_output": "",
        "step_time": 0.0043087005615234375
    },
    {
        "index": 37,
        "step": "lemma domain_conv: \"domain = dom\"",
        "output": "",
        "raw_output": "proof (prove)\ngoal (1 subgoal):\n 1. domain = dom",
        "step_time": 0.0047457218170166016
    },
    {
        "index": 38,
        "step": "by (rule ext) (simp add: domain_def dom_def)",
        "output": "",
        "raw_output": "",
        "step_time": 0.0070073604583740234
    },
    {
        "index": 39,
        "step": "lemma plus_fun_conv: \"a + b = a ++ b\"",
        "output": "",
        "raw_output": "proof (prove)\ngoal (1 subgoal):\n 1. a + b = a ++ b",
        "step_time": 0.007210254669189453
    },
    {
        "index": 40,
        "step": "by (auto simp: plus_fun_def map_add_def split: option.splits)",
        "output": "",
        "raw_output": "",
        "step_time": 0.017562389373779297
    },
    {
        "index": 41,
        "step": "lemmas map_convs = domain_conv plus_fun_conv",
        "output": "",
        "raw_output": "",
        "step_time": 0.005524635314941406
    },
    {
        "index": 42,
        "step": "text \\<open>\n  Any map can now act as a separation heap without further work:\n\\<close>",
        "output": "",
        "raw_output": "",
        "step_time": 0.004678249359130859
    },
    {
        "index": 43,
        "step": "lemma\n  fixes h :: \"(nat => nat) => 'foo option\"\n  shows \"(P ** Q ** H) h = (Q ** H ** P) h\"",
        "output": "",
        "raw_output": "proof (prove)\ngoal (1 subgoal):\n 1. (P \\<and>* Q \\<and>* H) h = (Q \\<and>* H \\<and>* P) h",
        "step_time": 0.007441997528076172
    },
    {
        "index": 44,
        "step": "by (simp add: sep_conj_ac)",
        "output": "",
        "raw_output": "",
        "step_time": 0.006539821624755859
    },
    {
        "index": 45,
        "step": "section \\<open>@{typ unit} Instantiation\\<close>",
        "output": "",
        "raw_output": "",
        "step_time": 0.0036504268646240234
    },
    {
        "index": 46,
        "step": "text \\<open>\n  The @{typ unit} type also forms a separation algebra. Although\n  typically not useful as a state space by itself, it may be\n  a type parameter to more complex state space.\n\\<close>",
        "output": "",
        "raw_output": "",
        "step_time": 0.0038340091705322266
    },
    {
        "index": 47,
        "step": "instantiation \"unit\" :: stronger_sep_algebra\nbegin",
        "output": "",
        "raw_output": "",
        "step_time": 0.004106760025024414
    },
    {
        "index": 48,
        "step": "definition \"plus_unit (a :: unit) (b :: unit) \\<equiv> ()\"",
        "output": "",
        "raw_output": "",
        "step_time": 0.014257431030273438
    },
    {
        "index": 49,
        "step": "definition \"sep_disj_unit  (a :: unit) (b :: unit) \\<equiv> True\"",
        "output": "",
        "raw_output": "",
        "step_time": 0.01422429084777832
    },
    {
        "index": 50,
        "step": "instance",
        "output": "",
        "raw_output": "proof (prove)\ngoal (1 subgoal):\n 1. OFCLASS(unit, stronger_sep_algebra_class)",
        "step_time": 0.003932952880859375
    },
    {
        "index": 51,
        "step": "apply intro_classes",
        "output": "",
        "raw_output": "proof (prove)\ngoal (6 subgoals):\n 1. \\<And>x. x ## 0\n 2. \\<And>x y. x ## y \\<Longrightarrow> y ## x\n 3. \\<And>x. x + 0 = x\n 4. \\<And>x y. x ## y \\<Longrightarrow> x + y = y + x\n 5. \\<And>x y z. \\<lbrakk>x ## y; y ## z; x ## z\\<rbrakk> \\<Longrightarrow> x + y + z = x + (y + z)\n 6. \\<And>y z x. y ## z \\<Longrightarrow> x ## y + z = (x ## y \\<and> x ## z)",
        "step_time": 0.01233983039855957
    },
    {
        "index": 52,
        "step": "apply (simp add: plus_unit_def sep_disj_unit_def)+",
        "output": "",
        "raw_output": "proof (prove)\ngoal:\nNo subgoals!",
        "step_time": 0.008743762969970703
    },
    {
        "index": 53,
        "step": "done",
        "output": "",
        "raw_output": "",
        "step_time": 0.0076754093170166016
    },
    {
        "index": 54,
        "step": "end",
        "output": "",
        "raw_output": "",
        "step_time": 0.00437474250793457
    },
    {
        "index": 55,
        "step": "lemma unit_disj_sep_unit [simp]: \"(a :: unit) ## b\"",
        "output": "",
        "raw_output": "proof (prove)\ngoal (1 subgoal):\n 1. a ## b",
        "step_time": 0.004988193511962891
    },
    {
        "index": 56,
        "step": "by (clarsimp simp: sep_disj_unit_def)",
        "output": "",
        "raw_output": "",
        "step_time": 0.005369663238525391
    },
    {
        "index": 57,
        "step": "lemma unit_plus_unit [simp]: \"(a :: unit) + b = ()\"",
        "output": "",
        "raw_output": "proof (prove)\ngoal (1 subgoal):\n 1. a + b = ()",
        "step_time": 0.0054242610931396484
    },
    {
        "index": 58,
        "step": "by (rule unit_eq)",
        "output": "",
        "raw_output": "",
        "step_time": 0.004807710647583008
    },
    {
        "index": 59,
        "step": "section \\<open>@{typ \"'a option\"} Instantiation\\<close>",
        "output": "",
        "raw_output": "",
        "step_time": 0.0037980079650878906
    },
    {
        "index": 60,
        "step": "text \\<open>\n  The @{typ \"'a option\"} is a seperation algebra, with @{term None}\n  indicating emptyness.\n\\<close>",
        "output": "",
        "raw_output": "",
        "step_time": 0.0036547183990478516
    },
    {
        "index": 61,
        "step": "instantiation option :: (type) stronger_sep_algebra\nbegin",
        "output": "",
        "raw_output": "",
        "step_time": 0.0046427249908447266
    },
    {
        "index": 62,
        "step": "definition\n    \"zero_option \\<equiv> None\"",
        "output": "",
        "raw_output": "",
        "step_time": 0.013582468032836914
    },
    {
        "index": 63,
        "step": "definition\n    \"plus_option (a :: 'a option) (b :: 'a option) \\<equiv> (case b of None \\<Rightarrow> a | Some x \\<Rightarrow> b)\"",
        "output": "",
        "raw_output": "",
        "step_time": 0.015557050704956055
    },
    {
        "index": 64,
        "step": "definition\n    \"sep_disj_option  (a :: 'a option) (b :: 'a option) \\<equiv> a = None \\<or> b = None\"",
        "output": "",
        "raw_output": "",
        "step_time": 0.011412382125854492
    },
    {
        "index": 65,
        "step": "instance",
        "output": "",
        "raw_output": "proof (prove)\ngoal (1 subgoal):\n 1. OFCLASS('a option, stronger_sep_algebra_class)",
        "step_time": 0.0038230419158935547
    },
    {
        "index": 66,
        "step": "by intro_classes\n       (auto simp: zero_option_def sep_disj_option_def plus_option_def split: option.splits)",
        "output": "",
        "raw_output": "",
        "step_time": 0.029200077056884766
    },
    {
        "index": 67,
        "step": "end",
        "output": "",
        "raw_output": "",
        "step_time": 0.004072427749633789
    },
    {
        "index": 68,
        "step": "lemma disj_sep_None [simp]:\n  \"a ## None\"\n  \"None ## a\"",
        "output": "",
        "raw_output": "proof (prove)\ngoal (1 subgoal):\n 1. a ## None &&& None ## a",
        "step_time": 0.0061528682708740234
    },
    {
        "index": 69,
        "step": "by (auto simp: sep_disj_option_def)",
        "output": "",
        "raw_output": "",
        "step_time": 0.006466865539550781
    },
    {
        "index": 70,
        "step": "lemma disj_sep_Some_Some [simp]:\n  \"\\<not> (Some a ## Some b)\"",
        "output": "",
        "raw_output": "proof (prove)\ngoal (1 subgoal):\n 1. \\<not> Some a ## Some b",
        "step_time": 0.006686687469482422
    },
    {
        "index": 71,
        "step": "by (auto simp: sep_disj_option_def)",
        "output": "",
        "raw_output": "",
        "step_time": 0.005349874496459961
    },
    {
        "index": 72,
        "step": "lemma None_plus [simp]:\n  \"a + None = a\"\n  \"None + a = a\"",
        "output": "",
        "raw_output": "proof (prove)\ngoal (1 subgoal):\n 1. a + None = a &&& None + a = a",
        "step_time": 0.005767107009887695
    },
    {
        "index": 73,
        "step": "by (auto simp: plus_option_def split: option.splits)",
        "output": "",
        "raw_output": "",
        "step_time": 0.01000356674194336
    },
    {
        "index": 74,
        "step": "lemma None_plus_distrib:\n  \"(a :: 'a option) + (b + c) = (a + b) + c\"",
        "output": "",
        "raw_output": "proof (prove)\ngoal (1 subgoal):\n 1. a + (b + c) = a + b + c",
        "step_time": 0.007906675338745117
    },
    {
        "index": 75,
        "step": "by (clarsimp simp: plus_option_def split: option.splits)",
        "output": "",
        "raw_output": "",
        "step_time": 0.013088464736938477
    },
    {
        "index": 76,
        "step": "end",
        "output": "",
        "raw_output": "",
        "step_time": 0.0067462921142578125
    }
]