[
    {
        "index": 0,
        "step": "(*\n * Copyright 2020, Data61, CSIRO (ABN 41 687 119 230)\n *\n * SPDX-License-Identifier: BSD-2-Clause\n *)\n\n",
        "output": "",
        "raw_output": "",
        "step_time": 0.004640340805053711
    },
    {
        "index": 1,
        "step": "theory Sep_Select_Example\nimports Sep_Select\nbegin",
        "output": "",
        "raw_output": "",
        "step_time": 0.00407719612121582
    },
    {
        "index": 2,
        "step": "lemma sep_select: \"(A \\<and>* B \\<and>* C \\<and>* D) s \\<Longrightarrow> (A \\<and>* B \\<and>* C \\<and>* D) s\"",
        "output": "",
        "raw_output": "proof (prove)\ngoal (1 subgoal):\n 1. (A \\<and>* B \\<and>* C \\<and>* D) s \\<Longrightarrow> (A \\<and>* B \\<and>* C \\<and>* D) s",
        "step_time": 0.04783892631530762
    },
    {
        "index": 3,
        "step": "apply (sep_select 2)",
        "output": "",
        "raw_output": "proof (prove)\ngoal (1 subgoal):\n 1. (A \\<and>* B \\<and>* C \\<and>* D) s \\<Longrightarrow> (B \\<and>* A \\<and>* C \\<and>* D) s",
        "step_time": 0.006997823715209961
    },
    {
        "index": 4,
        "step": "       (* moves the 2nd conjunct in the conclusions to the front *)\n  ",
        "output": "",
        "raw_output": "proof (prove)\ngoal (1 subgoal):\n 1. (A \\<and>* B \\<and>* C \\<and>* D) s \\<Longrightarrow> (B \\<and>* A \\<and>* C \\<and>* D) s",
        "step_time": 0.004607439041137695
    },
    {
        "index": 5,
        "step": "apply (sep_select 2 3 4 1)",
        "output": "",
        "raw_output": "proof (prove)\ngoal (1 subgoal):\n 1. (A \\<and>* B \\<and>* C \\<and>* D) s \\<Longrightarrow> (A \\<and>* C \\<and>* D \\<and>* B) s",
        "step_time": 0.0068666934967041016
    },
    {
        "index": 6,
        "step": " (* we can reorder multiple conjuncts at once *)\n  ",
        "output": "",
        "raw_output": "proof (prove)\ngoal (1 subgoal):\n 1. (A \\<and>* B \\<and>* C \\<and>* D) s \\<Longrightarrow> (A \\<and>* C \\<and>* D \\<and>* B) s",
        "step_time": 0.004293680191040039
    },
    {
        "index": 7,
        "step": "apply (sep_select 2 3 4)",
        "output": "",
        "raw_output": "proof (prove)\ngoal (1 subgoal):\n 1. (A \\<and>* B \\<and>* C \\<and>* D) s \\<Longrightarrow> (C \\<and>* D \\<and>* B \\<and>* A) s",
        "step_time": 0.0058634281158447266
    },
    {
        "index": 8,
        "step": "   (* the list can be partial *)\n  ",
        "output": "",
        "raw_output": "proof (prove)\ngoal (1 subgoal):\n 1. (A \\<and>* B \\<and>* C \\<and>* D) s \\<Longrightarrow> (C \\<and>* D \\<and>* B \\<and>* A) s",
        "step_time": 0.0042302608489990234
    },
    {
        "index": 9,
        "step": "apply (sep_select_asm 3 4)",
        "output": "",
        "raw_output": "proof (prove)\ngoal (1 subgoal):\n 1. (C \\<and>* D \\<and>* A \\<and>* B) s \\<Longrightarrow> (C \\<and>* D \\<and>* B \\<and>* A) s",
        "step_time": 0.006650447845458984
    },
    {
        "index": 10,
        "step": " (* sep_select_asm works for the assumptions *)\n  ",
        "output": "",
        "raw_output": "proof (prove)\ngoal (1 subgoal):\n 1. (C \\<and>* D \\<and>* A \\<and>* B) s \\<Longrightarrow> (C \\<and>* D \\<and>* B \\<and>* A) s",
        "step_time": 0.0040662288665771484
    },
    {
        "index": 11,
        "step": "oops",
        "output": "",
        "raw_output": "",
        "step_time": 0.0038094520568847656
    },
    {
        "index": 12,
        "step": "end",
        "output": "",
        "raw_output": "",
        "step_time": 0.005759000778198242
    }
]