[
    {
        "index": 0,
        "step": "(*\n * Copyright 2020, Data61, CSIRO (ABN 41 687 119 230)\n *\n * SPDX-License-Identifier: BSD-2-Clause\n *)\n\n",
        "output": "",
        "raw_output": "",
        "step_time": 0.004707813262939453
    },
    {
        "index": 1,
        "step": "theory Sep_Cancel_Example\nimports Sep_Cancel\nbegin",
        "output": "",
        "raw_output": "",
        "step_time": 0.004934072494506836
    },
    {
        "index": 2,
        "step": "\n\n(* sep_cancel performs cancellative elimination of conjuncts using the sep_cancel set.\n   This is fairly similar to sep_erule_full sep_cancel. *)\n\n",
        "output": "",
        "raw_output": "",
        "step_time": 0.0039026737213134766
    },
    {
        "index": 3,
        "step": "lemma \"(A \\<and>* B \\<and>* C \\<and>* D) s \\<Longrightarrow> (C \\<and>* D \\<and>* A \\<and>* B) s\"",
        "output": "",
        "raw_output": "proof (prove)\ngoal (1 subgoal):\n 1. (A \\<and>* B \\<and>* C \\<and>* D) s \\<Longrightarrow> (C \\<and>* D \\<and>* A \\<and>* B) s",
        "step_time": 0.04734301567077637
    },
    {
        "index": 4,
        "step": "apply sep_cancel",
        "output": "",
        "raw_output": "proof (prove)\ngoal (1 subgoal):\n 1. \\<And>s. (A \\<and>* B \\<and>* D) s \\<Longrightarrow> (D \\<and>* A \\<and>* B) s",
        "step_time": 0.012163877487182617
    },
    {
        "index": 5,
        "step": "apply sep_cancel",
        "output": "",
        "raw_output": "proof (prove)\ngoal:\nNo subgoals!",
        "step_time": 0.011017322540283203
    },
    {
        "index": 6,
        "step": "done",
        "output": "",
        "raw_output": "",
        "step_time": 0.005281686782836914
    },
    {
        "index": 7,
        "step": "end",
        "output": "",
        "raw_output": "",
        "step_time": 0.005164146423339844
    }
]