[
    {
        "index": 0,
        "step": "(*\n * Copyright 2020, Data61, CSIRO (ABN 41 687 119 230)\n *\n * SPDX-License-Identifier: BSD-2-Clause\n *)\n\n",
        "output": "",
        "raw_output": "",
        "step_time": 0.00472712516784668
    },
    {
        "index": 1,
        "step": "theory Sep_Tactic_Helpers\nimports Separation_Algebra\nbegin",
        "output": "",
        "raw_output": "",
        "step_time": 0.0035521984100341797
    },
    {
        "index": 2,
        "step": "lemmas sep_curry = sep_conj_sep_impl[rotated]",
        "output": "",
        "raw_output": "",
        "step_time": 0.005463838577270508
    },
    {
        "index": 3,
        "step": "lemma sep_mp: \"((Q \\<longrightarrow>* R) \\<and>* Q) s \\<Longrightarrow> R s\"",
        "output": "",
        "raw_output": "proof (prove)\ngoal (1 subgoal):\n 1. ((Q \\<longrightarrow>* R) \\<and>* Q) s \\<Longrightarrow> R s",
        "step_time": 0.04488706588745117
    },
    {
        "index": 4,
        "step": "by (rule sep_conj_sep_impl2)",
        "output": "",
        "raw_output": "",
        "step_time": 0.005411624908447266
    },
    {
        "index": 5,
        "step": "lemma sep_mp_frame: \"((Q \\<longrightarrow>* R) \\<and>* Q \\<and>* R') s \\<Longrightarrow> (R \\<and>* R') s\"",
        "output": "",
        "raw_output": "proof (prove)\ngoal (1 subgoal):\n 1. ((Q \\<longrightarrow>* R) \\<and>* Q \\<and>* R') s \\<Longrightarrow> (R \\<and>* R') s",
        "step_time": 0.007674217224121094
    },
    {
        "index": 6,
        "step": "apply (clarsimp simp: sep_conj_assoc[symmetric])",
        "output": "",
        "raw_output": "proof (prove)\ngoal (1 subgoal):\n 1. (((Q \\<longrightarrow>* R) \\<and>* Q) \\<and>* R') s \\<Longrightarrow> (R \\<and>* R') s",
        "step_time": 0.0053174495697021484
    },
    {
        "index": 7,
        "step": "apply (erule sep_conj_impl)",
        "output": "",
        "raw_output": "proof (prove)\ngoal (2 subgoals):\n 1. \\<And>h. ((Q \\<longrightarrow>* R) \\<and>* Q) h \\<Longrightarrow> R h\n 2. \\<And>h. R' h \\<Longrightarrow> R' h",
        "step_time": 0.004090547561645508
    },
    {
        "index": 8,
        "step": "apply (erule (1) sep_mp)",
        "output": "",
        "raw_output": "proof (prove)\ngoal:\nNo subgoals!",
        "step_time": 0.0036187171936035156
    },
    {
        "index": 9,
        "step": "done",
        "output": "",
        "raw_output": "",
        "step_time": 0.004785060882568359
    },
    {
        "index": 10,
        "step": "lemma sep_empty_conj: \"P s \\<Longrightarrow> (\\<box> \\<and>* P) s\"",
        "output": "",
        "raw_output": "proof (prove)\ngoal (1 subgoal):\n 1. P s \\<Longrightarrow> (\\<box> \\<and>* P) s",
        "step_time": 0.006433248519897461
    },
    {
        "index": 11,
        "step": "by clarsimp",
        "output": "",
        "raw_output": "",
        "step_time": 0.00546574592590332
    },
    {
        "index": 12,
        "step": "lemma sep_conj_empty: \"(\\<box> \\<and>* P)  s \\<Longrightarrow> P s\"",
        "output": "",
        "raw_output": "proof (prove)\ngoal (1 subgoal):\n 1. (\\<box> \\<and>* P) s \\<Longrightarrow> P s",
        "step_time": 0.004726886749267578
    },
    {
        "index": 13,
        "step": "by clarsimp",
        "output": "",
        "raw_output": "",
        "step_time": 0.004423379898071289
    },
    {
        "index": 14,
        "step": "lemma sep_empty_imp: \"(\\<box> \\<longrightarrow>* P) s \\<Longrightarrow> P s\"",
        "output": "",
        "raw_output": "proof (prove)\ngoal (1 subgoal):\n 1. (\\<box> \\<longrightarrow>* P) s \\<Longrightarrow> P s",
        "step_time": 0.005991935729980469
    },
    {
        "index": 15,
        "step": "apply (clarsimp simp: sep_impl_def)",
        "output": "",
        "raw_output": "proof (prove)\ngoal (1 subgoal):\n 1. \\<forall>h'. s ## h' \\<and> \\<box> h' \\<longrightarrow> P (s + h') \\<Longrightarrow> P s",
        "step_time": 0.0068721771240234375
    },
    {
        "index": 16,
        "step": "apply (erule_tac x=0 in allE)",
        "output": "",
        "raw_output": "proof (prove)\ngoal (1 subgoal):\n 1. s ## (0::'a) \\<and> \\<box> (0::'a) \\<longrightarrow> P (s + (0::'a)) \\<Longrightarrow> P s",
        "step_time": 0.0042569637298583984
    },
    {
        "index": 17,
        "step": "apply (clarsimp)",
        "output": "",
        "raw_output": "proof (prove)\ngoal:\nNo subgoals!",
        "step_time": 0.0041043758392333984
    },
    {
        "index": 18,
        "step": "done",
        "output": "",
        "raw_output": "",
        "step_time": 0.004292488098144531
    },
    {
        "index": 19,
        "step": "lemma sep_empty_imp': \"(\\<box> \\<longrightarrow>* P) s \\<Longrightarrow> (\\<And>s. P s \\<Longrightarrow> Q s) \\<Longrightarrow> Q s\"",
        "output": "",
        "raw_output": "proof (prove)\ngoal (1 subgoal):\n 1. \\<lbrakk>(\\<box> \\<longrightarrow>* P) s; \\<And>s. P s \\<Longrightarrow> Q s\\<rbrakk> \\<Longrightarrow> Q s",
        "step_time": 0.006578683853149414
    },
    {
        "index": 20,
        "step": "apply (clarsimp simp: sep_impl_def)",
        "output": "",
        "raw_output": "proof (prove)\ngoal (1 subgoal):\n 1. \\<lbrakk>\\<forall>h'. s ## h' \\<and> \\<box> h' \\<longrightarrow> P (s + h'); \\<And>s. P s \\<Longrightarrow> Q s\\<rbrakk> \\<Longrightarrow> Q s",
        "step_time": 0.006952762603759766
    },
    {
        "index": 21,
        "step": "apply (erule_tac x=0 in allE)",
        "output": "",
        "raw_output": "proof (prove)\ngoal (1 subgoal):\n 1. \\<lbrakk>\\<And>s. P s \\<Longrightarrow> Q s; s ## (0::'a) \\<and> \\<box> (0::'a) \\<longrightarrow> P (s + (0::'a))\\<rbrakk> \\<Longrightarrow> Q s",
        "step_time": 0.0042612552642822266
    },
    {
        "index": 22,
        "step": "apply (clarsimp)",
        "output": "",
        "raw_output": "proof (prove)\ngoal:\nNo subgoals!",
        "step_time": 0.005278348922729492
    },
    {
        "index": 23,
        "step": "done",
        "output": "",
        "raw_output": "",
        "step_time": 0.003965616226196289
    },
    {
        "index": 24,
        "step": "lemma sep_imp_empty: \" P s \\<Longrightarrow> (\\<And>s. P s \\<Longrightarrow> Q s) \\<Longrightarrow> (\\<box> \\<longrightarrow>* Q) s\"",
        "output": "",
        "raw_output": "proof (prove)\ngoal (1 subgoal):\n 1. \\<lbrakk>P s; \\<And>s. P s \\<Longrightarrow> Q s\\<rbrakk> \\<Longrightarrow> (\\<box> \\<longrightarrow>* Q) s",
        "step_time": 0.0067901611328125
    },
    {
        "index": 25,
        "step": "by (erule sep_conj_sep_impl, clarsimp)",
        "output": "",
        "raw_output": "",
        "step_time": 0.005672931671142578
    },
    {
        "index": 26,
        "step": "end",
        "output": "",
        "raw_output": "",
        "step_time": 0.00509190559387207
    }
]