[
    {
        "index": 0,
        "step": "(*\n * Copyright 2020, Data61, CSIRO (ABN 41 687 119 230)\n *\n * SPDX-License-Identifier: BSD-2-Clause\n *)\n\n",
        "output": "",
        "raw_output": "",
        "step_time": 0.005823373794555664
    },
    {
        "index": 1,
        "step": "theory Sep_Cancel\nimports Sep_Provers Sep_Tactic_Helpers Sep_Cancel_Set\nbegin",
        "output": "",
        "raw_output": "",
        "step_time": 0.0053958892822265625
    },
    {
        "index": 2,
        "step": "\n\n(* Sep_Cancel performs cancellative elimination of conjuncts *)\n\n\n",
        "output": "",
        "raw_output": "",
        "step_time": 0.00491023063659668
    },
    {
        "index": 3,
        "step": "lemma sep_curry': \"\\<lbrakk>(P \\<and>* F) s; \\<And>s. (Q \\<and>* P \\<and>* F) s \\<Longrightarrow> R s\\<rbrakk> \\<Longrightarrow> (Q \\<longrightarrow>* R) s\"",
        "output": "",
        "raw_output": "proof (prove)\ngoal (1 subgoal):\n 1. \\<lbrakk>(P \\<and>* F) s; \\<And>s. (Q \\<and>* P \\<and>* F) s \\<Longrightarrow> R s\\<rbrakk> \\<Longrightarrow> (Q \\<longrightarrow>* R) s",
        "step_time": 0.05899643898010254
    },
    {
        "index": 4,
        "step": "by (metis (full_types) sep.mult_commute sep_curry)",
        "output": "",
        "raw_output": "",
        "step_time": 0.3779726028442383
    },
    {
        "index": 5,
        "step": "lemma sep_conj_sep_impl_safe:\n  \"(P \\<longrightarrow>* P') s \\<Longrightarrow> (\\<And>s. ((P \\<longrightarrow>* P') \\<and>* Q) s \\<Longrightarrow> (Q') s) \\<Longrightarrow> (Q \\<longrightarrow>* Q') s\"",
        "output": "",
        "raw_output": "proof (prove)\ngoal (1 subgoal):\n 1. \\<lbrakk>(P \\<longrightarrow>* P') s; \\<And>s. ((P \\<longrightarrow>* P') \\<and>* Q) s \\<Longrightarrow> Q' s\\<rbrakk> \\<Longrightarrow> (Q \\<longrightarrow>* Q') s",
        "step_time": 0.010092020034790039
    },
    {
        "index": 6,
        "step": "by (rule sep_curry)",
        "output": "",
        "raw_output": "",
        "step_time": 0.005837440490722656
    },
    {
        "index": 7,
        "step": "lemma  sep_conj_sep_impl_safe': \"P s \\<Longrightarrow> (\\<And>s. (P \\<and>* Q) s \\<Longrightarrow> (P \\<and>* R) s) \\<Longrightarrow> (Q \\<longrightarrow>* P \\<and>* R) s\"",
        "output": "",
        "raw_output": "proof (prove)\ngoal (1 subgoal):\n 1. \\<lbrakk>P s; \\<And>s. (P \\<and>* Q) s \\<Longrightarrow> (P \\<and>* R) s\\<rbrakk> \\<Longrightarrow> (Q \\<longrightarrow>* P \\<and>* R) s",
        "step_time": 0.007400989532470703
    },
    {
        "index": 8,
        "step": "by (rule sep_curry)",
        "output": "",
        "raw_output": "",
        "step_time": 0.005545377731323242
    },
    {
        "index": 9,
        "step": "lemma sep_wand_lens_simple: \"(\\<And>s. T s = (Q \\<and>* R) s) \\<Longrightarrow> (P \\<longrightarrow>* T) s \\<Longrightarrow> (P \\<longrightarrow>* Q \\<and>* R) s\"",
        "output": "",
        "raw_output": "proof (prove)\ngoal (1 subgoal):\n 1. \\<lbrakk>\\<And>s. T s = (Q \\<and>* R) s; (P \\<longrightarrow>* T) s\\<rbrakk> \\<Longrightarrow> (P \\<longrightarrow>* Q \\<and>* R) s",
        "step_time": 0.008375883102416992
    },
    {
        "index": 10,
        "step": "by (clarsimp simp: sep_impl_def)",
        "output": "",
        "raw_output": "",
        "step_time": 0.010113716125488281
    },
    {
        "index": 11,
        "step": "schematic_goal schem_impAny: \" (?C \\<and>* B) s \\<Longrightarrow> A s\"",
        "output": "",
        "raw_output": "proof (prove)\ngoal (1 subgoal):\n 1. (?C \\<and>* B) s \\<Longrightarrow> A s",
        "step_time": 0.005723476409912109
    },
    {
        "index": 12,
        "step": "by (erule sep_mp)",
        "output": "",
        "raw_output": "",
        "step_time": 0.005438566207885742
    },
    {
        "index": 13,
        "step": "ML \\<open>\n  fun sep_cancel_tactic ctxt concl  =\n    let val thms = rev (SepCancel_Rules.get ctxt)\n        val tac  = assume_tac ctxt ORELSE'\n                   eresolve_tac ctxt [@{thm sep_mp}, @{thm sep_conj_empty}, @{thm sep_empty_conj}] ORELSE'\n                   sep_erule_tactic ctxt thms\n        val direct_tac = eresolve_tac ctxt thms\n        val safe_sep_wand_tac = rotator' ctxt (resolve0_tac [@{thm sep_wand_lens_simple}]) (eresolve0_tac [@{thm sep_conj_sep_impl_safe'}])\n        fun sep_cancel_tactic_inner true   = sep_erule_full_tac' tac ctxt\n          | sep_cancel_tactic_inner false  = sep_erule_full_tac tac ctxt\n  in sep_cancel_tactic_inner concl ORELSE'\n      eresolve_tac ctxt [@{thm sep_curry'}, @{thm sep_conj_sep_impl_safe}, @{thm sep_imp_empty}, @{thm sep_empty_imp'}] ORELSE'\n      safe_sep_wand_tac ORELSE'\n      direct_tac\n  end\n\n  fun sep_cancel_tactic' ctxt concl =\n    let\n      val sep_cancel = sep_cancel_tactic ctxt\n    in\n      (sep_flatten ctxt THEN_ALL_NEW sep_cancel concl) ORELSE' sep_cancel concl\n    end\n\n  fun sep_cancel_method (concl,_) ctxt = SIMPLE_METHOD' (sep_cancel_tactic' ctxt concl)\n\n  val sep_cancel_syntax =\n    Method.sections [Args.add -- Args.colon >> K (Method.modifier SepCancel_Rules.add @{here})];\n\n  val sep_cancel_syntax' =\n    Scan.lift (Args.mode \"concl\") -- sep_cancel_syntax\n\\<close>",
        "output": "",
        "raw_output": "",
        "step_time": 0.02551722526550293
    },
    {
        "index": 14,
        "step": "method_setup sep_cancel =\n  \\<open>sep_cancel_syntax' >> sep_cancel_method\\<close>  \\<open>Simple elimination of conjuncts\\<close>",
        "output": "",
        "raw_output": "",
        "step_time": 0.013210535049438477
    },
    {
        "index": 15,
        "step": "end",
        "output": "",
        "raw_output": "",
        "step_time": 0.006736040115356445
    }
]