[
    {
        "index": 0,
        "step": "(*\n * Copyright Brian Huffman, PSU; Jeremy Dawson and Gerwin Klein, NICTA\n *\n * SPDX-License-Identifier: BSD-2-Clause\n *)\n\n",
        "output": "",
        "raw_output": "",
        "step_time": 0.004126787185668945
    },
    {
        "index": 1,
        "step": "section \\<open>Comprehension syntax for \\<open>int\\<close>\\<close>",
        "output": "",
        "raw_output": "",
        "step_time": 0.0030455589294433594
    },
    {
        "index": 2,
        "step": "theory Bit_Comprehension_Int\n  imports\n    Bit_Comprehension\nbegin",
        "output": "",
        "raw_output": "",
        "step_time": 0.003151416778564453
    },
    {
        "index": 3,
        "step": "instantiation int :: bit_comprehension\nbegin",
        "output": "",
        "raw_output": "",
        "step_time": 0.05001211166381836
    },
    {
        "index": 4,
        "step": "definition\n  \\<open>set_bits f = (\n      if \\<exists>n. \\<forall>m\\<ge>n. f m = f n then\n      let n = LEAST n. \\<forall>m\\<ge>n. f m = f n\n      in signed_take_bit n (horner_sum of_bool 2 (map f [0..<Suc n]))\n     else 0 :: int)\\<close>",
        "output": "",
        "raw_output": "",
        "step_time": 0.022223711013793945
    },
    {
        "index": 5,
        "step": "instance",
        "output": "",
        "raw_output": "proof (prove)\ngoal (1 subgoal):\n 1. OFCLASS(int, bit_comprehension_class)",
        "step_time": 0.0036880970001220703
    },
    {
        "index": 6,
        "step": "proof",
        "output": "",
        "raw_output": "proof (state)\ngoal (1 subgoal):\n 1. \\<And>a. set_bits (bit a) = a",
        "step_time": 0.00959157943725586
    },
    {
        "index": 7,
        "step": "fix k :: int",
        "output": "",
        "raw_output": "proof (state)\ngoal (1 subgoal):\n 1. \\<And>a. set_bits (bit a) = a",
        "step_time": 0.004694223403930664
    },
    {
        "index": 8,
        "step": "from int_bit_bound [of k]",
        "output": "",
        "raw_output": "proof (chain)\npicking this:\n(\\<And>n. \\<lbrakk>\\<And>m. n \\<le> m \\<Longrightarrow> bit k m = bit k n; 0 < n \\<Longrightarrow> bit k (n - 1) \\<noteq> bit k n\\<rbrakk> \\<Longrightarrow> ?thesis) \\<Longrightarrow> ?thesis",
        "step_time": 0.006719827651977539
    },
    {
        "index": 9,
        "step": "obtain n where *: \\<open>\\<And>m. n \\<le> m \\<Longrightarrow> bit k m \\<longleftrightarrow> bit k n\\<close>\n    and **: \\<open>n > 0 \\<Longrightarrow> bit k (n - 1) \\<noteq> bit k n\\<close>",
        "output": "",
        "raw_output": "proof (prove)\nusing this:\n(\\<And>n. \\<lbrakk>\\<And>m. n \\<le> m \\<Longrightarrow> bit k m = bit k n; 0 < n \\<Longrightarrow> bit k (n - 1) \\<noteq> bit k n\\<rbrakk> \\<Longrightarrow> ?thesis) \\<Longrightarrow> ?thesis\n\ngoal (1 subgoal):\n 1. (\\<And>n. \\<lbrakk>\\<And>m. n \\<le> m \\<Longrightarrow> bit k m = bit k n; 0 < n \\<Longrightarrow> bit k (n - 1) \\<noteq> bit k n\\<rbrakk> \\<Longrightarrow> thesis) \\<Longrightarrow> thesis",
        "step_time": 0.011326074600219727
    },
    {
        "index": 10,
        "step": "by blast",
        "output": "",
        "raw_output": "proof (state)\nthis:\nn \\<le> ?m \\<Longrightarrow> bit k ?m = bit k n\n0 < n \\<Longrightarrow> bit k (n - 1) \\<noteq> bit k n\n\ngoal (1 subgoal):\n 1. \\<And>a. set_bits (bit a) = a",
        "step_time": 0.009079217910766602
    },
    {
        "index": 11,
        "step": "then",
        "output": "",
        "raw_output": "proof (chain)\npicking this:\nn \\<le> ?m \\<Longrightarrow> bit k ?m = bit k n\n0 < n \\<Longrightarrow> bit k (n - 1) \\<noteq> bit k n",
        "step_time": 0.004427433013916016
    },
    {
        "index": 12,
        "step": "have ***: \\<open>\\<exists>n. \\<forall>n'\\<ge>n. bit k n' \\<longleftrightarrow> bit k n\\<close>",
        "output": "",
        "raw_output": "proof (prove)\nusing this:\nn \\<le> ?m \\<Longrightarrow> bit k ?m = bit k n\n0 < n \\<Longrightarrow> bit k (n - 1) \\<noteq> bit k n\n\ngoal (1 subgoal):\n 1. \\<exists>n. \\<forall>n'\\<ge>n. bit k n' = bit k n",
        "step_time": 0.007628917694091797
    },
    {
        "index": 13,
        "step": "by meson",
        "output": "",
        "raw_output": "proof (state)\nthis:\n\\<exists>n. \\<forall>n'\\<ge>n. bit k n' = bit k n\n\ngoal (1 subgoal):\n 1. \\<And>a. set_bits (bit a) = a",
        "step_time": 0.016022205352783203
    },
    {
        "index": 14,
        "step": "have l: \\<open>(LEAST q. \\<forall>m\\<ge>q. bit k m \\<longleftrightarrow> bit k q) = n\\<close>",
        "output": "",
        "raw_output": "proof (prove)\ngoal (1 subgoal):\n 1. (LEAST q. \\<forall>m\\<ge>q. bit k m = bit k q) = n",
        "step_time": 0.008743762969970703
    },
    {
        "index": 15,
        "step": "apply (rule Least_equality)",
        "output": "",
        "raw_output": "proof (prove)\ngoal (2 subgoals):\n 1. \\<forall>m\\<ge>n. bit k m = bit k n\n 2. \\<And>y. \\<forall>m\\<ge>y. bit k m = bit k y \\<Longrightarrow> n \\<le> y",
        "step_time": 0.005633354187011719
    },
    {
        "index": 16,
        "step": "using *",
        "output": "",
        "raw_output": "proof (prove)\nusing this:\nn \\<le> ?m \\<Longrightarrow> bit k ?m = bit k n\n\ngoal (2 subgoals):\n 1. \\<forall>m\\<ge>n. bit k m = bit k n\n 2. \\<And>y. \\<forall>m\\<ge>y. bit k m = bit k y \\<Longrightarrow> n \\<le> y",
        "step_time": 0.00558161735534668
    },
    {
        "index": 17,
        "step": "apply blast",
        "output": "",
        "raw_output": "proof (prove)\ngoal (1 subgoal):\n 1. \\<And>y. \\<forall>m\\<ge>y. bit k m = bit k y \\<Longrightarrow> n \\<le> y",
        "step_time": 0.005654335021972656
    },
    {
        "index": 18,
        "step": "apply (metis \"**\" One_nat_def Suc_pred le_cases le0 neq0_conv not_less_eq_eq)",
        "output": "",
        "raw_output": "proof (prove)\ngoal:\nNo subgoals!",
        "step_time": 0.1925492286682129
    },
    {
        "index": 19,
        "step": "done",
        "output": "",
        "raw_output": "proof (state)\nthis:\n(LEAST q. \\<forall>m\\<ge>q. bit k m = bit k q) = n\n\ngoal (1 subgoal):\n 1. \\<And>a. set_bits (bit a) = a",
        "step_time": 0.007363796234130859
    },
    {
        "index": 20,
        "step": "show \\<open>set_bits (bit k) = k\\<close>",
        "output": "",
        "raw_output": "proof (prove)\ngoal (1 subgoal):\n 1. set_bits (bit k) = k",
        "step_time": 0.007948160171508789
    },
    {
        "index": 21,
        "step": "apply (simp only: *** set_bits_int_def horner_sum_bit_eq_take_bit l)",
        "output": "",
        "raw_output": "proof (prove)\ngoal (1 subgoal):\n 1. (if True then let n = n in signed_take_bit n (take_bit (Suc n) k) else 0) = k",
        "step_time": 0.008731603622436523
    },
    {
        "index": 22,
        "step": "apply simp",
        "output": "",
        "raw_output": "proof (prove)\ngoal (1 subgoal):\n 1. signed_take_bit n (take_bit (Suc n) k) = k",
        "step_time": 0.007147312164306641
    },
    {
        "index": 23,
        "step": "apply (rule bit_eqI)",
        "output": "",
        "raw_output": "proof (prove)\ngoal (1 subgoal):\n 1. \\<And>na. possible_bit TYPE(int) na \\<Longrightarrow> bit (signed_take_bit n (take_bit (Suc n) k)) na = bit k na",
        "step_time": 0.005250453948974609
    },
    {
        "index": 24,
        "step": "apply (simp add: bit_signed_take_bit_iff min_def)",
        "output": "",
        "raw_output": "proof (prove)\ngoal (1 subgoal):\n 1. \\<And>na. (n \\<le> na \\<longrightarrow> bit (take_bit (Suc n) k) n = bit k na) \\<and> (\\<not> n \\<le> na \\<longrightarrow> bit (take_bit (Suc n) k) na = bit k na)",
        "step_time": 0.01230168342590332
    },
    {
        "index": 25,
        "step": "apply (auto simp add: not_le bit_take_bit_iff dest: *)",
        "output": "",
        "raw_output": "proof (prove)\ngoal:\nNo subgoals!",
        "step_time": 0.014604806900024414
    },
    {
        "index": 26,
        "step": "done",
        "output": "",
        "raw_output": "proof (state)\nthis:\nset_bits (bit k) = k\n\ngoal:\nNo subgoals!",
        "step_time": 0.006921291351318359
    },
    {
        "index": 27,
        "step": "qed",
        "output": "",
        "raw_output": "",
        "step_time": 0.006812572479248047
    },
    {
        "index": 28,
        "step": "end",
        "output": "",
        "raw_output": "",
        "step_time": 0.004464387893676758
    },
    {
        "index": 29,
        "step": "lemma int_set_bits_K_False [simp]: \"(BITS _. False) = (0 :: int)\"",
        "output": "",
        "raw_output": "proof (prove)\ngoal (1 subgoal):\n 1. (BITS _. False) = 0",
        "step_time": 0.006166696548461914
    },
    {
        "index": 30,
        "step": "by (simp add: set_bits_int_def)",
        "output": "",
        "raw_output": "",
        "step_time": 0.005785942077636719
    },
    {
        "index": 31,
        "step": "lemma int_set_bits_K_True [simp]: \"(BITS _. True) = (-1 :: int)\"",
        "output": "",
        "raw_output": "proof (prove)\ngoal (1 subgoal):\n 1. (BITS _. True) = - 1",
        "step_time": 0.005877017974853516
    },
    {
        "index": 32,
        "step": "by (simp add: set_bits_int_def)",
        "output": "",
        "raw_output": "",
        "step_time": 0.011157989501953125
    },
    {
        "index": 33,
        "step": "lemma set_bits_code [code]:\n  \"set_bits = Code.abort (STR ''set_bits is unsupported on type int'') (\\<lambda>_. set_bits :: _ \\<Rightarrow> int)\"",
        "output": "",
        "raw_output": "proof (prove)\ngoal (1 subgoal):\n 1. set_bits = Code.abort STR ''set_bits is unsupported on type int'' (\\<lambda>_. set_bits)",
        "step_time": 0.014716863632202148
    },
    {
        "index": 34,
        "step": "by simp",
        "output": "",
        "raw_output": "",
        "step_time": 0.016675472259521484
    },
    {
        "index": 35,
        "step": "lemma set_bits_int_unfold':\n  \\<open>set_bits f =\n    (if \\<exists>n. \\<forall>n'\\<ge>n. \\<not> f n' then\n      let n = LEAST n. \\<forall>n'\\<ge>n. \\<not> f n'\n      in horner_sum of_bool 2 (map f [0..<n])\n     else if \\<exists>n. \\<forall>n'\\<ge>n. f n' then\n      let n = LEAST n. \\<forall>n'\\<ge>n. f n'\n      in signed_take_bit n (horner_sum of_bool 2 (map f [0..<n] @ [True]))\n     else 0 :: int)\\<close>",
        "output": "",
        "raw_output": "proof (prove)\ngoal (1 subgoal):\n 1. set_bits f = (if \\<exists>n. \\<forall>n'\\<ge>n. \\<not> f n' then let n = LEAST n. \\<forall>n'\\<ge>n. \\<not> f n' in horner_sum of_bool 2 (map f [0..<n]) else if \\<exists>n. \\<forall>n'\\<ge>n. f n' then let n = LEAST n. \\<forall>n'\\<ge>n. f n' in signed_take_bit n (horner_sum of_bool 2 (map f [0..<n] @ [True])) else 0)",
        "step_time": 0.01476597785949707
    },
    {
        "index": 36,
        "step": "proof (cases \\<open>\\<exists>n. \\<forall>m\\<ge>n. f m \\<longleftrightarrow> f n\\<close>)",
        "output": "",
        "raw_output": "proof (state)\ngoal (2 subgoals):\n 1. \\<exists>n. \\<forall>m\\<ge>n. f m = f n \\<Longrightarrow> set_bits f = (if \\<exists>n. \\<forall>n'\\<ge>n. \\<not> f n' then let n = LEAST n. \\<forall>n'\\<ge>n. \\<not> f n' in horner_sum of_bool 2 (map f [0..<n]) else if \\<exists>n. \\<forall>n'\\<ge>n. f n' then let n = LEAST n. \\<forall>n'\\<ge>n. f n' in signed_take_bit n (horner_sum of_bool 2 (map f [0..<n] @ [True])) else 0)\n 2. \\<nexists>n. \\<forall>m\\<ge>n. f m = f n \\<Longrightarrow> set_bits f = (if \\<exists>n. \\<forall>n'\\<ge>n. \\<not> f n' then let n = LEAST n. \\<forall>n'\\<ge>n. \\<not> f n' in horner_sum of_bool 2 (map f [0..<n]) else if \\<exists>n. \\<forall>n'\\<ge>n. f n' then let n = LEAST n. \\<forall>n'\\<ge>n. f n' in signed_take_bit n (horner_sum of_bool 2 (map f [0..<n] @ [True])) else 0)",
        "step_time": 0.010890960693359375
    },
    {
        "index": 37,
        "step": "case True",
        "output": "",
        "raw_output": "proof (state)\nthis:\n\\<exists>n. \\<forall>m\\<ge>n. f m = f n\n\ngoal (2 subgoals):\n 1. \\<exists>n. \\<forall>m\\<ge>n. f m = f n \\<Longrightarrow> set_bits f = (if \\<exists>n. \\<forall>n'\\<ge>n. \\<not> f n' then let n = LEAST n. \\<forall>n'\\<ge>n. \\<not> f n' in horner_sum of_bool 2 (map f [0..<n]) else if \\<exists>n. \\<forall>n'\\<ge>n. f n' then let n = LEAST n. \\<forall>n'\\<ge>n. f n' in signed_take_bit n (horner_sum of_bool 2 (map f [0..<n] @ [True])) else 0)\n 2. \\<nexists>n. \\<forall>m\\<ge>n. f m = f n \\<Longrightarrow> set_bits f = (if \\<exists>n. \\<forall>n'\\<ge>n. \\<not> f n' then let n = LEAST n. \\<forall>n'\\<ge>n. \\<not> f n' in horner_sum of_bool 2 (map f [0..<n]) else if \\<exists>n. \\<forall>n'\\<ge>n. f n' then let n = LEAST n. \\<forall>n'\\<ge>n. f n' in signed_take_bit n (horner_sum of_bool 2 (map f [0..<n] @ [True])) else 0)",
        "step_time": 0.008909940719604492
    },
    {
        "index": 38,
        "step": "then",
        "output": "",
        "raw_output": "proof (chain)\npicking this:\n\\<exists>n. \\<forall>m\\<ge>n. f m = f n",
        "step_time": 0.00574183464050293
    },
    {
        "index": 39,
        "step": "obtain q where q: \\<open>\\<forall>m\\<ge>q. f m \\<longleftrightarrow> f q\\<close>",
        "output": "",
        "raw_output": "proof (prove)\nusing this:\n\\<exists>n. \\<forall>m\\<ge>n. f m = f n\n\ngoal (1 subgoal):\n 1. (\\<And>q. \\<forall>m\\<ge>q. f m = f q \\<Longrightarrow> thesis) \\<Longrightarrow> thesis",
        "step_time": 0.008157491683959961
    },
    {
        "index": 40,
        "step": "by blast",
        "output": "",
        "raw_output": "proof (state)\nthis:\n\\<forall>m\\<ge>q. f m = f q\n\ngoal (2 subgoals):\n 1. \\<exists>n. \\<forall>m\\<ge>n. f m = f n \\<Longrightarrow> set_bits f = (if \\<exists>n. \\<forall>n'\\<ge>n. \\<not> f n' then let n = LEAST n. \\<forall>n'\\<ge>n. \\<not> f n' in horner_sum of_bool 2 (map f [0..<n]) else if \\<exists>n. \\<forall>n'\\<ge>n. f n' then let n = LEAST n. \\<forall>n'\\<ge>n. f n' in signed_take_bit n (horner_sum of_bool 2 (map f [0..<n] @ [True])) else 0)\n 2. \\<nexists>n. \\<forall>m\\<ge>n. f m = f n \\<Longrightarrow> set_bits f = (if \\<exists>n. \\<forall>n'\\<ge>n. \\<not> f n' then let n = LEAST n. \\<forall>n'\\<ge>n. \\<not> f n' in horner_sum of_bool 2 (map f [0..<n]) else if \\<exists>n. \\<forall>n'\\<ge>n. f n' then let n = LEAST n. \\<forall>n'\\<ge>n. f n' in signed_take_bit n (horner_sum of_bool 2 (map f [0..<n] @ [True])) else 0)",
        "step_time": 0.010692834854125977
    },
    {
        "index": 41,
        "step": "define n where \\<open>n = (LEAST n. \\<forall>m\\<ge>n. f m \\<longleftrightarrow> f n)\\<close>",
        "output": "",
        "raw_output": "proof (state)\nthis:\nn = (LEAST n. \\<forall>m\\<ge>n. f m = f n)\n\ngoal (2 subgoals):\n 1. \\<exists>n. \\<forall>m\\<ge>n. f m = f n \\<Longrightarrow> set_bits f = (if \\<exists>n. \\<forall>n'\\<ge>n. \\<not> f n' then let n = LEAST n. \\<forall>n'\\<ge>n. \\<not> f n' in horner_sum of_bool 2 (map f [0..<n]) else if \\<exists>n. \\<forall>n'\\<ge>n. f n' then let n = LEAST n. \\<forall>n'\\<ge>n. f n' in signed_take_bit n (horner_sum of_bool 2 (map f [0..<n] @ [True])) else 0)\n 2. \\<nexists>n. \\<forall>m\\<ge>n. f m = f n \\<Longrightarrow> set_bits f = (if \\<exists>n. \\<forall>n'\\<ge>n. \\<not> f n' then let n = LEAST n. \\<forall>n'\\<ge>n. \\<not> f n' in horner_sum of_bool 2 (map f [0..<n]) else if \\<exists>n. \\<forall>n'\\<ge>n. f n' then let n = LEAST n. \\<forall>n'\\<ge>n. f n' in signed_take_bit n (horner_sum of_bool 2 (map f [0..<n] @ [True])) else 0)",
        "step_time": 0.011372804641723633
    },
    {
        "index": 42,
        "step": "have \\<open>\\<forall>m\\<ge>n. f m \\<longleftrightarrow> f n\\<close>",
        "output": "",
        "raw_output": "proof (prove)\ngoal (1 subgoal):\n 1. \\<forall>m\\<ge>n. f m = f n",
        "step_time": 0.006479024887084961
    },
    {
        "index": 43,
        "step": "unfolding n_def",
        "output": "",
        "raw_output": "proof (prove)\ngoal (1 subgoal):\n 1. \\<forall>m\\<ge>LEAST n. \\<forall>m\\<ge>n. f m = f n. f m = f (LEAST n. \\<forall>m\\<ge>n. f m = f n)",
        "step_time": 0.006480693817138672
    },
    {
        "index": 44,
        "step": "using q",
        "output": "",
        "raw_output": "proof (prove)\nusing this:\n\\<forall>m\\<ge>q. f m = f q\n\ngoal (1 subgoal):\n 1. \\<forall>m\\<ge>LEAST n. \\<forall>m\\<ge>n. f m = f n. f m = f (LEAST n. \\<forall>m\\<ge>n. f m = f n)",
        "step_time": 0.005820274353027344
    },
    {
        "index": 45,
        "step": "by (rule LeastI [of _ q])",
        "output": "",
        "raw_output": "proof (state)\nthis:\n\\<forall>m\\<ge>n. f m = f n\n\ngoal (2 subgoals):\n 1. \\<exists>n. \\<forall>m\\<ge>n. f m = f n \\<Longrightarrow> set_bits f = (if \\<exists>n. \\<forall>n'\\<ge>n. \\<not> f n' then let n = LEAST n. \\<forall>n'\\<ge>n. \\<not> f n' in horner_sum of_bool 2 (map f [0..<n]) else if \\<exists>n. \\<forall>n'\\<ge>n. f n' then let n = LEAST n. \\<forall>n'\\<ge>n. f n' in signed_take_bit n (horner_sum of_bool 2 (map f [0..<n] @ [True])) else 0)\n 2. \\<nexists>n. \\<forall>m\\<ge>n. f m = f n \\<Longrightarrow> set_bits f = (if \\<exists>n. \\<forall>n'\\<ge>n. \\<not> f n' then let n = LEAST n. \\<forall>n'\\<ge>n. \\<not> f n' in horner_sum of_bool 2 (map f [0..<n]) else if \\<exists>n. \\<forall>n'\\<ge>n. f n' then let n = LEAST n. \\<forall>n'\\<ge>n. f n' in signed_take_bit n (horner_sum of_bool 2 (map f [0..<n] @ [True])) else 0)",
        "step_time": 0.009661197662353516
    },
    {
        "index": 46,
        "step": "then",
        "output": "",
        "raw_output": "proof (chain)\npicking this:\n\\<forall>m\\<ge>n. f m = f n",
        "step_time": 0.0047070980072021484
    },
    {
        "index": 47,
        "step": "have n: \\<open>\\<And>m. n \\<le> m \\<Longrightarrow> f m \\<longleftrightarrow> f n\\<close>",
        "output": "",
        "raw_output": "proof (prove)\nusing this:\n\\<forall>m\\<ge>n. f m = f n\n\ngoal (1 subgoal):\n 1. \\<And>m. n \\<le> m \\<Longrightarrow> f m = f n",
        "step_time": 0.006104230880737305
    },
    {
        "index": 48,
        "step": "by blast",
        "output": "",
        "raw_output": "proof (state)\nthis:\nn \\<le> ?m \\<Longrightarrow> f ?m = f n\n\ngoal (2 subgoals):\n 1. \\<exists>n. \\<forall>m\\<ge>n. f m = f n \\<Longrightarrow> set_bits f = (if \\<exists>n. \\<forall>n'\\<ge>n. \\<not> f n' then let n = LEAST n. \\<forall>n'\\<ge>n. \\<not> f n' in horner_sum of_bool 2 (map f [0..<n]) else if \\<exists>n. \\<forall>n'\\<ge>n. f n' then let n = LEAST n. \\<forall>n'\\<ge>n. f n' in signed_take_bit n (horner_sum of_bool 2 (map f [0..<n] @ [True])) else 0)\n 2. \\<nexists>n. \\<forall>m\\<ge>n. f m = f n \\<Longrightarrow> set_bits f = (if \\<exists>n. \\<forall>n'\\<ge>n. \\<not> f n' then let n = LEAST n. \\<forall>n'\\<ge>n. \\<not> f n' in horner_sum of_bool 2 (map f [0..<n]) else if \\<exists>n. \\<forall>n'\\<ge>n. f n' then let n = LEAST n. \\<forall>n'\\<ge>n. f n' in signed_take_bit n (horner_sum of_bool 2 (map f [0..<n] @ [True])) else 0)",
        "step_time": 0.009778261184692383
    },
    {
        "index": 49,
        "step": "from n_def",
        "output": "",
        "raw_output": "proof (chain)\npicking this:\nn = (LEAST n. \\<forall>m\\<ge>n. f m = f n)",
        "step_time": 0.0049512386322021484
    },
    {
        "index": 50,
        "step": "have n_eq: \\<open>(LEAST q. \\<forall>m\\<ge>q. f m \\<longleftrightarrow> f n) = n\\<close>",
        "output": "",
        "raw_output": "proof (prove)\nusing this:\nn = (LEAST n. \\<forall>m\\<ge>n. f m = f n)\n\ngoal (1 subgoal):\n 1. (LEAST q. \\<forall>m\\<ge>q. f m = f n) = n",
        "step_time": 0.0067691802978515625
    },
    {
        "index": 51,
        "step": "by (smt (verit, best) Least_le \\<open>\\<forall>m\\<ge>n. f m = f n\\<close> dual_order.antisym wellorder_Least_lemma(1))",
        "output": "",
        "raw_output": "proof (state)\nthis:\n(LEAST q. \\<forall>m\\<ge>q. f m = f n) = n\n\ngoal (2 subgoals):\n 1. \\<exists>n. \\<forall>m\\<ge>n. f m = f n \\<Longrightarrow> set_bits f = (if \\<exists>n. \\<forall>n'\\<ge>n. \\<not> f n' then let n = LEAST n. \\<forall>n'\\<ge>n. \\<not> f n' in horner_sum of_bool 2 (map f [0..<n]) else if \\<exists>n. \\<forall>n'\\<ge>n. f n' then let n = LEAST n. \\<forall>n'\\<ge>n. f n' in signed_take_bit n (horner_sum of_bool 2 (map f [0..<n] @ [True])) else 0)\n 2. \\<nexists>n. \\<forall>m\\<ge>n. f m = f n \\<Longrightarrow> set_bits f = (if \\<exists>n. \\<forall>n'\\<ge>n. \\<not> f n' then let n = LEAST n. \\<forall>n'\\<ge>n. \\<not> f n' in horner_sum of_bool 2 (map f [0..<n]) else if \\<exists>n. \\<forall>n'\\<ge>n. f n' then let n = LEAST n. \\<forall>n'\\<ge>n. f n' in signed_take_bit n (horner_sum of_bool 2 (map f [0..<n] @ [True])) else 0)",
        "step_time": 0.2727952003479004
    },
    {
        "index": 52,
        "step": "show ?thesis",
        "output": "",
        "raw_output": "proof (prove)\ngoal (1 subgoal):\n 1. set_bits f = (if \\<exists>n. \\<forall>n'\\<ge>n. \\<not> f n' then let n = LEAST n. \\<forall>n'\\<ge>n. \\<not> f n' in horner_sum of_bool 2 (map f [0..<n]) else if \\<exists>n. \\<forall>n'\\<ge>n. f n' then let n = LEAST n. \\<forall>n'\\<ge>n. f n' in signed_take_bit n (horner_sum of_bool 2 (map f [0..<n] @ [True])) else 0)",
        "step_time": 0.012346744537353516
    },
    {
        "index": 53,
        "step": "proof (cases \\<open>f n\\<close>)",
        "output": "",
        "raw_output": "proof (state)\ngoal (2 subgoals):\n 1. f n \\<Longrightarrow> set_bits f = (if \\<exists>n. \\<forall>n'\\<ge>n. \\<not> f n' then let n = LEAST n. \\<forall>n'\\<ge>n. \\<not> f n' in horner_sum of_bool 2 (map f [0..<n]) else if \\<exists>n. \\<forall>n'\\<ge>n. f n' then let n = LEAST n. \\<forall>n'\\<ge>n. f n' in signed_take_bit n (horner_sum of_bool 2 (map f [0..<n] @ [True])) else 0)\n 2. \\<not> f n \\<Longrightarrow> set_bits f = (if \\<exists>n. \\<forall>n'\\<ge>n. \\<not> f n' then let n = LEAST n. \\<forall>n'\\<ge>n. \\<not> f n' in horner_sum of_bool 2 (map f [0..<n]) else if \\<exists>n. \\<forall>n'\\<ge>n. f n' then let n = LEAST n. \\<forall>n'\\<ge>n. f n' in signed_take_bit n (horner_sum of_bool 2 (map f [0..<n] @ [True])) else 0)",
        "step_time": 0.010401248931884766
    },
    {
        "index": 54,
        "step": "case False",
        "output": "",
        "raw_output": "proof (state)\nthis:\n\\<not> f n\n\ngoal (2 subgoals):\n 1. f n \\<Longrightarrow> set_bits f = (if \\<exists>n. \\<forall>n'\\<ge>n. \\<not> f n' then let n = LEAST n. \\<forall>n'\\<ge>n. \\<not> f n' in horner_sum of_bool 2 (map f [0..<n]) else if \\<exists>n. \\<forall>n'\\<ge>n. f n' then let n = LEAST n. \\<forall>n'\\<ge>n. f n' in signed_take_bit n (horner_sum of_bool 2 (map f [0..<n] @ [True])) else 0)\n 2. \\<not> f n \\<Longrightarrow> set_bits f = (if \\<exists>n. \\<forall>n'\\<ge>n. \\<not> f n' then let n = LEAST n. \\<forall>n'\\<ge>n. \\<not> f n' in horner_sum of_bool 2 (map f [0..<n]) else if \\<exists>n. \\<forall>n'\\<ge>n. f n' then let n = LEAST n. \\<forall>n'\\<ge>n. f n' in signed_take_bit n (horner_sum of_bool 2 (map f [0..<n] @ [True])) else 0)",
        "step_time": 0.010137081146240234
    },
    {
        "index": 55,
        "step": "with n",
        "output": "",
        "raw_output": "proof (chain)\npicking this:\nn \\<le> ?m \\<Longrightarrow> f ?m = f n\n\\<not> f n",
        "step_time": 0.006303310394287109
    },
    {
        "index": 56,
        "step": "have *: \\<open>\\<exists>n. \\<forall>n'\\<ge>n. \\<not> f n'\\<close>",
        "output": "",
        "raw_output": "proof (prove)\nusing this:\nn \\<le> ?m \\<Longrightarrow> f ?m = f n\n\\<not> f n\n\ngoal (1 subgoal):\n 1. \\<exists>n. \\<forall>n'\\<ge>n. \\<not> f n'",
        "step_time": 0.007609367370605469
    },
    {
        "index": 57,
        "step": "by blast",
        "output": "",
        "raw_output": "proof (state)\nthis:\n\\<exists>n. \\<forall>n'\\<ge>n. \\<not> f n'\n\ngoal (2 subgoals):\n 1. f n \\<Longrightarrow> set_bits f = (if \\<exists>n. \\<forall>n'\\<ge>n. \\<not> f n' then let n = LEAST n. \\<forall>n'\\<ge>n. \\<not> f n' in horner_sum of_bool 2 (map f [0..<n]) else if \\<exists>n. \\<forall>n'\\<ge>n. f n' then let n = LEAST n. \\<forall>n'\\<ge>n. f n' in signed_take_bit n (horner_sum of_bool 2 (map f [0..<n] @ [True])) else 0)\n 2. \\<not> f n \\<Longrightarrow> set_bits f = (if \\<exists>n. \\<forall>n'\\<ge>n. \\<not> f n' then let n = LEAST n. \\<forall>n'\\<ge>n. \\<not> f n' in horner_sum of_bool 2 (map f [0..<n]) else if \\<exists>n. \\<forall>n'\\<ge>n. f n' then let n = LEAST n. \\<forall>n'\\<ge>n. f n' in signed_take_bit n (horner_sum of_bool 2 (map f [0..<n] @ [True])) else 0)",
        "step_time": 0.010138273239135742
    },
    {
        "index": 58,
        "step": "have **: \\<open>(LEAST n. \\<forall>n'\\<ge>n. \\<not> f n') = n\\<close>",
        "output": "",
        "raw_output": "proof (prove)\ngoal (1 subgoal):\n 1. (LEAST n. \\<forall>n'\\<ge>n. \\<not> f n') = n",
        "step_time": 0.007147789001464844
    },
    {
        "index": 59,
        "step": "using False n_eq",
        "output": "",
        "raw_output": "proof (prove)\nusing this:\n\\<not> f n\n(LEAST q. \\<forall>m\\<ge>q. f m = f n) = n\n\ngoal (1 subgoal):\n 1. (LEAST n. \\<forall>n'\\<ge>n. \\<not> f n') = n",
        "step_time": 0.0057337284088134766
    },
    {
        "index": 60,
        "step": "by simp",
        "output": "",
        "raw_output": "proof (state)\nthis:\n(LEAST n. \\<forall>n'\\<ge>n. \\<not> f n') = n\n\ngoal (2 subgoals):\n 1. f n \\<Longrightarrow> set_bits f = (if \\<exists>n. \\<forall>n'\\<ge>n. \\<not> f n' then let n = LEAST n. \\<forall>n'\\<ge>n. \\<not> f n' in horner_sum of_bool 2 (map f [0..<n]) else if \\<exists>n. \\<forall>n'\\<ge>n. f n' then let n = LEAST n. \\<forall>n'\\<ge>n. f n' in signed_take_bit n (horner_sum of_bool 2 (map f [0..<n] @ [True])) else 0)\n 2. \\<not> f n \\<Longrightarrow> set_bits f = (if \\<exists>n. \\<forall>n'\\<ge>n. \\<not> f n' then let n = LEAST n. \\<forall>n'\\<ge>n. \\<not> f n' in horner_sum of_bool 2 (map f [0..<n]) else if \\<exists>n. \\<forall>n'\\<ge>n. f n' then let n = LEAST n. \\<forall>n'\\<ge>n. f n' in signed_take_bit n (horner_sum of_bool 2 (map f [0..<n] @ [True])) else 0)",
        "step_time": 0.012136220932006836
    },
    {
        "index": 61,
        "step": "from * False",
        "output": "",
        "raw_output": "proof (chain)\npicking this:\n\\<exists>n. \\<forall>n'\\<ge>n. \\<not> f n'\n\\<not> f n",
        "step_time": 0.005334138870239258
    },
    {
        "index": 62,
        "step": "show ?thesis",
        "output": "",
        "raw_output": "proof (prove)\nusing this:\n\\<exists>n. \\<forall>n'\\<ge>n. \\<not> f n'\n\\<not> f n\n\ngoal (1 subgoal):\n 1. set_bits f = (if \\<exists>n. \\<forall>n'\\<ge>n. \\<not> f n' then let n = LEAST n. \\<forall>n'\\<ge>n. \\<not> f n' in horner_sum of_bool 2 (map f [0..<n]) else if \\<exists>n. \\<forall>n'\\<ge>n. f n' then let n = LEAST n. \\<forall>n'\\<ge>n. f n' in signed_take_bit n (horner_sum of_bool 2 (map f [0..<n] @ [True])) else 0)",
        "step_time": 0.009865283966064453
    },
    {
        "index": 63,
        "step": "apply (simp add: set_bits_int_def n_def [symmetric] ** del: upt.upt_Suc)",
        "output": "",
        "raw_output": "proof (prove)\ngoal (1 subgoal):\n 1. \\<lbrakk>\\<exists>n. \\<forall>n'\\<ge>n. \\<not> f n'; \\<not> f n\\<rbrakk> \\<Longrightarrow> ((\\<exists>n. \\<forall>m\\<ge>n. f m = f n) \\<longrightarrow> signed_take_bit n (horner_sum of_bool 2 (map f [0..<Suc n])) = horner_sum of_bool 2 (map f [0..<n])) \\<and> ((\\<forall>n. \\<exists>m\\<ge>n. f m = (\\<not> f n)) \\<longrightarrow> horner_sum of_bool 2 (map f [0..<n]) = 0)",
        "step_time": 0.019611835479736328
    },
    {
        "index": 64,
        "step": "apply (auto simp add: take_bit_horner_sum_bit_eq\n      bit_horner_sum_bit_iff take_map\n      signed_take_bit_def set_bits_int_def\n      horner_sum_bit_eq_take_bit simp del: upt.upt_Suc)",
        "output": "",
        "raw_output": "proof (prove)\ngoal:\nNo subgoals!",
        "step_time": 0.018474578857421875
    },
    {
        "index": 65,
        "step": "done",
        "output": "",
        "raw_output": "proof (state)\nthis:\nset_bits f = (if \\<exists>n. \\<forall>n'\\<ge>n. \\<not> f n' then let n = LEAST n. \\<forall>n'\\<ge>n. \\<not> f n' in horner_sum of_bool 2 (map f [0..<n]) else if \\<exists>n. \\<forall>n'\\<ge>n. f n' then let n = LEAST n. \\<forall>n'\\<ge>n. f n' in signed_take_bit n (horner_sum of_bool 2 (map f [0..<n] @ [True])) else 0)\n\ngoal (1 subgoal):\n 1. f n \\<Longrightarrow> set_bits f = (if \\<exists>n. \\<forall>n'\\<ge>n. \\<not> f n' then let n = LEAST n. \\<forall>n'\\<ge>n. \\<not> f n' in horner_sum of_bool 2 (map f [0..<n]) else if \\<exists>n. \\<forall>n'\\<ge>n. f n' then let n = LEAST n. \\<forall>n'\\<ge>n. f n' in signed_take_bit n (horner_sum of_bool 2 (map f [0..<n] @ [True])) else 0)",
        "step_time": 0.007740974426269531
    },
    {
        "index": 66,
        "step": "next",
        "output": "",
        "raw_output": "proof (state)\ngoal (1 subgoal):\n 1. f n \\<Longrightarrow> set_bits f = (if \\<exists>n. \\<forall>n'\\<ge>n. \\<not> f n' then let n = LEAST n. \\<forall>n'\\<ge>n. \\<not> f n' in horner_sum of_bool 2 (map f [0..<n]) else if \\<exists>n. \\<forall>n'\\<ge>n. f n' then let n = LEAST n. \\<forall>n'\\<ge>n. f n' in signed_take_bit n (horner_sum of_bool 2 (map f [0..<n] @ [True])) else 0)",
        "step_time": 0.0069391727447509766
    },
    {
        "index": 67,
        "step": "case True",
        "output": "",
        "raw_output": "proof (state)\nthis:\nf n\n\ngoal (1 subgoal):\n 1. f n \\<Longrightarrow> set_bits f = (if \\<exists>n. \\<forall>n'\\<ge>n. \\<not> f n' then let n = LEAST n. \\<forall>n'\\<ge>n. \\<not> f n' in horner_sum of_bool 2 (map f [0..<n]) else if \\<exists>n. \\<forall>n'\\<ge>n. f n' then let n = LEAST n. \\<forall>n'\\<ge>n. f n' in signed_take_bit n (horner_sum of_bool 2 (map f [0..<n] @ [True])) else 0)",
        "step_time": 0.007567882537841797
    },
    {
        "index": 68,
        "step": "with n",
        "output": "",
        "raw_output": "proof (chain)\npicking this:\nn \\<le> ?m \\<Longrightarrow> f ?m = f n\nf n",
        "step_time": 0.0057964324951171875
    },
    {
        "index": 69,
        "step": "have *: \\<open>\\<exists>n. \\<forall>n'\\<ge>n. f n'\\<close>",
        "output": "",
        "raw_output": "proof (prove)\nusing this:\nn \\<le> ?m \\<Longrightarrow> f ?m = f n\nf n\n\ngoal (1 subgoal):\n 1. \\<exists>n. \\<forall>n'\\<ge>n. f n'",
        "step_time": 0.006566286087036133
    },
    {
        "index": 70,
        "step": "by blast",
        "output": "",
        "raw_output": "proof (state)\nthis:\n\\<exists>n. \\<forall>n'\\<ge>n. f n'\n\ngoal (1 subgoal):\n 1. f n \\<Longrightarrow> set_bits f = (if \\<exists>n. \\<forall>n'\\<ge>n. \\<not> f n' then let n = LEAST n. \\<forall>n'\\<ge>n. \\<not> f n' in horner_sum of_bool 2 (map f [0..<n]) else if \\<exists>n. \\<forall>n'\\<ge>n. f n' then let n = LEAST n. \\<forall>n'\\<ge>n. f n' in signed_take_bit n (horner_sum of_bool 2 (map f [0..<n] @ [True])) else 0)",
        "step_time": 0.008115291595458984
    },
    {
        "index": 71,
        "step": "have ***: \\<open>\\<not> (\\<exists>n. \\<forall>n'\\<ge>n. \\<not> f n')\\<close>",
        "output": "",
        "raw_output": "proof (prove)\ngoal (1 subgoal):\n 1. \\<nexists>n. \\<forall>n'\\<ge>n. \\<not> f n'",
        "step_time": 0.007309675216674805
    },
    {
        "index": 72,
        "step": "apply (rule ccontr)",
        "output": "",
        "raw_output": "proof (prove)\ngoal (1 subgoal):\n 1. \\<not> (\\<nexists>n. \\<forall>n'\\<ge>n. \\<not> f n') \\<Longrightarrow> False",
        "step_time": 0.006072998046875
    },
    {
        "index": 73,
        "step": "using * nat_le_linear",
        "output": "",
        "raw_output": "proof (prove)\nusing this:\n\\<exists>n. \\<forall>n'\\<ge>n. f n'\n?m \\<le> ?n \\<or> ?n \\<le> ?m\n\ngoal (1 subgoal):\n 1. \\<not> (\\<nexists>n. \\<forall>n'\\<ge>n. \\<not> f n') \\<Longrightarrow> False",
        "step_time": 0.006543159484863281
    },
    {
        "index": 74,
        "step": "by auto",
        "output": "",
        "raw_output": "proof (state)\nthis:\n\\<nexists>n. \\<forall>n'\\<ge>n. \\<not> f n'\n\ngoal (1 subgoal):\n 1. f n \\<Longrightarrow> set_bits f = (if \\<exists>n. \\<forall>n'\\<ge>n. \\<not> f n' then let n = LEAST n. \\<forall>n'\\<ge>n. \\<not> f n' in horner_sum of_bool 2 (map f [0..<n]) else if \\<exists>n. \\<forall>n'\\<ge>n. f n' then let n = LEAST n. \\<forall>n'\\<ge>n. f n' in signed_take_bit n (horner_sum of_bool 2 (map f [0..<n] @ [True])) else 0)",
        "step_time": 0.016565561294555664
    },
    {
        "index": 75,
        "step": "have **: \\<open>(LEAST n. \\<forall>n'\\<ge>n. f n') = n\\<close>",
        "output": "",
        "raw_output": "proof (prove)\ngoal (1 subgoal):\n 1. (LEAST n. \\<forall>n'\\<ge>n. f n') = n",
        "step_time": 0.006382942199707031
    },
    {
        "index": 76,
        "step": "using True n_eq",
        "output": "",
        "raw_output": "proof (prove)\nusing this:\nf n\n(LEAST q. \\<forall>m\\<ge>q. f m = f n) = n\n\ngoal (1 subgoal):\n 1. (LEAST n. \\<forall>n'\\<ge>n. f n') = n",
        "step_time": 0.006022453308105469
    },
    {
        "index": 77,
        "step": "by simp",
        "output": "",
        "raw_output": "proof (state)\nthis:\n(LEAST n. \\<forall>n'\\<ge>n. f n') = n\n\ngoal (1 subgoal):\n 1. f n \\<Longrightarrow> set_bits f = (if \\<exists>n. \\<forall>n'\\<ge>n. \\<not> f n' then let n = LEAST n. \\<forall>n'\\<ge>n. \\<not> f n' in horner_sum of_bool 2 (map f [0..<n]) else if \\<exists>n. \\<forall>n'\\<ge>n. f n' then let n = LEAST n. \\<forall>n'\\<ge>n. f n' in signed_take_bit n (horner_sum of_bool 2 (map f [0..<n] @ [True])) else 0)",
        "step_time": 0.010677814483642578
    },
    {
        "index": 78,
        "step": "from * *** True",
        "output": "",
        "raw_output": "proof (chain)\npicking this:\n\\<exists>n. \\<forall>n'\\<ge>n. f n'\n\\<nexists>n. \\<forall>n'\\<ge>n. \\<not> f n'\nf n",
        "step_time": 0.005395174026489258
    },
    {
        "index": 79,
        "step": "show ?thesis",
        "output": "",
        "raw_output": "proof (prove)\nusing this:\n\\<exists>n. \\<forall>n'\\<ge>n. f n'\n\\<nexists>n. \\<forall>n'\\<ge>n. \\<not> f n'\nf n\n\ngoal (1 subgoal):\n 1. set_bits f = (if \\<exists>n. \\<forall>n'\\<ge>n. \\<not> f n' then let n = LEAST n. \\<forall>n'\\<ge>n. \\<not> f n' in horner_sum of_bool 2 (map f [0..<n]) else if \\<exists>n. \\<forall>n'\\<ge>n. f n' then let n = LEAST n. \\<forall>n'\\<ge>n. f n' in signed_take_bit n (horner_sum of_bool 2 (map f [0..<n] @ [True])) else 0)",
        "step_time": 0.010432004928588867
    },
    {
        "index": 80,
        "step": "apply (simp add: set_bits_int_def n_def [symmetric] ** del: upt.upt_Suc)",
        "output": "",
        "raw_output": "proof (prove)\ngoal (1 subgoal):\n 1. \\<lbrakk>\\<exists>n. \\<forall>n'\\<ge>n. f n'; \\<forall>n. \\<exists>n'\\<ge>n. f n'; f n\\<rbrakk> \\<Longrightarrow> ((\\<exists>n. \\<forall>m\\<ge>n. f m = f n) \\<longrightarrow> ((\\<exists>n. \\<forall>n'\\<ge>n. \\<not> f n') \\<longrightarrow> signed_take_bit n (horner_sum of_bool 2 (map f [0..<Suc n])) = horner_sum of_bool 2 (map f [0..<LEAST n. \\<forall>n'\\<ge>n. \\<not> f n'])) \\<and> signed_take_bit n (horner_sum of_bool 2 (map f [0..<Suc n])) = signed_take_bit n (horner_sum of_bool 2 (map f [0..<n] @ [True]))) \\<and> ((\\<forall>n. \\<exists>m\\<ge>n. f m = (\\<not> f n)) \\<longrightarrow> ((\\<exists>n. \\<forall>n'\\<ge>n. \\<not> f n') \\<longrightarrow> horner_sum of_bool 2 (map f [0..<LEAST n. \\<forall>n'\\<ge>n. \\<not> f n']) = 0) \\<and> signed_take_bit n (horner_sum of_bool 2 (map f [0..<n] @ [True])) = 0)",
        "step_time": 0.037720441818237305
    },
    {
        "index": 81,
        "step": "apply (auto simp add: take_bit_horner_sum_bit_eq\n      bit_horner_sum_bit_iff take_map\n      signed_take_bit_def set_bits_int_def\n      horner_sum_bit_eq_take_bit nth_append simp del: upt.upt_Suc)",
        "output": "",
        "raw_output": "proof (prove)\ngoal:\nNo subgoals!",
        "step_time": 0.10706543922424316
    },
    {
        "index": 82,
        "step": "done",
        "output": "",
        "raw_output": "proof (state)\nthis:\nset_bits f = (if \\<exists>n. \\<forall>n'\\<ge>n. \\<not> f n' then let n = LEAST n. \\<forall>n'\\<ge>n. \\<not> f n' in horner_sum of_bool 2 (map f [0..<n]) else if \\<exists>n. \\<forall>n'\\<ge>n. f n' then let n = LEAST n. \\<forall>n'\\<ge>n. f n' in signed_take_bit n (horner_sum of_bool 2 (map f [0..<n] @ [True])) else 0)\n\ngoal:\nNo subgoals!",
        "step_time": 0.009986400604248047
    },
    {
        "index": 83,
        "step": "qed",
        "output": "",
        "raw_output": "proof (state)\nthis:\nset_bits f = (if \\<exists>n. \\<forall>n'\\<ge>n. \\<not> f n' then let n = LEAST n. \\<forall>n'\\<ge>n. \\<not> f n' in horner_sum of_bool 2 (map f [0..<n]) else if \\<exists>n. \\<forall>n'\\<ge>n. f n' then let n = LEAST n. \\<forall>n'\\<ge>n. f n' in signed_take_bit n (horner_sum of_bool 2 (map f [0..<n] @ [True])) else 0)\n\ngoal (1 subgoal):\n 1. \\<nexists>n. \\<forall>m\\<ge>n. f m = f n \\<Longrightarrow> set_bits f = (if \\<exists>n. \\<forall>n'\\<ge>n. \\<not> f n' then let n = LEAST n. \\<forall>n'\\<ge>n. \\<not> f n' in horner_sum of_bool 2 (map f [0..<n]) else if \\<exists>n. \\<forall>n'\\<ge>n. f n' then let n = LEAST n. \\<forall>n'\\<ge>n. f n' in signed_take_bit n (horner_sum of_bool 2 (map f [0..<n] @ [True])) else 0)",
        "step_time": 0.009093999862670898
    },
    {
        "index": 84,
        "step": "next",
        "output": "",
        "raw_output": "proof (state)\ngoal (1 subgoal):\n 1. \\<nexists>n. \\<forall>m\\<ge>n. f m = f n \\<Longrightarrow> set_bits f = (if \\<exists>n. \\<forall>n'\\<ge>n. \\<not> f n' then let n = LEAST n. \\<forall>n'\\<ge>n. \\<not> f n' in horner_sum of_bool 2 (map f [0..<n]) else if \\<exists>n. \\<forall>n'\\<ge>n. f n' then let n = LEAST n. \\<forall>n'\\<ge>n. f n' in signed_take_bit n (horner_sum of_bool 2 (map f [0..<n] @ [True])) else 0)",
        "step_time": 0.0076580047607421875
    },
    {
        "index": 85,
        "step": "case False",
        "output": "",
        "raw_output": "proof (state)\nthis:\n\\<nexists>n. \\<forall>m\\<ge>n. f m = f n\n\ngoal (1 subgoal):\n 1. \\<nexists>n. \\<forall>m\\<ge>n. f m = f n \\<Longrightarrow> set_bits f = (if \\<exists>n. \\<forall>n'\\<ge>n. \\<not> f n' then let n = LEAST n. \\<forall>n'\\<ge>n. \\<not> f n' in horner_sum of_bool 2 (map f [0..<n]) else if \\<exists>n. \\<forall>n'\\<ge>n. f n' then let n = LEAST n. \\<forall>n'\\<ge>n. f n' in signed_take_bit n (horner_sum of_bool 2 (map f [0..<n] @ [True])) else 0)",
        "step_time": 0.00753331184387207
    },
    {
        "index": 86,
        "step": "then",
        "output": "",
        "raw_output": "proof (chain)\npicking this:\n\\<nexists>n. \\<forall>m\\<ge>n. f m = f n",
        "step_time": 0.005362749099731445
    },
    {
        "index": 87,
        "step": "show ?thesis",
        "output": "",
        "raw_output": "proof (prove)\nusing this:\n\\<nexists>n. \\<forall>m\\<ge>n. f m = f n\n\ngoal (1 subgoal):\n 1. set_bits f = (if \\<exists>n. \\<forall>n'\\<ge>n. \\<not> f n' then let n = LEAST n. \\<forall>n'\\<ge>n. \\<not> f n' in horner_sum of_bool 2 (map f [0..<n]) else if \\<exists>n. \\<forall>n'\\<ge>n. f n' then let n = LEAST n. \\<forall>n'\\<ge>n. f n' in signed_take_bit n (horner_sum of_bool 2 (map f [0..<n] @ [True])) else 0)",
        "step_time": 0.009892702102661133
    },
    {
        "index": 88,
        "step": "by (auto simp add: set_bits_int_def)",
        "output": "",
        "raw_output": "proof (state)\nthis:\nset_bits f = (if \\<exists>n. \\<forall>n'\\<ge>n. \\<not> f n' then let n = LEAST n. \\<forall>n'\\<ge>n. \\<not> f n' in horner_sum of_bool 2 (map f [0..<n]) else if \\<exists>n. \\<forall>n'\\<ge>n. f n' then let n = LEAST n. \\<forall>n'\\<ge>n. f n' in signed_take_bit n (horner_sum of_bool 2 (map f [0..<n] @ [True])) else 0)\n\ngoal:\nNo subgoals!",
        "step_time": 0.08704566955566406
    },
    {
        "index": 89,
        "step": "qed",
        "output": "",
        "raw_output": "",
        "step_time": 0.0074825286865234375
    },
    {
        "index": 90,
        "step": "inductive wf_set_bits_int :: \"(nat \\<Rightarrow> bool) \\<Rightarrow> bool\"\n  for f :: \"nat \\<Rightarrow> bool\"\nwhere\n  zeros: \"\\<forall>n' \\<ge> n. \\<not> f n' \\<Longrightarrow> wf_set_bits_int f\"\n| ones: \"\\<forall>n' \\<ge> n. f n' \\<Longrightarrow> wf_set_bits_int f\"",
        "output": "",
        "raw_output": "",
        "step_time": 0.027660846710205078
    },
    {
        "index": 91,
        "step": "lemma wf_set_bits_int_simps: \"wf_set_bits_int f \\<longleftrightarrow> (\\<exists>n. (\\<forall>n'\\<ge>n. \\<not> f n') \\<or> (\\<forall>n'\\<ge>n. f n'))\"",
        "output": "",
        "raw_output": "proof (prove)\ngoal (1 subgoal):\n 1. wf_set_bits_int f = (\\<exists>n. (\\<forall>n'\\<ge>n. \\<not> f n') \\<or> (\\<forall>n'\\<ge>n. f n'))",
        "step_time": 0.01090860366821289
    },
    {
        "index": 92,
        "step": "by(auto simp add: wf_set_bits_int.simps)",
        "output": "",
        "raw_output": "",
        "step_time": 0.011750221252441406
    },
    {
        "index": 93,
        "step": "lemma wf_set_bits_int_const [simp]: \"wf_set_bits_int (\\<lambda>_. b)\"",
        "output": "",
        "raw_output": "proof (prove)\ngoal (1 subgoal):\n 1. wf_set_bits_int (\\<lambda>_. b)",
        "step_time": 0.007802009582519531
    },
    {
        "index": 94,
        "step": "by(cases b)(auto intro: wf_set_bits_int.intros)",
        "output": "",
        "raw_output": "",
        "step_time": 0.011630058288574219
    },
    {
        "index": 95,
        "step": "lemma wf_set_bits_int_fun_upd [simp]:\n  \"wf_set_bits_int (f(n := b)) \\<longleftrightarrow> wf_set_bits_int f\" (is \"?lhs \\<longleftrightarrow> ?rhs\")",
        "output": "",
        "raw_output": "proof (prove)\ngoal (1 subgoal):\n 1. wf_set_bits_int (f(n := b)) = wf_set_bits_int f",
        "step_time": 0.008739233016967773
    },
    {
        "index": 96,
        "step": "proof",
        "output": "",
        "raw_output": "proof (state)\ngoal (2 subgoals):\n 1. wf_set_bits_int (f(n := b)) \\<Longrightarrow> wf_set_bits_int f\n 2. wf_set_bits_int f \\<Longrightarrow> wf_set_bits_int (f(n := b))",
        "step_time": 0.006806373596191406
    },
    {
        "index": 97,
        "step": "assume ?lhs",
        "output": "",
        "raw_output": "proof (state)\nthis:\nwf_set_bits_int (f(n := b))\n\ngoal (2 subgoals):\n 1. wf_set_bits_int (f(n := b)) \\<Longrightarrow> wf_set_bits_int f\n 2. wf_set_bits_int f \\<Longrightarrow> wf_set_bits_int (f(n := b))",
        "step_time": 0.007062435150146484
    },
    {
        "index": 98,
        "step": "then",
        "output": "",
        "raw_output": "proof (chain)\npicking this:\nwf_set_bits_int (f(n := b))",
        "step_time": 0.006298542022705078
    },
    {
        "index": 99,
        "step": "obtain n'\n    where \"(\\<forall>n''\\<ge>n'. \\<not> (f(n := b)) n'') \\<or> (\\<forall>n''\\<ge>n'. (f(n := b)) n'')\"",
        "output": "",
        "raw_output": "proof (prove)\nusing this:\nwf_set_bits_int (f(n := b))\n\ngoal (1 subgoal):\n 1. (\\<And>n'. (\\<forall>n''\\<ge>n'. \\<not> (f(n := b)) n'') \\<or> (\\<forall>n''\\<ge>n'. (f(n := b)) n'') \\<Longrightarrow> thesis) \\<Longrightarrow> thesis",
        "step_time": 0.011053323745727539
    },
    {
        "index": 100,
        "step": "by(auto simp add: wf_set_bits_int_simps)",
        "output": "",
        "raw_output": "proof (state)\nthis:\n(\\<forall>n''\\<ge>n'. \\<not> (f(n := b)) n'') \\<or> (\\<forall>n''\\<ge>n'. (f(n := b)) n'')\n\ngoal (2 subgoals):\n 1. wf_set_bits_int (f(n := b)) \\<Longrightarrow> wf_set_bits_int f\n 2. wf_set_bits_int f \\<Longrightarrow> wf_set_bits_int (f(n := b))",
        "step_time": 0.02024674415588379
    },
    {
        "index": 101,
        "step": "hence \"(\\<forall>n''\\<ge>max (Suc n) n'. \\<not> f n'') \\<or> (\\<forall>n''\\<ge>max (Suc n) n'. f n'')\"",
        "output": "",
        "raw_output": "proof (prove)\nusing this:\n(\\<forall>n''\\<ge>n'. \\<not> (f(n := b)) n'') \\<or> (\\<forall>n''\\<ge>n'. (f(n := b)) n'')\n\ngoal (1 subgoal):\n 1. (\\<forall>n''\\<ge>max (Suc n) n'. \\<not> f n'') \\<or> (\\<forall>n''\\<ge>max (Suc n) n'. f n'')",
        "step_time": 0.010087728500366211
    },
    {
        "index": 102,
        "step": "by auto",
        "output": "",
        "raw_output": "proof (state)\nthis:\n(\\<forall>n''\\<ge>max (Suc n) n'. \\<not> f n'') \\<or> (\\<forall>n''\\<ge>max (Suc n) n'. f n'')\n\ngoal (2 subgoals):\n 1. wf_set_bits_int (f(n := b)) \\<Longrightarrow> wf_set_bits_int f\n 2. wf_set_bits_int f \\<Longrightarrow> wf_set_bits_int (f(n := b))",
        "step_time": 0.04602789878845215
    },
    {
        "index": 103,
        "step": "thus ?rhs",
        "output": "",
        "raw_output": "proof (prove)\nusing this:\n(\\<forall>n''\\<ge>max (Suc n) n'. \\<not> f n'') \\<or> (\\<forall>n''\\<ge>max (Suc n) n'. f n'')\n\ngoal (1 subgoal):\n 1. wf_set_bits_int f",
        "step_time": 0.007381916046142578
    },
    {
        "index": 104,
        "step": "by(auto simp only: wf_set_bits_int_simps)",
        "output": "",
        "raw_output": "proof (state)\nthis:\nwf_set_bits_int f\n\ngoal (1 subgoal):\n 1. wf_set_bits_int f \\<Longrightarrow> wf_set_bits_int (f(n := b))",
        "step_time": 0.009524822235107422
    },
    {
        "index": 105,
        "step": "next",
        "output": "",
        "raw_output": "proof (state)\ngoal (1 subgoal):\n 1. wf_set_bits_int f \\<Longrightarrow> wf_set_bits_int (f(n := b))",
        "step_time": 0.005720376968383789
    },
    {
        "index": 106,
        "step": "assume ?rhs",
        "output": "",
        "raw_output": "proof (state)\nthis:\nwf_set_bits_int f\n\ngoal (1 subgoal):\n 1. wf_set_bits_int f \\<Longrightarrow> wf_set_bits_int (f(n := b))",
        "step_time": 0.006074428558349609
    },
    {
        "index": 107,
        "step": "then",
        "output": "",
        "raw_output": "proof (chain)\npicking this:\nwf_set_bits_int f",
        "step_time": 0.005934953689575195
    },
    {
        "index": 108,
        "step": "obtain n' where \"(\\<forall>n''\\<ge>n'. \\<not> f n'') \\<or> (\\<forall>n''\\<ge>n'. f n'')\" (is \"?wf f n'\")",
        "output": "",
        "raw_output": "proof (prove)\nusing this:\nwf_set_bits_int f\n\ngoal (1 subgoal):\n 1. (\\<And>n'. (\\<forall>n''\\<ge>n'. \\<not> f n'') \\<or> (\\<forall>n''\\<ge>n'. f n'') \\<Longrightarrow> thesis) \\<Longrightarrow> thesis",
        "step_time": 0.010343074798583984
    },
    {
        "index": 109,
        "step": "by(auto simp add: wf_set_bits_int_simps)",
        "output": "",
        "raw_output": "proof (state)\nthis:\n(\\<forall>n''\\<ge>n'. \\<not> f n'') \\<or> (\\<forall>n''\\<ge>n'. f n'')\n\ngoal (1 subgoal):\n 1. wf_set_bits_int f \\<Longrightarrow> wf_set_bits_int (f(n := b))",
        "step_time": 0.01469874382019043
    },
    {
        "index": 110,
        "step": "hence \"?wf (f(n := b)) (max (Suc n) n')\"",
        "output": "",
        "raw_output": "proof (prove)\nusing this:\n(\\<forall>n''\\<ge>n'. \\<not> f n'') \\<or> (\\<forall>n''\\<ge>n'. f n'')\n\ngoal (1 subgoal):\n 1. (\\<forall>n''\\<ge>max (Suc n) n'. \\<not> (f(n := b)) n'') \\<or> (\\<forall>n''\\<ge>max (Suc n) n'. (f(n := b)) n'')",
        "step_time": 0.00942373275756836
    },
    {
        "index": 111,
        "step": "by auto",
        "output": "",
        "raw_output": "proof (state)\nthis:\n(\\<forall>n''\\<ge>max (Suc n) n'. \\<not> (f(n := b)) n'') \\<or> (\\<forall>n''\\<ge>max (Suc n) n'. (f(n := b)) n'')\n\ngoal (1 subgoal):\n 1. wf_set_bits_int f \\<Longrightarrow> wf_set_bits_int (f(n := b))",
        "step_time": 0.021648406982421875
    },
    {
        "index": 112,
        "step": "thus ?lhs",
        "output": "",
        "raw_output": "proof (prove)\nusing this:\n(\\<forall>n''\\<ge>max (Suc n) n'. \\<not> (f(n := b)) n'') \\<or> (\\<forall>n''\\<ge>max (Suc n) n'. (f(n := b)) n'')\n\ngoal (1 subgoal):\n 1. wf_set_bits_int (f(n := b))",
        "step_time": 0.006447315216064453
    },
    {
        "index": 113,
        "step": "by(auto simp only: wf_set_bits_int_simps)",
        "output": "",
        "raw_output": "proof (state)\nthis:\nwf_set_bits_int (f(n := b))\n\ngoal:\nNo subgoals!",
        "step_time": 0.009244203567504883
    },
    {
        "index": 114,
        "step": "qed",
        "output": "",
        "raw_output": "",
        "step_time": 0.0063745975494384766
    },
    {
        "index": 115,
        "step": "lemma wf_set_bits_int_Suc [simp]:\n  \"wf_set_bits_int (\\<lambda>n. f (Suc n)) \\<longleftrightarrow> wf_set_bits_int f\" (is \"?lhs \\<longleftrightarrow> ?rhs\")",
        "output": "",
        "raw_output": "proof (prove)\ngoal (1 subgoal):\n 1. wf_set_bits_int (\\<lambda>n. f (Suc n)) = wf_set_bits_int f",
        "step_time": 0.006796598434448242
    },
    {
        "index": 116,
        "step": "by(auto simp add: wf_set_bits_int_simps intro: le_SucI dest: Suc_le_D)",
        "output": "",
        "raw_output": "",
        "step_time": 0.01831960678100586
    },
    {
        "index": 117,
        "step": "context\n  fixes f\n  assumes wff: \"wf_set_bits_int f\"\nbegin",
        "output": "",
        "raw_output": "",
        "step_time": 0.0067005157470703125
    },
    {
        "index": 118,
        "step": "lemma int_set_bits_unfold_BIT:\n  \"set_bits f = of_bool (f 0) + (2 :: int) * set_bits (f \\<circ> Suc)\"",
        "output": "",
        "raw_output": "proof (prove)\ngoal (1 subgoal):\n 1. set_bits f = of_bool (f 0) + 2 * set_bits (f \\<circ> Suc)",
        "step_time": 0.008052825927734375
    },
    {
        "index": 119,
        "step": "using wff",
        "output": "",
        "raw_output": "proof (prove)\nusing this:\nwf_set_bits_int f\n\ngoal (1 subgoal):\n 1. set_bits f = of_bool (f 0) + 2 * set_bits (f \\<circ> Suc)",
        "step_time": 0.0050771236419677734
    },
    {
        "index": 120,
        "step": "proof cases",
        "output": "",
        "raw_output": "proof (state)\ngoal (2 subgoals):\n 1. \\<And>n. \\<forall>n'\\<ge>n. \\<not> f n' \\<Longrightarrow> set_bits f = of_bool (f 0) + 2 * set_bits (f \\<circ> Suc)\n 2. \\<And>n. \\<forall>n'\\<ge>n. f n' \\<Longrightarrow> set_bits f = of_bool (f 0) + 2 * set_bits (f \\<circ> Suc)",
        "step_time": 0.006127119064331055
    },
    {
        "index": 121,
        "step": "case (zeros n)",
        "output": "",
        "raw_output": "proof (state)\nthis:\n\\<forall>n'\\<ge>n. \\<not> f n'\n\ngoal (2 subgoals):\n 1. \\<And>n. \\<forall>n'\\<ge>n. \\<not> f n' \\<Longrightarrow> set_bits f = of_bool (f 0) + 2 * set_bits (f \\<circ> Suc)\n 2. \\<And>n. \\<forall>n'\\<ge>n. f n' \\<Longrightarrow> set_bits f = of_bool (f 0) + 2 * set_bits (f \\<circ> Suc)",
        "step_time": 0.005777120590209961
    },
    {
        "index": 122,
        "step": "show ?thesis",
        "output": "",
        "raw_output": "proof (prove)\ngoal (1 subgoal):\n 1. set_bits f = of_bool (f 0) + 2 * set_bits (f \\<circ> Suc)",
        "step_time": 0.005897045135498047
    },
    {
        "index": 123,
        "step": "proof(cases \"\\<forall>n. \\<not> f n\")",
        "output": "",
        "raw_output": "proof (state)\ngoal (2 subgoals):\n 1. \\<forall>n. \\<not> f n \\<Longrightarrow> set_bits f = of_bool (f 0) + 2 * set_bits (f \\<circ> Suc)\n 2. \\<not> (\\<forall>n. \\<not> f n) \\<Longrightarrow> set_bits f = of_bool (f 0) + 2 * set_bits (f \\<circ> Suc)",
        "step_time": 0.007562398910522461
    },
    {
        "index": 124,
        "step": "case True",
        "output": "",
        "raw_output": "proof (state)\nthis:\n\\<forall>n. \\<not> f n\n\ngoal (2 subgoals):\n 1. \\<forall>n. \\<not> f n \\<Longrightarrow> set_bits f = of_bool (f 0) + 2 * set_bits (f \\<circ> Suc)\n 2. \\<not> (\\<forall>n. \\<not> f n) \\<Longrightarrow> set_bits f = of_bool (f 0) + 2 * set_bits (f \\<circ> Suc)",
        "step_time": 0.006304264068603516
    },
    {
        "index": 125,
        "step": "hence \"f = (\\<lambda>_. False)\"",
        "output": "",
        "raw_output": "proof (prove)\nusing this:\n\\<forall>n. \\<not> f n\n\ngoal (1 subgoal):\n 1. f = (\\<lambda>_. False)",
        "step_time": 0.005811452865600586
    },
    {
        "index": 126,
        "step": "by auto",
        "output": "",
        "raw_output": "proof (state)\nthis:\nf = (\\<lambda>_. False)\n\ngoal (2 subgoals):\n 1. \\<forall>n. \\<not> f n \\<Longrightarrow> set_bits f = of_bool (f 0) + 2 * set_bits (f \\<circ> Suc)\n 2. \\<not> (\\<forall>n. \\<not> f n) \\<Longrightarrow> set_bits f = of_bool (f 0) + 2 * set_bits (f \\<circ> Suc)",
        "step_time": 0.0075075626373291016
    },
    {
        "index": 127,
        "step": "thus ?thesis",
        "output": "",
        "raw_output": "proof (prove)\nusing this:\nf = (\\<lambda>_. False)\n\ngoal (1 subgoal):\n 1. set_bits f = of_bool (f 0) + 2 * set_bits (f \\<circ> Suc)",
        "step_time": 0.007163047790527344
    },
    {
        "index": 128,
        "step": "using True",
        "output": "",
        "raw_output": "proof (prove)\nusing this:\nf = (\\<lambda>_. False)\n\\<forall>n. \\<not> f n\n\ngoal (1 subgoal):\n 1. set_bits f = of_bool (f 0) + 2 * set_bits (f \\<circ> Suc)",
        "step_time": 0.0055773258209228516
    },
    {
        "index": 129,
        "step": "by(simp add: o_def)",
        "output": "",
        "raw_output": "proof (state)\nthis:\nset_bits f = of_bool (f 0) + 2 * set_bits (f \\<circ> Suc)\n\ngoal (1 subgoal):\n 1. \\<not> (\\<forall>n. \\<not> f n) \\<Longrightarrow> set_bits f = of_bool (f 0) + 2 * set_bits (f \\<circ> Suc)",
        "step_time": 0.009813070297241211
    },
    {
        "index": 130,
        "step": "next",
        "output": "",
        "raw_output": "proof (state)\ngoal (1 subgoal):\n 1. \\<not> (\\<forall>n. \\<not> f n) \\<Longrightarrow> set_bits f = of_bool (f 0) + 2 * set_bits (f \\<circ> Suc)",
        "step_time": 0.005092620849609375
    },
    {
        "index": 131,
        "step": "case False",
        "output": "",
        "raw_output": "proof (state)\nthis:\n\\<not> (\\<forall>n. \\<not> f n)\n\ngoal (1 subgoal):\n 1. \\<not> (\\<forall>n. \\<not> f n) \\<Longrightarrow> set_bits f = of_bool (f 0) + 2 * set_bits (f \\<circ> Suc)",
        "step_time": 0.005818843841552734
    },
    {
        "index": 132,
        "step": "then",
        "output": "",
        "raw_output": "proof (chain)\npicking this:\n\\<not> (\\<forall>n. \\<not> f n)",
        "step_time": 0.004347324371337891
    },
    {
        "index": 133,
        "step": "obtain n' where \"f n'\"",
        "output": "",
        "raw_output": "proof (prove)\nusing this:\n\\<not> (\\<forall>n. \\<not> f n)\n\ngoal (1 subgoal):\n 1. (\\<And>n'. f n' \\<Longrightarrow> thesis) \\<Longrightarrow> thesis",
        "step_time": 0.006139993667602539
    },
    {
        "index": 134,
        "step": "by blast",
        "output": "",
        "raw_output": "proof (state)\nthis:\nf n'\n\ngoal (1 subgoal):\n 1. \\<not> (\\<forall>n. \\<not> f n) \\<Longrightarrow> set_bits f = of_bool (f 0) + 2 * set_bits (f \\<circ> Suc)",
        "step_time": 0.006384849548339844
    },
    {
        "index": 135,
        "step": "with zeros",
        "output": "",
        "raw_output": "proof (chain)\npicking this:\n\\<forall>n'\\<ge>n. \\<not> f n'\nf n'",
        "step_time": 0.0051038265228271484
    },
    {
        "index": 136,
        "step": "have \"(LEAST n. \\<forall>n'\\<ge>n. \\<not> f n') = Suc (LEAST n. \\<forall>n'\\<ge>Suc n. \\<not> f n')\"",
        "output": "",
        "raw_output": "proof (prove)\nusing this:\n\\<forall>n'\\<ge>n. \\<not> f n'\nf n'\n\ngoal (1 subgoal):\n 1. (LEAST n. \\<forall>n'\\<ge>n. \\<not> f n') = Suc (LEAST n. \\<forall>n'\\<ge>Suc n. \\<not> f n')",
        "step_time": 0.007572174072265625
    },
    {
        "index": 137,
        "step": "by(auto intro: Least_Suc)",
        "output": "",
        "raw_output": "proof (state)\nthis:\n(LEAST n. \\<forall>n'\\<ge>n. \\<not> f n') = Suc (LEAST n. \\<forall>n'\\<ge>Suc n. \\<not> f n')\n\ngoal (1 subgoal):\n 1. \\<not> (\\<forall>n. \\<not> f n) \\<Longrightarrow> set_bits f = of_bool (f 0) + 2 * set_bits (f \\<circ> Suc)",
        "step_time": 0.01622605323791504
    },
    {
        "index": 138,
        "step": "also",
        "output": "",
        "raw_output": "proof (state)\nthis:\n(LEAST n. \\<forall>n'\\<ge>n. \\<not> f n') = Suc (LEAST n. \\<forall>n'\\<ge>Suc n. \\<not> f n')\n\ngoal (1 subgoal):\n 1. \\<not> (\\<forall>n. \\<not> f n) \\<Longrightarrow> set_bits f = of_bool (f 0) + 2 * set_bits (f \\<circ> Suc)",
        "step_time": 0.006131887435913086
    },
    {
        "index": 139,
        "step": "have \"(\\<lambda>n. \\<forall>n'\\<ge>Suc n. \\<not> f n') = (\\<lambda>n. \\<forall>n'\\<ge>n. \\<not> f (Suc n'))\"",
        "output": "",
        "raw_output": "proof (prove)\ngoal (1 subgoal):\n 1. (\\<lambda>n. \\<forall>n'\\<ge>Suc n. \\<not> f n') = (\\<lambda>n. \\<forall>n'\\<ge>n. \\<not> f (Suc n'))",
        "step_time": 0.00815582275390625
    },
    {
        "index": 140,
        "step": "by(auto dest: Suc_le_D)",
        "output": "",
        "raw_output": "proof (state)\nthis:\n(\\<lambda>n. \\<forall>n'\\<ge>Suc n. \\<not> f n') = (\\<lambda>n. \\<forall>n'\\<ge>n. \\<not> f (Suc n'))\n\ngoal (1 subgoal):\n 1. \\<not> (\\<forall>n. \\<not> f n) \\<Longrightarrow> set_bits f = of_bool (f 0) + 2 * set_bits (f \\<circ> Suc)",
        "step_time": 0.00972127914428711
    },
    {
        "index": 141,
        "step": "also",
        "output": "",
        "raw_output": "proof (state)\nthis:\n(\\<lambda>n. \\<forall>n'\\<ge>Suc n. \\<not> f n') = (\\<lambda>n. \\<forall>n'\\<ge>n. \\<not> f (Suc n'))\n\ngoal (1 subgoal):\n 1. \\<not> (\\<forall>n. \\<not> f n) \\<Longrightarrow> set_bits f = of_bool (f 0) + 2 * set_bits (f \\<circ> Suc)",
        "step_time": 0.006255626678466797
    },
    {
        "index": 142,
        "step": "from zeros",
        "output": "",
        "raw_output": "proof (chain)\npicking this:\n\\<forall>n'\\<ge>n. \\<not> f n'",
        "step_time": 0.004613399505615234
    },
    {
        "index": 143,
        "step": "have \"\\<forall>n'\\<ge>n. \\<not> f (Suc n')\"",
        "output": "",
        "raw_output": "proof (prove)\nusing this:\n\\<forall>n'\\<ge>n. \\<not> f n'\n\ngoal (1 subgoal):\n 1. \\<forall>n'\\<ge>n. \\<not> f (Suc n')",
        "step_time": 0.006379604339599609
    },
    {
        "index": 144,
        "step": "by auto",
        "output": "",
        "raw_output": "proof (state)\nthis:\n\\<forall>n'\\<ge>n. \\<not> f (Suc n')\n\ngoal (1 subgoal):\n 1. \\<not> (\\<forall>n. \\<not> f n) \\<Longrightarrow> set_bits f = of_bool (f 0) + 2 * set_bits (f \\<circ> Suc)",
        "step_time": 0.011015892028808594
    },
    {
        "index": 145,
        "step": "ultimately",
        "output": "",
        "raw_output": "proof (chain)\npicking this:\n(LEAST n. \\<forall>n'\\<ge>n. \\<not> f n') = Suc (LEAST n. \\<forall>n'\\<ge>n. \\<not> f (Suc n'))\n\\<forall>n'\\<ge>n. \\<not> f (Suc n')",
        "step_time": 0.006197690963745117
    },
    {
        "index": 146,
        "step": "show ?thesis",
        "output": "",
        "raw_output": "proof (prove)\nusing this:\n(LEAST n. \\<forall>n'\\<ge>n. \\<not> f n') = Suc (LEAST n. \\<forall>n'\\<ge>n. \\<not> f (Suc n'))\n\\<forall>n'\\<ge>n. \\<not> f (Suc n')\n\ngoal (1 subgoal):\n 1. set_bits f = of_bool (f 0) + 2 * set_bits (f \\<circ> Suc)",
        "step_time": 0.0074346065521240234
    },
    {
        "index": 147,
        "step": "using zeros",
        "output": "",
        "raw_output": "proof (prove)\nusing this:\n(LEAST n. \\<forall>n'\\<ge>n. \\<not> f n') = Suc (LEAST n. \\<forall>n'\\<ge>n. \\<not> f (Suc n'))\n\\<forall>n'\\<ge>n. \\<not> f (Suc n')\n\\<forall>n'\\<ge>n. \\<not> f n'\n\ngoal (1 subgoal):\n 1. set_bits f = of_bool (f 0) + 2 * set_bits (f \\<circ> Suc)",
        "step_time": 0.005597114562988281
    },
    {
        "index": 148,
        "step": "apply (simp (no_asm_simp) add: set_bits_int_unfold' exI\n        del: upt.upt_Suc flip: map_map split del: if_split)",
        "output": "",
        "raw_output": "proof (prove)\ngoal (1 subgoal):\n 1. \\<lbrakk>(LEAST n. \\<forall>n'\\<ge>n. \\<not> f n') = Suc (LEAST n. \\<forall>n'\\<ge>n. \\<not> f (Suc n')); \\<forall>n'\\<ge>n. \\<not> f (Suc n'); \\<forall>n'\\<ge>n. \\<not> f n'\\<rbrakk> \\<Longrightarrow> (f 0 \\<longrightarrow> horner_sum of_bool 2 (map f [0..<Suc (LEAST n. \\<forall>n'\\<ge>n. \\<not> f (Suc n'))]) = 1 + 2 * horner_sum of_bool 2 (map f (map Suc [0..<LEAST n. \\<forall>n'\\<ge>n. \\<not> f (Suc n')]))) \\<and> (\\<not> f 0 \\<longrightarrow> horner_sum of_bool 2 (map f [0..<Suc (LEAST n. \\<forall>n'\\<ge>n. \\<not> f (Suc n'))]) = 2 * horner_sum of_bool 2 (map f (map Suc [0..<LEAST n. \\<forall>n'\\<ge>n. \\<not> f (Suc n')])))",
        "step_time": 0.05735325813293457
    },
    {
        "index": 149,
        "step": "apply (simp only: map_Suc_upt upt_conv_Cons)",
        "output": "",
        "raw_output": "proof (prove)\ngoal (1 subgoal):\n 1. \\<lbrakk>(LEAST n. \\<forall>n'\\<ge>n. \\<not> f n') = Suc (LEAST n. \\<forall>n'\\<ge>n. \\<not> f (Suc n')); \\<forall>n'\\<ge>n. \\<not> f (Suc n'); \\<forall>n'\\<ge>n. \\<not> f n'\\<rbrakk> \\<Longrightarrow> (f 0 \\<longrightarrow> horner_sum of_bool 2 (map f (0 # [Suc 0..<Suc (LEAST n. \\<forall>n'\\<ge>n. \\<not> f (Suc n'))])) = 1 + 2 * horner_sum of_bool 2 (map f [Suc 0..<Suc (LEAST n. \\<forall>n'\\<ge>n. \\<not> f (Suc n'))])) \\<and> (\\<not> f 0 \\<longrightarrow> horner_sum of_bool 2 (map f (0 # [Suc 0..<Suc (LEAST n. \\<forall>n'\\<ge>n. \\<not> f (Suc n'))])) = 2 * horner_sum of_bool 2 (map f [Suc 0..<Suc (LEAST n. \\<forall>n'\\<ge>n. \\<not> f (Suc n'))]))",
        "step_time": 0.030553340911865234
    },
    {
        "index": 150,
        "step": "apply simp",
        "output": "",
        "raw_output": "proof (prove)\ngoal:\nNo subgoals!",
        "step_time": 0.039978981018066406
    },
    {
        "index": 151,
        "step": "done",
        "output": "",
        "raw_output": "proof (state)\nthis:\nset_bits f = of_bool (f 0) + 2 * set_bits (f \\<circ> Suc)\n\ngoal:\nNo subgoals!",
        "step_time": 0.008306026458740234
    },
    {
        "index": 152,
        "step": "qed",
        "output": "",
        "raw_output": "proof (state)\nthis:\nset_bits f = of_bool (f 0) + 2 * set_bits (f \\<circ> Suc)\n\ngoal (1 subgoal):\n 1. \\<And>n. \\<forall>n'\\<ge>n. f n' \\<Longrightarrow> set_bits f = of_bool (f 0) + 2 * set_bits (f \\<circ> Suc)",
        "step_time": 0.008703470230102539
    },
    {
        "index": 153,
        "step": "next",
        "output": "",
        "raw_output": "proof (state)\ngoal (1 subgoal):\n 1. \\<And>n. \\<forall>n'\\<ge>n. f n' \\<Longrightarrow> set_bits f = of_bool (f 0) + 2 * set_bits (f \\<circ> Suc)",
        "step_time": 0.006395101547241211
    },
    {
        "index": 154,
        "step": "case (ones n)",
        "output": "",
        "raw_output": "proof (state)\nthis:\n\\<forall>n'\\<ge>n. f n'\n\ngoal (1 subgoal):\n 1. \\<And>n. \\<forall>n'\\<ge>n. f n' \\<Longrightarrow> set_bits f = of_bool (f 0) + 2 * set_bits (f \\<circ> Suc)",
        "step_time": 0.006109476089477539
    },
    {
        "index": 155,
        "step": "show ?thesis",
        "output": "",
        "raw_output": "proof (prove)\ngoal (1 subgoal):\n 1. set_bits f = of_bool (f 0) + 2 * set_bits (f \\<circ> Suc)",
        "step_time": 0.006334781646728516
    },
    {
        "index": 156,
        "step": "proof(cases \"\\<forall>n. f n\")",
        "output": "",
        "raw_output": "proof (state)\ngoal (2 subgoals):\n 1. \\<forall>n. f n \\<Longrightarrow> set_bits f = of_bool (f 0) + 2 * set_bits (f \\<circ> Suc)\n 2. \\<not> (\\<forall>n. f n) \\<Longrightarrow> set_bits f = of_bool (f 0) + 2 * set_bits (f \\<circ> Suc)",
        "step_time": 0.007912158966064453
    },
    {
        "index": 157,
        "step": "case True",
        "output": "",
        "raw_output": "proof (state)\nthis:\n\\<forall>n. f n\n\ngoal (2 subgoals):\n 1. \\<forall>n. f n \\<Longrightarrow> set_bits f = of_bool (f 0) + 2 * set_bits (f \\<circ> Suc)\n 2. \\<not> (\\<forall>n. f n) \\<Longrightarrow> set_bits f = of_bool (f 0) + 2 * set_bits (f \\<circ> Suc)",
        "step_time": 0.006022214889526367
    },
    {
        "index": 158,
        "step": "hence \"f = (\\<lambda>_. True)\"",
        "output": "",
        "raw_output": "proof (prove)\nusing this:\n\\<forall>n. f n\n\ngoal (1 subgoal):\n 1. f = (\\<lambda>_. True)",
        "step_time": 0.0057871341705322266
    },
    {
        "index": 159,
        "step": "by auto",
        "output": "",
        "raw_output": "proof (state)\nthis:\nf = (\\<lambda>_. True)\n\ngoal (2 subgoals):\n 1. \\<forall>n. f n \\<Longrightarrow> set_bits f = of_bool (f 0) + 2 * set_bits (f \\<circ> Suc)\n 2. \\<not> (\\<forall>n. f n) \\<Longrightarrow> set_bits f = of_bool (f 0) + 2 * set_bits (f \\<circ> Suc)",
        "step_time": 0.00805211067199707
    },
    {
        "index": 160,
        "step": "thus ?thesis",
        "output": "",
        "raw_output": "proof (prove)\nusing this:\nf = (\\<lambda>_. True)\n\ngoal (1 subgoal):\n 1. set_bits f = of_bool (f 0) + 2 * set_bits (f \\<circ> Suc)",
        "step_time": 0.006527423858642578
    },
    {
        "index": 161,
        "step": "using True",
        "output": "",
        "raw_output": "proof (prove)\nusing this:\nf = (\\<lambda>_. True)\n\\<forall>n. f n\n\ngoal (1 subgoal):\n 1. set_bits f = of_bool (f 0) + 2 * set_bits (f \\<circ> Suc)",
        "step_time": 0.0052607059478759766
    },
    {
        "index": 162,
        "step": "by(simp add: o_def)",
        "output": "",
        "raw_output": "proof (state)\nthis:\nset_bits f = of_bool (f 0) + 2 * set_bits (f \\<circ> Suc)\n\ngoal (1 subgoal):\n 1. \\<not> (\\<forall>n. f n) \\<Longrightarrow> set_bits f = of_bool (f 0) + 2 * set_bits (f \\<circ> Suc)",
        "step_time": 0.009587287902832031
    },
    {
        "index": 163,
        "step": "next",
        "output": "",
        "raw_output": "proof (state)\ngoal (1 subgoal):\n 1. \\<not> (\\<forall>n. f n) \\<Longrightarrow> set_bits f = of_bool (f 0) + 2 * set_bits (f \\<circ> Suc)",
        "step_time": 0.0056040287017822266
    },
    {
        "index": 164,
        "step": "case False",
        "output": "",
        "raw_output": "proof (state)\nthis:\n\\<not> (\\<forall>n. f n)\n\ngoal (1 subgoal):\n 1. \\<not> (\\<forall>n. f n) \\<Longrightarrow> set_bits f = of_bool (f 0) + 2 * set_bits (f \\<circ> Suc)",
        "step_time": 0.0060272216796875
    },
    {
        "index": 165,
        "step": "then",
        "output": "",
        "raw_output": "proof (chain)\npicking this:\n\\<not> (\\<forall>n. f n)",
        "step_time": 0.0046672821044921875
    },
    {
        "index": 166,
        "step": "obtain n' where \"\\<not> f n'\"",
        "output": "",
        "raw_output": "proof (prove)\nusing this:\n\\<not> (\\<forall>n. f n)\n\ngoal (1 subgoal):\n 1. (\\<And>n'. \\<not> f n' \\<Longrightarrow> thesis) \\<Longrightarrow> thesis",
        "step_time": 0.006949663162231445
    },
    {
        "index": 167,
        "step": "by blast",
        "output": "",
        "raw_output": "proof (state)\nthis:\n\\<not> f n'\n\ngoal (1 subgoal):\n 1. \\<not> (\\<forall>n. f n) \\<Longrightarrow> set_bits f = of_bool (f 0) + 2 * set_bits (f \\<circ> Suc)",
        "step_time": 0.006697893142700195
    },
    {
        "index": 168,
        "step": "with ones",
        "output": "",
        "raw_output": "proof (chain)\npicking this:\n\\<forall>n'\\<ge>n. f n'\n\\<not> f n'",
        "step_time": 0.006365060806274414
    },
    {
        "index": 169,
        "step": "have \"(LEAST n. \\<forall>n'\\<ge>n. f n') = Suc (LEAST n. \\<forall>n'\\<ge>Suc n. f n')\"",
        "output": "",
        "raw_output": "proof (prove)\nusing this:\n\\<forall>n'\\<ge>n. f n'\n\\<not> f n'\n\ngoal (1 subgoal):\n 1. (LEAST n. \\<forall>n'\\<ge>n. f n') = Suc (LEAST n. \\<forall>n'\\<ge>Suc n. f n')",
        "step_time": 0.007432222366333008
    },
    {
        "index": 170,
        "step": "by(auto intro: Least_Suc)",
        "output": "",
        "raw_output": "proof (state)\nthis:\n(LEAST n. \\<forall>n'\\<ge>n. f n') = Suc (LEAST n. \\<forall>n'\\<ge>Suc n. f n')\n\ngoal (1 subgoal):\n 1. \\<not> (\\<forall>n. f n) \\<Longrightarrow> set_bits f = of_bool (f 0) + 2 * set_bits (f \\<circ> Suc)",
        "step_time": 0.012883186340332031
    },
    {
        "index": 171,
        "step": "also",
        "output": "",
        "raw_output": "proof (state)\nthis:\n(LEAST n. \\<forall>n'\\<ge>n. f n') = Suc (LEAST n. \\<forall>n'\\<ge>Suc n. f n')\n\ngoal (1 subgoal):\n 1. \\<not> (\\<forall>n. f n) \\<Longrightarrow> set_bits f = of_bool (f 0) + 2 * set_bits (f \\<circ> Suc)",
        "step_time": 0.005551338195800781
    },
    {
        "index": 172,
        "step": "have \"(\\<lambda>n. \\<forall>n'\\<ge>Suc n. f n') = (\\<lambda>n. \\<forall>n'\\<ge>n. f (Suc n'))\"",
        "output": "",
        "raw_output": "proof (prove)\ngoal (1 subgoal):\n 1. (\\<lambda>n. \\<forall>n'\\<ge>Suc n. f n') = (\\<lambda>n. \\<forall>n'\\<ge>n. f (Suc n'))",
        "step_time": 0.007362842559814453
    },
    {
        "index": 173,
        "step": "by(auto dest: Suc_le_D)",
        "output": "",
        "raw_output": "proof (state)\nthis:\n(\\<lambda>n. \\<forall>n'\\<ge>Suc n. f n') = (\\<lambda>n. \\<forall>n'\\<ge>n. f (Suc n'))\n\ngoal (1 subgoal):\n 1. \\<not> (\\<forall>n. f n) \\<Longrightarrow> set_bits f = of_bool (f 0) + 2 * set_bits (f \\<circ> Suc)",
        "step_time": 0.011076927185058594
    },
    {
        "index": 174,
        "step": "also",
        "output": "",
        "raw_output": "proof (state)\nthis:\n(\\<lambda>n. \\<forall>n'\\<ge>Suc n. f n') = (\\<lambda>n. \\<forall>n'\\<ge>n. f (Suc n'))\n\ngoal (1 subgoal):\n 1. \\<not> (\\<forall>n. f n) \\<Longrightarrow> set_bits f = of_bool (f 0) + 2 * set_bits (f \\<circ> Suc)",
        "step_time": 0.005028247833251953
    },
    {
        "index": 175,
        "step": "from ones",
        "output": "",
        "raw_output": "proof (chain)\npicking this:\n\\<forall>n'\\<ge>n. f n'",
        "step_time": 0.004682064056396484
    },
    {
        "index": 176,
        "step": "have \"\\<forall>n'\\<ge>n. f (Suc n')\"",
        "output": "",
        "raw_output": "proof (prove)\nusing this:\n\\<forall>n'\\<ge>n. f n'\n\ngoal (1 subgoal):\n 1. \\<forall>n'\\<ge>n. f (Suc n')",
        "step_time": 0.005687236785888672
    },
    {
        "index": 177,
        "step": "by auto",
        "output": "",
        "raw_output": "proof (state)\nthis:\n\\<forall>n'\\<ge>n. f (Suc n')\n\ngoal (1 subgoal):\n 1. \\<not> (\\<forall>n. f n) \\<Longrightarrow> set_bits f = of_bool (f 0) + 2 * set_bits (f \\<circ> Suc)",
        "step_time": 0.011258125305175781
    },
    {
        "index": 178,
        "step": "moreover",
        "output": "",
        "raw_output": "proof (state)\nthis:\n\\<forall>n'\\<ge>n. f (Suc n')\n\ngoal (1 subgoal):\n 1. \\<not> (\\<forall>n. f n) \\<Longrightarrow> set_bits f = of_bool (f 0) + 2 * set_bits (f \\<circ> Suc)",
        "step_time": 0.005432844161987305
    },
    {
        "index": 179,
        "step": "from ones",
        "output": "",
        "raw_output": "proof (chain)\npicking this:\n\\<forall>n'\\<ge>n. f n'",
        "step_time": 0.004183530807495117
    },
    {
        "index": 180,
        "step": "have \"(\\<exists>n. \\<forall>n'\\<ge>n. \\<not> f n') = False\"",
        "output": "",
        "raw_output": "proof (prove)\nusing this:\n\\<forall>n'\\<ge>n. f n'\n\ngoal (1 subgoal):\n 1. (\\<exists>n. \\<forall>n'\\<ge>n. \\<not> f n') = False",
        "step_time": 0.006272554397583008
    },
    {
        "index": 181,
        "step": "by(auto intro!: exI[where x=\"max n m\" for n m] simp add: max_def split: if_split_asm)",
        "output": "",
        "raw_output": "proof (state)\nthis:\n(\\<exists>n. \\<forall>n'\\<ge>n. \\<not> f n') = False\n\ngoal (1 subgoal):\n 1. \\<not> (\\<forall>n. f n) \\<Longrightarrow> set_bits f = of_bool (f 0) + 2 * set_bits (f \\<circ> Suc)",
        "step_time": 0.027971982955932617
    },
    {
        "index": 182,
        "step": "moreover",
        "output": "",
        "raw_output": "proof (state)\nthis:\n(\\<exists>n. \\<forall>n'\\<ge>n. \\<not> f n') = False\n\ngoal (1 subgoal):\n 1. \\<not> (\\<forall>n. f n) \\<Longrightarrow> set_bits f = of_bool (f 0) + 2 * set_bits (f \\<circ> Suc)",
        "step_time": 0.008089542388916016
    },
    {
        "index": 183,
        "step": "hence \"(\\<exists>n. \\<forall>n'\\<ge>n. \\<not> f (Suc n')) = False\"",
        "output": "",
        "raw_output": "proof (prove)\nusing this:\n(\\<exists>n. \\<forall>n'\\<ge>n. \\<not> f n') = False\n\ngoal (1 subgoal):\n 1. (\\<exists>n. \\<forall>n'\\<ge>n. \\<not> f (Suc n')) = False",
        "step_time": 0.007058382034301758
    },
    {
        "index": 184,
        "step": "by(auto elim: allE[where x=\"Suc n\" for n] dest: Suc_le_D)",
        "output": "",
        "raw_output": "proof (state)\nthis:\n(\\<exists>n. \\<forall>n'\\<ge>n. \\<not> f (Suc n')) = False\n\ngoal (1 subgoal):\n 1. \\<not> (\\<forall>n. f n) \\<Longrightarrow> set_bits f = of_bool (f 0) + 2 * set_bits (f \\<circ> Suc)",
        "step_time": 0.014681339263916016
    },
    {
        "index": 185,
        "step": "ultimately",
        "output": "",
        "raw_output": "proof (chain)\npicking this:\n(LEAST n. \\<forall>n'\\<ge>n. f n') = Suc (LEAST n. \\<forall>n'\\<ge>n. f (Suc n'))\n\\<forall>n'\\<ge>n. f (Suc n')\n(\\<exists>n. \\<forall>n'\\<ge>n. \\<not> f n') = False\n(\\<exists>n. \\<forall>n'\\<ge>n. \\<not> f (Suc n')) = False",
        "step_time": 0.006994009017944336
    },
    {
        "index": 186,
        "step": "show ?thesis",
        "output": "",
        "raw_output": "proof (prove)\nusing this:\n(LEAST n. \\<forall>n'\\<ge>n. f n') = Suc (LEAST n. \\<forall>n'\\<ge>n. f (Suc n'))\n\\<forall>n'\\<ge>n. f (Suc n')\n(\\<exists>n. \\<forall>n'\\<ge>n. \\<not> f n') = False\n(\\<exists>n. \\<forall>n'\\<ge>n. \\<not> f (Suc n')) = False\n\ngoal (1 subgoal):\n 1. set_bits f = of_bool (f 0) + 2 * set_bits (f \\<circ> Suc)",
        "step_time": 0.007102489471435547
    },
    {
        "index": 187,
        "step": "using ones",
        "output": "",
        "raw_output": "proof (prove)\nusing this:\n(LEAST n. \\<forall>n'\\<ge>n. f n') = Suc (LEAST n. \\<forall>n'\\<ge>n. f (Suc n'))\n\\<forall>n'\\<ge>n. f (Suc n')\n(\\<exists>n. \\<forall>n'\\<ge>n. \\<not> f n') = False\n(\\<exists>n. \\<forall>n'\\<ge>n. \\<not> f (Suc n')) = False\n\\<forall>n'\\<ge>n. f n'\n\ngoal (1 subgoal):\n 1. set_bits f = of_bool (f 0) + 2 * set_bits (f \\<circ> Suc)",
        "step_time": 0.004946708679199219
    },
    {
        "index": 188,
        "step": "apply (simp (no_asm_simp) add: set_bits_int_unfold' exI split del: if_split)",
        "output": "",
        "raw_output": "proof (prove)\ngoal (1 subgoal):\n 1. \\<lbrakk>(LEAST n. \\<forall>n'\\<ge>n. f n') = Suc (LEAST n. \\<forall>n'\\<ge>n. f (Suc n')); \\<forall>n'\\<ge>n. f (Suc n'); (\\<exists>n. \\<forall>n'\\<ge>n. \\<not> f n') = False; (\\<exists>n. \\<forall>n'\\<ge>n. \\<not> f (Suc n')) = False; \\<forall>n'\\<ge>n. f n'\\<rbrakk> \\<Longrightarrow> (f 0 \\<longrightarrow> signed_take_bit (Suc (LEAST n. \\<forall>n'\\<ge>n. f (Suc n'))) (horner_sum of_bool 2 (map f [0..<LEAST n. \\<forall>n'\\<ge>n. f (Suc n')] @ [f (LEAST n. \\<forall>n'\\<ge>n. f (Suc n')), True])) = 1 + 2 * (let n = LEAST n. \\<forall>n'\\<ge>n. f (Suc n') in signed_take_bit n (horner_sum of_bool 2 (map (f \\<circ> Suc) [0..<n] @ [True])))) \\<and> (\\<not> f 0 \\<longrightarrow> signed_take_bit (Suc (LEAST n. \\<forall>n'\\<ge>n. f (Suc n'))) (horner_sum of_bool 2 (map f [0..<LEAST n. \\<forall>n'\\<ge>n. f (Suc n')] @ [f (LEAST n. \\<forall>n'\\<ge>n. f (Suc n')), True])) = 2 * (let n = LEAST n. \\<forall>n'\\<ge>n. f (Suc n') in signed_take_bit n (horner_sum of_bool 2 (map (f \\<circ> Suc) [0..<n] @ [True]))))",
        "step_time": 0.11149072647094727
    },
    {
        "index": 189,
        "step": "apply (auto simp add: Let_def hd_map map_tl[symmetric] map_map[symmetric] map_Suc_upt upt_conv_Cons signed_take_bit_Suc\n        not_le simp del: map_map)",
        "output": "",
        "raw_output": "proof (prove)\ngoal:\nNo subgoals!",
        "step_time": 0.6071081161499023
    },
    {
        "index": 190,
        "step": "done",
        "output": "",
        "raw_output": "proof (state)\nthis:\nset_bits f = of_bool (f 0) + 2 * set_bits (f \\<circ> Suc)\n\ngoal:\nNo subgoals!",
        "step_time": 0.010798454284667969
    },
    {
        "index": 191,
        "step": "qed",
        "output": "",
        "raw_output": "proof (state)\nthis:\nset_bits f = of_bool (f 0) + 2 * set_bits (f \\<circ> Suc)\n\ngoal:\nNo subgoals!",
        "step_time": 0.007045745849609375
    },
    {
        "index": 192,
        "step": "qed",
        "output": "",
        "raw_output": "",
        "step_time": 0.0072689056396484375
    },
    {
        "index": 193,
        "step": "lemma bin_last_set_bits [simp]:\n  \"odd (set_bits f :: int) = f 0\"",
        "output": "",
        "raw_output": "proof (prove)\ngoal (1 subgoal):\n 1. odd (set_bits f) = f 0",
        "step_time": 0.008160829544067383
    },
    {
        "index": 194,
        "step": "by (subst int_set_bits_unfold_BIT) simp_all",
        "output": "",
        "raw_output": "",
        "step_time": 0.008613109588623047
    },
    {
        "index": 195,
        "step": "lemma bin_rest_set_bits [simp]:\n  \"set_bits f div (2 :: int) = set_bits (f \\<circ> Suc)\"",
        "output": "",
        "raw_output": "proof (prove)\ngoal (1 subgoal):\n 1. set_bits f div 2 = set_bits (f \\<circ> Suc)",
        "step_time": 0.008683919906616211
    },
    {
        "index": 196,
        "step": "by (subst int_set_bits_unfold_BIT) simp_all",
        "output": "",
        "raw_output": "",
        "step_time": 0.025296449661254883
    },
    {
        "index": 197,
        "step": "lemma bin_nth_set_bits [simp]:\n  \"bit (set_bits f :: int) m \\<longleftrightarrow> f m\"",
        "output": "",
        "raw_output": "proof (prove)\ngoal (1 subgoal):\n 1. bit (set_bits f) m = f m",
        "step_time": 0.007170677185058594
    },
    {
        "index": 198,
        "step": "using wff",
        "output": "",
        "raw_output": "proof (prove)\nusing this:\nwf_set_bits_int f\n\ngoal (1 subgoal):\n 1. bit (set_bits f) m = f m",
        "step_time": 0.006517171859741211
    },
    {
        "index": 199,
        "step": "proof (induction m arbitrary: f)",
        "output": "",
        "raw_output": "proof (state)\ngoal (2 subgoals):\n 1. \\<And>f. wf_set_bits_int f \\<Longrightarrow> bit (set_bits f) 0 = f 0\n 2. \\<And>m f. \\<lbrakk>\\<And>f. wf_set_bits_int f \\<Longrightarrow> bit (set_bits f) m = f m; wf_set_bits_int f\\<rbrakk> \\<Longrightarrow> bit (set_bits f) (Suc m) = f (Suc m)",
        "step_time": 0.011366128921508789
    },
    {
        "index": 200,
        "step": "case 0",
        "output": "",
        "raw_output": "proof (state)\nthis:\nwf_set_bits_int f\n\ngoal (2 subgoals):\n 1. \\<And>f. wf_set_bits_int f \\<Longrightarrow> bit (set_bits f) 0 = f 0\n 2. \\<And>m f. \\<lbrakk>\\<And>f. wf_set_bits_int f \\<Longrightarrow> bit (set_bits f) m = f m; wf_set_bits_int f\\<rbrakk> \\<Longrightarrow> bit (set_bits f) (Suc m) = f (Suc m)",
        "step_time": 0.008642911911010742
    },
    {
        "index": 201,
        "step": "then",
        "output": "",
        "raw_output": "proof (chain)\npicking this:\nwf_set_bits_int f",
        "step_time": 0.00847625732421875
    },
    {
        "index": 202,
        "step": "show ?case",
        "output": "",
        "raw_output": "proof (prove)\nusing this:\nwf_set_bits_int f\n\ngoal (1 subgoal):\n 1. bit (BITS a. f a) 0 = f 0",
        "step_time": 0.008196830749511719
    },
    {
        "index": 203,
        "step": "by (simp add: Bit_Comprehension_Int.bin_last_set_bits bit_0)",
        "output": "",
        "raw_output": "proof (state)\nthis:\nbit (BITS a. f a) 0 = f 0\n\ngoal (1 subgoal):\n 1. \\<And>m f. \\<lbrakk>\\<And>f. wf_set_bits_int f \\<Longrightarrow> bit (set_bits f) m = f m; wf_set_bits_int f\\<rbrakk> \\<Longrightarrow> bit (set_bits f) (Suc m) = f (Suc m)",
        "step_time": 0.010396957397460938
    },
    {
        "index": 204,
        "step": "next",
        "output": "",
        "raw_output": "proof (state)\ngoal (1 subgoal):\n 1. \\<And>m f. \\<lbrakk>\\<And>f. wf_set_bits_int f \\<Longrightarrow> bit (set_bits f) m = f m; wf_set_bits_int f\\<rbrakk> \\<Longrightarrow> bit (set_bits f) (Suc m) = f (Suc m)",
        "step_time": 0.007030963897705078
    },
    {
        "index": 205,
        "step": "case Suc",
        "output": "",
        "raw_output": "proof (state)\nthis:\nwf_set_bits_int ?f \\<Longrightarrow> bit (BITS a. ?f a) m_ = ?f m_\nwf_set_bits_int f\n\ngoal (1 subgoal):\n 1. \\<And>m f. \\<lbrakk>\\<And>f. wf_set_bits_int f \\<Longrightarrow> bit (set_bits f) m = f m; wf_set_bits_int f\\<rbrakk> \\<Longrightarrow> bit (set_bits f) (Suc m) = f (Suc m)",
        "step_time": 0.008645772933959961
    },
    {
        "index": 206,
        "step": "from Suc.IH [of \"f \\<circ> Suc\"] Suc.prems",
        "output": "",
        "raw_output": "proof (chain)\npicking this:\nwf_set_bits_int (f \\<circ> Suc) \\<Longrightarrow> bit (BITS a. (f \\<circ> Suc) a) m_ = (f \\<circ> Suc) m_\nwf_set_bits_int f",
        "step_time": 0.008049488067626953
    },
    {
        "index": 207,
        "step": "show ?case",
        "output": "",
        "raw_output": "proof (prove)\nusing this:\nwf_set_bits_int (f \\<circ> Suc) \\<Longrightarrow> bit (BITS a. (f \\<circ> Suc) a) m_ = (f \\<circ> Suc) m_\nwf_set_bits_int f\n\ngoal (1 subgoal):\n 1. bit (BITS a. f a) (Suc m_) = f (Suc m_)",
        "step_time": 0.008361577987670898
    },
    {
        "index": 208,
        "step": "by (simp add: Bit_Comprehension_Int.bin_rest_set_bits comp_def bit_Suc)",
        "output": "",
        "raw_output": "proof (state)\nthis:\nbit (BITS a. f a) (Suc m_) = f (Suc m_)\n\ngoal:\nNo subgoals!",
        "step_time": 0.012368202209472656
    },
    {
        "index": 209,
        "step": "qed",
        "output": "",
        "raw_output": "",
        "step_time": 0.0059070587158203125
    },
    {
        "index": 210,
        "step": "end",
        "output": "",
        "raw_output": "",
        "step_time": 0.004480123519897461
    },
    {
        "index": 211,
        "step": "end",
        "output": "",
        "raw_output": "",
        "step_time": 0.0065457820892333984
    }
]