[
    {
        "index": 0,
        "step": "(*\n * Copyright 2014, NICTA\n *\n * SPDX-License-Identifier: BSD-2-Clause\n *)\n\n",
        "output": "",
        "raw_output": "",
        "step_time": 0.003752470016479492
    },
    {
        "index": 1,
        "step": "section \"32-Bit Machine Word Setup\"",
        "output": "",
        "raw_output": "",
        "step_time": 0.0040073394775390625
    },
    {
        "index": 2,
        "step": "theory Machine_Word_32\n  imports Machine_Word_32_Basics More_Word Bit_Shifts_Infix_Syntax Rsplit\nbegin",
        "output": "",
        "raw_output": "",
        "step_time": 0.0039577484130859375
    },
    {
        "index": 3,
        "step": "context\n  includes bit_operations_syntax\nbegin",
        "output": "",
        "raw_output": "",
        "step_time": 0.004530668258666992
    },
    {
        "index": 4,
        "step": "type_synonym machine_word = \\<open>machine_word_len word\\<close>",
        "output": "",
        "raw_output": "",
        "step_time": 0.0654611587524414
    },
    {
        "index": 5,
        "step": "lemma word_bits_len_of:\n  \\<open>LENGTH(machine_word_len) = word_bits\\<close>",
        "output": "",
        "raw_output": "proof (prove)\ngoal (1 subgoal):\n 1. LENGTH(32) = word_bits",
        "step_time": 0.06823968887329102
    },
    {
        "index": 6,
        "step": "by (simp add: word_bits_conv)",
        "output": "",
        "raw_output": "",
        "step_time": 0.008476495742797852
    },
    {
        "index": 7,
        "step": "lemma word_bits_size:\n  \"size (w :: machine_word) = word_bits\"",
        "output": "",
        "raw_output": "proof (prove)\ngoal (1 subgoal):\n 1. size w = word_bits",
        "step_time": 0.00801706314086914
    },
    {
        "index": 8,
        "step": "by (simp add: word_bits_def word_size)",
        "output": "",
        "raw_output": "",
        "step_time": 0.010575532913208008
    },
    {
        "index": 9,
        "step": "lemma word_bits_word_size_conv:\n  \\<open>word_bits = word_size * 8\\<close>",
        "output": "",
        "raw_output": "proof (prove)\ngoal (1 subgoal):\n 1. word_bits = word_size * 8",
        "step_time": 0.006452798843383789
    },
    {
        "index": 10,
        "step": "by (simp add: word_bits_def word_size_def)",
        "output": "",
        "raw_output": "",
        "step_time": 0.008335590362548828
    },
    {
        "index": 11,
        "step": "lemma word_size_word_size_bits:\n  \\<open>word_size = (2 :: 'a :: semiring_1) ^ word_size_bits\\<close>",
        "output": "",
        "raw_output": "proof (prove)\ngoal (1 subgoal):\n 1. word_size = (2::'a) ^ word_size_bits",
        "step_time": 0.007050037384033203
    },
    {
        "index": 12,
        "step": "by (simp add: word_size_def word_size_bits_def)",
        "output": "",
        "raw_output": "",
        "step_time": 0.006350278854370117
    },
    {
        "index": 13,
        "step": "lemma lt_word_bits_lt_pow:\n  \"sz < word_bits \\<Longrightarrow> sz < 2 ^ word_bits\"",
        "output": "",
        "raw_output": "proof (prove)\ngoal (1 subgoal):\n 1. sz < word_bits \\<Longrightarrow> sz < 2 ^ word_bits",
        "step_time": 0.006348371505737305
    },
    {
        "index": 14,
        "step": "by (simp add: word_bits_conv)",
        "output": "",
        "raw_output": "",
        "step_time": 0.016699790954589844
    },
    {
        "index": 15,
        "step": "lemma if_then_1_else_0:\n  \"((if P then 1 else 0) = (0 :: machine_word)) = (\\<not> P)\"",
        "output": "",
        "raw_output": "proof (prove)\ngoal (1 subgoal):\n 1. ((if P then 1 else 0) = 0) = (\\<not> P)",
        "step_time": 0.006194353103637695
    },
    {
        "index": 16,
        "step": "by simp",
        "output": "",
        "raw_output": "",
        "step_time": 0.008249998092651367
    },
    {
        "index": 17,
        "step": "lemma if_then_0_else_1:\n  \"((if P then 0 else 1) = (0 :: machine_word)) = (P)\"",
        "output": "",
        "raw_output": "proof (prove)\ngoal (1 subgoal):\n 1. ((if P then 0 else 1) = 0) = P",
        "step_time": 0.006232500076293945
    },
    {
        "index": 18,
        "step": "by simp",
        "output": "",
        "raw_output": "",
        "step_time": 0.008283376693725586
    },
    {
        "index": 19,
        "step": "lemmas if_then_simps = if_then_0_else_1 if_then_1_else_0",
        "output": "",
        "raw_output": "",
        "step_time": 0.0049402713775634766
    },
    {
        "index": 20,
        "step": "lemma bool_mask [simp]:\n  \\<open>0 < x AND 1 \\<longleftrightarrow> x AND 1 = 1\\<close> for x :: machine_word",
        "output": "",
        "raw_output": "proof (prove)\ngoal (1 subgoal):\n 1. (0 < x && 1) = (x && 1 = 1)",
        "step_time": 0.007207155227661133
    },
    {
        "index": 21,
        "step": "by (rule bool_mask') auto",
        "output": "",
        "raw_output": "",
        "step_time": 0.007841825485229492
    },
    {
        "index": 22,
        "step": "lemma in_16_range:\n  \"0 \\<in> S \\<Longrightarrow> r \\<in> (\\<lambda>x. r + x * (16 :: machine_word)) ` S\"\n  \"n - 1 \\<in> S \\<Longrightarrow> (r + (16 * n - 16)) \\<in> (\\<lambda>x :: machine_word. r + x * 16) ` S\"",
        "output": "",
        "raw_output": "proof (prove)\ngoal (1 subgoal):\n 1. (0 \\<in> S \\<Longrightarrow> r \\<in> (\\<lambda>x. r + x * 16) ` S) &&& (n - 1 \\<in> S \\<Longrightarrow> r + (16 * n - 16) \\<in> (\\<lambda>x. r + x * 16) ` S)",
        "step_time": 0.013306617736816406
    },
    {
        "index": 23,
        "step": "by (clarsimp simp: image_def elim!: bexI[rotated])+",
        "output": "",
        "raw_output": "",
        "step_time": 0.018357038497924805
    },
    {
        "index": 24,
        "step": "lemma le_step_down_word_3:\n  fixes x :: machine_word\n  shows \"\\<lbrakk>x \\<le> y; x \\<noteq> y\\<rbrakk> \\<Longrightarrow> x \\<le> y - 1\"",
        "output": "",
        "raw_output": "proof (prove)\ngoal (1 subgoal):\n 1. \\<lbrakk>x \\<le> y; x \\<noteq> y\\<rbrakk> \\<Longrightarrow> x \\<le> y - 1",
        "step_time": 0.008742809295654297
    },
    {
        "index": 25,
        "step": "by (fact le_step_down_word_2)",
        "output": "",
        "raw_output": "",
        "step_time": 0.0060787200927734375
    },
    {
        "index": 26,
        "step": "lemma shiftr_1:\n  \"(x::machine_word) >> 1 = 0 \\<Longrightarrow> x < 2\"",
        "output": "",
        "raw_output": "proof (prove)\ngoal (1 subgoal):\n 1. x >> 1 = 0 \\<Longrightarrow> x < 2",
        "step_time": 0.0072193145751953125
    },
    {
        "index": 27,
        "step": "apply transfer",
        "output": "",
        "raw_output": "proof (prove)\ngoal (1 subgoal):\n 1. \\<And>x. take_bit LENGTH(32) (drop_bit 1 (take_bit LENGTH(32) x)) = take_bit LENGTH(32) 0 \\<Longrightarrow> take_bit LENGTH(32) x < take_bit LENGTH(32) 2",
        "step_time": 0.010287284851074219
    },
    {
        "index": 28,
        "step": "apply (simp add: take_bit_drop_bit)",
        "output": "",
        "raw_output": "proof (prove)\ngoal (1 subgoal):\n 1. \\<And>x. drop_bit (Suc 0) (take_bit 32 x) = 0 \\<Longrightarrow> take_bit 32 x < 2",
        "step_time": 0.014155387878417969
    },
    {
        "index": 29,
        "step": "apply (simp add: drop_bit_Suc)",
        "output": "",
        "raw_output": "proof (prove)\ngoal:\nNo subgoals!",
        "step_time": 0.019864797592163086
    },
    {
        "index": 30,
        "step": "done",
        "output": "",
        "raw_output": "",
        "step_time": 0.0049479007720947266
    },
    {
        "index": 31,
        "step": "lemma Suc_unat_mask_div:\n  \"Suc (unat (mask sz div word_size :: machine_word)) = 2 ^ (min sz word_bits - word_size_bits)\"",
        "output": "",
        "raw_output": "proof (prove)\ngoal (1 subgoal):\n 1. Suc (unat (mask sz div word_size)) = 2 ^ (min sz word_bits - word_size_bits)",
        "step_time": 0.008462667465209961
    },
    {
        "index": 32,
        "step": "by (simp add: word_size_word_size_bits unat_drop_bit_eq unat_mask_eq drop_bit_mask_eq Suc_mask_eq_exp\n    flip: drop_bit_eq_div word_bits_conv)",
        "output": "",
        "raw_output": "",
        "step_time": 0.14043402671813965
    },
    {
        "index": 33,
        "step": "lemma ucast_not_helper:\n  fixes a::\"8 word\"\n  assumes a: \"a \\<noteq> 0xFF\"\n  shows \"ucast a \\<noteq> (0xFF::machine_word)\"",
        "output": "",
        "raw_output": "proof (prove)\ngoal (1 subgoal):\n 1. UCAST(8 \\<rightarrow> 32) a \\<noteq> 255",
        "step_time": 0.008528947830200195
    },
    {
        "index": 34,
        "step": "proof",
        "output": "",
        "raw_output": "proof (state)\ngoal (1 subgoal):\n 1. UCAST(8 \\<rightarrow> 32) a = 255 \\<Longrightarrow> False",
        "step_time": 0.005190372467041016
    },
    {
        "index": 35,
        "step": "assume \"ucast a = (0xFF::machine_word)\"",
        "output": "",
        "raw_output": "proof (state)\nthis:\nUCAST(8 \\<rightarrow> 32) a = 255\n\ngoal (1 subgoal):\n 1. UCAST(8 \\<rightarrow> 32) a = 255 \\<Longrightarrow> False",
        "step_time": 0.006708621978759766
    },
    {
        "index": 36,
        "step": "also",
        "output": "",
        "raw_output": "proof (state)\nthis:\nUCAST(8 \\<rightarrow> 32) a = 255\n\ngoal (1 subgoal):\n 1. UCAST(8 \\<rightarrow> 32) a = 255 \\<Longrightarrow> False",
        "step_time": 0.005166053771972656
    },
    {
        "index": 37,
        "step": "have \"(0xFF::machine_word) = ucast (0xFF::8 word)\"",
        "output": "",
        "raw_output": "proof (prove)\ngoal (1 subgoal):\n 1. 255 = UCAST(8 \\<rightarrow> 32) 255",
        "step_time": 0.005960226058959961
    },
    {
        "index": 38,
        "step": "by simp",
        "output": "",
        "raw_output": "proof (state)\nthis:\n255 = UCAST(8 \\<rightarrow> 32) 255\n\ngoal (1 subgoal):\n 1. UCAST(8 \\<rightarrow> 32) a = 255 \\<Longrightarrow> False",
        "step_time": 0.011391162872314453
    },
    {
        "index": 39,
        "step": "finally",
        "output": "",
        "raw_output": "proof (chain)\npicking this:\nUCAST(8 \\<rightarrow> 32) a = UCAST(8 \\<rightarrow> 32) 255",
        "step_time": 0.004370927810668945
    },
    {
        "index": 40,
        "step": "show False",
        "output": "",
        "raw_output": "proof (prove)\nusing this:\nUCAST(8 \\<rightarrow> 32) a = UCAST(8 \\<rightarrow> 32) 255\n\ngoal (1 subgoal):\n 1. False",
        "step_time": 0.0048825740814208984
    },
    {
        "index": 41,
        "step": "using a",
        "output": "",
        "raw_output": "proof (prove)\nusing this:\nUCAST(8 \\<rightarrow> 32) a = UCAST(8 \\<rightarrow> 32) 255\na \\<noteq> 255\n\ngoal (1 subgoal):\n 1. False",
        "step_time": 0.0047876834869384766
    },
    {
        "index": 42,
        "step": "apply -",
        "output": "",
        "raw_output": "proof (prove)\ngoal (1 subgoal):\n 1. \\<lbrakk>UCAST(8 \\<rightarrow> 32) a = UCAST(8 \\<rightarrow> 32) 255; a \\<noteq> 255\\<rbrakk> \\<Longrightarrow> False",
        "step_time": 0.0046672821044921875
    },
    {
        "index": 43,
        "step": "apply (drule up_ucast_inj, simp)",
        "output": "",
        "raw_output": "proof (prove)\ngoal (1 subgoal):\n 1. \\<lbrakk>a \\<noteq> 255; a = 255\\<rbrakk> \\<Longrightarrow> False",
        "step_time": 0.007941484451293945
    },
    {
        "index": 44,
        "step": "apply simp",
        "output": "",
        "raw_output": "proof (prove)\ngoal:\nNo subgoals!",
        "step_time": 0.005087852478027344
    },
    {
        "index": 45,
        "step": "done",
        "output": "",
        "raw_output": "proof (state)\nthis:\nFalse\n\ngoal:\nNo subgoals!",
        "step_time": 0.0051653385162353516
    },
    {
        "index": 46,
        "step": "qed",
        "output": "",
        "raw_output": "",
        "step_time": 0.00498199462890625
    },
    {
        "index": 47,
        "step": "lemma unat_less_2p_word_bits:\n  \"unat (x :: machine_word) < 2 ^ word_bits\"",
        "output": "",
        "raw_output": "proof (prove)\ngoal (1 subgoal):\n 1. unat x < 2 ^ word_bits",
        "step_time": 0.0056400299072265625
    },
    {
        "index": 48,
        "step": "apply (simp only: word_bits_def)",
        "output": "",
        "raw_output": "proof (prove)\ngoal (1 subgoal):\n 1. unat x < 2 ^ LENGTH(32)",
        "step_time": 0.004339694976806641
    },
    {
        "index": 49,
        "step": "apply (rule unat_lt2p)",
        "output": "",
        "raw_output": "proof (prove)\ngoal:\nNo subgoals!",
        "step_time": 0.0035772323608398438
    },
    {
        "index": 50,
        "step": "done",
        "output": "",
        "raw_output": "",
        "step_time": 0.005125522613525391
    },
    {
        "index": 51,
        "step": "lemma unat_less_word_bits:\n  fixes y :: machine_word\n  shows \"x < unat y \\<Longrightarrow> x < 2 ^ word_bits\"",
        "output": "",
        "raw_output": "proof (prove)\ngoal (1 subgoal):\n 1. x < unat y \\<Longrightarrow> x < 2 ^ word_bits",
        "step_time": 0.006021261215209961
    },
    {
        "index": 52,
        "step": "unfolding word_bits_def",
        "output": "",
        "raw_output": "proof (prove)\ngoal (1 subgoal):\n 1. x < unat y \\<Longrightarrow> x < 2 ^ LENGTH(32)",
        "step_time": 0.004229545593261719
    },
    {
        "index": 53,
        "step": "by (rule order_less_trans [OF _ unat_lt2p])",
        "output": "",
        "raw_output": "",
        "step_time": 0.004697561264038086
    },
    {
        "index": 54,
        "step": "lemma unat_mask_2_less_4:\n  \"unat (p AND mask 2 :: machine_word) < 4\"",
        "output": "",
        "raw_output": "proof (prove)\ngoal (1 subgoal):\n 1. unat (p && mask 2) < 4",
        "step_time": 0.005648374557495117
    },
    {
        "index": 55,
        "step": "by (rule unat_less_helper) (simp only: take_bit_eq_mod word_mod_less_divisor flip: take_bit_eq_mask, simp add: word_mod_less_divisor)",
        "output": "",
        "raw_output": "",
        "step_time": 0.008833885192871094
    },
    {
        "index": 56,
        "step": "lemma unat_mult_simple:\n  \\<open>unat (x * y) = unat x * unat y\\<close>\n    if \\<open>unat x * unat y < 2 ^ LENGTH(machine_word_len)\\<close>\n    for x y :: machine_word",
        "output": "",
        "raw_output": "proof (prove)\ngoal (1 subgoal):\n 1. unat (x * y) = unat x * unat y",
        "step_time": 0.007010459899902344
    },
    {
        "index": 57,
        "step": "using that",
        "output": "",
        "raw_output": "proof (prove)\nusing this:\nunat x * unat y < 2 ^ LENGTH(32)\n\ngoal (1 subgoal):\n 1. unat (x * y) = unat x * unat y",
        "step_time": 0.003760099411010742
    },
    {
        "index": 58,
        "step": "by (simp flip: unat_mult_lem)",
        "output": "",
        "raw_output": "",
        "step_time": 0.010723590850830078
    },
    {
        "index": 59,
        "step": "lemma upto_2_helper:\n  \"{0..<2 :: machine_word} = {0, 1}\"",
        "output": "",
        "raw_output": "proof (prove)\ngoal (1 subgoal):\n 1. {0..<2} = {0, 1}",
        "step_time": 0.005132436752319336
    },
    {
        "index": 60,
        "step": "by (safe; simp) unat_arith",
        "output": "",
        "raw_output": "",
        "step_time": 0.023731708526611328
    },
    {
        "index": 61,
        "step": "lemma word_ge_min:\n  \\<open>- (2 ^ (word_bits - 1)) \\<le> sint x\\<close> for x :: machine_word",
        "output": "",
        "raw_output": "proof (prove)\ngoal (1 subgoal):\n 1. - (2 ^ (word_bits - 1)) \\<le> sint x",
        "step_time": 0.006200551986694336
    },
    {
        "index": 62,
        "step": "using sint_ge [of x]",
        "output": "",
        "raw_output": "proof (prove)\nusing this:\n- (2 ^ (LENGTH(32) - 1)) \\<le> sint x\n\ngoal (1 subgoal):\n 1. - (2 ^ (word_bits - 1)) \\<le> sint x",
        "step_time": 0.0051233768463134766
    },
    {
        "index": 63,
        "step": "by (simp add: word_bits_def)",
        "output": "",
        "raw_output": "",
        "step_time": 0.012599706649780273
    },
    {
        "index": 64,
        "step": "\n\n(* We want the rhs unfolded here for later matching *)\n",
        "output": "",
        "raw_output": "",
        "step_time": 0.0033996105194091797
    },
    {
        "index": 65,
        "step": "lemma word_rsplit_0:\n  \"word_rsplit (0::machine_word) = [0, 0, 0, (0::8 word)]\"",
        "output": "",
        "raw_output": "proof (prove)\ngoal (1 subgoal):\n 1. word_rsplit 0 = [0, 0, 0, 0]",
        "step_time": 0.0052340030670166016
    },
    {
        "index": 66,
        "step": "by (simp add: word_rsplit_def bin_rsplit_def word_bits_def word_size_def Cons_replicate_eq)",
        "output": "",
        "raw_output": "",
        "step_time": 0.01826024055480957
    },
    {
        "index": 67,
        "step": "lemma x_less_2_0_1:\n  fixes x :: machine_word\n  shows \"x < 2 \\<Longrightarrow> x = 0 \\<or> x = 1\"",
        "output": "",
        "raw_output": "proof (prove)\ngoal (1 subgoal):\n 1. x < 2 \\<Longrightarrow> x = 0 \\<or> x = 1",
        "step_time": 0.006594657897949219
    },
    {
        "index": 68,
        "step": "by (rule x_less_2_0_1') auto",
        "output": "",
        "raw_output": "",
        "step_time": 0.0060155391693115234
    },
    {
        "index": 69,
        "step": "lemma less_4_cases:\n  \"(x::machine_word) < 4 \\<Longrightarrow> x=0 \\<or> x=1 \\<or> x=2 \\<or> x=3\"",
        "output": "",
        "raw_output": "proof (prove)\ngoal (1 subgoal):\n 1. x < 4 \\<Longrightarrow> x = 0 \\<or> x = 1 \\<or> x = 2 \\<or> x = 3",
        "step_time": 0.007233619689941406
    },
    {
        "index": 70,
        "step": "apply clarsimp",
        "output": "",
        "raw_output": "proof (prove)\ngoal (1 subgoal):\n 1. \\<lbrakk>x < 4; x \\<noteq> 0; x \\<noteq> 1; x \\<noteq> 3\\<rbrakk> \\<Longrightarrow> x = 2",
        "step_time": 0.005564212799072266
    },
    {
        "index": 71,
        "step": "apply (drule word_less_cases, erule disjE, simp, simp)+",
        "output": "",
        "raw_output": "proof (prove)\ngoal:\nNo subgoals!",
        "step_time": 0.020940065383911133
    },
    {
        "index": 72,
        "step": "done",
        "output": "",
        "raw_output": "",
        "step_time": 0.0043413639068603516
    },
    {
        "index": 73,
        "step": "end",
        "output": "",
        "raw_output": "",
        "step_time": 0.003484010696411133
    },
    {
        "index": 74,
        "step": "end",
        "output": "",
        "raw_output": "",
        "step_time": 0.0047550201416015625
    }
]