[
    {
        "index": 0,
        "step": "(*\n * Copyright 2023, Proofcraft Pty Ltd\n *\n * SPDX-License-Identifier: BSD-2-Clause\n *)\n\n",
        "output": "",
        "raw_output": "",
        "step_time": 0.005575895309448242
    },
    {
        "index": 1,
        "step": "theory More_Bit_Ring\n  imports Main\nbegin",
        "output": "",
        "raw_output": "",
        "step_time": 0.005260467529296875
    },
    {
        "index": 2,
        "step": "\n\n(* Additional equalities on semiring_bit_operations and ring_bit_operations, in particular\n   relationships between Boolean and arithmetic operations. *)\n\n",
        "output": "",
        "raw_output": "",
        "step_time": 0.0041065216064453125
    },
    {
        "index": 3,
        "step": "context semiring_bit_operations\nbegin",
        "output": "",
        "raw_output": "",
        "step_time": 0.18030357360839844
    },
    {
        "index": 4,
        "step": "context\n  includes bit_operations_syntax\nbegin",
        "output": "",
        "raw_output": "",
        "step_time": 0.007602691650390625
    },
    {
        "index": 5,
        "step": "lemma disjunctive_add2:\n  \"(x AND y) = 0 \\<Longrightarrow> x + y = x OR y\"",
        "output": "",
        "raw_output": "proof (prove)\ngoal (1 subgoal):\n 1. x AND y = (0::'a) \\<Longrightarrow> x + y = x OR y",
        "step_time": 0.057683706283569336
    },
    {
        "index": 6,
        "step": "by (metis disjunctive_add bit_0_eq bit_and_iff bot_apply bot_bool_def)",
        "output": "",
        "raw_output": "",
        "step_time": 0.046407222747802734
    },
    {
        "index": 7,
        "step": "end",
        "output": "",
        "raw_output": "",
        "step_time": 0.006257295608520508
    },
    {
        "index": 8,
        "step": "end",
        "output": "",
        "raw_output": "",
        "step_time": 0.006732463836669922
    },
    {
        "index": 9,
        "step": "context ring_bit_operations\nbegin",
        "output": "",
        "raw_output": "",
        "step_time": 0.2701082229614258
    },
    {
        "index": 10,
        "step": "context\n  includes bit_operations_syntax\nbegin",
        "output": "",
        "raw_output": "",
        "step_time": 0.00854945182800293
    },
    {
        "index": 11,
        "step": "lemma not_xor_is_eqv:\n  \"NOT (x XOR y) = (x AND y) OR (NOT x AND NOT y)\"",
        "output": "",
        "raw_output": "proof (prove)\ngoal (1 subgoal):\n 1. NOT (x XOR y) = x AND y OR NOT x AND NOT y",
        "step_time": 0.04896283149719238
    },
    {
        "index": 12,
        "step": "by (simp add: bit.xor_def bit.disj_conj_distrib or.commute)",
        "output": "",
        "raw_output": "",
        "step_time": 0.023655414581298828
    },
    {
        "index": 13,
        "step": "lemma not_xor_eq_xor_not:\n  \"(NOT x) XOR y = x XOR (NOT y)\"",
        "output": "",
        "raw_output": "proof (prove)\ngoal (1 subgoal):\n 1. NOT x XOR y = x XOR NOT y",
        "step_time": 0.011039972305297852
    },
    {
        "index": 14,
        "step": "by simp",
        "output": "",
        "raw_output": "",
        "step_time": 0.018167734146118164
    },
    {
        "index": 15,
        "step": "lemma not_minus:\n  \"NOT (x - y) = y - x - 1\"",
        "output": "",
        "raw_output": "proof (prove)\ngoal (1 subgoal):\n 1. NOT (x - y) = y - x - (1::'a)",
        "step_time": 0.012518882751464844
    },
    {
        "index": 16,
        "step": "by (simp add: not_eq_complement)",
        "output": "",
        "raw_output": "",
        "step_time": 0.021172761917114258
    },
    {
        "index": 17,
        "step": "lemma minus_not_eq_plus_1:\n  \"- NOT x = x + 1\"",
        "output": "",
        "raw_output": "proof (prove)\ngoal (1 subgoal):\n 1. - NOT x = x + (1::'a)",
        "step_time": 0.013539791107177734
    },
    {
        "index": 18,
        "step": "by (simp add: minus_eq_not_plus_1)",
        "output": "",
        "raw_output": "",
        "step_time": 0.01936197280883789
    },
    {
        "index": 19,
        "step": "lemma not_minus_eq_minus_1:\n  \"NOT (- x) = x - 1\"",
        "output": "",
        "raw_output": "proof (prove)\ngoal (1 subgoal):\n 1. NOT (- x) = x - (1::'a)",
        "step_time": 0.011368751525878906
    },
    {
        "index": 20,
        "step": "by (simp add: not_eq_complement)",
        "output": "",
        "raw_output": "",
        "step_time": 0.019695758819580078
    },
    {
        "index": 21,
        "step": "lemma and_plus_not_and:\n  \"(x AND y) + (x AND NOT y) = x\"",
        "output": "",
        "raw_output": "proof (prove)\ngoal (1 subgoal):\n 1. (x AND y) + (x AND NOT y) = x",
        "step_time": 0.011221170425415039
    },
    {
        "index": 22,
        "step": "by (metis and.left_commute and.right_neutral bit.conj_cancel_right bit.conj_disj_distrib\n            bit.conj_zero_right bit.disj_cancel_right disjunctive_add2)",
        "output": "",
        "raw_output": "",
        "step_time": 0.08595156669616699
    },
    {
        "index": 23,
        "step": "lemma or_eq_and_not_plus:\n  \"x OR y = (x AND NOT y) + y\"",
        "output": "",
        "raw_output": "proof (prove)\ngoal (1 subgoal):\n 1. x OR y = (x AND NOT y) + y",
        "step_time": 0.012536287307739258
    },
    {
        "index": 24,
        "step": "by (simp add: and.assoc bit.disj_conj_distrib2 disjunctive_add2)",
        "output": "",
        "raw_output": "",
        "step_time": 0.02009105682373047
    },
    {
        "index": 25,
        "step": "lemma and_eq_not_or_minus:\n  \"x AND y = (NOT x OR y) - NOT x\"",
        "output": "",
        "raw_output": "proof (prove)\ngoal (1 subgoal):\n 1. x AND y = (NOT x OR y) - NOT x",
        "step_time": 0.014183759689331055
    },
    {
        "index": 26,
        "step": "by (metis and.idem and_eq_not_not_or eq_diff_eq or.commute or.idem or_eq_and_not_plus)",
        "output": "",
        "raw_output": "",
        "step_time": 0.08990693092346191
    },
    {
        "index": 27,
        "step": "lemma and_not_eq_or_minus:\n  \"x AND NOT y = (x OR y) - y\"",
        "output": "",
        "raw_output": "proof (prove)\ngoal (1 subgoal):\n 1. x AND NOT y = (x OR y) - y",
        "step_time": 0.012479066848754883
    },
    {
        "index": 28,
        "step": "by (simp add: or_eq_and_not_plus)",
        "output": "",
        "raw_output": "",
        "step_time": 0.023427248001098633
    },
    {
        "index": 29,
        "step": "lemma and_not_eq_minus_and:\n  \"x AND NOT y = x - (x AND y)\"",
        "output": "",
        "raw_output": "proof (prove)\ngoal (1 subgoal):\n 1. x AND NOT y = x - (x AND y)",
        "step_time": 0.011437416076660156
    },
    {
        "index": 30,
        "step": "by (simp add: add.commute eq_diff_eq and_plus_not_and)",
        "output": "",
        "raw_output": "",
        "step_time": 0.02150416374206543
    },
    {
        "index": 31,
        "step": "lemma or_minus_eq_minus_and:\n  \"(x OR y) - y = x - (x AND y)\"",
        "output": "",
        "raw_output": "proof (prove)\ngoal (1 subgoal):\n 1. (x OR y) - y = x - (x AND y)",
        "step_time": 0.012403488159179688
    },
    {
        "index": 32,
        "step": "by (metis and_not_eq_minus_and and_not_eq_or_minus)",
        "output": "",
        "raw_output": "",
        "step_time": 0.05065798759460449
    },
    {
        "index": 33,
        "step": "lemma plus_eq_and_or:\n  \"x + y = (x OR y) + (x AND y)\"",
        "output": "",
        "raw_output": "proof (prove)\ngoal (1 subgoal):\n 1. x + y = (x OR y) + (x AND y)",
        "step_time": 0.01308894157409668
    },
    {
        "index": 34,
        "step": "using add_commute local.add.semigroup_axioms or_eq_and_not_plus semigroup.assoc",
        "output": "",
        "raw_output": "proof (prove)\nusing this:\n?a + ?b = ?b + ?a\nsemigroup (+)\n?x OR ?y = (?x AND NOT ?y) + ?y\nsemigroup ?f \\<Longrightarrow> ?f (?f ?a ?b) ?c = ?f ?a (?f ?b ?c)\n\ngoal (1 subgoal):\n 1. x + y = (x OR y) + (x AND y)",
        "step_time": 0.014252901077270508
    },
    {
        "index": 35,
        "step": "by (fastforce simp: and_plus_not_and)",
        "output": "",
        "raw_output": "",
        "step_time": 0.5283622741699219
    },
    {
        "index": 36,
        "step": "lemma xor_eq_or_minus_and:\n  \"x XOR y = (x OR y) - (x AND y)\"",
        "output": "",
        "raw_output": "proof (prove)\ngoal (1 subgoal):\n 1. x XOR y = (x OR y) - (x AND y)",
        "step_time": 0.014830350875854492
    },
    {
        "index": 37,
        "step": "by (metis (no_types) bit.de_Morgan_conj bit.xor_def2 bit_and_iff bit_or_iff disjunctive_diff)",
        "output": "",
        "raw_output": "",
        "step_time": 0.08032655715942383
    },
    {
        "index": 38,
        "step": "lemma not_xor_eq_and_plus_not_or:\n  \"NOT (x XOR y) = (x AND y) + NOT (x OR y)\"",
        "output": "",
        "raw_output": "proof (prove)\ngoal (1 subgoal):\n 1. NOT (x XOR y) = (x AND y) + NOT (x OR y)",
        "step_time": 0.014546632766723633
    },
    {
        "index": 39,
        "step": "by (metis (no_types, lifting) not_diff_distrib add.commute bit.de_Morgan_conj bit.xor_def2\n                                bit_and_iff bit_or_iff disjunctive_diff)",
        "output": "",
        "raw_output": "",
        "step_time": 0.1055757999420166
    },
    {
        "index": 40,
        "step": "lemma not_xor_eq_and_minus_or:\n  \"NOT (x XOR y) = (x AND y) - (x OR y) - 1\"",
        "output": "",
        "raw_output": "proof (prove)\ngoal (1 subgoal):\n 1. NOT (x XOR y) = (x AND y) - (x OR y) - (1::'a)",
        "step_time": 0.014808893203735352
    },
    {
        "index": 41,
        "step": "by (metis not_diff_distrib add.commute minus_diff_eq not_minus_eq_minus_1 not_xor_eq_and_plus_not_or)",
        "output": "",
        "raw_output": "",
        "step_time": 0.04719185829162598
    },
    {
        "index": 42,
        "step": "lemma plus_eq_xor_plus_carry:\n  \"x + y = (x XOR y) + 2 * (x AND y)\"",
        "output": "",
        "raw_output": "proof (prove)\ngoal (1 subgoal):\n 1. x + y = (x XOR y) + (2::'a) * (x AND y)",
        "step_time": 0.013800859451293945
    },
    {
        "index": 43,
        "step": "by (metis plus_eq_and_or add.commute add.left_commute diff_add_cancel mult_2 xor_eq_or_minus_and)",
        "output": "",
        "raw_output": "",
        "step_time": 0.0741739273071289
    },
    {
        "index": 44,
        "step": "lemma plus_eq_or_minus_xor:\n  \"x + y = 2 * (x OR y) - (x XOR y)\"",
        "output": "",
        "raw_output": "proof (prove)\ngoal (1 subgoal):\n 1. x + y = (2::'a) * (x OR y) - (x XOR y)",
        "step_time": 0.015384197235107422
    },
    {
        "index": 45,
        "step": "by (metis add_diff_cancel_left' diff_diff_eq2 local.mult_2 plus_eq_and_or xor_eq_or_minus_and)",
        "output": "",
        "raw_output": "",
        "step_time": 0.1411128044128418
    },
    {
        "index": 46,
        "step": "lemma plus_eq_minus_neg:\n  \"x + y = x - NOT y - 1\"",
        "output": "",
        "raw_output": "proof (prove)\ngoal (1 subgoal):\n 1. x + y = x - NOT y - (1::'a)",
        "step_time": 0.012941837310791016
    },
    {
        "index": 47,
        "step": "using add_commute local.not_diff_distrib not_minus",
        "output": "",
        "raw_output": "proof (prove)\nusing this:\n?a + ?b = ?b + ?a\nNOT (?a - ?b) = NOT ?a + ?b\nNOT (?x - ?y) = ?y - ?x - (1::'a)\n\ngoal (1 subgoal):\n 1. x + y = x - NOT y - (1::'a)",
        "step_time": 0.01426553726196289
    },
    {
        "index": 48,
        "step": "by auto",
        "output": "",
        "raw_output": "",
        "step_time": 0.020195484161376953
    },
    {
        "index": 49,
        "step": "lemma minus_eq_plus_neg:\n  \"x - y = x + NOT y + 1\"",
        "output": "",
        "raw_output": "proof (prove)\ngoal (1 subgoal):\n 1. x - y = x + NOT y + (1::'a)",
        "step_time": 0.011818408966064453
    },
    {
        "index": 50,
        "step": "by (simp add: add.semigroup_axioms diff_conv_add_uminus minus_eq_not_plus_1 semigroup.assoc)",
        "output": "",
        "raw_output": "",
        "step_time": 0.02144312858581543
    },
    {
        "index": 51,
        "step": "lemma minus_eq_and_not_minus_not_and:\n  \"x - y = (x AND NOT y) - (NOT x AND y)\"",
        "output": "",
        "raw_output": "proof (prove)\ngoal (1 subgoal):\n 1. x - y = (x AND NOT y) - (NOT x AND y)",
        "step_time": 0.026337862014770508
    },
    {
        "index": 52,
        "step": "by (metis bit.de_Morgan_conj bit.double_compl not_diff_distrib plus_eq_and_or)",
        "output": "",
        "raw_output": "",
        "step_time": 0.06474924087524414
    },
    {
        "index": 53,
        "step": "lemma minus_eq_xor_minus_not_and:\n  \"x - y = (x XOR y) - 2 * (NOT x AND y)\"",
        "output": "",
        "raw_output": "proof (prove)\ngoal (1 subgoal):\n 1. x - y = (x XOR y) - (2::'a) * (NOT x AND y)",
        "step_time": 0.015196800231933594
    },
    {
        "index": 54,
        "step": "by (metis (no_types) bit.compl_eq_compl_iff bit.xor_compl_left not_diff_distrib\n                       plus_eq_xor_plus_carry)",
        "output": "",
        "raw_output": "",
        "step_time": 0.0515599250793457
    },
    {
        "index": 55,
        "step": "lemma minus_eq_and_not_minus_xor:\n  \"x - y = 2 * (x AND NOT y) - (x XOR y)\"",
        "output": "",
        "raw_output": "proof (prove)\ngoal (1 subgoal):\n 1. x - y = (2::'a) * (x AND NOT y) - (x XOR y)",
        "step_time": 0.01461935043334961
    },
    {
        "index": 56,
        "step": "by (metis and.commute minus_diff_eq minus_eq_xor_minus_not_and xor.commute)",
        "output": "",
        "raw_output": "",
        "step_time": 0.05559086799621582
    },
    {
        "index": 57,
        "step": "lemma and_one_neq_simps[simp]:\n  \"x AND 1 \\<noteq> 0 \\<longleftrightarrow> x AND 1 = 1\"\n  \"x AND 1 \\<noteq> 1 \\<longleftrightarrow> x AND 1 = 0\"",
        "output": "",
        "raw_output": "proof (prove)\ngoal (1 subgoal):\n 1. (x AND (1::'a) \\<noteq> (0::'a)) = (x AND (1::'a) = (1::'a)) &&& (x AND (1::'a) \\<noteq> (1::'a)) = (x AND (1::'a) = (0::'a))",
        "step_time": 0.013927221298217773
    },
    {
        "index": 58,
        "step": "by (clarsimp simp: and_one_eq)+",
        "output": "",
        "raw_output": "",
        "step_time": 0.02440786361694336
    },
    {
        "index": 59,
        "step": "end",
        "output": "",
        "raw_output": "",
        "step_time": 0.0060808658599853516
    },
    {
        "index": 60,
        "step": "end",
        "output": "",
        "raw_output": "",
        "step_time": 0.006555318832397461
    },
    {
        "index": 61,
        "step": "end",
        "output": "",
        "raw_output": "",
        "step_time": 0.008559226989746094
    }
]