[
    {
        "index": 0,
        "step": "(*\n * Copyright 2020, Data61, CSIRO (ABN 41 687 119 230)\n *\n * SPDX-License-Identifier: BSD-2-Clause\n *)\n\n",
        "output": "",
        "raw_output": "",
        "step_time": 0.004163265228271484
    },
    {
        "index": 1,
        "step": "section \"Normalising Word Numerals\"",
        "output": "",
        "raw_output": "",
        "step_time": 0.0035691261291503906
    },
    {
        "index": 2,
        "step": "theory Norm_Words\n  imports Signed_Words\nbegin",
        "output": "",
        "raw_output": "",
        "step_time": 0.003610849380493164
    },
    {
        "index": 3,
        "step": "text \\<open>\n  Normalise word numerals, including negative ones apart from @{term \"-1\"}, to the\n  interval \\<open>[0..2^len_of 'a)\\<close>. Only for concrete word lengths.\n\\<close>",
        "output": "",
        "raw_output": "",
        "step_time": 0.003545045852661133
    },
    {
        "index": 4,
        "step": "lemma bintrunc_numeral:\n  \"(take_bit :: nat \\<Rightarrow> int \\<Rightarrow> int) (numeral k) x = of_bool (odd x) + 2 * (take_bit :: nat \\<Rightarrow> int \\<Rightarrow> int) (pred_numeral k) (x div 2)\"",
        "output": "",
        "raw_output": "proof (prove)\ngoal (1 subgoal):\n 1. take_bit (numeral k) x = of_bool (odd x) + 2 * take_bit (pred_numeral k) (x div 2)",
        "step_time": 0.04350924491882324
    },
    {
        "index": 5,
        "step": "by (simp add: numeral_eq_Suc take_bit_Suc mod_2_eq_odd)",
        "output": "",
        "raw_output": "",
        "step_time": 0.011047124862670898
    },
    {
        "index": 6,
        "step": "lemma neg_num_bintr:\n  \"(- numeral x :: 'a::len word) = word_of_int (take_bit LENGTH('a) (- numeral x))\"",
        "output": "",
        "raw_output": "proof (prove)\ngoal (1 subgoal):\n 1. - numeral x = word_of_int (take_bit LENGTH('a) (- numeral x))",
        "step_time": 0.0074634552001953125
    },
    {
        "index": 7,
        "step": "by transfer simp",
        "output": "",
        "raw_output": "",
        "step_time": 0.010975360870361328
    },
    {
        "index": 8,
        "step": "ML \\<open>\n  fun is_refl \\<^Const_>\\<open>Pure.eq _ for x y\\<close> = (x = y)\n    | is_refl _ = false;\n\n  fun signed_dest_wordT \\<^Type>\\<open>word \\<^Type>\\<open>signed T\\<close>\\<close> = Word_Lib.dest_binT T\n    | signed_dest_wordT T = Word_Lib.dest_wordT T\n\n  fun typ_size_of t = signed_dest_wordT (type_of (Thm.term_of t));\n\n  fun num_len \\<^Const_>\\<open>Num.Bit0 for n\\<close> = num_len n + 1\n    | num_len \\<^Const_>\\<open>Num.Bit1 for n\\<close> = num_len n + 1\n    | num_len \\<^Const_>\\<open>Num.One\\<close> = 1\n    | num_len \\<^Const_>\\<open>numeral _ for t\\<close> = num_len t\n    | num_len \\<^Const_>\\<open>uminus _ for t\\<close> = num_len t\n    | num_len t = raise TERM (\"num_len\", [t])\n\n  fun unsigned_norm is_neg _ ctxt ct =\n  (if is_neg orelse num_len (Thm.term_of ct) > typ_size_of ct then let\n      val btr = if is_neg\n                then @{thm neg_num_bintr} else @{thm num_abs_bintr}\n      val th = [Thm.reflexive ct, mk_eq btr] MRS transitive_thm\n\n      (* will work in context of theory Word as well *)\n      val ss = simpset_of (@{context} addsimps @{thms bintrunc_numeral} delsimps @{thms take_bit_minus_one_eq_mask})\n        (* TODO: completely explicitly determined simpset *)\n      val cnv = simplify (put_simpset ss ctxt) th\n    in if is_refl (Thm.prop_of cnv) then NONE else SOME cnv end\n    else NONE)\n  handle TERM (\"num_len\", _) => NONE\n       | TYPE (\"dest_binT\", _, _) => NONE\n\\<close>",
        "output": "",
        "raw_output": "",
        "step_time": 0.026880741119384766
    },
    {
        "index": 9,
        "step": "simproc_setup\n  unsigned_norm (\"numeral n::'a::len word\") = \\<open>unsigned_norm false\\<close>",
        "output": "",
        "raw_output": "",
        "step_time": 0.018398046493530273
    },
    {
        "index": 10,
        "step": "simproc_setup\n  unsigned_norm_neg0 (\"-numeral (num.Bit0 num)::'a::len word\") = \\<open>unsigned_norm true\\<close>",
        "output": "",
        "raw_output": "",
        "step_time": 0.007307767868041992
    },
    {
        "index": 11,
        "step": "simproc_setup\n  unsigned_norm_neg1 (\"-numeral (num.Bit1 num)::'a::len word\") = \\<open>unsigned_norm true\\<close>",
        "output": "",
        "raw_output": "",
        "step_time": 0.008536577224731445
    },
    {
        "index": 12,
        "step": "lemma minus_one_norm:\n  \"(-1 :: 'a :: len word) = of_nat (2 ^ LENGTH('a) - 1)\"",
        "output": "",
        "raw_output": "proof (prove)\ngoal (1 subgoal):\n 1. - 1 = word_of_nat (2 ^ LENGTH('a) - 1)",
        "step_time": 0.0062792301177978516
    },
    {
        "index": 13,
        "step": "by (simp add:of_nat_diff)",
        "output": "",
        "raw_output": "",
        "step_time": 0.009024381637573242
    },
    {
        "index": 14,
        "step": "lemmas minus_one_norm_num =\n  minus_one_norm [where 'a=\"'b::len bit0\"] minus_one_norm [where 'a=\"'b::len0 bit1\"]",
        "output": "",
        "raw_output": "",
        "step_time": 0.005284547805786133
    },
    {
        "index": 15,
        "step": "context\nbegin",
        "output": "",
        "raw_output": "",
        "step_time": 0.004009723663330078
    },
    {
        "index": 16,
        "step": "lemma \"f (7 :: 2 word) = f 3\"",
        "output": "",
        "raw_output": "proof (prove)\ngoal (1 subgoal):\n 1. f 7 = f 3",
        "step_time": 0.006207942962646484
    },
    {
        "index": 17,
        "step": "by simp",
        "output": "",
        "raw_output": "",
        "step_time": 0.011237859725952148
    },
    {
        "index": 18,
        "step": "lemma \"f 7 = f (3 :: 2 word)\"",
        "output": "",
        "raw_output": "proof (prove)\ngoal (1 subgoal):\n 1. f 7 = f 3",
        "step_time": 0.0061533451080322266
    },
    {
        "index": 19,
        "step": "by simp",
        "output": "",
        "raw_output": "",
        "step_time": 0.009864330291748047
    },
    {
        "index": 20,
        "step": "lemma \"f (-2) = f (21 + 1 :: 3 word)\"",
        "output": "",
        "raw_output": "proof (prove)\ngoal (1 subgoal):\n 1. f (- 2) = f (21 + 1)",
        "step_time": 0.007241010665893555
    },
    {
        "index": 21,
        "step": "by simp",
        "output": "",
        "raw_output": "",
        "step_time": 0.015545368194580078
    },
    {
        "index": 22,
        "step": "lemma \"f (-2) = f (13 + 1 :: 'a::len word)\"",
        "output": "",
        "raw_output": "proof (prove)\ngoal (1 subgoal):\n 1. f (- 2) = f (13 + 1)",
        "step_time": 0.0071027278900146484
    },
    {
        "index": 23,
        "step": "apply simp",
        "output": "",
        "raw_output": "proof (prove)\ngoal (1 subgoal):\n 1. f (word_of_int (take_bit LENGTH('a) (- 2))) = f 14",
        "step_time": 0.005789995193481445
    },
    {
        "index": 24,
        "step": " (* does not touch generic word length *)\n  ",
        "output": "",
        "raw_output": "proof (prove)\ngoal (1 subgoal):\n 1. f (word_of_int (take_bit LENGTH('a) (- 2))) = f 14",
        "step_time": 0.005078554153442383
    },
    {
        "index": 25,
        "step": "oops",
        "output": "",
        "raw_output": "",
        "step_time": 0.0036661624908447266
    },
    {
        "index": 26,
        "step": "lemma \"f (-2) = f (0xFFFFFFFE :: 32 word)\"",
        "output": "",
        "raw_output": "proof (prove)\ngoal (1 subgoal):\n 1. f (- 2) = f 4294967294",
        "step_time": 0.007564544677734375
    },
    {
        "index": 27,
        "step": "by simp",
        "output": "",
        "raw_output": "",
        "step_time": 0.03337216377258301
    },
    {
        "index": 28,
        "step": "lemma \"(-1 :: 2 word) = 3\"",
        "output": "",
        "raw_output": "proof (prove)\ngoal (1 subgoal):\n 1. - 1 = 3",
        "step_time": 0.005837678909301758
    },
    {
        "index": 29,
        "step": "by simp",
        "output": "",
        "raw_output": "",
        "step_time": 0.011544227600097656
    },
    {
        "index": 30,
        "step": "lemma \"f (-2) = f (0xFFFFFFFE :: 32 signed word)\"",
        "output": "",
        "raw_output": "proof (prove)\ngoal (1 subgoal):\n 1. f (- 2) = f 4294967294",
        "step_time": 0.007712125778198242
    },
    {
        "index": 31,
        "step": "by simp",
        "output": "",
        "raw_output": "",
        "step_time": 0.034630775451660156
    },
    {
        "index": 32,
        "step": "text \\<open>\n  We leave @{term \"-1\"} untouched by default, because it is often useful\n  and its normal form can be large.\n  To include it in the normalisation, add @{thm [source] minus_one_norm_num}.\n  The additional normalisation is restricted to concrete numeral word lengths,\n  like the rest.\n\\<close>",
        "output": "",
        "raw_output": "",
        "step_time": 0.0055429935455322266
    },
    {
        "index": 33,
        "step": "context\n  notes minus_one_norm_num [simp]\nbegin",
        "output": "",
        "raw_output": "",
        "step_time": 0.004730701446533203
    },
    {
        "index": 34,
        "step": "lemma \"f (-1) = f (15 :: 4 word)\"",
        "output": "",
        "raw_output": "proof (prove)\ngoal (1 subgoal):\n 1. f (- 1) = f 15",
        "step_time": 0.007501125335693359
    },
    {
        "index": 35,
        "step": "by simp",
        "output": "",
        "raw_output": "",
        "step_time": 0.007075071334838867
    },
    {
        "index": 36,
        "step": "lemma \"f (-1) = f (7 :: 3 word)\"",
        "output": "",
        "raw_output": "proof (prove)\ngoal (1 subgoal):\n 1. f (- 1) = f 7",
        "step_time": 0.00681304931640625
    },
    {
        "index": 37,
        "step": "by simp",
        "output": "",
        "raw_output": "",
        "step_time": 0.005953311920166016
    },
    {
        "index": 38,
        "step": "lemma \"f (-1) = f (0xFFFF :: 16 word)\"",
        "output": "",
        "raw_output": "proof (prove)\ngoal (1 subgoal):\n 1. f (- 1) = f 65535",
        "step_time": 0.006732463836669922
    },
    {
        "index": 39,
        "step": "by simp",
        "output": "",
        "raw_output": "",
        "step_time": 0.007233858108520508
    },
    {
        "index": 40,
        "step": "lemma \"f (-1) = f (0xFFFF + 1 :: 'a::len word)\"",
        "output": "",
        "raw_output": "proof (prove)\ngoal (1 subgoal):\n 1. f (- 1) = f (65535 + 1)",
        "step_time": 0.0059549808502197266
    },
    {
        "index": 41,
        "step": "apply simp",
        "output": "",
        "raw_output": "proof (prove)\ngoal (1 subgoal):\n 1. f (- 1) = f 65536",
        "step_time": 0.005915164947509766
    },
    {
        "index": 42,
        "step": " (* does not touch generic -1 *)\n  ",
        "output": "",
        "raw_output": "proof (prove)\ngoal (1 subgoal):\n 1. f (- 1) = f 65536",
        "step_time": 0.0041844844818115234
    },
    {
        "index": 43,
        "step": "oops",
        "output": "",
        "raw_output": "",
        "step_time": 0.003838777542114258
    },
    {
        "index": 44,
        "step": "end",
        "output": "",
        "raw_output": "",
        "step_time": 0.0039031505584716797
    },
    {
        "index": 45,
        "step": "end",
        "output": "",
        "raw_output": "",
        "step_time": 0.003951072692871094
    },
    {
        "index": 46,
        "step": "end",
        "output": "",
        "raw_output": "",
        "step_time": 0.006060361862182617
    }
]