[
    {
        "index": 0,
        "step": "(*\n * Copyright 2023, Proofcraft Pty Ltd\n *\n * SPDX-License-Identifier: BSD-2-Clause\n *)\n\n",
        "output": "",
        "raw_output": "",
        "step_time": 0.004628658294677734
    },
    {
        "index": 1,
        "step": "theory Sgn_Abs\n  imports Most_significant_bit\nbegin",
        "output": "",
        "raw_output": "",
        "step_time": 0.0040285587310791016
    },
    {
        "index": 2,
        "step": "section \\<open>@{const sgn} and @{const abs} for @{typ \"'a word\"}\\<close>",
        "output": "",
        "raw_output": "",
        "step_time": 0.003923654556274414
    },
    {
        "index": 3,
        "step": "subsection \\<open>Instances\\<close>",
        "output": "",
        "raw_output": "",
        "step_time": 0.004076957702636719
    },
    {
        "index": 4,
        "step": "text \\<open>@{const sgn} on words returns -1, 0, or 1.\\<close>",
        "output": "",
        "raw_output": "",
        "step_time": 0.0042378902435302734
    },
    {
        "index": 5,
        "step": "instantiation word :: (len) sgn\nbegin",
        "output": "",
        "raw_output": "",
        "step_time": 0.03134417533874512
    },
    {
        "index": 6,
        "step": "definition sgn_word :: \\<open>'a word \\<Rightarrow> 'a word\\<close> where\n  \\<open>sgn w = (if w = 0 then 0 else if 0 <s w then 1 else -1)\\<close>",
        "output": "",
        "raw_output": "",
        "step_time": 0.017798900604248047
    },
    {
        "index": 7,
        "step": "instance",
        "output": "",
        "raw_output": "proof (prove)\ngoal (1 subgoal):\n 1. OFCLASS('a word, sgn_class)",
        "step_time": 0.003821134567260742
    },
    {
        "index": 8,
        "step": "..",
        "output": "",
        "raw_output": "",
        "step_time": 0.00813746452331543
    },
    {
        "index": 9,
        "step": "end",
        "output": "",
        "raw_output": "",
        "step_time": 0.0039048194885253906
    },
    {
        "index": 10,
        "step": "\n\n\n(* Simplification setup for sgn on numerals *)\n\n",
        "output": "",
        "raw_output": "",
        "step_time": 0.004166603088378906
    },
    {
        "index": 11,
        "step": "lemma word_sgn_0[simp]:\n  \"sgn 0 = (0::'a::len word)\"",
        "output": "",
        "raw_output": "proof (prove)\ngoal (1 subgoal):\n 1. sgn 0 = 0",
        "step_time": 0.006129026412963867
    },
    {
        "index": 12,
        "step": "by (simp add: sgn_word_def)",
        "output": "",
        "raw_output": "",
        "step_time": 0.006125211715698242
    },
    {
        "index": 13,
        "step": "lemma word_sgn_1[simp]:\n  \"sgn 1 = (1::'a::len word)\"",
        "output": "",
        "raw_output": "proof (prove)\ngoal (1 subgoal):\n 1. sgn 1 = 1",
        "step_time": 0.006141185760498047
    },
    {
        "index": 14,
        "step": "by (simp add: sgn_word_def)",
        "output": "",
        "raw_output": "",
        "step_time": 0.013628482818603516
    },
    {
        "index": 15,
        "step": "lemma word_sgn_max_word[simp]:\n  \"sgn (- 1) = (-1::'a::len word)\"",
        "output": "",
        "raw_output": "proof (prove)\ngoal (1 subgoal):\n 1. sgn (- 1) = - 1",
        "step_time": 0.0060923099517822266
    },
    {
        "index": 16,
        "step": "by (clarsimp simp: sgn_word_def word_sless_alt)",
        "output": "",
        "raw_output": "",
        "step_time": 0.0076084136962890625
    },
    {
        "index": 17,
        "step": "lemmas word_sgn_numeral[simp] = sgn_word_def[where w=\"numeral w\" for w]",
        "output": "",
        "raw_output": "",
        "step_time": 0.0062601566314697266
    },
    {
        "index": 18,
        "step": "text \\<open>@{const abs} on words is the usual definition.\\<close>",
        "output": "",
        "raw_output": "",
        "step_time": 0.003974437713623047
    },
    {
        "index": 19,
        "step": "instantiation word :: (len) abs\nbegin",
        "output": "",
        "raw_output": "",
        "step_time": 0.004578351974487305
    },
    {
        "index": 20,
        "step": "definition abs_word :: \\<open>'a word \\<Rightarrow> 'a word\\<close> where\n  \\<open>abs w = (if w \\<le>s 0 then -w else w)\\<close>",
        "output": "",
        "raw_output": "",
        "step_time": 0.017786502838134766
    },
    {
        "index": 21,
        "step": "instance",
        "output": "",
        "raw_output": "proof (prove)\ngoal (1 subgoal):\n 1. OFCLASS('a word, abs_class)",
        "step_time": 0.00448918342590332
    },
    {
        "index": 22,
        "step": "..",
        "output": "",
        "raw_output": "",
        "step_time": 0.01035928726196289
    },
    {
        "index": 23,
        "step": "end",
        "output": "",
        "raw_output": "",
        "step_time": 0.004372835159301758
    },
    {
        "index": 24,
        "step": "\n\n\n(* Simplification setup for abs on numerals *)\n\n",
        "output": "",
        "raw_output": "",
        "step_time": 0.004022359848022461
    },
    {
        "index": 25,
        "step": "lemma word_abs_0[simp]:\n  \"\\<bar>0\\<bar> = (0::'a::len word)\"",
        "output": "",
        "raw_output": "proof (prove)\ngoal (1 subgoal):\n 1. \\<bar>0\\<bar> = 0",
        "step_time": 0.00565028190612793
    },
    {
        "index": 26,
        "step": "by (simp add: abs_word_def)",
        "output": "",
        "raw_output": "",
        "step_time": 0.005728244781494141
    },
    {
        "index": 27,
        "step": "lemma word_abs_1[simp]:\n  \"\\<bar>1\\<bar> = (1::'a::len word)\"",
        "output": "",
        "raw_output": "proof (prove)\ngoal (1 subgoal):\n 1. \\<bar>1\\<bar> = 1",
        "step_time": 0.004935503005981445
    },
    {
        "index": 28,
        "step": "by (simp add: abs_word_def)",
        "output": "",
        "raw_output": "",
        "step_time": 0.015450716018676758
    },
    {
        "index": 29,
        "step": "lemma word_abs_max_word[simp]:\n  \"\\<bar>- 1\\<bar> = (1::'a::len word)\"",
        "output": "",
        "raw_output": "proof (prove)\ngoal (1 subgoal):\n 1. \\<bar>- 1\\<bar> = 1",
        "step_time": 0.0062596797943115234
    },
    {
        "index": 30,
        "step": "by (clarsimp simp: abs_word_def word_sle_eq)",
        "output": "",
        "raw_output": "",
        "step_time": 0.00811910629272461
    },
    {
        "index": 31,
        "step": "lemma word_abs_msb:\n  \"\\<bar>w\\<bar> = (if msb w then -w else w)\" for w::\"'a::len word\"",
        "output": "",
        "raw_output": "proof (prove)\ngoal (1 subgoal):\n 1. \\<bar>w\\<bar> = (if msb w then - w else w)",
        "step_time": 0.0065877437591552734
    },
    {
        "index": 32,
        "step": "by (simp add: abs_word_def msb_word_iff_sless_0 word_sless_eq)",
        "output": "",
        "raw_output": "",
        "step_time": 0.013449668884277344
    },
    {
        "index": 33,
        "step": "lemmas word_abs_numeral[simp] = word_abs_msb[where w=\"numeral w\" for w]",
        "output": "",
        "raw_output": "",
        "step_time": 0.006722927093505859
    },
    {
        "index": 34,
        "step": "subsection \\<open>Properties\\<close>",
        "output": "",
        "raw_output": "",
        "step_time": 0.004026889801025391
    },
    {
        "index": 35,
        "step": "\n\n(* Many of these are from linordered_idom, but need <s instead of < and occasionally\n   an additional assumption on minimum word length, because in \"1 word\" we have -1 = 1. *)\n\n",
        "output": "",
        "raw_output": "",
        "step_time": 0.004057407379150391
    },
    {
        "index": 36,
        "step": "lemma word_sgn_0_0:\n  \"sgn a = 0 \\<longleftrightarrow> a = 0\" for a::\"'a::len word\"",
        "output": "",
        "raw_output": "proof (prove)\ngoal (1 subgoal):\n 1. (sgn a = 0) = (a = 0)",
        "step_time": 0.006579160690307617
    },
    {
        "index": 37,
        "step": "by (simp add: sgn_word_def)",
        "output": "",
        "raw_output": "",
        "step_time": 0.010287046432495117
    },
    {
        "index": 38,
        "step": "lemma word_sgn_1_pos:\n  \"1 < LENGTH('a) \\<Longrightarrow> sgn a = 1 \\<longleftrightarrow> 0 <s a\" for a::\"'a::len word\"",
        "output": "",
        "raw_output": "proof (prove)\ngoal (1 subgoal):\n 1. 1 < LENGTH('a) \\<Longrightarrow> (sgn a = 1) = (0 <s a)",
        "step_time": 0.007652997970581055
    },
    {
        "index": 39,
        "step": "unfolding sgn_word_def",
        "output": "",
        "raw_output": "proof (prove)\ngoal (1 subgoal):\n 1. 1 < LENGTH('a) \\<Longrightarrow> ((if a = 0 then 0 else if 0 <s a then 1 else - 1) = 1) = (0 <s a)",
        "step_time": 0.005543231964111328
    },
    {
        "index": 40,
        "step": "by simp",
        "output": "",
        "raw_output": "",
        "step_time": 0.016092300415039062
    },
    {
        "index": 41,
        "step": "lemma word_sgn_1_neg:\n  \"sgn a = - 1 \\<longleftrightarrow> a <s 0\"",
        "output": "",
        "raw_output": "proof (prove)\ngoal (1 subgoal):\n 1. (sgn a = - 1) = (a <s 0)",
        "step_time": 0.006896018981933594
    },
    {
        "index": 42,
        "step": "unfolding sgn_word_def",
        "output": "",
        "raw_output": "proof (prove)\ngoal (1 subgoal):\n 1. ((if a = 0 then 0 else if 0 <s a then 1 else - 1) = - 1) = (a <s 0)",
        "step_time": 0.005431413650512695
    },
    {
        "index": 43,
        "step": "using sint_1_cases",
        "output": "",
        "raw_output": "proof (prove)\nusing this:\n\\<lbrakk>\\<lbrakk>LENGTH(?'a) = 1; ?a = 0; sint ?a = 0\\<rbrakk> \\<Longrightarrow> ?P; \\<lbrakk>LENGTH(?'a) = 1; ?a = 1; sint 1 = - 1\\<rbrakk> \\<Longrightarrow> ?P; \\<lbrakk>1 < LENGTH(?'a); sint 1 = 1\\<rbrakk> \\<Longrightarrow> ?P\\<rbrakk> \\<Longrightarrow> ?P\n\ngoal (1 subgoal):\n 1. ((if a = 0 then 0 else if 0 <s a then 1 else - 1) = - 1) = (a <s 0)",
        "step_time": 0.006986141204833984
    },
    {
        "index": 44,
        "step": "by force",
        "output": "",
        "raw_output": "",
        "step_time": 0.10443329811096191
    },
    {
        "index": 45,
        "step": "lemma word_sgn_pos[simp]:\n  \"0 <s a \\<Longrightarrow> sgn a = 1\"",
        "output": "",
        "raw_output": "proof (prove)\ngoal (1 subgoal):\n 1. 0 <s a \\<Longrightarrow> sgn a = 1",
        "step_time": 0.007799625396728516
    },
    {
        "index": 46,
        "step": "by (simp add: sgn_word_def)",
        "output": "",
        "raw_output": "",
        "step_time": 0.010727643966674805
    },
    {
        "index": 47,
        "step": "lemma word_sgn_neg[simp]:\n  \"a <s 0 \\<Longrightarrow> sgn a = - 1\"",
        "output": "",
        "raw_output": "proof (prove)\ngoal (1 subgoal):\n 1. a <s 0 \\<Longrightarrow> sgn a = - 1",
        "step_time": 0.008096456527709961
    },
    {
        "index": 48,
        "step": "by (simp only: word_sgn_1_neg)",
        "output": "",
        "raw_output": "",
        "step_time": 0.006809711456298828
    },
    {
        "index": 49,
        "step": "lemma word_abs_sgn:\n  \"\\<bar>k\\<bar> = k * sgn k\" for k :: \"'a::len word\"",
        "output": "",
        "raw_output": "proof (prove)\ngoal (1 subgoal):\n 1. \\<bar>k\\<bar> = k * sgn k",
        "step_time": 0.008339405059814453
    },
    {
        "index": 50,
        "step": "unfolding sgn_word_def abs_word_def",
        "output": "",
        "raw_output": "proof (prove)\ngoal (1 subgoal):\n 1. (if k \\<le>s 0 then - k else k) = k * (if k = 0 then 0 else if 0 <s k then 1 else - 1)",
        "step_time": 0.0066454410552978516
    },
    {
        "index": 51,
        "step": "by auto",
        "output": "",
        "raw_output": "",
        "step_time": 0.022727489471435547
    },
    {
        "index": 52,
        "step": "lemma word_sgn_greater[simp]:\n  \"0 <s sgn a \\<longleftrightarrow> 0 <s a\" for a::\"'a::len word\"",
        "output": "",
        "raw_output": "proof (prove)\ngoal (1 subgoal):\n 1. (0 <s sgn a) = (0 <s a)",
        "step_time": 0.007972002029418945
    },
    {
        "index": 53,
        "step": "by (smt (verit) signed_eq_0_iff sint_1_cases sint_n1 word_sgn_0_0 word_sgn_neg word_sgn_pos\n                  word_sless_alt)",
        "output": "",
        "raw_output": "",
        "step_time": 0.24790120124816895
    },
    {
        "index": 54,
        "step": "lemma word_sgn_less[simp]:\n  \"sgn a <s 0 \\<longleftrightarrow> a <s 0\" for a::\"'a::len word\"",
        "output": "",
        "raw_output": "proof (prove)\ngoal (1 subgoal):\n 1. (sgn a <s 0) = (a <s 0)",
        "step_time": 0.006251811981201172
    },
    {
        "index": 55,
        "step": "unfolding sgn_word_def",
        "output": "",
        "raw_output": "proof (prove)\ngoal (1 subgoal):\n 1. ((if a = 0 then 0 else if 0 <s a then 1 else - 1) <s 0) = (a <s 0)",
        "step_time": 0.00644373893737793
    },
    {
        "index": 56,
        "step": "using degenerate_word signed.antisym_conv3 word_sless_alt",
        "output": "",
        "raw_output": "proof (prove)\nusing this:\nLENGTH(?'a) = 1 \\<Longrightarrow> ?x = 0 \\<or> ?x = 1\n\\<not> ?y <s ?x \\<Longrightarrow> (\\<not> ?x <s ?y) = (?x = ?y)\n(?a <s ?b) = (sint ?a < sint ?b)\n\ngoal (1 subgoal):\n 1. ((if a = 0 then 0 else if 0 <s a then 1 else - 1) <s 0) = (a <s 0)",
        "step_time": 0.006275177001953125
    },
    {
        "index": 57,
        "step": "by force",
        "output": "",
        "raw_output": "",
        "step_time": 0.31742405891418457
    },
    {
        "index": 58,
        "step": "lemma word_abs_sgn_eq_1[simp]:\n  \"a \\<noteq> 0 \\<Longrightarrow> \\<bar>sgn a\\<bar> = 1\" for a::\"'a::len word\"",
        "output": "",
        "raw_output": "proof (prove)\ngoal (1 subgoal):\n 1. a \\<noteq> 0 \\<Longrightarrow> \\<bar>sgn a\\<bar> = 1",
        "step_time": 0.008490562438964844
    },
    {
        "index": 59,
        "step": "unfolding abs_word_def sgn_word_def",
        "output": "",
        "raw_output": "proof (prove)\ngoal (1 subgoal):\n 1. a \\<noteq> 0 \\<Longrightarrow> (if (if a = 0 then 0 else if 0 <s a then 1 else - 1) \\<le>s 0 then - (if a = 0 then 0 else if 0 <s a then 1 else - 1) else if a = 0 then 0 else if 0 <s a then 1 else - 1) = 1",
        "step_time": 0.00832676887512207
    },
    {
        "index": 60,
        "step": "by (clarsimp simp: word_sle_eq)",
        "output": "",
        "raw_output": "",
        "step_time": 0.020606279373168945
    },
    {
        "index": 61,
        "step": "lemma word_abs_sgn_eq:\n  \"\\<bar>sgn a\\<bar> = (if a = 0 then 0 else 1)\" for a::\"'a::len word\"",
        "output": "",
        "raw_output": "proof (prove)\ngoal (1 subgoal):\n 1. \\<bar>sgn a\\<bar> = (if a = 0 then 0 else 1)",
        "step_time": 0.007959365844726562
    },
    {
        "index": 62,
        "step": "by clarsimp",
        "output": "",
        "raw_output": "",
        "step_time": 0.012166500091552734
    },
    {
        "index": 63,
        "step": "lemma word_sgn_mult_self_eq[simp]:\n  \"sgn a * sgn a = of_bool (a \\<noteq> 0)\" for a::\"'a::len word\"",
        "output": "",
        "raw_output": "proof (prove)\ngoal (1 subgoal):\n 1. sgn a * sgn a = of_bool (a \\<noteq> 0)",
        "step_time": 0.008310317993164062
    },
    {
        "index": 64,
        "step": "by (cases \"0 <s a\"; simp)",
        "output": "",
        "raw_output": "",
        "step_time": 0.013931512832641602
    },
    {
        "index": 65,
        "step": "end",
        "output": "",
        "raw_output": "",
        "step_time": 0.006413459777832031
    }
]