[
    {
        "index": 0,
        "step": "(*\n * Copyright 2020, Data61, CSIRO (ABN 41 687 119 230)\n *\n * SPDX-License-Identifier: BSD-2-Clause\n *)\n\n",
        "output": "",
        "raw_output": "",
        "step_time": 0.004320621490478516
    },
    {
        "index": 1,
        "step": "section \"Signed Words\"",
        "output": "",
        "raw_output": "",
        "step_time": 0.0037298202514648438
    },
    {
        "index": 2,
        "step": "theory Signed_Words\n  imports \"HOL-Library.Word\"\nbegin",
        "output": "",
        "raw_output": "",
        "step_time": 0.0033364295959472656
    },
    {
        "index": 3,
        "step": "text \\<open>Signed words as separate (isomorphic) word length class. Useful for tagging words in C.\\<close>",
        "output": "",
        "raw_output": "",
        "step_time": 0.004271268844604492
    },
    {
        "index": 4,
        "step": "typedef ('a::len0) signed = \"UNIV :: 'a set\"",
        "output": "",
        "raw_output": "proof (prove)\ngoal (1 subgoal):\n 1. \\<exists>x. x \\<in> UNIV",
        "step_time": 0.048258066177368164
    },
    {
        "index": 5,
        "step": "..",
        "output": "",
        "raw_output": "",
        "step_time": 0.03074502944946289
    },
    {
        "index": 6,
        "step": "lemma card_signed [simp]: \"CARD (('a::len0) signed) = CARD('a)\"",
        "output": "",
        "raw_output": "proof (prove)\ngoal (1 subgoal):\n 1. CARD('a signed) = CARD('a)",
        "step_time": 0.006275653839111328
    },
    {
        "index": 7,
        "step": "unfolding type_definition.card [OF type_definition_signed]",
        "output": "",
        "raw_output": "proof (prove)\ngoal (1 subgoal):\n 1. CARD('a) = CARD('a)",
        "step_time": 0.005451202392578125
    },
    {
        "index": 8,
        "step": "by simp",
        "output": "",
        "raw_output": "",
        "step_time": 0.007300853729248047
    },
    {
        "index": 9,
        "step": "instantiation signed :: (len0) len0\nbegin",
        "output": "",
        "raw_output": "",
        "step_time": 0.004766225814819336
    },
    {
        "index": 10,
        "step": "definition\n  len_signed [simp]: \"len_of (x::'a::len0 signed itself) = LENGTH('a)\"",
        "output": "",
        "raw_output": "",
        "step_time": 0.017302751541137695
    },
    {
        "index": 11,
        "step": "instance",
        "output": "",
        "raw_output": "proof (prove)\ngoal (1 subgoal):\n 1. OFCLASS('a signed, len0_class)",
        "step_time": 0.004305839538574219
    },
    {
        "index": 12,
        "step": "..",
        "output": "",
        "raw_output": "",
        "step_time": 0.007016897201538086
    },
    {
        "index": 13,
        "step": "end",
        "output": "",
        "raw_output": "",
        "step_time": 0.0041272640228271484
    },
    {
        "index": 14,
        "step": "instance signed :: (len) len",
        "output": "",
        "raw_output": "proof (prove)\ngoal (1 subgoal):\n 1. OFCLASS('a signed, len_class)",
        "step_time": 0.004372596740722656
    },
    {
        "index": 15,
        "step": "by (intro_classes, simp)",
        "output": "",
        "raw_output": "",
        "step_time": 0.014314413070678711
    },
    {
        "index": 16,
        "step": "lemma scast_scast_id [simp]:\n  \"scast (scast x :: ('a::len) signed word) = (x :: 'a word)\"\n  \"scast (scast y :: ('a::len) word) = (y :: 'a signed word)\"",
        "output": "",
        "raw_output": "proof (prove)\ngoal (1 subgoal):\n 1. scast (scast x) = x &&& scast (scast y) = y",
        "step_time": 0.008426427841186523
    },
    {
        "index": 17,
        "step": "by (auto simp: is_up scast_up_scast_id)",
        "output": "",
        "raw_output": "",
        "step_time": 0.00707554817199707
    },
    {
        "index": 18,
        "step": "lemma ucast_scast_id [simp]:\n  \"ucast (scast (x :: 'a::len signed word) :: 'a word) = x\"",
        "output": "",
        "raw_output": "proof (prove)\ngoal (1 subgoal):\n 1. ucast (scast x) = x",
        "step_time": 0.0058176517486572266
    },
    {
        "index": 19,
        "step": "by transfer (simp add: take_bit_signed_take_bit)",
        "output": "",
        "raw_output": "",
        "step_time": 0.01307535171508789
    },
    {
        "index": 20,
        "step": "lemma scast_of_nat [simp]:\n  \"scast (of_nat x :: 'a::len signed word) = (of_nat x :: 'a word)\"",
        "output": "",
        "raw_output": "proof (prove)\ngoal (1 subgoal):\n 1. scast (word_of_nat x) = word_of_nat x",
        "step_time": 0.0067250728607177734
    },
    {
        "index": 21,
        "step": "by transfer (simp add: take_bit_signed_take_bit)",
        "output": "",
        "raw_output": "",
        "step_time": 0.011028289794921875
    },
    {
        "index": 22,
        "step": "lemma scast_ucast_id [simp]:\n  \"scast (ucast (x :: 'a::len word) :: 'a signed word) = x\"",
        "output": "",
        "raw_output": "proof (prove)\ngoal (1 subgoal):\n 1. scast (ucast x) = x",
        "step_time": 0.006323337554931641
    },
    {
        "index": 23,
        "step": "by transfer (simp add: take_bit_signed_take_bit)",
        "output": "",
        "raw_output": "",
        "step_time": 0.012549638748168945
    },
    {
        "index": 24,
        "step": "lemma scast_eq_scast_id [simp]:\n  \"((scast (a :: 'a::len signed word) :: 'a word) = scast b) = (a = b)\"",
        "output": "",
        "raw_output": "proof (prove)\ngoal (1 subgoal):\n 1. (scast a = scast b) = (a = b)",
        "step_time": 0.007147789001464844
    },
    {
        "index": 25,
        "step": "by (metis ucast_scast_id)",
        "output": "",
        "raw_output": "",
        "step_time": 0.021918058395385742
    },
    {
        "index": 26,
        "step": "lemma ucast_eq_ucast_id [simp]:\n  \"((ucast (a :: 'a::len word) :: 'a signed word) = ucast b) = (a = b)\"",
        "output": "",
        "raw_output": "proof (prove)\ngoal (1 subgoal):\n 1. (ucast a = ucast b) = (a = b)",
        "step_time": 0.007421016693115234
    },
    {
        "index": 27,
        "step": "by (metis scast_ucast_id)",
        "output": "",
        "raw_output": "",
        "step_time": 0.01883220672607422
    },
    {
        "index": 28,
        "step": "lemma scast_ucast_norm [simp]:\n  \"(ucast (a :: 'a::len word) = (b :: 'a signed word)) = (a = scast b)\"\n  \"((b :: 'a signed word) = ucast (a :: 'a::len word)) = (a = scast b)\"",
        "output": "",
        "raw_output": "proof (prove)\ngoal (1 subgoal):\n 1. (ucast a = b) = (a = scast b) &&& (b = ucast a) = (a = scast b)",
        "step_time": 0.01088571548461914
    },
    {
        "index": 29,
        "step": "by (metis scast_ucast_id ucast_scast_id)+",
        "output": "",
        "raw_output": "",
        "step_time": 0.03493070602416992
    },
    {
        "index": 30,
        "step": "lemma scast_2_power [simp]: \"scast ((2 :: 'a::len signed word) ^ x) = ((2 :: 'a word) ^ x)\"",
        "output": "",
        "raw_output": "proof (prove)\ngoal (1 subgoal):\n 1. scast (2 ^ x) = 2 ^ x",
        "step_time": 0.007412910461425781
    },
    {
        "index": 31,
        "step": "by (rule bit_word_eqI) (auto simp add: bit_simps)",
        "output": "",
        "raw_output": "",
        "step_time": 0.018477916717529297
    },
    {
        "index": 32,
        "step": "lemma ucast_nat_def':\n  \"of_nat (unat x) = (ucast :: 'a :: len word \\<Rightarrow> ('b :: len) signed word) x\"",
        "output": "",
        "raw_output": "proof (prove)\ngoal (1 subgoal):\n 1. word_of_nat (unat x) = ucast x",
        "step_time": 0.006997346878051758
    },
    {
        "index": 33,
        "step": "by (fact of_nat_unat)",
        "output": "",
        "raw_output": "",
        "step_time": 0.00487065315246582
    },
    {
        "index": 34,
        "step": "lemma zero_sle_ucast_up:\n  \"\\<not> is_down (ucast :: 'a word \\<Rightarrow> 'b signed word) \\<Longrightarrow>\n          (0 <=s ((ucast (b::('a::len) word)) :: ('b::len) signed word))\"",
        "output": "",
        "raw_output": "proof (prove)\ngoal (1 subgoal):\n 1. \\<not> is_down ucast \\<Longrightarrow> 0 \\<le>s ucast b",
        "step_time": 0.00809335708618164
    },
    {
        "index": 35,
        "step": "by transfer (simp add: bit_simps)",
        "output": "",
        "raw_output": "",
        "step_time": 0.01951432228088379
    },
    {
        "index": 36,
        "step": "lemma word_le_ucast_sless:\n  \"\\<lbrakk> x \\<le> y; y \\<noteq> -1; LENGTH('a) < LENGTH('b) \\<rbrakk> \\<Longrightarrow>\n    (ucast x :: ('b :: len) signed word) <s ucast (y + 1)\"\n  for x y :: \\<open>'a::len word\\<close>",
        "output": "",
        "raw_output": "proof (prove)\ngoal (1 subgoal):\n 1. \\<lbrakk>x \\<le> y; y \\<noteq> - 1; LENGTH('a) < LENGTH('b)\\<rbrakk> \\<Longrightarrow> ucast x <s ucast (y + 1)",
        "step_time": 0.010942220687866211
    },
    {
        "index": 37,
        "step": "apply (cases \\<open>LENGTH('b)\\<close>)",
        "output": "",
        "raw_output": "proof (prove)\ngoal (2 subgoals):\n 1. \\<lbrakk>x \\<le> y; y \\<noteq> - 1; LENGTH('a) < LENGTH('b); LENGTH('b) = 0\\<rbrakk> \\<Longrightarrow> ucast x <s ucast (y + 1)\n 2. \\<And>nat. \\<lbrakk>x \\<le> y; y \\<noteq> - 1; LENGTH('a) < LENGTH('b); LENGTH('b) = Suc nat\\<rbrakk> \\<Longrightarrow> ucast x <s ucast (y + 1)",
        "step_time": 0.008015871047973633
    },
    {
        "index": 38,
        "step": "apply simp_all",
        "output": "",
        "raw_output": "proof (prove)\ngoal (1 subgoal):\n 1. \\<And>nat. \\<lbrakk>x \\<le> y; y \\<noteq> - 1; LENGTH('a) < Suc nat; LENGTH('b) = Suc nat\\<rbrakk> \\<Longrightarrow> ucast x <s ucast (y + 1)",
        "step_time": 0.008546590805053711
    },
    {
        "index": 39,
        "step": "apply transfer",
        "output": "",
        "raw_output": "proof (prove)\ngoal (1 subgoal):\n 1. \\<And>nat x y. \\<lbrakk>take_bit LENGTH('a) x \\<le> take_bit LENGTH('a) y; take_bit LENGTH('a) y \\<noteq> take_bit LENGTH('a) (- 1); LENGTH('a) < Suc nat; LENGTH('b) = Suc nat\\<rbrakk> \\<Longrightarrow> signed_take_bit (LENGTH('b signed) - Suc 0) (take_bit LENGTH('a) x) < signed_take_bit (LENGTH('b signed) - Suc 0) (take_bit LENGTH('a) (y + 1))",
        "step_time": 0.02329421043395996
    },
    {
        "index": 40,
        "step": "apply (simp add: signed_take_bit_take_bit)",
        "output": "",
        "raw_output": "proof (prove)\ngoal (1 subgoal):\n 1. \\<And>nat x y. \\<lbrakk>take_bit LENGTH('a) x \\<le> take_bit LENGTH('a) y; take_bit LENGTH('a) y \\<noteq> mask LENGTH('a); LENGTH('a) < Suc nat; LENGTH('b) = Suc nat\\<rbrakk> \\<Longrightarrow> take_bit LENGTH('a) x < take_bit LENGTH('a) (y + 1)",
        "step_time": 0.029144763946533203
    },
    {
        "index": 41,
        "step": "apply (metis add.commute mask_eq_exp_minus_1 take_bit_incr_eq zle_add1_eq_le)",
        "output": "",
        "raw_output": "proof (prove)\ngoal:\nNo subgoals!",
        "step_time": 0.04032492637634277
    },
    {
        "index": 42,
        "step": "done",
        "output": "",
        "raw_output": "",
        "step_time": 0.00667572021484375
    },
    {
        "index": 43,
        "step": "lemma zero_sle_ucast:\n  \"(0 <=s ((ucast (b::('a::len) word)) :: ('a::len) signed word))\n                = (uint b < 2 ^ (LENGTH('a) - 1))\"",
        "output": "",
        "raw_output": "proof (prove)\ngoal (1 subgoal):\n 1. (0 \\<le>s ucast b) = (uint b < 2 ^ (LENGTH('a) - 1))",
        "step_time": 0.00957036018371582
    },
    {
        "index": 44,
        "step": "apply transfer",
        "output": "",
        "raw_output": "proof (prove)\ngoal (1 subgoal):\n 1. \\<And>b. (signed_take_bit (LENGTH('a signed) - Suc 0) 0 \\<le> signed_take_bit (LENGTH('a signed) - Suc 0) (take_bit LENGTH('a) b)) = (take_bit LENGTH('a) b < 2 ^ (LENGTH('a) - 1))",
        "step_time": 0.014974117279052734
    },
    {
        "index": 45,
        "step": "apply (cases \\<open>LENGTH('a)\\<close>)",
        "output": "",
        "raw_output": "proof (prove)\ngoal (2 subgoals):\n 1. \\<And>b. LENGTH('a) = 0 \\<Longrightarrow> (signed_take_bit (LENGTH('a signed) - Suc 0) 0 \\<le> signed_take_bit (LENGTH('a signed) - Suc 0) (take_bit LENGTH('a) b)) = (take_bit LENGTH('a) b < 2 ^ (LENGTH('a) - 1))\n 2. \\<And>b nat. LENGTH('a) = Suc nat \\<Longrightarrow> (signed_take_bit (LENGTH('a signed) - Suc 0) 0 \\<le> signed_take_bit (LENGTH('a signed) - Suc 0) (take_bit LENGTH('a) b)) = (take_bit LENGTH('a) b < 2 ^ (LENGTH('a) - 1))",
        "step_time": 0.009174823760986328
    },
    {
        "index": 46,
        "step": "apply (simp_all add: take_bit_Suc_from_most bit_simps)",
        "output": "",
        "raw_output": "proof (prove)\ngoal (1 subgoal):\n 1. \\<And>b nat. LENGTH('a) = Suc nat \\<Longrightarrow> bit b nat \\<longrightarrow> bit (2 ^ nat + take_bit nat b) nat",
        "step_time": 0.017120361328125
    },
    {
        "index": 47,
        "step": "apply (simp_all add: bit_simps disjunctive_add)",
        "output": "",
        "raw_output": "proof (prove)\ngoal:\nNo subgoals!",
        "step_time": 0.022303342819213867
    },
    {
        "index": 48,
        "step": "done",
        "output": "",
        "raw_output": "",
        "step_time": 0.006000995635986328
    },
    {
        "index": 49,
        "step": "lemma nth_w2p_scast:\n  \"(bit (scast ((2::'a::len signed word) ^ n) :: 'a word) m)\n         \\<longleftrightarrow> (bit (((2::'a::len  word) ^ n) :: 'a word) m)\"",
        "output": "",
        "raw_output": "proof (prove)\ngoal (1 subgoal):\n 1. bit (scast (2 ^ n)) m = bit (2 ^ n) m",
        "step_time": 0.00874471664428711
    },
    {
        "index": 50,
        "step": "by (simp add: bit_simps)",
        "output": "",
        "raw_output": "",
        "step_time": 0.014021158218383789
    },
    {
        "index": 51,
        "step": "lemma scast_nop1 [simp]:\n  \"((scast ((of_int x)::('a::len) word))::'a signed word) = of_int x\"",
        "output": "",
        "raw_output": "proof (prove)\ngoal (1 subgoal):\n 1. scast (word_of_int x) = word_of_int x",
        "step_time": 0.0076177120208740234
    },
    {
        "index": 52,
        "step": "by transfer (simp add: take_bit_signed_take_bit)",
        "output": "",
        "raw_output": "",
        "step_time": 0.010385274887084961
    },
    {
        "index": 53,
        "step": "lemma scast_nop2 [simp]:\n  \"((scast ((of_int x)::('a::len) signed word))::'a word) = of_int x\"",
        "output": "",
        "raw_output": "proof (prove)\ngoal (1 subgoal):\n 1. scast (word_of_int x) = word_of_int x",
        "step_time": 0.006327152252197266
    },
    {
        "index": 54,
        "step": "by transfer (simp add: take_bit_signed_take_bit)",
        "output": "",
        "raw_output": "",
        "step_time": 0.012643575668334961
    },
    {
        "index": 55,
        "step": "lemmas scast_nop = scast_nop1 scast_nop2 scast_id",
        "output": "",
        "raw_output": "",
        "step_time": 0.00604557991027832
    },
    {
        "index": 56,
        "step": "type_synonym 'a sword = \"'a signed word\"",
        "output": "",
        "raw_output": "",
        "step_time": 0.0049991607666015625
    },
    {
        "index": 57,
        "step": "end",
        "output": "",
        "raw_output": "",
        "step_time": 0.005590677261352539
    }
]