[
    {
        "index": 0,
        "step": "(*\n * Copyright 2021, Florian Haftmann\n *\n * SPDX-License-Identifier: BSD-2-Clause\n *)\n\n",
        "output": "",
        "raw_output": "",
        "step_time": 0.004713535308837891
    },
    {
        "index": 1,
        "step": "theory Singleton_Bit_Shifts\n  imports\n    \"HOL-Library.Word\"\n    Bit_Shifts_Infix_Syntax\nbegin",
        "output": "",
        "raw_output": "",
        "step_time": 0.004254817962646484
    },
    {
        "index": 2,
        "step": "definition shiftl1 :: \\<open>'a::len word \\<Rightarrow> 'a word\\<close>\n  where \\<open>shiftl1 = push_bit 1\\<close>",
        "output": "",
        "raw_output": "",
        "step_time": 0.053685665130615234
    },
    {
        "index": 3,
        "step": "lemma bit_shiftl1_iff [bit_simps]:\n  \\<open>bit (shiftl1 w) n \\<longleftrightarrow> 0 < n \\<and> n < LENGTH('a) \\<and> bit w (n - 1)\\<close>\n  for w :: \\<open>'a::len word\\<close>",
        "output": "",
        "raw_output": "proof (prove)\ngoal (1 subgoal):\n 1. bit (shiftl1 w) n = (0 < n \\<and> n < LENGTH('a) \\<and> bit w (n - 1))",
        "step_time": 0.010833024978637695
    },
    {
        "index": 4,
        "step": "by (simp only: shiftl1_def bit_push_bit_iff) auto",
        "output": "",
        "raw_output": "",
        "step_time": 0.018898725509643555
    },
    {
        "index": 5,
        "step": "definition shiftr1 :: \\<open>'a::len word \\<Rightarrow> 'a word\\<close>\n  where \\<open>shiftr1 = drop_bit 1\\<close>",
        "output": "",
        "raw_output": "",
        "step_time": 0.01341557502746582
    },
    {
        "index": 6,
        "step": "lemma bit_shiftr1_iff [bit_simps]:\n  \\<open>bit (shiftr1 w) n \\<longleftrightarrow> bit w (Suc n)\\<close>\n  for w :: \\<open>'a::len word\\<close>",
        "output": "",
        "raw_output": "proof (prove)\ngoal (1 subgoal):\n 1. bit (shiftr1 w) n = bit w (Suc n)",
        "step_time": 0.01031804084777832
    },
    {
        "index": 7,
        "step": "by (simp add: shiftr1_def bit_drop_bit_eq)",
        "output": "",
        "raw_output": "",
        "step_time": 0.010701417922973633
    },
    {
        "index": 8,
        "step": "definition sshiftr1 :: \\<open>'a::len word \\<Rightarrow> 'a word\\<close>\n  where \\<open>sshiftr1 \\<equiv> signed_drop_bit 1\\<close>",
        "output": "",
        "raw_output": "",
        "step_time": 0.013639211654663086
    },
    {
        "index": 9,
        "step": "lemma bit_sshiftr1_iff [bit_simps]:\n  \\<open>bit (sshiftr1 w) n \\<longleftrightarrow> bit w (if n = LENGTH('a) - 1 then LENGTH('a) - 1 else Suc n)\\<close>\n  for w :: \\<open>'a::len word\\<close>",
        "output": "",
        "raw_output": "proof (prove)\ngoal (1 subgoal):\n 1. bit (sshiftr1 w) n = bit w (if n = LENGTH('a) - 1 then LENGTH('a) - 1 else Suc n)",
        "step_time": 0.009418964385986328
    },
    {
        "index": 10,
        "step": "by (auto simp add: sshiftr1_def bit_signed_drop_bit_iff)",
        "output": "",
        "raw_output": "",
        "step_time": 0.10395956039428711
    },
    {
        "index": 11,
        "step": "lemma shiftr1_1: \"shiftr1 (1::'a::len word) = 0\"",
        "output": "",
        "raw_output": "proof (prove)\ngoal (1 subgoal):\n 1. shiftr1 1 = 0",
        "step_time": 0.009959936141967773
    },
    {
        "index": 12,
        "step": "by (simp add: shiftr1_def)",
        "output": "",
        "raw_output": "",
        "step_time": 0.009911298751831055
    },
    {
        "index": 13,
        "step": "lemma sshiftr1_eq:\n  \\<open>sshiftr1 w = word_of_int (sint w div 2)\\<close>",
        "output": "",
        "raw_output": "proof (prove)\ngoal (1 subgoal):\n 1. sshiftr1 w = word_of_int (sint w div 2)",
        "step_time": 0.009534120559692383
    },
    {
        "index": 14,
        "step": "by (rule bit_word_eqI) (auto simp add: bit_simps min_def simp flip: bit_Suc elim: le_SucE)",
        "output": "",
        "raw_output": "",
        "step_time": 0.12258100509643555
    },
    {
        "index": 15,
        "step": "lemma shiftl1_eq:\n  \\<open>shiftl1 w = word_of_int (2 * uint w)\\<close>",
        "output": "",
        "raw_output": "proof (prove)\ngoal (1 subgoal):\n 1. shiftl1 w = word_of_int (2 * uint w)",
        "step_time": 0.008886575698852539
    },
    {
        "index": 16,
        "step": "by (rule bit_word_eqI) (auto simp add: bit_simps)",
        "output": "",
        "raw_output": "",
        "step_time": 0.019139528274536133
    },
    {
        "index": 17,
        "step": "lemma shiftr1_eq:\n  \\<open>shiftr1 w = word_of_int (uint w div 2)\\<close>",
        "output": "",
        "raw_output": "proof (prove)\ngoal (1 subgoal):\n 1. shiftr1 w = word_of_int (uint w div 2)",
        "step_time": 0.009129047393798828
    },
    {
        "index": 18,
        "step": "by (rule bit_word_eqI) (simp add: bit_simps flip: bit_Suc)",
        "output": "",
        "raw_output": "",
        "step_time": 0.01572442054748535
    },
    {
        "index": 19,
        "step": "lemma shiftl1_rev:\n  \"shiftl1 w = word_reverse (shiftr1 (word_reverse w))\"",
        "output": "",
        "raw_output": "proof (prove)\ngoal (1 subgoal):\n 1. shiftl1 w = word_reverse (shiftr1 (word_reverse w))",
        "step_time": 0.00800323486328125
    },
    {
        "index": 20,
        "step": "by (rule bit_word_eqI) (auto simp add: bit_simps Suc_diff_Suc simp flip: bit_Suc)",
        "output": "",
        "raw_output": "",
        "step_time": 0.04331040382385254
    },
    {
        "index": 21,
        "step": "lemma shiftl1_p:\n  \"shiftl1 w = w + w\"\n  for w :: \"'a::len word\"",
        "output": "",
        "raw_output": "proof (prove)\ngoal (1 subgoal):\n 1. shiftl1 w = w + w",
        "step_time": 0.00862431526184082
    },
    {
        "index": 22,
        "step": "by (simp add: shiftl1_def)",
        "output": "",
        "raw_output": "",
        "step_time": 0.009279012680053711
    },
    {
        "index": 23,
        "step": "lemma shiftr1_bintr:\n  \"(shiftr1 (numeral w) :: 'a::len word) =\n    word_of_int (take_bit LENGTH('a) (numeral w) div 2)\"",
        "output": "",
        "raw_output": "proof (prove)\ngoal (1 subgoal):\n 1. shiftr1 (numeral w) = word_of_int (take_bit LENGTH('a) (numeral w) div 2)",
        "step_time": 0.009359121322631836
    },
    {
        "index": 24,
        "step": "by (rule bit_word_eqI) (simp add: bit_simps bit_numeral_iff [where ?'a = int] flip: bit_Suc)",
        "output": "",
        "raw_output": "",
        "step_time": 0.01256704330444336
    },
    {
        "index": 25,
        "step": "lemma sshiftr1_sbintr:\n  \"(sshiftr1 (numeral w) :: 'a::len word) =\n    word_of_int (signed_take_bit (LENGTH('a) - 1) (numeral w) div 2)\"",
        "output": "",
        "raw_output": "proof (prove)\ngoal (1 subgoal):\n 1. sshiftr1 (numeral w) = word_of_int (signed_take_bit (LENGTH('a) - 1) (numeral w) div 2)",
        "step_time": 0.023810386657714844
    },
    {
        "index": 26,
        "step": "apply (cases \\<open>LENGTH('a)\\<close>)",
        "output": "",
        "raw_output": "proof (prove)\ngoal (2 subgoals):\n 1. LENGTH('a) = 0 \\<Longrightarrow> sshiftr1 (numeral w) = word_of_int (signed_take_bit (LENGTH('a) - 1) (numeral w) div 2)\n 2. \\<And>nat. LENGTH('a) = Suc nat \\<Longrightarrow> sshiftr1 (numeral w) = word_of_int (signed_take_bit (LENGTH('a) - 1) (numeral w) div 2)",
        "step_time": 0.008138895034790039
    },
    {
        "index": 27,
        "step": "apply simp_all",
        "output": "",
        "raw_output": "proof (prove)\ngoal (1 subgoal):\n 1. \\<And>nat. LENGTH('a) = Suc nat \\<Longrightarrow> sshiftr1 (numeral w) = word_of_int (signed_take_bit nat (numeral w) div 2)",
        "step_time": 0.011252403259277344
    },
    {
        "index": 28,
        "step": "apply (rule bit_word_eqI)",
        "output": "",
        "raw_output": "proof (prove)\ngoal (1 subgoal):\n 1. \\<And>nat n. \\<lbrakk>LENGTH('a) = Suc nat; n < LENGTH('a)\\<rbrakk> \\<Longrightarrow> bit (sshiftr1 (numeral w)) n = bit (word_of_int (signed_take_bit nat (numeral w) div 2)) n",
        "step_time": 0.004831790924072266
    },
    {
        "index": 29,
        "step": "apply (auto simp add: bit_simps min_def simp flip: bit_Suc elim: le_SucE)",
        "output": "",
        "raw_output": "proof (prove)\ngoal:\nNo subgoals!",
        "step_time": 0.06381845474243164
    },
    {
        "index": 30,
        "step": "done",
        "output": "",
        "raw_output": "",
        "step_time": 0.005719423294067383
    },
    {
        "index": 31,
        "step": "lemma shiftl1_wi:\n  \"shiftl1 (word_of_int w) = word_of_int (2 * w)\"",
        "output": "",
        "raw_output": "proof (prove)\ngoal (1 subgoal):\n 1. shiftl1 (word_of_int w) = word_of_int (2 * w)",
        "step_time": 0.006875753402709961
    },
    {
        "index": 32,
        "step": "by (rule bit_word_eqI) (auto simp add: bit_simps)",
        "output": "",
        "raw_output": "",
        "step_time": 0.015308618545532227
    },
    {
        "index": 33,
        "step": "lemma shiftl1_numeral:\n  \"shiftl1 (numeral w) = numeral (Num.Bit0 w)\"",
        "output": "",
        "raw_output": "proof (prove)\ngoal (1 subgoal):\n 1. shiftl1 (numeral w) = numeral (num.Bit0 w)",
        "step_time": 0.006013631820678711
    },
    {
        "index": 34,
        "step": "unfolding word_numeral_alt shiftl1_wi",
        "output": "",
        "raw_output": "proof (prove)\ngoal (1 subgoal):\n 1. word_of_int (2 * numeral w) = word_of_int (numeral (num.Bit0 w))",
        "step_time": 0.005440235137939453
    },
    {
        "index": 35,
        "step": "by simp",
        "output": "",
        "raw_output": "",
        "step_time": 0.00558161735534668
    },
    {
        "index": 36,
        "step": "lemma shiftl1_neg_numeral:\n  \"shiftl1 (- numeral w) = - numeral (Num.Bit0 w)\"",
        "output": "",
        "raw_output": "proof (prove)\ngoal (1 subgoal):\n 1. shiftl1 (- numeral w) = - numeral (num.Bit0 w)",
        "step_time": 0.007159233093261719
    },
    {
        "index": 37,
        "step": "unfolding word_neg_numeral_alt shiftl1_wi",
        "output": "",
        "raw_output": "proof (prove)\ngoal (1 subgoal):\n 1. word_of_int (2 * - numeral w) = word_of_int (- numeral (num.Bit0 w))",
        "step_time": 0.005360603332519531
    },
    {
        "index": 38,
        "step": "by simp",
        "output": "",
        "raw_output": "",
        "step_time": 0.009038686752319336
    },
    {
        "index": 39,
        "step": "lemma shiftl1_0:\n  \"shiftl1 0 = 0\"",
        "output": "",
        "raw_output": "proof (prove)\ngoal (1 subgoal):\n 1. shiftl1 0 = 0",
        "step_time": 0.005473136901855469
    },
    {
        "index": 40,
        "step": "by (simp add: shiftl1_def)",
        "output": "",
        "raw_output": "",
        "step_time": 0.005585908889770508
    },
    {
        "index": 41,
        "step": "lemma shiftl1_def_u:\n  \"shiftl1 w = word_of_int (2 * uint w)\"",
        "output": "",
        "raw_output": "proof (prove)\ngoal (1 subgoal):\n 1. shiftl1 w = word_of_int (2 * uint w)",
        "step_time": 0.006145477294921875
    },
    {
        "index": 42,
        "step": "by (fact shiftl1_eq)",
        "output": "",
        "raw_output": "",
        "step_time": 0.004945278167724609
    },
    {
        "index": 43,
        "step": "lemma shiftl1_def_s:\n  \"shiftl1 w = word_of_int (2 * sint w)\"",
        "output": "",
        "raw_output": "proof (prove)\ngoal (1 subgoal):\n 1. shiftl1 w = word_of_int (2 * sint w)",
        "step_time": 0.006215095520019531
    },
    {
        "index": 44,
        "step": "by (simp add: shiftl1_def)",
        "output": "",
        "raw_output": "",
        "step_time": 0.0072689056396484375
    },
    {
        "index": 45,
        "step": "lemma shiftr1_0:\n  \"shiftr1 0 = 0\"",
        "output": "",
        "raw_output": "proof (prove)\ngoal (1 subgoal):\n 1. shiftr1 0 = 0",
        "step_time": 0.004897356033325195
    },
    {
        "index": 46,
        "step": "by (simp add: shiftr1_def)",
        "output": "",
        "raw_output": "",
        "step_time": 0.005331277847290039
    },
    {
        "index": 47,
        "step": "lemma sshiftr1_0:\n  \"sshiftr1 0 = 0\"",
        "output": "",
        "raw_output": "proof (prove)\ngoal (1 subgoal):\n 1. sshiftr1 0 = 0",
        "step_time": 0.005568265914916992
    },
    {
        "index": 48,
        "step": "by (simp add: sshiftr1_def)",
        "output": "",
        "raw_output": "",
        "step_time": 0.005158185958862305
    },
    {
        "index": 49,
        "step": "lemma sshiftr1_n1:\n  \"sshiftr1 (- 1) = - 1\"",
        "output": "",
        "raw_output": "proof (prove)\ngoal (1 subgoal):\n 1. sshiftr1 (- 1) = - 1",
        "step_time": 0.00549626350402832
    },
    {
        "index": 50,
        "step": "by (simp add: sshiftr1_def)",
        "output": "",
        "raw_output": "",
        "step_time": 0.005324125289916992
    },
    {
        "index": 51,
        "step": "lemma uint_shiftr1:\n  \"uint (shiftr1 w) = uint w div 2\"",
        "output": "",
        "raw_output": "proof (prove)\ngoal (1 subgoal):\n 1. uint (shiftr1 w) = uint w div 2",
        "step_time": 0.006305217742919922
    },
    {
        "index": 52,
        "step": "by (rule bit_eqI) (simp add: bit_simps flip: bit_Suc)",
        "output": "",
        "raw_output": "",
        "step_time": 0.015212297439575195
    },
    {
        "index": 53,
        "step": "lemma shiftr1_div_2:\n  \"uint (shiftr1 w) = uint w div 2\"",
        "output": "",
        "raw_output": "proof (prove)\ngoal (1 subgoal):\n 1. uint (shiftr1 w) = uint w div 2",
        "step_time": 0.006304502487182617
    },
    {
        "index": 54,
        "step": "by (fact uint_shiftr1)",
        "output": "",
        "raw_output": "",
        "step_time": 0.005066871643066406
    },
    {
        "index": 55,
        "step": "lemma sshiftr1_div_2:\n  \"sint (sshiftr1 w) = sint w div 2\"",
        "output": "",
        "raw_output": "proof (prove)\ngoal (1 subgoal):\n 1. sint (sshiftr1 w) = sint w div 2",
        "step_time": 0.0060901641845703125
    },
    {
        "index": 56,
        "step": "by (rule bit_eqI) (auto simp add: bit_simps ac_simps min_def simp flip: bit_Suc elim: le_SucE)",
        "output": "",
        "raw_output": "",
        "step_time": 0.09838294982910156
    },
    {
        "index": 57,
        "step": "lemma nth_shiftl1:\n  \"bit (shiftl1 w) n \\<longleftrightarrow> n < size w \\<and> n > 0 \\<and> bit w (n - 1)\"",
        "output": "",
        "raw_output": "proof (prove)\ngoal (1 subgoal):\n 1. bit (shiftl1 w) n = (n < size w \\<and> 0 < n \\<and> bit w (n - 1))",
        "step_time": 0.008123397827148438
    },
    {
        "index": 58,
        "step": "by (auto simp add: word_size bit_simps)",
        "output": "",
        "raw_output": "",
        "step_time": 0.014777898788452148
    },
    {
        "index": 59,
        "step": "lemma nth_shiftr1:\n  \"bit (shiftr1 w) n = bit w (Suc n)\"",
        "output": "",
        "raw_output": "proof (prove)\ngoal (1 subgoal):\n 1. bit (shiftr1 w) n = bit w (Suc n)",
        "step_time": 0.006302595138549805
    },
    {
        "index": 60,
        "step": "by (fact bit_shiftr1_iff)",
        "output": "",
        "raw_output": "",
        "step_time": 0.004671812057495117
    },
    {
        "index": 61,
        "step": "lemma nth_sshiftr1: \"bit (sshiftr1 w) n = (if n = size w - 1 then bit w n else bit w (Suc n))\"",
        "output": "",
        "raw_output": "proof (prove)\ngoal (1 subgoal):\n 1. bit (sshiftr1 w) n = (if n = size w - 1 then bit w n else bit w (Suc n))",
        "step_time": 0.008722543716430664
    },
    {
        "index": 62,
        "step": "by (auto simp add: word_size bit_simps)",
        "output": "",
        "raw_output": "",
        "step_time": 0.022413015365600586
    },
    {
        "index": 63,
        "step": "lemma shiftl_power:\n  \"(shiftl1 ^^ x) (y::'a::len word) = 2 ^ x * y\"",
        "output": "",
        "raw_output": "proof (prove)\ngoal (1 subgoal):\n 1. (shiftl1 ^^ x) y = 2 ^ x * y",
        "step_time": 0.006479501724243164
    },
    {
        "index": 64,
        "step": "by (induction x) (simp_all add: shiftl1_def)",
        "output": "",
        "raw_output": "",
        "step_time": 0.012000560760498047
    },
    {
        "index": 65,
        "step": "lemma le_shiftr1:\n  \\<open>shiftr1 u \\<le> shiftr1 v\\<close> if \\<open>u \\<le> v\\<close>",
        "output": "",
        "raw_output": "proof (prove)\ngoal (1 subgoal):\n 1. shiftr1 u \\<le> shiftr1 v",
        "step_time": 0.005987882614135742
    },
    {
        "index": 66,
        "step": "using that",
        "output": "",
        "raw_output": "proof (prove)\nusing this:\nu \\<le> v\n\ngoal (1 subgoal):\n 1. shiftr1 u \\<le> shiftr1 v",
        "step_time": 0.004515409469604492
    },
    {
        "index": 67,
        "step": "by (simp add: word_le_nat_alt unat_div div_le_mono shiftr1_def drop_bit_Suc)",
        "output": "",
        "raw_output": "",
        "step_time": 0.026520729064941406
    },
    {
        "index": 68,
        "step": "lemma le_shiftr1':\n  \"\\<lbrakk> shiftr1 u \\<le> shiftr1 v ; shiftr1 u \\<noteq> shiftr1 v \\<rbrakk> \\<Longrightarrow> u \\<le> v\"",
        "output": "",
        "raw_output": "proof (prove)\ngoal (1 subgoal):\n 1. \\<lbrakk>shiftr1 u \\<le> shiftr1 v; shiftr1 u \\<noteq> shiftr1 v\\<rbrakk> \\<Longrightarrow> u \\<le> v",
        "step_time": 0.00769352912902832
    },
    {
        "index": 69,
        "step": "by (meson dual_order.antisym le_cases le_shiftr1)",
        "output": "",
        "raw_output": "",
        "step_time": 0.022876977920532227
    },
    {
        "index": 70,
        "step": "lemma sshiftr_eq_funpow_sshiftr1:\n  \\<open>w >>> n = (sshiftr1 ^^ n) w\\<close>",
        "output": "",
        "raw_output": "proof (prove)\ngoal (1 subgoal):\n 1. w >>> n = (sshiftr1 ^^ n) w",
        "step_time": 0.006849765777587891
    },
    {
        "index": 71,
        "step": "apply (rule sym)",
        "output": "",
        "raw_output": "proof (prove)\ngoal (1 subgoal):\n 1. (sshiftr1 ^^ n) w = w >>> n",
        "step_time": 0.004861116409301758
    },
    {
        "index": 72,
        "step": "apply (simp add: sshiftr1_def sshiftr_def)",
        "output": "",
        "raw_output": "proof (prove)\ngoal (1 subgoal):\n 1. (signed_drop_bit (Suc 0) ^^ n) w = signed_drop_bit n w",
        "step_time": 0.005911350250244141
    },
    {
        "index": 73,
        "step": "apply (induction n)",
        "output": "",
        "raw_output": "proof (prove)\ngoal (2 subgoals):\n 1. (signed_drop_bit (Suc 0) ^^ 0) w = signed_drop_bit 0 w\n 2. \\<And>n. (signed_drop_bit (Suc 0) ^^ n) w = signed_drop_bit n w \\<Longrightarrow> (signed_drop_bit (Suc 0) ^^ Suc n) w = signed_drop_bit (Suc n) w",
        "step_time": 0.011797904968261719
    },
    {
        "index": 74,
        "step": "apply simp_all",
        "output": "",
        "raw_output": "proof (prove)\ngoal:\nNo subgoals!",
        "step_time": 0.00622248649597168
    },
    {
        "index": 75,
        "step": "done",
        "output": "",
        "raw_output": "",
        "step_time": 0.0047800540924072266
    },
    {
        "index": 76,
        "step": "end",
        "output": "",
        "raw_output": "",
        "step_time": 0.005346536636352539
    }
]