[
    {
        "index": 0,
        "step": "(*\n * Copyright 2020, Data61, CSIRO (ABN 41 687 119 230)\n *\n * SPDX-License-Identifier: BSD-2-Clause\n *)\n\n",
        "output": "",
        "raw_output": "",
        "step_time": 0.007835149765014648
    },
    {
        "index": 1,
        "step": "section \"Words of Length 64\"",
        "output": "",
        "raw_output": "",
        "step_time": 0.003961086273193359
    },
    {
        "index": 2,
        "step": "theory Word_64\n  imports\n    Word_Lemmas\n    Word_Names\n    Word_Syntax\n    Rsplit\n    More_Word_Operations\nbegin",
        "output": "",
        "raw_output": "",
        "step_time": 0.004079103469848633
    },
    {
        "index": 3,
        "step": "context\n  includes bit_operations_syntax\nbegin",
        "output": "",
        "raw_output": "",
        "step_time": 0.004530906677246094
    },
    {
        "index": 4,
        "step": "lemma len64: \"len_of (x :: 64 itself) = 64\"",
        "output": "",
        "raw_output": "proof (prove)\ngoal (1 subgoal):\n 1. len_of x = 64",
        "step_time": 0.05243849754333496
    },
    {
        "index": 5,
        "step": "by simp",
        "output": "",
        "raw_output": "",
        "step_time": 0.0069277286529541016
    },
    {
        "index": 6,
        "step": "lemma ucast_8_64_inj:\n  \"inj (ucast ::  8 word \\<Rightarrow> 64 word)\"",
        "output": "",
        "raw_output": "proof (prove)\ngoal (1 subgoal):\n 1. inj UCAST(8 \\<rightarrow> 64)",
        "step_time": 0.006292819976806641
    },
    {
        "index": 7,
        "step": "by (rule down_ucast_inj) (clarsimp simp: is_down_def target_size source_size)",
        "output": "",
        "raw_output": "",
        "step_time": 0.00946044921875
    },
    {
        "index": 8,
        "step": "lemmas unat_power_lower64' = unat_power_lower[where 'a=64]",
        "output": "",
        "raw_output": "",
        "step_time": 0.005115509033203125
    },
    {
        "index": 9,
        "step": "lemmas word64_less_sub_le' = word_less_sub_le[where 'a = 64]",
        "output": "",
        "raw_output": "",
        "step_time": 0.0047092437744140625
    },
    {
        "index": 10,
        "step": "lemmas word64_power_less_1' = word_power_less_1[where 'a = 64]",
        "output": "",
        "raw_output": "",
        "step_time": 0.004420042037963867
    },
    {
        "index": 11,
        "step": "lemmas unat_of_nat64' = unat_of_nat_eq[where 'a=64]",
        "output": "",
        "raw_output": "",
        "step_time": 0.005034446716308594
    },
    {
        "index": 12,
        "step": "lemmas unat_mask_word64' = unat_mask[where 'a=64]",
        "output": "",
        "raw_output": "",
        "step_time": 0.004879951477050781
    },
    {
        "index": 13,
        "step": "lemmas word64_minus_one_le' = word_minus_one_le[where 'a=64]",
        "output": "",
        "raw_output": "",
        "step_time": 0.00518345832824707
    },
    {
        "index": 14,
        "step": "lemmas word64_minus_one_le = word64_minus_one_le'[simplified]",
        "output": "",
        "raw_output": "",
        "step_time": 0.004479885101318359
    },
    {
        "index": 15,
        "step": "lemma less_4_cases:\n  \"(x::word64) < 4 \\<Longrightarrow> x=0 \\<or> x=1 \\<or> x=2 \\<or> x=3\"",
        "output": "",
        "raw_output": "proof (prove)\ngoal (1 subgoal):\n 1. x < 4 \\<Longrightarrow> x = 0 \\<or> x = 1 \\<or> x = 2 \\<or> x = 3",
        "step_time": 0.0076334476470947266
    },
    {
        "index": 16,
        "step": "apply clarsimp",
        "output": "",
        "raw_output": "proof (prove)\ngoal (1 subgoal):\n 1. \\<lbrakk>x < 4; x \\<noteq> 0; x \\<noteq> 1; x \\<noteq> 3\\<rbrakk> \\<Longrightarrow> x = 2",
        "step_time": 0.006976127624511719
    },
    {
        "index": 17,
        "step": "apply (drule word_less_cases, erule disjE, simp, simp)+",
        "output": "",
        "raw_output": "proof (prove)\ngoal:\nNo subgoals!",
        "step_time": 0.022800683975219727
    },
    {
        "index": 18,
        "step": "done",
        "output": "",
        "raw_output": "",
        "step_time": 0.004667043685913086
    },
    {
        "index": 19,
        "step": "lemma ucast_le_ucast_8_64:\n  \"(ucast x \\<le> (ucast y :: word64)) = (x \\<le> (y :: 8 word))\"",
        "output": "",
        "raw_output": "proof (prove)\ngoal (1 subgoal):\n 1. (UCAST(8 \\<rightarrow> 64) x \\<le> UCAST(8 \\<rightarrow> 64) y) = (x \\<le> y)",
        "step_time": 0.005553483963012695
    },
    {
        "index": 20,
        "step": "by (simp add: ucast_le_ucast)",
        "output": "",
        "raw_output": "",
        "step_time": 0.008554697036743164
    },
    {
        "index": 21,
        "step": "lemma eq_2_64_0:\n  \"(2 ^ 64 :: word64) = 0\"",
        "output": "",
        "raw_output": "proof (prove)\ngoal (1 subgoal):\n 1. 2 ^ 64 = 0",
        "step_time": 0.005699872970581055
    },
    {
        "index": 22,
        "step": "by simp",
        "output": "",
        "raw_output": "",
        "step_time": 0.050768375396728516
    },
    {
        "index": 23,
        "step": "lemmas mask_64_max_word  = max_word_mask [symmetric, where 'a=64, simplified]",
        "output": "",
        "raw_output": "",
        "step_time": 0.007105350494384766
    },
    {
        "index": 24,
        "step": "lemma of_nat64_n_less_equal_power_2:\n \"n < 64 \\<Longrightarrow> ((of_nat n)::64 word) < 2 ^ n\"",
        "output": "",
        "raw_output": "proof (prove)\ngoal (1 subgoal):\n 1. n < 64 \\<Longrightarrow> word_of_nat n < 2 ^ n",
        "step_time": 0.007125139236450195
    },
    {
        "index": 25,
        "step": "by (rule of_nat_n_less_equal_power_2, clarsimp simp: word_size)",
        "output": "",
        "raw_output": "",
        "step_time": 0.006830453872680664
    },
    {
        "index": 26,
        "step": "lemma unat_ucast_10_64 :\n  fixes x :: \"10 word\"\n  shows \"unat (ucast x :: word64) = unat x\"",
        "output": "",
        "raw_output": "proof (prove)\ngoal (1 subgoal):\n 1. unat (UCAST(10 \\<rightarrow> 64) x) = unat x",
        "step_time": 0.0067005157470703125
    },
    {
        "index": 27,
        "step": "by transfer simp",
        "output": "",
        "raw_output": "",
        "step_time": 0.014482259750366211
    },
    {
        "index": 28,
        "step": "lemma word64_bounds:\n  \"- (2 ^ (size (x :: word64) - 1)) = (-9223372036854775808 :: int)\"\n  \"((2 ^ (size (x :: word64) - 1)) - 1) = (9223372036854775807 :: int)\"\n  \"- (2 ^ (size (y :: 64 signed word) - 1)) = (-9223372036854775808 :: int)\"\n  \"((2 ^ (size (y :: 64 signed word) - 1)) - 1) = (9223372036854775807 :: int)\"",
        "output": "",
        "raw_output": "proof (prove)\ngoal (1 subgoal):\n 1. (- (2 ^ (size x - 1)) = - 9223372036854775808 &&& 2 ^ (size x - 1) - 1 = 9223372036854775807) &&& - (2 ^ (size y - 1)) = - 9223372036854775808 &&& 2 ^ (size y - 1) - 1 = 9223372036854775807",
        "step_time": 0.01745009422302246
    },
    {
        "index": 29,
        "step": "by (simp_all add: word_size)",
        "output": "",
        "raw_output": "",
        "step_time": 0.019733667373657227
    },
    {
        "index": 30,
        "step": "lemmas signed_arith_ineq_checks_to_eq_word64'\n    = signed_arith_ineq_checks_to_eq[where 'a=64]\n      signed_arith_ineq_checks_to_eq[where 'a=\"64 signed\"]",
        "output": "",
        "raw_output": "",
        "step_time": 0.018485546112060547
    },
    {
        "index": 31,
        "step": "lemmas signed_arith_ineq_checks_to_eq_word64\n    = signed_arith_ineq_checks_to_eq_word64' [unfolded word64_bounds]",
        "output": "",
        "raw_output": "",
        "step_time": 0.02736186981201172
    },
    {
        "index": 32,
        "step": "lemmas signed_mult_eq_checks64_to_64'\n    = signed_mult_eq_checks_double_size[where 'a=64 and 'b=64]\n      signed_mult_eq_checks_double_size[where 'a=\"64 signed\" and 'b=64]",
        "output": "",
        "raw_output": "",
        "step_time": 0.0094451904296875
    },
    {
        "index": 33,
        "step": "lemmas signed_mult_eq_checks64_to_64 = signed_mult_eq_checks64_to_64'[simplified]",
        "output": "",
        "raw_output": "",
        "step_time": 0.049483537673950195
    },
    {
        "index": 34,
        "step": "lemmas sdiv_word64_max' = sdiv_word_max [where 'a=64] sdiv_word_max [where 'a=\"64 signed\"]",
        "output": "",
        "raw_output": "",
        "step_time": 0.007013797760009766
    },
    {
        "index": 35,
        "step": "lemmas sdiv_word64_max = sdiv_word64_max'[simplified word_size, simplified]",
        "output": "",
        "raw_output": "",
        "step_time": 0.02913522720336914
    },
    {
        "index": 36,
        "step": "lemmas sdiv_word64_min' = sdiv_word_min [where 'a=64] sdiv_word_min [where 'a=\"64 signed\"]",
        "output": "",
        "raw_output": "",
        "step_time": 0.0063018798828125
    },
    {
        "index": 37,
        "step": "lemmas sdiv_word64_min = sdiv_word64_min' [simplified word_size, simplified]",
        "output": "",
        "raw_output": "",
        "step_time": 0.018407583236694336
    },
    {
        "index": 38,
        "step": "lemmas sint64_of_int_eq' = sint_of_int_eq [where 'a=64]",
        "output": "",
        "raw_output": "",
        "step_time": 0.005036115646362305
    },
    {
        "index": 39,
        "step": "lemmas sint64_of_int_eq = sint64_of_int_eq' [simplified]",
        "output": "",
        "raw_output": "",
        "step_time": 0.018006086349487305
    },
    {
        "index": 40,
        "step": "lemma ucast_of_nats [simp]:\n  \"(ucast (of_nat x :: word64) :: sword64) = (of_nat x)\"\n  \"(ucast (of_nat x :: word64) :: 16 sword) = (of_nat x)\"\n  \"(ucast (of_nat x :: word64) :: 8 sword) = (of_nat x)\"",
        "output": "",
        "raw_output": "proof (prove)\ngoal (1 subgoal):\n 1. UCAST(64 \\<rightarrow> 64 signed) (word_of_nat x) = word_of_nat x &&& UCAST(64 \\<rightarrow> 16 signed) (word_of_nat x) = word_of_nat x &&& UCAST(64 \\<rightarrow> 8 signed) (word_of_nat x) = word_of_nat x",
        "step_time": 0.00944066047668457
    },
    {
        "index": 41,
        "step": "by (simp_all add: of_nat_take_bit take_bit_word_eq_self unsigned_of_nat)",
        "output": "",
        "raw_output": "",
        "step_time": 0.011582612991333008
    },
    {
        "index": 42,
        "step": "lemmas signed_shift_guard_simpler_64'\n    = power_strict_increasing_iff[where b=\"2 :: nat\" and y=31]",
        "output": "",
        "raw_output": "",
        "step_time": 0.006224155426025391
    },
    {
        "index": 43,
        "step": "lemmas signed_shift_guard_simpler_64 = signed_shift_guard_simpler_64'[simplified]",
        "output": "",
        "raw_output": "",
        "step_time": 0.010954856872558594
    },
    {
        "index": 44,
        "step": "lemma word64_31_less:\n  \"31 < len_of TYPE (64 signed)\" \"31 > (0 :: nat)\"\n  \"31 < len_of TYPE (64)\" \"31 > (0 :: nat)\"",
        "output": "",
        "raw_output": "proof (prove)\ngoal (1 subgoal):\n 1. (31 < LENGTH(64 signed) &&& 0 < 31) &&& 31 < LENGTH(64) &&& 0 < 31",
        "step_time": 0.008817672729492188
    },
    {
        "index": 45,
        "step": "by auto",
        "output": "",
        "raw_output": "",
        "step_time": 0.008667707443237305
    },
    {
        "index": 46,
        "step": "lemmas signed_shift_guard_to_word_64\n    = signed_shift_guard_to_word[OF word64_31_less(1-2)]\n    signed_shift_guard_to_word[OF word64_31_less(3-4)]",
        "output": "",
        "raw_output": "",
        "step_time": 0.006500244140625
    },
    {
        "index": 47,
        "step": "lemma mask_step_down_64:\n  \\<open>\\<exists>x. mask x = b\\<close> if \\<open>b && 1 = 1\\<close>\n    and \\<open>\\<exists>x. x < 64 \\<and> mask x = b >> 1\\<close> for b :: \\<open>64word\\<close>",
        "output": "",
        "raw_output": "proof (prove)\ngoal (1 subgoal):\n 1. \\<exists>x. mask x = b",
        "step_time": 0.00881648063659668
    },
    {
        "index": 48,
        "step": "proof -",
        "output": "",
        "raw_output": "proof (state)\ngoal (1 subgoal):\n 1. \\<exists>x. mask x = b",
        "step_time": 0.003786802291870117
    },
    {
        "index": 49,
        "step": "from \\<open>b && 1 = 1\\<close>",
        "output": "",
        "raw_output": "proof (chain)\npicking this:\nb && 1 = 1",
        "step_time": 0.004359722137451172
    },
    {
        "index": 50,
        "step": "have \\<open>odd b\\<close>",
        "output": "",
        "raw_output": "proof (prove)\nusing this:\nb && 1 = 1\n\ngoal (1 subgoal):\n 1. odd b",
        "step_time": 0.005041837692260742
    },
    {
        "index": 51,
        "step": "by (auto simp add: mod_2_eq_odd and_one_eq)",
        "output": "",
        "raw_output": "proof (state)\nthis:\nodd b\n\ngoal (1 subgoal):\n 1. \\<exists>x. mask x = b",
        "step_time": 0.006325960159301758
    },
    {
        "index": 52,
        "step": "then",
        "output": "",
        "raw_output": "proof (chain)\npicking this:\nodd b",
        "step_time": 0.0041997432708740234
    },
    {
        "index": 53,
        "step": "have \\<open>b mod 2 = 1\\<close>",
        "output": "",
        "raw_output": "proof (prove)\nusing this:\nodd b\n\ngoal (1 subgoal):\n 1. b mod 2 = 1",
        "step_time": 0.005336284637451172
    },
    {
        "index": 54,
        "step": "using odd_iff_mod_2_eq_one",
        "output": "",
        "raw_output": "proof (prove)\nusing this:\nodd b\nodd ?a = (?a mod (2::?'a) = (1::?'a))\n\ngoal (1 subgoal):\n 1. b mod 2 = 1",
        "step_time": 0.004399538040161133
    },
    {
        "index": 55,
        "step": "by blast",
        "output": "",
        "raw_output": "proof (state)\nthis:\nb mod 2 = 1\n\ngoal (1 subgoal):\n 1. \\<exists>x. mask x = b",
        "step_time": 0.005693912506103516
    },
    {
        "index": 56,
        "step": "from \\<open>\\<exists>x. x < 64 \\<and> mask x = b >> 1\\<close>",
        "output": "",
        "raw_output": "proof (chain)\npicking this:\n\\<exists>x<64. mask x = b >> 1",
        "step_time": 0.0060689449310302734
    },
    {
        "index": 57,
        "step": "obtain x where \\<open>x < 64\\<close> \\<open>mask x = b >> 1\\<close>",
        "output": "",
        "raw_output": "proof (prove)\nusing this:\n\\<exists>x<64. mask x = b >> 1\n\ngoal (1 subgoal):\n 1. (\\<And>x. \\<lbrakk>x < 64; mask x = b >> 1\\<rbrakk> \\<Longrightarrow> thesis) \\<Longrightarrow> thesis",
        "step_time": 0.0062792301177978516
    },
    {
        "index": 58,
        "step": "by blast",
        "output": "",
        "raw_output": "proof (state)\nthis:\nx < 64\nmask x = b >> 1\n\ngoal (1 subgoal):\n 1. \\<exists>x. mask x = b",
        "step_time": 0.0067291259765625
    },
    {
        "index": 59,
        "step": "then",
        "output": "",
        "raw_output": "proof (chain)\npicking this:\nx < 64\nmask x = b >> 1",
        "step_time": 0.004224538803100586
    },
    {
        "index": 60,
        "step": "have \\<open>mask x = b div 2\\<close>",
        "output": "",
        "raw_output": "proof (prove)\nusing this:\nx < 64\nmask x = b >> 1\n\ngoal (1 subgoal):\n 1. mask x = b div 2",
        "step_time": 0.0048978328704833984
    },
    {
        "index": 61,
        "step": "using shiftr1_is_div_2 [of b]",
        "output": "",
        "raw_output": "proof (prove)\nusing this:\nx < 64\nmask x = b >> 1\nb >> 1 = b div 2\n\ngoal (1 subgoal):\n 1. mask x = b div 2",
        "step_time": 0.004391193389892578
    },
    {
        "index": 62,
        "step": "by simp",
        "output": "",
        "raw_output": "proof (state)\nthis:\nmask x = b div 2\n\ngoal (1 subgoal):\n 1. \\<exists>x. mask x = b",
        "step_time": 0.007980585098266602
    },
    {
        "index": 63,
        "step": "with \\<open>b mod 2 = 1\\<close>",
        "output": "",
        "raw_output": "proof (chain)\npicking this:\nb mod 2 = 1\nmask x = b div 2",
        "step_time": 0.006978273391723633
    },
    {
        "index": 64,
        "step": "have \\<open>2 * mask x + 1 = 2 * (b div 2) + b mod 2\\<close>",
        "output": "",
        "raw_output": "proof (prove)\nusing this:\nb mod 2 = 1\nmask x = b div 2\n\ngoal (1 subgoal):\n 1. 2 * mask x + 1 = 2 * (b div 2) + b mod 2",
        "step_time": 0.008155584335327148
    },
    {
        "index": 65,
        "step": "by (simp only:)",
        "output": "",
        "raw_output": "proof (state)\nthis:\n2 * mask x + 1 = 2 * (b div 2) + b mod 2\n\ngoal (1 subgoal):\n 1. \\<exists>x. mask x = b",
        "step_time": 0.0062525272369384766
    },
    {
        "index": 66,
        "step": "also",
        "output": "",
        "raw_output": "proof (state)\nthis:\n2 * mask x + 1 = 2 * (b div 2) + b mod 2\n\ngoal (1 subgoal):\n 1. \\<exists>x. mask x = b",
        "step_time": 0.0049436092376708984
    },
    {
        "index": 67,
        "step": "have \\<open>\\<dots> = b\\<close>",
        "output": "",
        "raw_output": "proof (prove)\ngoal (1 subgoal):\n 1. 2 * (b div 2) + b mod 2 = b",
        "step_time": 0.005863666534423828
    },
    {
        "index": 68,
        "step": "by (simp add: mult_div_mod_eq)",
        "output": "",
        "raw_output": "proof (state)\nthis:\n2 * (b div 2) + b mod 2 = b\n\ngoal (1 subgoal):\n 1. \\<exists>x. mask x = b",
        "step_time": 0.006155252456665039
    },
    {
        "index": 69,
        "step": "finally",
        "output": "",
        "raw_output": "proof (chain)\npicking this:\n2 * mask x + 1 = b",
        "step_time": 0.004512310028076172
    },
    {
        "index": 70,
        "step": "have \\<open>2 * mask x + 1 = b\\<close>",
        "output": "",
        "raw_output": "proof (prove)\nusing this:\n2 * mask x + 1 = b\n\ngoal (1 subgoal):\n 1. 2 * mask x + 1 = b",
        "step_time": 0.006222963333129883
    },
    {
        "index": 71,
        "step": ".",
        "output": "",
        "raw_output": "proof (state)\nthis:\n2 * mask x + 1 = b\n\ngoal (1 subgoal):\n 1. \\<exists>x. mask x = b",
        "step_time": 0.005192756652832031
    },
    {
        "index": 72,
        "step": "moreover",
        "output": "",
        "raw_output": "proof (state)\nthis:\n2 * mask x + 1 = b\n\ngoal (1 subgoal):\n 1. \\<exists>x. mask x = b",
        "step_time": 0.004451274871826172
    },
    {
        "index": 73,
        "step": "have \\<open>mask (Suc x) = 2 * mask x + (1 :: 'a::len word)\\<close>",
        "output": "",
        "raw_output": "proof (prove)\ngoal (1 subgoal):\n 1. mask (Suc x) = 2 * mask x + 1",
        "step_time": 0.0063741207122802734
    },
    {
        "index": 74,
        "step": "by (simp add: mask_Suc_rec)",
        "output": "",
        "raw_output": "proof (state)\nthis:\nmask (Suc x) = 2 * mask x + 1\n\ngoal (1 subgoal):\n 1. \\<exists>x. mask x = b",
        "step_time": 0.005908489227294922
    },
    {
        "index": 75,
        "step": "ultimately",
        "output": "",
        "raw_output": "proof (chain)\npicking this:\n2 * mask x + 1 = b\nmask (Suc x) = 2 * mask x + 1",
        "step_time": 0.004574775695800781
    },
    {
        "index": 76,
        "step": "show ?thesis",
        "output": "",
        "raw_output": "proof (prove)\nusing this:\n2 * mask x + 1 = b\nmask (Suc x) = 2 * mask x + 1\n\ngoal (1 subgoal):\n 1. \\<exists>x. mask x = b",
        "step_time": 0.006102085113525391
    },
    {
        "index": 77,
        "step": "by auto",
        "output": "",
        "raw_output": "proof (state)\nthis:\n\\<exists>x. mask x = b\n\ngoal:\nNo subgoals!",
        "step_time": 0.008951425552368164
    },
    {
        "index": 78,
        "step": "qed",
        "output": "",
        "raw_output": "",
        "step_time": 0.0047512054443359375
    },
    {
        "index": 79,
        "step": "lemma unat_of_int_64:\n  \"\\<lbrakk>i \\<ge> 0; i \\<le> 2 ^ 63\\<rbrakk> \\<Longrightarrow> (unat ((of_int i)::sword64)) = nat i\"",
        "output": "",
        "raw_output": "proof (prove)\ngoal (1 subgoal):\n 1. \\<lbrakk>0 \\<le> i; i \\<le> 2 ^ 63\\<rbrakk> \\<Longrightarrow> unat (word_of_int i) = nat i",
        "step_time": 0.008447647094726562
    },
    {
        "index": 80,
        "step": "by (simp add: unsigned_of_int nat_take_bit_eq take_bit_nat_eq_self)",
        "output": "",
        "raw_output": "",
        "step_time": 0.02745985984802246
    },
    {
        "index": 81,
        "step": "lemmas word_ctz_not_minus_1_64 = word_ctz_not_minus_1[where 'a=64, simplified]",
        "output": "",
        "raw_output": "",
        "step_time": 0.007456541061401367
    },
    {
        "index": 82,
        "step": "lemma word64_and_max_simp:\n  \\<open>x AND 0xFFFFFFFFFFFFFFFF = x\\<close> for x :: \\<open>64 word\\<close>",
        "output": "",
        "raw_output": "proof (prove)\ngoal (1 subgoal):\n 1. x && 18446744073709551615 = x",
        "step_time": 0.0071980953216552734
    },
    {
        "index": 83,
        "step": "using word_and_full_mask_simp [of x]",
        "output": "",
        "raw_output": "proof (prove)\nusing this:\nx && mask LENGTH(64) = x\n\ngoal (1 subgoal):\n 1. x && 18446744073709551615 = x",
        "step_time": 0.0052490234375
    },
    {
        "index": 84,
        "step": "by (simp add: numeral_eq_Suc mask_Suc_exp)",
        "output": "",
        "raw_output": "",
        "step_time": 0.6998651027679443
    },
    {
        "index": 85,
        "step": "end",
        "output": "",
        "raw_output": "",
        "step_time": 0.004559993743896484
    },
    {
        "index": 86,
        "step": "end",
        "output": "",
        "raw_output": "",
        "step_time": 0.006352424621582031
    }
]