[
    {
        "index": 0,
        "step": "(*\n * Copyright 2020, Data61, CSIRO (ABN 41 687 119 230)\n *\n * SPDX-License-Identifier: BSD-2-Clause\n *)\n\n",
        "output": "",
        "raw_output": "",
        "step_time": 0.005139350891113281
    },
    {
        "index": 1,
        "step": "section \"Names of Specific Word Lengths\"",
        "output": "",
        "raw_output": "",
        "step_time": 0.004057645797729492
    },
    {
        "index": 2,
        "step": "theory Word_Names\n  imports Signed_Words\nbegin",
        "output": "",
        "raw_output": "",
        "step_time": 0.00414729118347168
    },
    {
        "index": 3,
        "step": "type_synonym word8 = \"8 word\"",
        "output": "",
        "raw_output": "",
        "step_time": 0.043947458267211914
    },
    {
        "index": 4,
        "step": "type_synonym word16 = \"16 word\"",
        "output": "",
        "raw_output": "",
        "step_time": 0.0060176849365234375
    },
    {
        "index": 5,
        "step": "type_synonym word32 = \"32 word\"",
        "output": "",
        "raw_output": "",
        "step_time": 0.005339384078979492
    },
    {
        "index": 6,
        "step": "type_synonym word64 = \"64 word\"",
        "output": "",
        "raw_output": "",
        "step_time": 0.005438566207885742
    },
    {
        "index": 7,
        "step": "type_synonym sword8 =  \"8 sword\"",
        "output": "",
        "raw_output": "",
        "step_time": 0.00441431999206543
    },
    {
        "index": 8,
        "step": "type_synonym sword16 = \"16 sword\"",
        "output": "",
        "raw_output": "",
        "step_time": 0.0045812129974365234
    },
    {
        "index": 9,
        "step": "type_synonym sword32 = \"32 sword\"",
        "output": "",
        "raw_output": "",
        "step_time": 0.004502296447753906
    },
    {
        "index": 10,
        "step": "type_synonym sword64 = \"64 sword\"",
        "output": "",
        "raw_output": "",
        "step_time": 0.004383563995361328
    },
    {
        "index": 11,
        "step": "end",
        "output": "",
        "raw_output": "",
        "step_time": 0.005135536193847656
    }
]