[
    {
        "index": 0,
        "step": "(*\n * Copyright 2023, Proofcraft Pty Ltd\n * Copyright 2020, Data61, CSIRO (ABN 41 687 119 230)\n *\n * SPDX-License-Identifier: BSD-2-Clause\n *)\n\n",
        "output": "",
        "raw_output": "",
        "step_time": 0.005977153778076172
    },
    {
        "index": 1,
        "step": "theory Trace_Sat\n  imports\n    Trace_Monad\n    WPSimp\nbegin",
        "output": "",
        "raw_output": "",
        "step_time": 0.004708051681518555
    },
    {
        "index": 2,
        "step": "section \\<open>Satisfiability\\<close>",
        "output": "",
        "raw_output": "",
        "step_time": 0.004723072052001953
    },
    {
        "index": 3,
        "step": "text \\<open>\n  The dual to validity: an existential instead of a universal quantifier for the post condition.\n  In refinement, it is often sufficient to know that there is one state that satisfies a condition.\\<close>",
        "output": "",
        "raw_output": "",
        "step_time": 0.005114555358886719
    },
    {
        "index": 4,
        "step": "definition exs_valid ::\n  \"('a \\<Rightarrow> bool) \\<Rightarrow> ('a, 'b) tmonad \\<Rightarrow> ('b \\<Rightarrow> 'a \\<Rightarrow> bool) \\<Rightarrow> bool\"\n  (\"\\<lbrace>_\\<rbrace> _ \\<exists>\\<lbrace>_\\<rbrace>\") where\n  \"\\<lbrace>P\\<rbrace> f \\<exists>\\<lbrace>Q\\<rbrace> \\<equiv> \\<forall>s. P s \\<longrightarrow> (\\<exists>(rv, s') \\<in> mres (f s). Q rv s')\"",
        "output": "",
        "raw_output": "",
        "step_time": 0.08138012886047363
    },
    {
        "index": 5,
        "step": "text \\<open>The above for the exception monad\\<close>",
        "output": "",
        "raw_output": "",
        "step_time": 0.006300687789916992
    },
    {
        "index": 6,
        "step": "definition ex_exs_validE ::\n  \"('a \\<Rightarrow> bool) \\<Rightarrow> ('a, 'e + 'b) tmonad \\<Rightarrow> ('b \\<Rightarrow> 'a \\<Rightarrow> bool) \\<Rightarrow> ('e \\<Rightarrow> 'a \\<Rightarrow> bool) \\<Rightarrow> bool\"\n  (\"\\<lbrace>_\\<rbrace> _ \\<exists>\\<lbrace>_\\<rbrace>, \\<lbrace>_\\<rbrace>\") where\n  \"\\<lbrace>P\\<rbrace> f \\<exists>\\<lbrace>Q\\<rbrace>, \\<lbrace>E\\<rbrace> \\<equiv> \\<lbrace>P\\<rbrace> f  \\<exists>\\<lbrace>\\<lambda>rv. case rv of Inl e \\<Rightarrow> E e | Inr v \\<Rightarrow> Q v\\<rbrace>\"",
        "output": "",
        "raw_output": "",
        "step_time": 0.023632049560546875
    },
    {
        "index": 7,
        "step": "text \\<open>\n  Seen as predicate transformer, @{const exs_valid} is the so-called conjugate wp in the literature,\n  i.e. with\n  @{term \"wp f Q \\<equiv> \\<lambda>s. mres (f s) \\<subseteq> {(rv,s). Q rv s}\"} and\n  @{term \"cwp f Q \\<equiv> not (wp f (not Q))\"}, we get\n  @{prop \"valid P f Q = (\\<forall>s. P s \\<longrightarrow> wp f Q s)\"} and\n  @{prop \"exs_valid P f Q = (\\<forall>s. P s \\<longrightarrow> cwp f Q s)\"}.\n\n  See also \"Predicate Calculus and Program Semantics\" by E. W. Dijkstra and C. S. Scholten.\\<close>",
        "output": "",
        "raw_output": "",
        "step_time": 0.0067691802978515625
    },
    {
        "index": 8,
        "step": "experiment\nbegin",
        "output": "",
        "raw_output": "",
        "step_time": 0.0063838958740234375
    },
    {
        "index": 9,
        "step": "definition\n  \"wp f Q \\<equiv> \\<lambda>s. mres (f s) \\<subseteq> {(rv,s). Q rv s}\"",
        "output": "",
        "raw_output": "",
        "step_time": 0.016066789627075195
    },
    {
        "index": 10,
        "step": "definition\n  \"cwp f Q \\<equiv> not (wp f (not Q))\"",
        "output": "",
        "raw_output": "",
        "step_time": 0.013089656829833984
    },
    {
        "index": 11,
        "step": "lemma\n  \"exs_valid P f Q = (\\<forall>s. P s \\<longrightarrow> cwp f Q s)\"",
        "output": "",
        "raw_output": "proof (prove)\ngoal (1 subgoal):\n 1. \\<lbrace>P\\<rbrace> f \\<exists>\\<lbrace>Q\\<rbrace> = (\\<forall>s. P s \\<longrightarrow> cwp f Q s)",
        "step_time": 0.008264541625976562
    },
    {
        "index": 12,
        "step": "unfolding exs_valid_def cwp_def wp_def",
        "output": "",
        "raw_output": "proof (prove)\ngoal (1 subgoal):\n 1. (\\<forall>s. P s \\<longrightarrow> (\\<exists>(rv, s')\\<in>mres (f s). Q rv s')) = (\\<forall>s. P s \\<longrightarrow> (not (\\<lambda>s. mres (f s) \\<subseteq> {(rv, s). (not Q) rv s})) s)",
        "step_time": 0.010200262069702148
    },
    {
        "index": 13,
        "step": "by auto",
        "output": "",
        "raw_output": "",
        "step_time": 0.01156926155090332
    },
    {
        "index": 14,
        "step": "end",
        "output": "",
        "raw_output": "",
        "step_time": 0.00459742546081543
    },
    {
        "index": 15,
        "step": "subsection \\<open>Set up for @{method wp}\\<close>",
        "output": "",
        "raw_output": "",
        "step_time": 0.004788637161254883
    },
    {
        "index": 16,
        "step": "definition exs_postcondition where\n  \"exs_postcondition P f \\<equiv> \\<lambda>a b. \\<exists>(rv, s) \\<in> f a b. P rv s\"",
        "output": "",
        "raw_output": "",
        "step_time": 0.0196077823638916
    },
    {
        "index": 17,
        "step": "lemma exs_valid_is_triple[wp_trip]:\n  \"exs_valid P f Q = triple_judgement P f (exs_postcondition Q (\\<lambda>s f. mres (f s)))\"",
        "output": "",
        "raw_output": "proof (prove)\ngoal (1 subgoal):\n 1. \\<lbrace>P\\<rbrace> f \\<exists>\\<lbrace>Q\\<rbrace> = triple_judgement P f (exs_postcondition Q (\\<lambda>s f. mres (f s)))",
        "step_time": 0.009299755096435547
    },
    {
        "index": 18,
        "step": "by (simp add: triple_judgement_def exs_postcondition_def exs_valid_def)",
        "output": "",
        "raw_output": "",
        "step_time": 0.011424779891967773
    },
    {
        "index": 19,
        "step": "subsection \\<open>Rules\\<close>",
        "output": "",
        "raw_output": "",
        "step_time": 0.005071878433227539
    },
    {
        "index": 20,
        "step": "lemma exs_hoare_post_imp:\n  \"\\<lbrakk>\\<And>r s. Q r s \\<Longrightarrow> R r s; \\<lbrace>P\\<rbrace> a \\<exists>\\<lbrace>Q\\<rbrace>\\<rbrakk> \\<Longrightarrow> \\<lbrace>P\\<rbrace> a \\<exists>\\<lbrace>R\\<rbrace>\"",
        "output": "",
        "raw_output": "proof (prove)\ngoal (1 subgoal):\n 1. \\<lbrakk>\\<And>r s. Q r s \\<Longrightarrow> R r s; \\<lbrace>P\\<rbrace> a \\<exists>\\<lbrace>Q\\<rbrace>\\<rbrakk> \\<Longrightarrow> \\<lbrace>P\\<rbrace> a \\<exists>\\<lbrace>R\\<rbrace>",
        "step_time": 0.009817361831665039
    },
    {
        "index": 21,
        "step": "unfolding exs_valid_def",
        "output": "",
        "raw_output": "proof (prove)\ngoal (1 subgoal):\n 1. \\<lbrakk>\\<And>r s. Q r s \\<Longrightarrow> R r s; \\<forall>s. P s \\<longrightarrow> (\\<exists>(rv, s')\\<in>mres (a s). Q rv s')\\<rbrakk> \\<Longrightarrow> \\<forall>s. P s \\<longrightarrow> (\\<exists>(rv, s')\\<in>mres (a s). R rv s')",
        "step_time": 0.007506132125854492
    },
    {
        "index": 22,
        "step": "by blast",
        "output": "",
        "raw_output": "",
        "step_time": 0.01763129234313965
    },
    {
        "index": 23,
        "step": "lemma use_exs_valid:\n  \"\\<lbrakk> \\<lbrace>P\\<rbrace> f \\<exists>\\<lbrace>Q\\<rbrace>; P s \\<rbrakk> \\<Longrightarrow> \\<exists>(r, s') \\<in> mres (f s). Q r s'\"",
        "output": "",
        "raw_output": "proof (prove)\ngoal (1 subgoal):\n 1. \\<lbrakk>\\<lbrace>P\\<rbrace> f \\<exists>\\<lbrace>Q\\<rbrace>; P s\\<rbrakk> \\<Longrightarrow> \\<exists>(r, s')\\<in>mres (f s). Q r s'",
        "step_time": 0.008817434310913086
    },
    {
        "index": 24,
        "step": "by (simp add: exs_valid_def)",
        "output": "",
        "raw_output": "",
        "step_time": 0.011087656021118164
    },
    {
        "index": 25,
        "step": "lemma exs_valid_weaken_pre[wp_pre]:\n  \"\\<lbrakk> \\<lbrace>P'\\<rbrace> f \\<exists>\\<lbrace>Q\\<rbrace>; \\<And>s. P s \\<Longrightarrow> P' s \\<rbrakk> \\<Longrightarrow> \\<lbrace>P\\<rbrace> f \\<exists>\\<lbrace>Q\\<rbrace>\"",
        "output": "",
        "raw_output": "proof (prove)\ngoal (1 subgoal):\n 1. \\<lbrakk>\\<lbrace>P'\\<rbrace> f \\<exists>\\<lbrace>Q\\<rbrace>; \\<And>s. P s \\<Longrightarrow> P' s\\<rbrakk> \\<Longrightarrow> \\<lbrace>P\\<rbrace> f \\<exists>\\<lbrace>Q\\<rbrace>",
        "step_time": 0.009355306625366211
    },
    {
        "index": 26,
        "step": "by (clarsimp simp: exs_valid_def)",
        "output": "",
        "raw_output": "",
        "step_time": 0.011499166488647461
    },
    {
        "index": 27,
        "step": "lemma exs_valid_chain:\n  \"\\<lbrakk> \\<lbrace>P\\<rbrace> f \\<exists>\\<lbrace>Q\\<rbrace>; \\<And>s. R s \\<Longrightarrow> P s; \\<And>r s. Q r s \\<Longrightarrow> S r s \\<rbrakk> \\<Longrightarrow> \\<lbrace>R\\<rbrace> f \\<exists>\\<lbrace>S\\<rbrace>\"",
        "output": "",
        "raw_output": "proof (prove)\ngoal (1 subgoal):\n 1. \\<lbrakk>\\<lbrace>P\\<rbrace> f \\<exists>\\<lbrace>Q\\<rbrace>; \\<And>s. R s \\<Longrightarrow> P s; \\<And>r s. Q r s \\<Longrightarrow> S r s\\<rbrakk> \\<Longrightarrow> \\<lbrace>R\\<rbrace> f \\<exists>\\<lbrace>S\\<rbrace>",
        "step_time": 0.011315584182739258
    },
    {
        "index": 28,
        "step": "by (fastforce simp: exs_valid_def Bex_def)",
        "output": "",
        "raw_output": "",
        "step_time": 0.03852677345275879
    },
    {
        "index": 29,
        "step": "lemma exs_valid_assume_pre:\n  \"\\<lbrakk> \\<And>s. P s \\<Longrightarrow> \\<lbrace>P\\<rbrace> f \\<exists>\\<lbrace>Q\\<rbrace> \\<rbrakk> \\<Longrightarrow> \\<lbrace>P\\<rbrace> f \\<exists>\\<lbrace>Q\\<rbrace>\"",
        "output": "",
        "raw_output": "proof (prove)\ngoal (1 subgoal):\n 1. (\\<And>s. P s \\<Longrightarrow> \\<lbrace>P\\<rbrace> f \\<exists>\\<lbrace>Q\\<rbrace>) \\<Longrightarrow> \\<lbrace>P\\<rbrace> f \\<exists>\\<lbrace>Q\\<rbrace>",
        "step_time": 0.008419275283813477
    },
    {
        "index": 30,
        "step": "by (fastforce simp: exs_valid_def)",
        "output": "",
        "raw_output": "",
        "step_time": 0.017304658889770508
    },
    {
        "index": 31,
        "step": "lemma exs_valid_bind[wp_split]:\n  \"\\<lbrakk> \\<And>rv. \\<lbrace>B rv\\<rbrace> g rv \\<exists>\\<lbrace>C\\<rbrace>; \\<lbrace>A\\<rbrace> f \\<exists>\\<lbrace>B\\<rbrace> \\<rbrakk> \\<Longrightarrow> \\<lbrace>A\\<rbrace> f >>= (\\<lambda>rv. g rv) \\<exists>\\<lbrace>C\\<rbrace>\"",
        "output": "",
        "raw_output": "proof (prove)\ngoal (1 subgoal):\n 1. \\<lbrakk>\\<And>rv. \\<lbrace>B rv\\<rbrace> g rv \\<exists>\\<lbrace>C\\<rbrace>; \\<lbrace>A\\<rbrace> f \\<exists>\\<lbrace>B\\<rbrace>\\<rbrakk> \\<Longrightarrow> \\<lbrace>A\\<rbrace> f >>= g \\<exists>\\<lbrace>C\\<rbrace>",
        "step_time": 0.01156306266784668
    },
    {
        "index": 32,
        "step": "apply atomize",
        "output": "",
        "raw_output": "proof (prove)\ngoal (1 subgoal):\n 1. \\<lbrakk>\\<forall>rv. \\<lbrace>B rv\\<rbrace> g rv \\<exists>\\<lbrace>C\\<rbrace>; \\<lbrace>A\\<rbrace> f \\<exists>\\<lbrace>B\\<rbrace>\\<rbrakk> \\<Longrightarrow> \\<lbrace>A\\<rbrace> f >>= g \\<exists>\\<lbrace>C\\<rbrace>",
        "step_time": 0.005940914154052734
    },
    {
        "index": 33,
        "step": "apply (clarsimp simp: exs_valid_def bind_def' mres_def)",
        "output": "",
        "raw_output": "proof (prove)\ngoal (1 subgoal):\n 1. \\<And>s. \\<lbrakk>\\<forall>rv s. B rv s \\<longrightarrow> (\\<exists>x\\<in>Result -` snd ` g rv s. case x of (rv, s') \\<Rightarrow> C rv s'); \\<forall>s. A s \\<longrightarrow> (\\<exists>x\\<in>Result -` snd ` f s. case x of (rv, s') \\<Rightarrow> B rv s'); A s\\<rbrakk> \\<Longrightarrow> \\<exists>x\\<in>Result -` snd ` ((\\<lambda>xs. (xs, Failed)) ` {xs. (xs, Failed) \\<in> f s} \\<union> (\\<lambda>xs. (xs, Incomplete)) ` {xs. (xs, Incomplete) \\<in> f s} \\<union> (\\<Union>x\\<in>{(xs, rv, s'). (xs, Result (rv, s')) \\<in> f s}. case x of (xs, rv, s) \\<Rightarrow> (\\<lambda>x. case x of (a, x) \\<Rightarrow> (a @ xs, x)) ` g rv s)). case x of (rv, s') \\<Rightarrow> C rv s'",
        "step_time": 0.13320708274841309
    },
    {
        "index": 34,
        "step": "apply (drule spec, drule(1) mp, clarsimp)",
        "output": "",
        "raw_output": "proof (prove)\ngoal (1 subgoal):\n 1. \\<And>s a b aa. \\<lbrakk>\\<forall>rv s. B rv s \\<longrightarrow> (\\<exists>x\\<in>Result -` snd ` g rv s. case x of (x, xa) \\<Rightarrow> C x xa); A s; B a b; (aa, Result (a, b)) \\<in> f s\\<rbrakk> \\<Longrightarrow> \\<exists>x\\<in>Result -` snd ` ((\\<lambda>xs. (xs, Failed)) ` {xs. (xs, Failed) \\<in> f s} \\<union> (\\<lambda>xs. (xs, Incomplete)) ` {xs. (xs, Incomplete) \\<in> f s} \\<union> (\\<Union>x\\<in>{(xs, rv, s'). (xs, Result (rv, s')) \\<in> f s}. case x of (xs, rv, s) \\<Rightarrow> (\\<lambda>x. case x of (a, x) \\<Rightarrow> (a @ xs, x)) ` g rv s)). case x of (x, xa) \\<Rightarrow> C x xa",
        "step_time": 0.21271324157714844
    },
    {
        "index": 35,
        "step": "apply (drule spec2, drule(1) mp, clarsimp)",
        "output": "",
        "raw_output": "proof (prove)\ngoal (1 subgoal):\n 1. \\<And>s a b aa ab ba ac. \\<lbrakk>A s; B a b; (aa, Result (a, b)) \\<in> f s; C ab ba; (ac, Result (ab, ba)) \\<in> g a b\\<rbrakk> \\<Longrightarrow> \\<exists>x\\<in>Result -` snd ` ((\\<lambda>xs. (xs, Failed)) ` {xs. (xs, Failed) \\<in> f s} \\<union> (\\<lambda>xs. (xs, Incomplete)) ` {xs. (xs, Incomplete) \\<in> f s} \\<union> (\\<Union>x\\<in>{(xs, rv, s'). (xs, Result (rv, s')) \\<in> f s}. case x of (xs, rv, s) \\<Rightarrow> (\\<lambda>x. case x of (a, x) \\<Rightarrow> (a @ xs, x)) ` g rv s)). case x of (x, xa) \\<Rightarrow> C x xa",
        "step_time": 0.2049708366394043
    },
    {
        "index": 36,
        "step": "apply (simp add: image_def bex_Un)",
        "output": "",
        "raw_output": "proof (prove)\ngoal (1 subgoal):\n 1. \\<And>s a b aa ab ba ac. \\<lbrakk>A s; B a b; (aa, Result (a, b)) \\<in> f s; C ab ba; (ac, Result (ab, ba)) \\<in> g a b\\<rbrakk> \\<Longrightarrow> \\<exists>a b. (\\<exists>y. (\\<exists>a aa b. (a, Result (aa, b)) \\<in> f s \\<and> y = {y. \\<exists>x\\<in>g aa b. y = (case x of (aa, x) \\<Rightarrow> (aa @ a, x))}) \\<and> (\\<exists>x\\<in>y. Result (a, b) = snd x)) \\<and> C a b",
        "step_time": 0.06923460960388184
    },
    {
        "index": 37,
        "step": "apply (strengthen subst[where P=\"\\<lambda>x. x \\<in> f s\" for s, mk_strg I _ E], simp)",
        "output": "",
        "raw_output": "proof (prove)\ngoal (1 subgoal):\n 1. \\<And>s a b aa ab ba ac. \\<lbrakk>A s; B a b; (aa, Result (a, b)) \\<in> f s; C ab ba; (ac, Result (ab, ba)) \\<in> g a b\\<rbrakk> \\<Longrightarrow> \\<exists>x xa. (\\<exists>ab. \\<exists>xb\\<in>g a b. (ab, Result (x, xa)) = (case xb of (a, x) \\<Rightarrow> (a @ aa, x))) \\<and> C x xa",
        "step_time": 0.025902509689331055
    },
    {
        "index": 38,
        "step": "apply (fastforce elim: rev_bexI)",
        "output": "",
        "raw_output": "proof (prove)\ngoal:\nNo subgoals!",
        "step_time": 0.025856494903564453
    },
    {
        "index": 39,
        "step": "done",
        "output": "",
        "raw_output": "",
        "step_time": 0.006829500198364258
    },
    {
        "index": 40,
        "step": "lemma exs_valid_return[wp]:\n  \"\\<lbrace>Q v\\<rbrace> return v \\<exists>\\<lbrace>Q\\<rbrace>\"",
        "output": "",
        "raw_output": "proof (prove)\ngoal (1 subgoal):\n 1. \\<lbrace>Q v\\<rbrace> return v \\<exists>\\<lbrace>Q\\<rbrace>",
        "step_time": 0.006082057952880859
    },
    {
        "index": 41,
        "step": "by (clarsimp simp: exs_valid_def return_def mres_def)",
        "output": "",
        "raw_output": "",
        "step_time": 0.012364625930786133
    },
    {
        "index": 42,
        "step": "lemma exs_valid_select[wp]:\n  \"\\<lbrace>\\<lambda>s. \\<exists>r \\<in> S. Q r s\\<rbrace> select S \\<exists>\\<lbrace>Q\\<rbrace>\"",
        "output": "",
        "raw_output": "proof (prove)\ngoal (1 subgoal):\n 1. \\<lbrace>\\<lambda>s. \\<exists>r\\<in>S. Q r s\\<rbrace> select S \\<exists>\\<lbrace>Q\\<rbrace>",
        "step_time": 0.008929252624511719
    },
    {
        "index": 43,
        "step": "by (auto simp: exs_valid_def select_def mres_def image_def)",
        "output": "",
        "raw_output": "",
        "step_time": 0.04680776596069336
    },
    {
        "index": 44,
        "step": "lemma exs_valid_alt[wp]:\n  \"\\<lbrakk> \\<lbrace>P\\<rbrace> f \\<exists>\\<lbrace>Q\\<rbrace>; \\<lbrace>P'\\<rbrace> g \\<exists>\\<lbrace>Q\\<rbrace> \\<rbrakk> \\<Longrightarrow> \\<lbrace>P or P'\\<rbrace> f \\<sqinter> g \\<exists>\\<lbrace>Q\\<rbrace>\"",
        "output": "",
        "raw_output": "proof (prove)\ngoal (1 subgoal):\n 1. \\<lbrakk>\\<lbrace>P\\<rbrace> f \\<exists>\\<lbrace>Q\\<rbrace>; \\<lbrace>P'\\<rbrace> g \\<exists>\\<lbrace>Q\\<rbrace>\\<rbrakk> \\<Longrightarrow> \\<lbrace>P or P'\\<rbrace> f \\<sqinter> g \\<exists>\\<lbrace>Q\\<rbrace>",
        "step_time": 0.010411977767944336
    },
    {
        "index": 45,
        "step": "by (fastforce simp: exs_valid_def alternative_def mres_def image_def)",
        "output": "",
        "raw_output": "",
        "step_time": 0.37653207778930664
    },
    {
        "index": 46,
        "step": "lemma exs_valid_get[wp]:\n  \"\\<lbrace>\\<lambda>s. Q s s\\<rbrace> get \\<exists>\\<lbrace> Q \\<rbrace>\"",
        "output": "",
        "raw_output": "proof (prove)\ngoal (1 subgoal):\n 1. \\<lbrace>\\<lambda>s. Q s s\\<rbrace> get \\<exists>\\<lbrace>Q\\<rbrace>",
        "step_time": 0.008856773376464844
    },
    {
        "index": 47,
        "step": "by (clarsimp simp: exs_valid_def get_def mres_def)",
        "output": "",
        "raw_output": "",
        "step_time": 0.01248478889465332
    },
    {
        "index": 48,
        "step": "lemma exs_valid_gets[wp]:\n  \"\\<lbrace>\\<lambda>s. Q (f s) s\\<rbrace> gets f \\<exists>\\<lbrace>Q\\<rbrace>\"",
        "output": "",
        "raw_output": "proof (prove)\ngoal (1 subgoal):\n 1. \\<lbrace>\\<lambda>s. Q (f s) s\\<rbrace> gets f \\<exists>\\<lbrace>Q\\<rbrace>",
        "step_time": 0.007866621017456055
    },
    {
        "index": 49,
        "step": "by (clarsimp simp: gets_def) wp",
        "output": "",
        "raw_output": "",
        "step_time": 0.008047819137573242
    },
    {
        "index": 50,
        "step": "lemma exs_valid_put[wp]:\n  \"\\<lbrace>Q v\\<rbrace> put v \\<exists>\\<lbrace>Q\\<rbrace>\"",
        "output": "",
        "raw_output": "proof (prove)\ngoal (1 subgoal):\n 1. \\<lbrace>Q v\\<rbrace> put v \\<exists>\\<lbrace>Q\\<rbrace>",
        "step_time": 0.006134748458862305
    },
    {
        "index": 51,
        "step": "by (clarsimp simp: put_def exs_valid_def mres_def)",
        "output": "",
        "raw_output": "",
        "step_time": 0.012873172760009766
    },
    {
        "index": 52,
        "step": "lemma exs_valid_fail[wp]:\n  \"\\<lbrace>\\<lambda>s. False\\<rbrace> fail \\<exists>\\<lbrace>Q\\<rbrace>\"",
        "output": "",
        "raw_output": "proof (prove)\ngoal (1 subgoal):\n 1. \\<lbrace>\\<lambda>s. False\\<rbrace> fail \\<exists>\\<lbrace>Q\\<rbrace>",
        "step_time": 0.0075321197509765625
    },
    {
        "index": 53,
        "step": "unfolding fail_def exs_valid_def",
        "output": "",
        "raw_output": "proof (prove)\ngoal (1 subgoal):\n 1. \\<forall>s. False \\<longrightarrow> (\\<exists>(rv, s')\\<in>mres {([], Failed)}. Q rv s')",
        "step_time": 0.007668256759643555
    },
    {
        "index": 54,
        "step": "by simp",
        "output": "",
        "raw_output": "",
        "step_time": 0.0068547725677490234
    },
    {
        "index": 55,
        "step": "lemma exs_valid_assert[wp]:\n  \"\\<lbrace>\\<lambda>s. Q () s \\<and> G\\<rbrace> assert G \\<exists>\\<lbrace>Q\\<rbrace>\"",
        "output": "",
        "raw_output": "proof (prove)\ngoal (1 subgoal):\n 1. \\<lbrace>\\<lambda>s. Q () s \\<and> G\\<rbrace> assert G \\<exists>\\<lbrace>Q\\<rbrace>",
        "step_time": 0.007108211517333984
    },
    {
        "index": 56,
        "step": "unfolding assert_def",
        "output": "",
        "raw_output": "proof (prove)\ngoal (1 subgoal):\n 1. \\<lbrace>\\<lambda>s. Q () s \\<and> G\\<rbrace> if G then return () else fail \\<exists>\\<lbrace>Q\\<rbrace>",
        "step_time": 0.005192756652832031
    },
    {
        "index": 57,
        "step": "by (wpsimp | rule conjI)+",
        "output": "",
        "raw_output": "",
        "step_time": 0.018413543701171875
    },
    {
        "index": 58,
        "step": "lemma exs_valid_state_assert[wp]:\n  \"\\<lbrace>\\<lambda>s. Q () s \\<and> G s\\<rbrace> state_assert G \\<exists>\\<lbrace>Q\\<rbrace>\"",
        "output": "",
        "raw_output": "proof (prove)\ngoal (1 subgoal):\n 1. \\<lbrace>\\<lambda>s. Q () s \\<and> G s\\<rbrace> state_assert G \\<exists>\\<lbrace>Q\\<rbrace>",
        "step_time": 0.0071010589599609375
    },
    {
        "index": 59,
        "step": "unfolding state_assert_def",
        "output": "",
        "raw_output": "proof (prove)\ngoal (1 subgoal):\n 1. \\<lbrace>\\<lambda>s. Q () s \\<and> G s\\<rbrace> do s <- get;\nassert (G s)\nod \\<exists>\\<lbrace>Q\\<rbrace>",
        "step_time": 0.005769014358520508
    },
    {
        "index": 60,
        "step": "by wp",
        "output": "",
        "raw_output": "",
        "step_time": 0.006277561187744141
    },
    {
        "index": 61,
        "step": "lemmas exs_valid_guard = exs_valid_state_assert",
        "output": "",
        "raw_output": "",
        "step_time": 0.005618095397949219
    },
    {
        "index": 62,
        "step": "lemma exs_valid_condition[wp]:\n  \"\\<lbrakk> \\<lbrace>P\\<rbrace> l \\<exists>\\<lbrace>Q\\<rbrace>; \\<lbrace>P'\\<rbrace> r \\<exists>\\<lbrace>Q\\<rbrace> \\<rbrakk> \\<Longrightarrow> \\<lbrace>\\<lambda>s. (C s \\<and> P s) \\<or> (\\<not> C s \\<and> P' s)\\<rbrace> condition C l r \\<exists>\\<lbrace>Q\\<rbrace>\"",
        "output": "",
        "raw_output": "proof (prove)\ngoal (1 subgoal):\n 1. \\<lbrakk>\\<lbrace>P\\<rbrace> l \\<exists>\\<lbrace>Q\\<rbrace>; \\<lbrace>P'\\<rbrace> r \\<exists>\\<lbrace>Q\\<rbrace>\\<rbrakk> \\<Longrightarrow> \\<lbrace>\\<lambda>s. C s \\<and> P s \\<or> \\<not> C s \\<and> P' s\\<rbrace> condition C\n  l\n  r \\<exists>\\<lbrace>Q\\<rbrace>",
        "step_time": 0.011627197265625
    },
    {
        "index": 63,
        "step": "by (clarsimp simp: condition_def exs_valid_def split: sum.splits)",
        "output": "",
        "raw_output": "",
        "step_time": 0.01759648323059082
    },
    {
        "index": 64,
        "step": "lemma gets_exs_valid:\n  \"\\<lbrace>(=) s\\<rbrace> gets f \\<exists>\\<lbrace>\\<lambda>r. (=) s\\<rbrace>\"",
        "output": "",
        "raw_output": "proof (prove)\ngoal (1 subgoal):\n 1. \\<lbrace>(=) s\\<rbrace> gets f \\<exists>\\<lbrace>\\<lambda>r. (=) s\\<rbrace>",
        "step_time": 0.005755901336669922
    },
    {
        "index": 65,
        "step": "by (rule exs_valid_gets)",
        "output": "",
        "raw_output": "",
        "step_time": 0.00439763069152832
    },
    {
        "index": 66,
        "step": "lemma exs_valid_assert_opt[wp]:\n  \"\\<lbrace>\\<lambda>s. \\<exists>x. G = Some x \\<and> Q x s\\<rbrace> assert_opt G \\<exists>\\<lbrace>Q\\<rbrace>\"",
        "output": "",
        "raw_output": "proof (prove)\ngoal (1 subgoal):\n 1. \\<lbrace>\\<lambda>s. \\<exists>x. G = Some x \\<and> Q x s\\<rbrace> assert_opt G \\<exists>\\<lbrace>Q\\<rbrace>",
        "step_time": 0.0061528682708740234
    },
    {
        "index": 67,
        "step": "by (clarsimp simp: assert_opt_def exs_valid_def return_def mres_def)",
        "output": "",
        "raw_output": "",
        "step_time": 0.017244338989257812
    },
    {
        "index": 68,
        "step": "lemma gets_the_exs_valid[wp]:\n  \"\\<lbrace>\\<lambda>s. \\<exists>x. h s = Some x \\<and> Q x s\\<rbrace> gets_the h \\<exists>\\<lbrace>Q\\<rbrace>\"",
        "output": "",
        "raw_output": "proof (prove)\ngoal (1 subgoal):\n 1. \\<lbrace>\\<lambda>s. \\<exists>x. h s = Some x \\<and> Q x s\\<rbrace> gets_the h \\<exists>\\<lbrace>Q\\<rbrace>",
        "step_time": 0.00836038589477539
    },
    {
        "index": 69,
        "step": "by (wpsimp simp: gets_the_def)",
        "output": "",
        "raw_output": "",
        "step_time": 0.010051965713500977
    },
    {
        "index": 70,
        "step": "end",
        "output": "",
        "raw_output": "",
        "step_time": 0.006106853485107422
    }
]