[
    {
        "index": 0,
        "step": "(*\n * Copyright 2023, Proofcraft Pty Ltd\n * Copyright 2020, Data61, CSIRO (ABN 41 687 119 230)\n *\n * SPDX-License-Identifier: BSD-2-Clause\n *)\n\n(* Lemmas about no_throw. Usually should have a conclusion \"no_throw P m\".\n   Includes some monad equations that have no_throw as a main assumption.  *)\n\n",
        "output": "",
        "raw_output": "",
        "step_time": 0.004032135009765625
    },
    {
        "index": 1,
        "step": "theory Trace_No_Throw\n  imports\n    Trace_VCG\nbegin",
        "output": "",
        "raw_output": "",
        "step_time": 0.003813505172729492
    },
    {
        "index": 2,
        "step": "section \"Basic exception reasoning\"",
        "output": "",
        "raw_output": "",
        "step_time": 0.003780841827392578
    },
    {
        "index": 3,
        "step": "text \\<open>\n  The predicates @{text no_throw} and @{text no_return} allow us to reason about functions in\n  the exception monad that never throw an exception or never return normally.\\<close>",
        "output": "",
        "raw_output": "",
        "step_time": 0.00455164909362793
    },
    {
        "index": 4,
        "step": "definition no_throw :: \"('s \\<Rightarrow> bool) \\<Rightarrow> ('s, 'e + 'a) tmonad \\<Rightarrow> bool\" where\n  \"no_throw P A \\<equiv> \\<lbrace> P \\<rbrace> A \\<lbrace> \\<lambda>_ _. True \\<rbrace>,\\<lbrace> \\<lambda>_ _. False \\<rbrace>\"",
        "output": "",
        "raw_output": "",
        "step_time": 0.05900716781616211
    },
    {
        "index": 5,
        "step": "definition no_return :: \"('a \\<Rightarrow> bool) \\<Rightarrow> ('a, 'b + 'c) tmonad \\<Rightarrow> bool\" where\n  \"no_return P A \\<equiv> \\<lbrace> P \\<rbrace> A \\<lbrace>\\<lambda>_ _. False\\<rbrace>,\\<lbrace>\\<lambda>_ _. True \\<rbrace>\"",
        "output": "",
        "raw_output": "",
        "step_time": 0.01499032974243164
    },
    {
        "index": 6,
        "step": "\n\n(* Alternative definition of no_throw; easier to work with than unfolding validE. *)\n",
        "output": "",
        "raw_output": "",
        "step_time": 0.003564596176147461
    },
    {
        "index": 7,
        "step": "lemma no_throw_def':\n  \"no_throw P A = (\\<forall>s. P s \\<longrightarrow> (\\<forall>(r, t) \\<in> mres (A s). (\\<exists>x. r = Inr x)))\"",
        "output": "",
        "raw_output": "proof (prove)\ngoal (1 subgoal):\n 1. no_throw P A = (\\<forall>s. P s \\<longrightarrow> (\\<forall>(r, t)\\<in>mres (A s). \\<exists>x. r = Inr x))",
        "step_time": 0.010913848876953125
    },
    {
        "index": 8,
        "step": "by (clarsimp simp: no_throw_def validE_def2 split_def split: sum.splits)",
        "output": "",
        "raw_output": "",
        "step_time": 0.01759481430053711
    },
    {
        "index": 9,
        "step": "subsection \\<open>@{const no_throw} rules\\<close>",
        "output": "",
        "raw_output": "",
        "step_time": 0.00383758544921875
    },
    {
        "index": 10,
        "step": "lemma no_throw_returnOk[simp]:\n  \"no_throw P (returnOk a)\"",
        "output": "",
        "raw_output": "proof (prove)\ngoal (1 subgoal):\n 1. no_throw P (returnOk a)",
        "step_time": 0.006650209426879883
    },
    {
        "index": 11,
        "step": "unfolding no_throw_def",
        "output": "",
        "raw_output": "proof (prove)\ngoal (1 subgoal):\n 1. \\<lbrace>P\\<rbrace> returnOk a \\<lbrace>\\<lambda>_ _. True\\<rbrace>, \\<lbrace>\\<lambda>_ _. False\\<rbrace>",
        "step_time": 0.0054171085357666016
    },
    {
        "index": 12,
        "step": "by wp",
        "output": "",
        "raw_output": "",
        "step_time": 0.007732391357421875
    },
    {
        "index": 13,
        "step": "lemma no_throw_liftE[simp]:\n  \"no_throw P (liftE x)\"",
        "output": "",
        "raw_output": "proof (prove)\ngoal (1 subgoal):\n 1. no_throw P (liftE x)",
        "step_time": 0.006818294525146484
    },
    {
        "index": 14,
        "step": "by (wpsimp simp: liftE_def no_throw_def validE_def)",
        "output": "",
        "raw_output": "",
        "step_time": 0.02539372444152832
    },
    {
        "index": 15,
        "step": "lemma no_throw_bindE:\n  \"\\<lbrakk> no_throw A X; \\<And>a. no_throw B (Y a); \\<lbrace> A \\<rbrace> X \\<lbrace> \\<lambda>_. B \\<rbrace>,\\<lbrace> \\<lambda>_ _. True \\<rbrace> \\<rbrakk>\n   \\<Longrightarrow> no_throw A (X >>=E Y)\"",
        "output": "",
        "raw_output": "proof (prove)\ngoal (1 subgoal):\n 1. \\<lbrakk>no_throw A X; \\<And>a. no_throw B (Y a); \\<lbrace>A\\<rbrace> X \\<lbrace>\\<lambda>_. B\\<rbrace>, \\<lbrace>\\<lambda>_ _. True\\<rbrace>\\<rbrakk> \\<Longrightarrow> no_throw A (X >>=E Y)",
        "step_time": 0.012200117111206055
    },
    {
        "index": 16,
        "step": "unfolding no_throw_def",
        "output": "",
        "raw_output": "proof (prove)\ngoal (1 subgoal):\n 1. \\<lbrakk>\\<lbrace>A\\<rbrace> X \\<lbrace>\\<lambda>_ _. True\\<rbrace>, \\<lbrace>\\<lambda>_ _. False\\<rbrace>; \\<And>a. \\<lbrace>B\\<rbrace> Y a \\<lbrace>\\<lambda>_ _. True\\<rbrace>, \\<lbrace>\\<lambda>_ _. False\\<rbrace>; \\<lbrace>A\\<rbrace> X \\<lbrace>\\<lambda>_. B\\<rbrace>, \\<lbrace>\\<lambda>_ _. True\\<rbrace>\\<rbrakk> \\<Longrightarrow> \\<lbrace>A\\<rbrace> X >>=E Y \\<lbrace>\\<lambda>_ _. True\\<rbrace>, \\<lbrace>\\<lambda>_ _. False\\<rbrace>",
        "step_time": 0.006349325180053711
    },
    {
        "index": 17,
        "step": "using hoare_validE_cases seqE",
        "output": "",
        "raw_output": "proof (prove)\nusing this:\n\\<lbrakk>\\<lbrace>?P\\<rbrace> ?f \\<lbrace>?Q\\<rbrace>, \\<lbrace>\\<lambda>_ _. True\\<rbrace>; \\<lbrace>?P\\<rbrace> ?f \\<lbrace>\\<lambda>_ _. True\\<rbrace>, \\<lbrace>?R\\<rbrace>\\<rbrakk> \\<Longrightarrow> \\<lbrace>?P\\<rbrace> ?f \\<lbrace>?Q\\<rbrace>, \\<lbrace>?R\\<rbrace>\n\\<lbrakk>\\<lbrace>?A\\<rbrace> ?f \\<lbrace>?B\\<rbrace>, \\<lbrace>?E\\<rbrace>; \\<And>x. \\<lbrace>?B x\\<rbrace> ?g x \\<lbrace>?C\\<rbrace>, \\<lbrace>?E\\<rbrace>\\<rbrakk> \\<Longrightarrow> \\<lbrace>?A\\<rbrace> ?f >>=E ?g \\<lbrace>?C\\<rbrace>, \\<lbrace>?E\\<rbrace>\n\ngoal (1 subgoal):\n 1. \\<lbrakk>\\<lbrace>A\\<rbrace> X \\<lbrace>\\<lambda>_ _. True\\<rbrace>, \\<lbrace>\\<lambda>_ _. False\\<rbrace>; \\<And>a. \\<lbrace>B\\<rbrace> Y a \\<lbrace>\\<lambda>_ _. True\\<rbrace>, \\<lbrace>\\<lambda>_ _. False\\<rbrace>; \\<lbrace>A\\<rbrace> X \\<lbrace>\\<lambda>_. B\\<rbrace>, \\<lbrace>\\<lambda>_ _. True\\<rbrace>\\<rbrakk> \\<Longrightarrow> \\<lbrace>A\\<rbrace> X >>=E Y \\<lbrace>\\<lambda>_ _. True\\<rbrace>, \\<lbrace>\\<lambda>_ _. False\\<rbrace>",
        "step_time": 0.007056236267089844
    },
    {
        "index": 18,
        "step": "by blast",
        "output": "",
        "raw_output": "",
        "step_time": 0.013605594635009766
    },
    {
        "index": 19,
        "step": "lemma no_throw_bindE_simple:\n  \"\\<lbrakk> no_throw \\<top> L; \\<And>x. no_throw \\<top> (R x) \\<rbrakk> \\<Longrightarrow> no_throw \\<top> (L >>=E R)\"",
        "output": "",
        "raw_output": "proof (prove)\ngoal (1 subgoal):\n 1. \\<lbrakk>no_throw (\\<lambda>_. True) L; \\<And>x. no_throw (\\<lambda>_. True) (R x)\\<rbrakk> \\<Longrightarrow> no_throw (\\<lambda>_. True) (L >>=E R)",
        "step_time": 0.00945591926574707
    },
    {
        "index": 20,
        "step": "using hoareE_TrueI no_throw_bindE",
        "output": "",
        "raw_output": "proof (prove)\nusing this:\n\\<lbrace>?P\\<rbrace> ?f \\<lbrace>\\<lambda>_ _. True\\<rbrace>, \\<lbrace>\\<lambda>r _. True\\<rbrace>\n\\<lbrakk>no_throw ?A ?X; \\<And>a. no_throw ?B (?Y a); \\<lbrace>?A\\<rbrace> ?X \\<lbrace>\\<lambda>_. ?B\\<rbrace>, \\<lbrace>\\<lambda>_ _. True\\<rbrace>\\<rbrakk> \\<Longrightarrow> no_throw ?A (?X >>=E ?Y)\n\ngoal (1 subgoal):\n 1. \\<lbrakk>no_throw (\\<lambda>_. True) L; \\<And>x. no_throw (\\<lambda>_. True) (R x)\\<rbrakk> \\<Longrightarrow> no_throw (\\<lambda>_. True) (L >>=E R)",
        "step_time": 0.004848480224609375
    },
    {
        "index": 21,
        "step": "by blast",
        "output": "",
        "raw_output": "",
        "step_time": 0.008188247680664062
    },
    {
        "index": 22,
        "step": "lemma no_throw_handleE_simple:\n  \"\\<lbrakk> \\<And>x. no_throw \\<top> L \\<or> no_throw \\<top> (R x) \\<rbrakk> \\<Longrightarrow> no_throw \\<top> (L <handle> R)\"",
        "output": "",
        "raw_output": "proof (prove)\ngoal (1 subgoal):\n 1. (\\<And>x. no_throw (\\<lambda>_. True) L \\<or> no_throw (\\<lambda>_. True) (R x)) \\<Longrightarrow> no_throw (\\<lambda>_. True) (L <handle> R)",
        "step_time": 0.00925302505493164
    },
    {
        "index": 23,
        "step": "by (fastforce simp: no_throw_def' handleE_def handleE'_def validE_def valid_def bind_def return_def\n                      mres_def image_def\n                split: sum.splits tmres.splits)",
        "output": "",
        "raw_output": "",
        "step_time": 0.28229546546936035
    },
    {
        "index": 24,
        "step": "lemma no_throw_handle2:\n  \"\\<lbrakk> \\<And>a. no_throw Y (B a); \\<lbrace> X \\<rbrace> A \\<lbrace> \\<lambda>_ _. True \\<rbrace>,\\<lbrace> \\<lambda>_. Y \\<rbrace> \\<rbrakk> \\<Longrightarrow> no_throw X (A <handle2> B)\"",
        "output": "",
        "raw_output": "proof (prove)\ngoal (1 subgoal):\n 1. \\<lbrakk>\\<And>a. no_throw Y (B a); \\<lbrace>X\\<rbrace> A \\<lbrace>\\<lambda>_ _. True\\<rbrace>, \\<lbrace>\\<lambda>_. Y\\<rbrace>\\<rbrakk> \\<Longrightarrow> no_throw X (A <handle2> B)",
        "step_time": 0.02443528175354004
    },
    {
        "index": 25,
        "step": "by (fastforce simp: no_throw_def' handleE'_def validE_def valid_def bind_def return_def mres_def\n                      image_def\n                split: sum.splits tmres.splits)",
        "output": "",
        "raw_output": "",
        "step_time": 0.23920202255249023
    },
    {
        "index": 26,
        "step": "lemma no_throw_handle:\n  \"\\<lbrakk> \\<And>a. no_throw Y (B a); \\<lbrace> X \\<rbrace> A \\<lbrace> \\<lambda>_ _. True \\<rbrace>,\\<lbrace> \\<lambda>_. Y \\<rbrace> \\<rbrakk> \\<Longrightarrow> no_throw X (A <handle> B)\"",
        "output": "",
        "raw_output": "proof (prove)\ngoal (1 subgoal):\n 1. \\<lbrakk>\\<And>a. no_throw Y (B a); \\<lbrace>X\\<rbrace> A \\<lbrace>\\<lambda>_ _. True\\<rbrace>, \\<lbrace>\\<lambda>_. Y\\<rbrace>\\<rbrakk> \\<Longrightarrow> no_throw X (A <handle> B)",
        "step_time": 0.012390851974487305
    },
    {
        "index": 27,
        "step": "unfolding handleE_def",
        "output": "",
        "raw_output": "proof (prove)\ngoal (1 subgoal):\n 1. \\<lbrakk>\\<And>a. no_throw Y (B a); \\<lbrace>X\\<rbrace> A \\<lbrace>\\<lambda>_ _. True\\<rbrace>, \\<lbrace>\\<lambda>_. Y\\<rbrace>\\<rbrakk> \\<Longrightarrow> no_throw X (A <handle2> B)",
        "step_time": 0.0065326690673828125
    },
    {
        "index": 28,
        "step": "by (rule no_throw_handle2)",
        "output": "",
        "raw_output": "",
        "step_time": 0.007808208465576172
    },
    {
        "index": 29,
        "step": "lemma no_throw_fail[simp]:\n  \"no_throw P fail\"",
        "output": "",
        "raw_output": "proof (prove)\ngoal (1 subgoal):\n 1. no_throw P fail",
        "step_time": 0.007124423980712891
    },
    {
        "index": 30,
        "step": "by (clarsimp simp: no_throw_def)",
        "output": "",
        "raw_output": "",
        "step_time": 0.007069826126098633
    },
    {
        "index": 31,
        "step": "lemma handleE'_nothrow_lhs:\n  \"no_throw \\<top> L \\<Longrightarrow> no_throw \\<top> (L <handle2> R)\"",
        "output": "",
        "raw_output": "proof (prove)\ngoal (1 subgoal):\n 1. no_throw (\\<lambda>_. True) L \\<Longrightarrow> no_throw (\\<lambda>_. True) (L <handle2> R)",
        "step_time": 0.008824825286865234
    },
    {
        "index": 32,
        "step": "unfolding no_throw_def",
        "output": "",
        "raw_output": "proof (prove)\ngoal (1 subgoal):\n 1. \\<lbrace>\\<lambda>_. True\\<rbrace> L \\<lbrace>\\<lambda>_ _. True\\<rbrace>, \\<lbrace>\\<lambda>_ _. False\\<rbrace> \\<Longrightarrow> \\<lbrace>\\<lambda>_. True\\<rbrace> L <handle2> R \\<lbrace>\\<lambda>_ _. True\\<rbrace>, \\<lbrace>\\<lambda>_ _. False\\<rbrace>",
        "step_time": 0.0056264400482177734
    },
    {
        "index": 33,
        "step": "using handleE'_wp[rotated]",
        "output": "",
        "raw_output": "proof (prove)\nusing this:\n\\<lbrakk>\\<lbrace>?P\\<rbrace> ?f \\<lbrace>?Q\\<rbrace>, \\<lbrace>?F\\<rbrace>; \\<And>x. \\<lbrace>?F x\\<rbrace> ?handler x \\<lbrace>?Q\\<rbrace>, \\<lbrace>?E\\<rbrace>\\<rbrakk> \\<Longrightarrow> \\<lbrace>?P\\<rbrace> ?f <handle2> ?handler \\<lbrace>?Q\\<rbrace>, \\<lbrace>?E\\<rbrace>\n\ngoal (1 subgoal):\n 1. \\<lbrace>\\<lambda>_. True\\<rbrace> L \\<lbrace>\\<lambda>_ _. True\\<rbrace>, \\<lbrace>\\<lambda>_ _. False\\<rbrace> \\<Longrightarrow> \\<lbrace>\\<lambda>_. True\\<rbrace> L <handle2> R \\<lbrace>\\<lambda>_ _. True\\<rbrace>, \\<lbrace>\\<lambda>_ _. False\\<rbrace>",
        "step_time": 0.006590604782104492
    },
    {
        "index": 34,
        "step": "by fastforce",
        "output": "",
        "raw_output": "",
        "step_time": 0.025637149810791016
    },
    {
        "index": 35,
        "step": "lemma handleE'_nothrow_rhs:\n  \"\\<lbrakk> \\<And>x. no_throw \\<top> (R x) \\<rbrakk> \\<Longrightarrow> no_throw \\<top> (L <handle2> R)\"",
        "output": "",
        "raw_output": "proof (prove)\ngoal (1 subgoal):\n 1. (\\<And>x. no_throw (\\<lambda>_. True) (R x)) \\<Longrightarrow> no_throw (\\<lambda>_. True) (L <handle2> R)",
        "step_time": 0.009773492813110352
    },
    {
        "index": 36,
        "step": "unfolding no_throw_def",
        "output": "",
        "raw_output": "proof (prove)\ngoal (1 subgoal):\n 1. (\\<And>x. \\<lbrace>\\<lambda>_. True\\<rbrace> R x \\<lbrace>\\<lambda>_ _. True\\<rbrace>, \\<lbrace>\\<lambda>_ _. False\\<rbrace>) \\<Longrightarrow> \\<lbrace>\\<lambda>_. True\\<rbrace> L <handle2> R \\<lbrace>\\<lambda>_ _. True\\<rbrace>, \\<lbrace>\\<lambda>_ _. False\\<rbrace>",
        "step_time": 0.006721019744873047
    },
    {
        "index": 37,
        "step": "by (metis hoareE_TrueI no_throw_def no_throw_handle2)",
        "output": "",
        "raw_output": "",
        "step_time": 0.029891014099121094
    },
    {
        "index": 38,
        "step": "lemma handleE_nothrow_lhs:\n  \"no_throw \\<top> L \\<Longrightarrow> no_throw \\<top> (L <handle> R)\"",
        "output": "",
        "raw_output": "proof (prove)\ngoal (1 subgoal):\n 1. no_throw (\\<lambda>_. True) L \\<Longrightarrow> no_throw (\\<lambda>_. True) (L <handle> R)",
        "step_time": 0.009456396102905273
    },
    {
        "index": 39,
        "step": "by (metis handleE'_nothrow_lhs handleE_def)",
        "output": "",
        "raw_output": "",
        "step_time": 0.02681422233581543
    },
    {
        "index": 40,
        "step": "lemma handleE_nothrow_rhs:\n  \"\\<lbrakk> \\<And>x. no_throw \\<top> (R x) \\<rbrakk> \\<Longrightarrow> no_throw \\<top> (L <handle> R)\"",
        "output": "",
        "raw_output": "proof (prove)\ngoal (1 subgoal):\n 1. (\\<And>x. no_throw (\\<lambda>_. True) (R x)) \\<Longrightarrow> no_throw (\\<lambda>_. True) (L <handle> R)",
        "step_time": 0.008820772171020508
    },
    {
        "index": 41,
        "step": "by (metis no_throw_handleE_simple)",
        "output": "",
        "raw_output": "",
        "step_time": 0.02347421646118164
    },
    {
        "index": 42,
        "step": "lemma condition_nothrow:\n  \"\\<lbrakk> no_throw \\<top> L; no_throw \\<top> R \\<rbrakk> \\<Longrightarrow> no_throw \\<top> (condition C L R)\"",
        "output": "",
        "raw_output": "proof (prove)\ngoal (1 subgoal):\n 1. \\<lbrakk>no_throw (\\<lambda>_. True) L; no_throw (\\<lambda>_. True) R\\<rbrakk> \\<Longrightarrow> no_throw (\\<lambda>_. True) condition C\n  L\n  R",
        "step_time": 0.011051177978515625
    },
    {
        "index": 43,
        "step": "by (clarsimp simp: condition_def no_throw_def validE_def2)",
        "output": "",
        "raw_output": "",
        "step_time": 0.02679443359375
    },
    {
        "index": 44,
        "step": "lemma no_throw_Inr:\n  \"\\<lbrakk> x \\<in> mres (A s); no_throw P A; P s \\<rbrakk> \\<Longrightarrow> \\<exists>y. fst x = Inr y\"",
        "output": "",
        "raw_output": "proof (prove)\ngoal (1 subgoal):\n 1. \\<lbrakk>x \\<in> mres (A s); no_throw P A; P s\\<rbrakk> \\<Longrightarrow> \\<exists>y. fst x = Inr y",
        "step_time": 0.008809089660644531
    },
    {
        "index": 45,
        "step": "by (fastforce simp: no_throw_def' split: sum.splits)",
        "output": "",
        "raw_output": "",
        "step_time": 0.017454147338867188
    },
    {
        "index": 46,
        "step": "lemma mres_parallel:\n  \"x \\<in> mres (parallel f g s) \\<Longrightarrow> x \\<in> mres (f s) \\<and> x \\<in> mres (g s)\"",
        "output": "",
        "raw_output": "proof (prove)\ngoal (1 subgoal):\n 1. x \\<in> mres (parallel f g s) \\<Longrightarrow> x \\<in> mres (f s) \\<and> x \\<in> mres (g s)",
        "step_time": 0.01165628433227539
    },
    {
        "index": 47,
        "step": "unfolding parallel_def2 mres_def",
        "output": "",
        "raw_output": "proof (prove)\ngoal (1 subgoal):\n 1. x \\<in> Result -` snd ` {(xs, rv). \\<exists>ys zs. (ys, rv) \\<in> f s \\<and> (zs, rv) \\<in> g s \\<and> list_all2 (\\<lambda>y z. (fst y = Env \\<or> fst z = Env) \\<and> snd y = snd z) ys zs \\<and> xs = map2 (\\<lambda>(idn, s) (idn', uu_). (if idn = Env then idn' else idn, s)) ys zs} \\<Longrightarrow> x \\<in> Result -` snd ` f s \\<and> x \\<in> Result -` snd ` g s",
        "step_time": 0.010574579238891602
    },
    {
        "index": 48,
        "step": "apply (clarsimp simp: image_def)",
        "output": "",
        "raw_output": "proof (prove)\ngoal (1 subgoal):\n 1. \\<And>ys zs. \\<lbrakk>(ys, Result x) \\<in> f s; (zs, Result x) \\<in> g s; list_all2 (\\<lambda>y z. (fst y = Env \\<or> fst z = Env) \\<and> snd y = snd z) ys zs\\<rbrakk> \\<Longrightarrow> (\\<exists>xa\\<in>f s. Result x = snd xa) \\<and> (\\<exists>xa\\<in>g s. Result x = snd xa)",
        "step_time": 0.03966236114501953
    },
    {
        "index": 49,
        "step": "apply (auto intro!: bexI)",
        "output": "",
        "raw_output": "proof (prove)\ngoal:\nNo subgoals!",
        "step_time": 0.018810033798217773
    },
    {
        "index": 50,
        "step": "done",
        "output": "",
        "raw_output": "",
        "step_time": 0.006693124771118164
    },
    {
        "index": 51,
        "step": "lemma no_throw_parallel:\n  \"\\<lbrakk> no_throw P f \\<or> no_throw Q g \\<rbrakk> \\<Longrightarrow> no_throw (P and Q) (parallel f g)\"",
        "output": "",
        "raw_output": "proof (prove)\ngoal (1 subgoal):\n 1. no_throw P f \\<or> no_throw Q g \\<Longrightarrow> no_throw (P and Q) (parallel f g)",
        "step_time": 0.011355400085449219
    },
    {
        "index": 52,
        "step": "unfolding no_throw_def'",
        "output": "",
        "raw_output": "proof (prove)\ngoal (1 subgoal):\n 1. (\\<forall>s. P s \\<longrightarrow> (\\<forall>(r, t)\\<in>mres (f s). \\<exists>x. r = Inr x)) \\<or> (\\<forall>s. Q s \\<longrightarrow> (\\<forall>(r, t)\\<in>mres (g s). \\<exists>x. r = Inr x)) \\<Longrightarrow> \\<forall>s. (P and Q) s \\<longrightarrow> (\\<forall>(r, t)\\<in>mres (parallel f g s). \\<exists>x. r = Inr x)",
        "step_time": 0.00787210464477539
    },
    {
        "index": 53,
        "step": "apply (auto dest!: mres_parallel)",
        "output": "",
        "raw_output": "proof (prove)\ngoal:\nNo subgoals!",
        "step_time": 0.028028011322021484
    },
    {
        "index": 54,
        "step": "done",
        "output": "",
        "raw_output": "",
        "step_time": 0.0065424442291259766
    },
    {
        "index": 55,
        "step": "end",
        "output": "",
        "raw_output": "",
        "step_time": 0.005889177322387695
    }
]