[
    {
        "index": 0,
        "step": "(*\n * Copyright 2023, Proofcraft Pty Ltd\n * Copyright 2020, Data61, CSIRO (ABN 41 687 119 230)\n *\n * SPDX-License-Identifier: BSD-2-Clause\n *)\n\n",
        "output": "",
        "raw_output": "",
        "step_time": 0.004374980926513672
    },
    {
        "index": 1,
        "step": "theory Trace_Empty_Fail\n  imports\n    Trace_Monad\n    WPSimp\nbegin",
        "output": "",
        "raw_output": "",
        "step_time": 0.00397038459777832
    },
    {
        "index": 2,
        "step": "section \\<open>Monads that are wellformed w.r.t. failure\\<close>",
        "output": "",
        "raw_output": "",
        "step_time": 0.0034284591674804688
    },
    {
        "index": 3,
        "step": "text \\<open>\n  Usually, well-formed monads constructed from the primitives in @{text Trace_Monad} will have the\n  following property: if they return an empty set of completed results, there exists a trace\n  corresponding to a failed result.\\<close>",
        "output": "",
        "raw_output": "",
        "step_time": 0.004342079162597656
    },
    {
        "index": 4,
        "step": "definition empty_fail :: \"('s,'a) tmonad \\<Rightarrow> bool\" where\n  \"empty_fail m \\<equiv> \\<forall>s. mres (m s) = {} \\<longrightarrow> failed (m s)\"",
        "output": "",
        "raw_output": "",
        "step_time": 0.07393813133239746
    },
    {
        "index": 5,
        "step": "text \\<open>Useful in forcing otherwise unknown executions to have the @{const empty_fail} property.\\<close>",
        "output": "",
        "raw_output": "",
        "step_time": 0.004513263702392578
    },
    {
        "index": 6,
        "step": "definition mk_ef ::\n  \"((tmid \\<times> 's) list \\<times> ('s, 'a) tmres) set \\<Rightarrow> ((tmid \\<times> 's) list \\<times> ('s, 'a) tmres) set\" where\n  \"mk_ef S \\<equiv> if mres S = {} then S \\<union> {([], Failed)} else S\"",
        "output": "",
        "raw_output": "",
        "step_time": 0.018073320388793945
    },
    {
        "index": 7,
        "step": "subsection \\<open>WPC setup\\<close>",
        "output": "",
        "raw_output": "",
        "step_time": 0.004030466079711914
    },
    {
        "index": 8,
        "step": "lemma wpc_helper_empty_fail_final:\n  \"empty_fail f \\<Longrightarrow> wpc_helper (P, P', P'') (Q, Q', Q'') (empty_fail f)\"",
        "output": "",
        "raw_output": "proof (prove)\ngoal (1 subgoal):\n 1. empty_fail f \\<Longrightarrow> wpc_helper (P, P', P'') (Q, Q', Q'') (empty_fail f)",
        "step_time": 0.009678840637207031
    },
    {
        "index": 9,
        "step": "by (clarsimp simp: wpc_helper_def)",
        "output": "",
        "raw_output": "",
        "step_time": 0.015680313110351562
    },
    {
        "index": 10,
        "step": "wpc_setup \"\\<lambda>m. empty_fail m\" wpc_helper_empty_fail_final",
        "output": "",
        "raw_output": "",
        "step_time": 0.0060100555419921875
    },
    {
        "index": 11,
        "step": "subsection \\<open>@{const empty_fail} intro/dest rules\\<close>",
        "output": "",
        "raw_output": "",
        "step_time": 0.004820346832275391
    },
    {
        "index": 12,
        "step": "lemma empty_failI:\n  \"(\\<And>s. mres (m s) = {} \\<Longrightarrow> failed (m s)) \\<Longrightarrow> empty_fail m\"",
        "output": "",
        "raw_output": "proof (prove)\ngoal (1 subgoal):\n 1. (\\<And>s. mres (m s) = {} \\<Longrightarrow> failed (m s)) \\<Longrightarrow> empty_fail m",
        "step_time": 0.009773015975952148
    },
    {
        "index": 13,
        "step": "by (simp add: empty_fail_def)",
        "output": "",
        "raw_output": "",
        "step_time": 0.00838017463684082
    },
    {
        "index": 14,
        "step": "lemma empty_failD:\n  \"\\<lbrakk> empty_fail m; mres (m s) = {} \\<rbrakk> \\<Longrightarrow> failed (m s)\"",
        "output": "",
        "raw_output": "proof (prove)\ngoal (1 subgoal):\n 1. \\<lbrakk>empty_fail m; mres (m s) = {}\\<rbrakk> \\<Longrightarrow> failed (m s)",
        "step_time": 0.009368419647216797
    },
    {
        "index": 15,
        "step": "by (simp add: empty_fail_def)",
        "output": "",
        "raw_output": "",
        "step_time": 0.0071599483489990234
    },
    {
        "index": 16,
        "step": "lemma empty_fail_not_snd:\n  \"\\<lbrakk> \\<not> failed (m s); empty_fail m \\<rbrakk> \\<Longrightarrow> \\<exists>v. v \\<in> mres (m s)\"",
        "output": "",
        "raw_output": "proof (prove)\ngoal (1 subgoal):\n 1. \\<lbrakk>\\<not> failed (m s); empty_fail m\\<rbrakk> \\<Longrightarrow> \\<exists>v. v \\<in> mres (m s)",
        "step_time": 0.01033163070678711
    },
    {
        "index": 17,
        "step": "by (fastforce simp: empty_fail_def)",
        "output": "",
        "raw_output": "",
        "step_time": 0.02115345001220703
    },
    {
        "index": 18,
        "step": "lemmas empty_failD2 = empty_fail_not_snd[rotated]",
        "output": "",
        "raw_output": "",
        "step_time": 0.005209684371948242
    },
    {
        "index": 19,
        "step": "lemma empty_failD3:\n  \"\\<lbrakk> empty_fail f; \\<not> failed (f s) \\<rbrakk> \\<Longrightarrow> mres (f s) \\<noteq> {}\"",
        "output": "",
        "raw_output": "proof (prove)\ngoal (1 subgoal):\n 1. \\<lbrakk>empty_fail f; \\<not> failed (f s)\\<rbrakk> \\<Longrightarrow> mres (f s) \\<noteq> {}",
        "step_time": 0.007645845413208008
    },
    {
        "index": 20,
        "step": "by (drule(1) empty_failD2, clarsimp)",
        "output": "",
        "raw_output": "",
        "step_time": 0.009605169296264648
    },
    {
        "index": 21,
        "step": "lemma empty_fail_bindD1:\n  \"empty_fail (a >>= b) \\<Longrightarrow> empty_fail a\"",
        "output": "",
        "raw_output": "proof (prove)\ngoal (1 subgoal):\n 1. empty_fail (a >>= b) \\<Longrightarrow> empty_fail a",
        "step_time": 0.0077440738677978516
    },
    {
        "index": 22,
        "step": "unfolding empty_fail_def bind_def",
        "output": "",
        "raw_output": "proof (prove)\ngoal (1 subgoal):\n 1. \\<forall>s. mres (\\<Union>(xs, y)\\<in>a s. case_tmres {(xs, Failed)} {(xs, Incomplete)} (\\<lambda>(rv, s). (\\<lambda>(a, y). (a @ xs, y)) ` b rv s) y) = {} \\<longrightarrow> failed (\\<Union>(xs, y)\\<in>a s. case_tmres {(xs, Failed)} {(xs, Incomplete)} (\\<lambda>(rv, s). (\\<lambda>(a, y). (a @ xs, y)) ` b rv s) y) \\<Longrightarrow> \\<forall>s. mres (a s) = {} \\<longrightarrow> failed (a s)",
        "step_time": 0.010040283203125
    },
    {
        "index": 23,
        "step": "apply (erule all_reg[rotated])",
        "output": "",
        "raw_output": "proof (prove)\ngoal (1 subgoal):\n 1. \\<forall>x. (mres (\\<Union>(xs, y)\\<in>a x. case_tmres {(xs, Failed)} {(xs, Incomplete)} (\\<lambda>(rv, s). (\\<lambda>(a, y). (a @ xs, y)) ` b rv s) y) = {} \\<longrightarrow> failed (\\<Union>(xs, y)\\<in>a x. case_tmres {(xs, Failed)} {(xs, Incomplete)} (\\<lambda>(rv, s). (\\<lambda>(a, y). (a @ xs, y)) ` b rv s) y)) \\<longrightarrow> mres (a x) = {} \\<longrightarrow> failed (a x)",
        "step_time": 0.00914907455444336
    },
    {
        "index": 24,
        "step": "by (force simp: split_def mres_def vimage_def failed_def split: tmres.splits)",
        "output": "",
        "raw_output": "",
        "step_time": 2.5336642265319824
    },
    {
        "index": 25,
        "step": "subsection \\<open>Wellformed monads\\<close>",
        "output": "",
        "raw_output": "",
        "step_time": 0.006357669830322266
    },
    {
        "index": 26,
        "step": "\n\n(*\n  Collect generic empty_fail lemmas here:\n   - naming convention is empty_fail_NAME.\n   - add lemmas with assumptions to [empty_fail_cond] set\n   - add lemmas without assumption to [empty_fail_term] set\n*)\n\n",
        "output": "",
        "raw_output": "",
        "step_time": 0.005738019943237305
    },
    {
        "index": 27,
        "step": "named_theorems empty_fail_term",
        "output": "",
        "raw_output": "",
        "step_time": 0.13076376914978027
    },
    {
        "index": 28,
        "step": "named_theorems empty_fail_cond",
        "output": "",
        "raw_output": "",
        "step_time": 0.15494370460510254
    },
    {
        "index": 29,
        "step": "lemma empty_fail_K_bind[empty_fail_cond]:\n  \"empty_fail f \\<Longrightarrow> empty_fail (K_bind f x)\"",
        "output": "",
        "raw_output": "proof (prove)\ngoal (1 subgoal):\n 1. empty_fail f \\<Longrightarrow> empty_fail (K_bind f x)",
        "step_time": 0.010014772415161133
    },
    {
        "index": 30,
        "step": "by simp",
        "output": "",
        "raw_output": "",
        "step_time": 0.00769805908203125
    },
    {
        "index": 31,
        "step": "lemma empty_fail_fun_app[empty_fail_cond]:\n  \"empty_fail (f x) \\<Longrightarrow> empty_fail (f $ x)\"",
        "output": "",
        "raw_output": "proof (prove)\ngoal (1 subgoal):\n 1. empty_fail (f x) \\<Longrightarrow> empty_fail (f $ x)",
        "step_time": 0.007726192474365234
    },
    {
        "index": 32,
        "step": "by simp",
        "output": "",
        "raw_output": "",
        "step_time": 0.007399797439575195
    },
    {
        "index": 33,
        "step": "\n\n(* empty_fail as such does not need context, but empty_fail_select_f does, so we need to build\n   up context in other rules *)\n",
        "output": "",
        "raw_output": "",
        "step_time": 0.005418539047241211
    },
    {
        "index": 34,
        "step": "lemma empty_fail_If[empty_fail_cond]:\n  \"\\<lbrakk> P \\<Longrightarrow> empty_fail f; \\<not>P \\<Longrightarrow> empty_fail g \\<rbrakk> \\<Longrightarrow> empty_fail (if P then f else g)\"",
        "output": "",
        "raw_output": "proof (prove)\ngoal (1 subgoal):\n 1. \\<lbrakk>P \\<Longrightarrow> empty_fail f; \\<not> P \\<Longrightarrow> empty_fail g\\<rbrakk> \\<Longrightarrow> empty_fail (if P then f else g)",
        "step_time": 0.00987100601196289
    },
    {
        "index": 35,
        "step": "by (simp split: if_split)",
        "output": "",
        "raw_output": "",
        "step_time": 0.009374380111694336
    },
    {
        "index": 36,
        "step": "lemma empty_fail_If_applied[empty_fail_cond]:\n  \"\\<lbrakk> P \\<Longrightarrow> empty_fail (f x); \\<not>P \\<Longrightarrow> empty_fail (g x) \\<rbrakk> \\<Longrightarrow> empty_fail ((if P then f else g) x)\"",
        "output": "",
        "raw_output": "proof (prove)\ngoal (1 subgoal):\n 1. \\<lbrakk>P \\<Longrightarrow> empty_fail (f x); \\<not> P \\<Longrightarrow> empty_fail (g x)\\<rbrakk> \\<Longrightarrow> empty_fail ((if P then f else g) x)",
        "step_time": 0.009993314743041992
    },
    {
        "index": 37,
        "step": "by simp",
        "output": "",
        "raw_output": "",
        "step_time": 0.008700132369995117
    },
    {
        "index": 38,
        "step": "lemma empty_fail_put[empty_fail_term]:\n  \"empty_fail (put f)\"",
        "output": "",
        "raw_output": "proof (prove)\ngoal (1 subgoal):\n 1. empty_fail (put f)",
        "step_time": 0.00548100471496582
    },
    {
        "index": 39,
        "step": "by (simp add: put_def empty_fail_def mres_def vimage_def)",
        "output": "",
        "raw_output": "",
        "step_time": 0.011757850646972656
    },
    {
        "index": 40,
        "step": "lemma empty_fail_modify[empty_fail_term]:\n  \"empty_fail (modify f)\"",
        "output": "",
        "raw_output": "proof (prove)\ngoal (1 subgoal):\n 1. empty_fail (modify f)",
        "step_time": 0.00609898567199707
    },
    {
        "index": 41,
        "step": "by (simp add: empty_fail_def simpler_modify_def mres_def vimage_def)",
        "output": "",
        "raw_output": "",
        "step_time": 0.009762048721313477
    },
    {
        "index": 42,
        "step": "lemma empty_fail_gets[empty_fail_term]:\n  \"empty_fail (gets f)\"",
        "output": "",
        "raw_output": "proof (prove)\ngoal (1 subgoal):\n 1. empty_fail (gets f)",
        "step_time": 0.006036281585693359
    },
    {
        "index": 43,
        "step": "by (simp add: empty_fail_def simpler_gets_def mres_def vimage_def)",
        "output": "",
        "raw_output": "",
        "step_time": 0.010973453521728516
    },
    {
        "index": 44,
        "step": "lemma empty_fail_select[empty_fail_cond]:\n  \"S \\<noteq> {} \\<Longrightarrow> empty_fail (select S)\"",
        "output": "",
        "raw_output": "proof (prove)\ngoal (1 subgoal):\n 1. S \\<noteq> {} \\<Longrightarrow> empty_fail (select S)",
        "step_time": 0.0069122314453125
    },
    {
        "index": 45,
        "step": "by (simp add: empty_fail_def select_def mres_def image_def)",
        "output": "",
        "raw_output": "",
        "step_time": 0.06349682807922363
    },
    {
        "index": 46,
        "step": "lemma mres_bind_empty:\n  \"mres ((f >>= g) s) = {}\n   \\<Longrightarrow> mres (f s) = {} \\<or> (\\<forall>res\\<in>mres (f s). mres (g (fst res) (snd res)) = {})\"",
        "output": "",
        "raw_output": "proof (prove)\ngoal (1 subgoal):\n 1. mres ((f >>= g) s) = {} \\<Longrightarrow> mres (f s) = {} \\<or> (\\<forall>res\\<in>mres (f s). mres (g (fst res) (snd res)) = {})",
        "step_time": 0.011718034744262695
    },
    {
        "index": 47,
        "step": "apply (clarsimp simp: bind_def mres_def split_def)",
        "output": "",
        "raw_output": "proof (prove)\ngoal (1 subgoal):\n 1. \\<And>a b aa. \\<lbrakk>Result -` snd ` (\\<Union>x\\<in>f s. case snd x of Failed \\<Rightarrow> {(fst x, Failed)} | Incomplete \\<Rightarrow> {(fst x, Incomplete)} | Result p \\<Rightarrow> (\\<lambda>xa. (fst xa @ fst x, snd xa)) ` g (fst p) (snd p)) = {}; Result -` snd ` f s \\<noteq> {}; (aa, Result (a, b)) \\<in> f s\\<rbrakk> \\<Longrightarrow> Result -` snd ` g a b = {}",
        "step_time": 0.06437921524047852
    },
    {
        "index": 48,
        "step": "apply (clarsimp simp: image_def)",
        "output": "",
        "raw_output": "proof (prove)\ngoal (1 subgoal):\n 1. \\<And>a b aa ab ba ac ad bc ae. \\<lbrakk>\\<forall>a b y. (\\<forall>x\\<in>f s. y \\<noteq> (case snd x of Failed \\<Rightarrow> {(fst x, Failed)} | Incomplete \\<Rightarrow> {(fst x, Incomplete)} | Result p \\<Rightarrow> (\\<lambda>xa. (fst xa @ fst x, snd xa)) ` g (fst p) (snd p))) \\<or> (\\<forall>x\\<in>y. Result (a, b) \\<noteq> snd x); (aa, Result (a, b)) \\<in> f s; (ac, Result (ab, ba)) \\<in> f s; (ae, Result (ad, bc)) \\<in> g a b\\<rbrakk> \\<Longrightarrow> False",
        "step_time": 0.057427167892456055
    },
    {
        "index": 49,
        "step": "apply fastforce",
        "output": "",
        "raw_output": "proof (prove)\ngoal:\nNo subgoals!",
        "step_time": 0.04743766784667969
    },
    {
        "index": 50,
        "step": "done",
        "output": "",
        "raw_output": "",
        "step_time": 0.007425069808959961
    },
    {
        "index": 51,
        "step": "lemma bind_failedI1:\n  \"failed (f s) \\<Longrightarrow> failed ((f >>= g) s)\"",
        "output": "",
        "raw_output": "proof (prove)\ngoal (1 subgoal):\n 1. failed (f s) \\<Longrightarrow> failed ((f >>= g) s)",
        "step_time": 0.009317159652709961
    },
    {
        "index": 52,
        "step": "by (force simp: bind_def vimage_def failed_def)",
        "output": "",
        "raw_output": "",
        "step_time": 0.17705798149108887
    },
    {
        "index": 53,
        "step": "lemma bind_failedI2:\n  \"\\<lbrakk>\\<forall>res\\<in>mres (f s). failed (g (fst res) (snd res)); mres (f s) \\<noteq> {}\\<rbrakk>\n   \\<Longrightarrow> failed ((f >>= g) s)\"",
        "output": "",
        "raw_output": "proof (prove)\ngoal (1 subgoal):\n 1. \\<lbrakk>\\<forall>res\\<in>mres (f s). failed (g (fst res) (snd res)); mres (f s) \\<noteq> {}\\<rbrakk> \\<Longrightarrow> failed ((f >>= g) s)",
        "step_time": 0.0808558464050293
    },
    {
        "index": 54,
        "step": "by (force simp: bind_def mres_def image_def split_def failed_def)",
        "output": "",
        "raw_output": "",
        "step_time": 1.0532326698303223
    },
    {
        "index": 55,
        "step": "lemma empty_fail_bind[empty_fail_cond]:\n  \"\\<lbrakk> empty_fail a; \\<And>x. empty_fail (b x) \\<rbrakk> \\<Longrightarrow> empty_fail (a >>= b)\"",
        "output": "",
        "raw_output": "proof (prove)\ngoal (1 subgoal):\n 1. \\<lbrakk>empty_fail a; \\<And>x. empty_fail (b x)\\<rbrakk> \\<Longrightarrow> empty_fail (a >>= b)",
        "step_time": 0.010629415512084961
    },
    {
        "index": 56,
        "step": "unfolding empty_fail_def",
        "output": "",
        "raw_output": "proof (prove)\ngoal (1 subgoal):\n 1. \\<lbrakk>\\<forall>s. mres (a s) = {} \\<longrightarrow> failed (a s); \\<And>x. \\<forall>s. mres (b x s) = {} \\<longrightarrow> failed (b x s)\\<rbrakk> \\<Longrightarrow> \\<forall>s. mres ((a >>= b) s) = {} \\<longrightarrow> failed ((a >>= b) s)",
        "step_time": 0.007292032241821289
    },
    {
        "index": 57,
        "step": "apply clarsimp",
        "output": "",
        "raw_output": "proof (prove)\ngoal (1 subgoal):\n 1. \\<And>s. \\<lbrakk>\\<forall>s. mres (a s) = {} \\<longrightarrow> failed (a s); \\<And>x. \\<forall>s. mres (b x s) = {} \\<longrightarrow> failed (b x s); mres ((a >>= b) s) = {}\\<rbrakk> \\<Longrightarrow> failed ((a >>= b) s)",
        "step_time": 0.011291027069091797
    },
    {
        "index": 58,
        "step": "apply (drule mres_bind_empty)",
        "output": "",
        "raw_output": "proof (prove)\ngoal (1 subgoal):\n 1. \\<And>s. \\<lbrakk>\\<forall>s. mres (a s) = {} \\<longrightarrow> failed (a s); \\<And>x. \\<forall>s. mres (b x s) = {} \\<longrightarrow> failed (b x s); mres (a s) = {} \\<or> (\\<forall>res\\<in>mres (a s). mres (b (fst res) (snd res)) = {})\\<rbrakk> \\<Longrightarrow> failed ((a >>= b) s)",
        "step_time": 0.006388425827026367
    },
    {
        "index": 59,
        "step": "apply (erule context_disjE)",
        "output": "",
        "raw_output": "proof (prove)\ngoal (2 subgoals):\n 1. \\<And>s. \\<lbrakk>\\<forall>s. mres (a s) = {} \\<longrightarrow> failed (a s); \\<And>x. \\<forall>s. mres (b x s) = {} \\<longrightarrow> failed (b x s); mres (a s) = {}\\<rbrakk> \\<Longrightarrow> failed ((a >>= b) s)\n 2. \\<And>s. \\<lbrakk>\\<forall>s. mres (a s) = {} \\<longrightarrow> failed (a s); \\<And>x. \\<forall>s. mres (b x s) = {} \\<longrightarrow> failed (b x s); mres (a s) \\<noteq> {}; \\<forall>res\\<in>mres (a s). mres (b (fst res) (snd res)) = {}\\<rbrakk> \\<Longrightarrow> failed ((a >>= b) s)",
        "step_time": 0.007375478744506836
    },
    {
        "index": 60,
        "step": "apply (fastforce intro: bind_failedI1)",
        "output": "",
        "raw_output": "proof (prove)\ngoal (1 subgoal):\n 1. \\<And>s. \\<lbrakk>\\<forall>s. mres (a s) = {} \\<longrightarrow> failed (a s); \\<And>x. \\<forall>s. mres (b x s) = {} \\<longrightarrow> failed (b x s); mres (a s) \\<noteq> {}; \\<forall>res\\<in>mres (a s). mres (b (fst res) (snd res)) = {}\\<rbrakk> \\<Longrightarrow> failed ((a >>= b) s)",
        "step_time": 0.012498617172241211
    },
    {
        "index": 61,
        "step": "apply (fastforce intro!: bind_failedI2)",
        "output": "",
        "raw_output": "proof (prove)\ngoal:\nNo subgoals!",
        "step_time": 0.017196178436279297
    },
    {
        "index": 62,
        "step": "done",
        "output": "",
        "raw_output": "",
        "step_time": 0.005126237869262695
    },
    {
        "index": 63,
        "step": "lemma empty_fail_return[empty_fail_term]:\n  \"empty_fail (return x)\"",
        "output": "",
        "raw_output": "proof (prove)\ngoal (1 subgoal):\n 1. empty_fail (return x)",
        "step_time": 0.005205631256103516
    },
    {
        "index": 64,
        "step": "by (simp add: empty_fail_def return_def mres_def vimage_def)",
        "output": "",
        "raw_output": "",
        "step_time": 0.010362386703491211
    },
    {
        "index": 65,
        "step": "lemma empty_fail_returnOk[empty_fail_term]:\n  \"empty_fail (returnOk v)\"",
        "output": "",
        "raw_output": "proof (prove)\ngoal (1 subgoal):\n 1. empty_fail (returnOk v)",
        "step_time": 0.005522012710571289
    },
    {
        "index": 66,
        "step": "by (fastforce simp: returnOk_def empty_fail_term)",
        "output": "",
        "raw_output": "",
        "step_time": 0.006127834320068359
    },
    {
        "index": 67,
        "step": "lemma empty_fail_throwError[empty_fail_term]:\n  \"empty_fail (throwError v)\"",
        "output": "",
        "raw_output": "proof (prove)\ngoal (1 subgoal):\n 1. empty_fail (throwError v)",
        "step_time": 0.006014108657836914
    },
    {
        "index": 68,
        "step": "by (fastforce simp: throwError_def empty_fail_term)",
        "output": "",
        "raw_output": "",
        "step_time": 0.006330013275146484
    },
    {
        "index": 69,
        "step": "lemma empty_fail_lift[empty_fail_cond]:\n  \"\\<lbrakk> \\<And>x. empty_fail (f x) \\<rbrakk> \\<Longrightarrow> empty_fail (lift f x)\"",
        "output": "",
        "raw_output": "proof (prove)\ngoal (1 subgoal):\n 1. (\\<And>x. empty_fail (f x)) \\<Longrightarrow> empty_fail (lift f x)",
        "step_time": 0.008112192153930664
    },
    {
        "index": 70,
        "step": "unfolding lift_def",
        "output": "",
        "raw_output": "proof (prove)\ngoal (1 subgoal):\n 1. (\\<And>x. empty_fail (f x)) \\<Longrightarrow> empty_fail (case x of Inl e \\<Rightarrow> throwError e | Inr v' \\<Rightarrow> f v')",
        "step_time": 0.005451202392578125
    },
    {
        "index": 71,
        "step": "by (auto simp: empty_fail_term split: sum.split)",
        "output": "",
        "raw_output": "",
        "step_time": 0.008274316787719727
    },
    {
        "index": 72,
        "step": "lemma empty_fail_liftE[empty_fail_cond]:\n  \"empty_fail f \\<Longrightarrow> empty_fail (liftE f)\"",
        "output": "",
        "raw_output": "proof (prove)\ngoal (1 subgoal):\n 1. empty_fail f \\<Longrightarrow> empty_fail (liftE f)",
        "step_time": 0.0057392120361328125
    },
    {
        "index": 73,
        "step": "by (simp add: liftE_def empty_fail_cond empty_fail_term)",
        "output": "",
        "raw_output": "",
        "step_time": 0.007978439331054688
    },
    {
        "index": 74,
        "step": "lemma empty_fail_bindE[empty_fail_cond]:\n  \"\\<lbrakk> empty_fail f; \\<And>rv. empty_fail (g rv) \\<rbrakk> \\<Longrightarrow> empty_fail (f >>=E g)\"",
        "output": "",
        "raw_output": "proof (prove)\ngoal (1 subgoal):\n 1. \\<lbrakk>empty_fail f; \\<And>rv. empty_fail (g rv)\\<rbrakk> \\<Longrightarrow> empty_fail (f >>=E g)",
        "step_time": 0.008838176727294922
    },
    {
        "index": 75,
        "step": "by (simp add: bindE_def empty_fail_cond)",
        "output": "",
        "raw_output": "",
        "step_time": 0.007104396820068359
    },
    {
        "index": 76,
        "step": "lemma empty_fail_mapM[empty_fail_cond]:\n  assumes m: \"\\<And>x. x \\<in> set xs \\<Longrightarrow> empty_fail (m x)\"\n  shows \"empty_fail (mapM m xs)\"",
        "output": "",
        "raw_output": "proof (prove)\ngoal (1 subgoal):\n 1. empty_fail (mapM m xs)",
        "step_time": 0.008855104446411133
    },
    {
        "index": 77,
        "step": "using m",
        "output": "",
        "raw_output": "proof (prove)\nusing this:\n?x \\<in> set xs \\<Longrightarrow> empty_fail (m ?x)\n\ngoal (1 subgoal):\n 1. empty_fail (mapM m xs)",
        "step_time": 0.004648685455322266
    },
    {
        "index": 78,
        "step": "proof (induct xs)",
        "output": "",
        "raw_output": "proof (state)\ngoal (2 subgoals):\n 1. (\\<And>x. x \\<in> set [] \\<Longrightarrow> empty_fail (m x)) \\<Longrightarrow> empty_fail (mapM m [])\n 2. \\<And>a xs. \\<lbrakk>(\\<And>x. x \\<in> set xs \\<Longrightarrow> empty_fail (m x)) \\<Longrightarrow> empty_fail (mapM m xs); \\<And>x. x \\<in> set (a # xs) \\<Longrightarrow> empty_fail (m x)\\<rbrakk> \\<Longrightarrow> empty_fail (mapM m (a # xs))",
        "step_time": 0.009558677673339844
    },
    {
        "index": 79,
        "step": "case Nil",
        "output": "",
        "raw_output": "proof (state)\nthis:\n?x \\<in> set [] \\<Longrightarrow> empty_fail (m ?x)\n\ngoal (2 subgoals):\n 1. (\\<And>x. x \\<in> set [] \\<Longrightarrow> empty_fail (m x)) \\<Longrightarrow> empty_fail (mapM m [])\n 2. \\<And>a xs. \\<lbrakk>(\\<And>x. x \\<in> set xs \\<Longrightarrow> empty_fail (m x)) \\<Longrightarrow> empty_fail (mapM m xs); \\<And>x. x \\<in> set (a # xs) \\<Longrightarrow> empty_fail (m x)\\<rbrakk> \\<Longrightarrow> empty_fail (mapM m (a # xs))",
        "step_time": 0.005833148956298828
    },
    {
        "index": 80,
        "step": "thus ?case",
        "output": "",
        "raw_output": "proof (prove)\nusing this:\n?x \\<in> set [] \\<Longrightarrow> empty_fail (m ?x)\n\ngoal (1 subgoal):\n 1. empty_fail (mapM m [])",
        "step_time": 0.006734609603881836
    },
    {
        "index": 81,
        "step": "by (simp add: mapM_def sequence_def empty_fail_term)",
        "output": "",
        "raw_output": "proof (state)\nthis:\nempty_fail (mapM m [])\n\ngoal (1 subgoal):\n 1. \\<And>a xs. \\<lbrakk>(\\<And>x. x \\<in> set xs \\<Longrightarrow> empty_fail (m x)) \\<Longrightarrow> empty_fail (mapM m xs); \\<And>x. x \\<in> set (a # xs) \\<Longrightarrow> empty_fail (m x)\\<rbrakk> \\<Longrightarrow> empty_fail (mapM m (a # xs))",
        "step_time": 0.009840726852416992
    },
    {
        "index": 82,
        "step": "next",
        "output": "",
        "raw_output": "proof (state)\ngoal (1 subgoal):\n 1. \\<And>a xs. \\<lbrakk>(\\<And>x. x \\<in> set xs \\<Longrightarrow> empty_fail (m x)) \\<Longrightarrow> empty_fail (mapM m xs); \\<And>x. x \\<in> set (a # xs) \\<Longrightarrow> empty_fail (m x)\\<rbrakk> \\<Longrightarrow> empty_fail (mapM m (a # xs))",
        "step_time": 0.0052297115325927734
    },
    {
        "index": 83,
        "step": "case Cons",
        "output": "",
        "raw_output": "proof (state)\nthis:\n(\\<And>x. x \\<in> set xs_ \\<Longrightarrow> empty_fail (m x)) \\<Longrightarrow> empty_fail (mapM m xs_)\n?x \\<in> set (a_ # xs_) \\<Longrightarrow> empty_fail (m ?x)\n\ngoal (1 subgoal):\n 1. \\<And>a xs. \\<lbrakk>(\\<And>x. x \\<in> set xs \\<Longrightarrow> empty_fail (m x)) \\<Longrightarrow> empty_fail (mapM m xs); \\<And>x. x \\<in> set (a # xs) \\<Longrightarrow> empty_fail (m x)\\<rbrakk> \\<Longrightarrow> empty_fail (mapM m (a # xs))",
        "step_time": 0.007565736770629883
    },
    {
        "index": 84,
        "step": "have P: \"\\<And>m x xs. mapM m (x # xs) = (do y \\<leftarrow> m x; ys \\<leftarrow> (mapM m xs); return (y # ys) od)\"",
        "output": "",
        "raw_output": "proof (prove)\ngoal (1 subgoal):\n 1. \\<And>m x xs. mapM m (x # xs) = do y <- m x;\nys <- mapM m xs;\nreturn (y # ys)\nod",
        "step_time": 0.01135873794555664
    },
    {
        "index": 85,
        "step": "by (simp add: mapM_def sequence_def Let_def)",
        "output": "",
        "raw_output": "proof (state)\nthis:\nmapM ?m (?x # ?xs) = do y <- ?m ?x;\nys <- mapM ?m ?xs;\nreturn (y # ys)\nod\n\ngoal (1 subgoal):\n 1. \\<And>a xs. \\<lbrakk>(\\<And>x. x \\<in> set xs \\<Longrightarrow> empty_fail (m x)) \\<Longrightarrow> empty_fail (mapM m xs); \\<And>x. x \\<in> set (a # xs) \\<Longrightarrow> empty_fail (m x)\\<rbrakk> \\<Longrightarrow> empty_fail (mapM m (a # xs))",
        "step_time": 0.010917901992797852
    },
    {
        "index": 86,
        "step": "from Cons",
        "output": "",
        "raw_output": "proof (chain)\npicking this:\n(\\<And>x. x \\<in> set xs_ \\<Longrightarrow> empty_fail (m x)) \\<Longrightarrow> empty_fail (mapM m xs_)\n?x \\<in> set (a_ # xs_) \\<Longrightarrow> empty_fail (m ?x)",
        "step_time": 0.0055658817291259766
    },
    {
        "index": 87,
        "step": "show ?case",
        "output": "",
        "raw_output": "proof (prove)\nusing this:\n(\\<And>x. x \\<in> set xs_ \\<Longrightarrow> empty_fail (m x)) \\<Longrightarrow> empty_fail (mapM m xs_)\n?x \\<in> set (a_ # xs_) \\<Longrightarrow> empty_fail (m ?x)\n\ngoal (1 subgoal):\n 1. empty_fail (mapM m (a_ # xs_))",
        "step_time": 0.007779598236083984
    },
    {
        "index": 88,
        "step": "by (simp add: P m empty_fail_cond empty_fail_term)",
        "output": "",
        "raw_output": "proof (state)\nthis:\nempty_fail (mapM m (a_ # xs_))\n\ngoal:\nNo subgoals!",
        "step_time": 0.01593613624572754
    },
    {
        "index": 89,
        "step": "qed",
        "output": "",
        "raw_output": "",
        "step_time": 0.005509138107299805
    },
    {
        "index": 90,
        "step": "lemma empty_fail_fail[empty_fail_term]:\n  \"empty_fail fail\"",
        "output": "",
        "raw_output": "proof (prove)\ngoal (1 subgoal):\n 1. empty_fail fail",
        "step_time": 0.005533456802368164
    },
    {
        "index": 91,
        "step": "by (simp add: fail_def empty_fail_def)",
        "output": "",
        "raw_output": "",
        "step_time": 0.006072998046875
    },
    {
        "index": 92,
        "step": "lemma empty_fail_assert[empty_fail_term]:\n  \"empty_fail (assert P)\"",
        "output": "",
        "raw_output": "proof (prove)\ngoal (1 subgoal):\n 1. empty_fail (assert P)",
        "step_time": 0.005675077438354492
    },
    {
        "index": 93,
        "step": "unfolding assert_def",
        "output": "",
        "raw_output": "proof (prove)\ngoal (1 subgoal):\n 1. empty_fail (if P then return () else fail)",
        "step_time": 0.004289865493774414
    },
    {
        "index": 94,
        "step": "by (simp add: empty_fail_term)",
        "output": "",
        "raw_output": "",
        "step_time": 0.006967782974243164
    },
    {
        "index": 95,
        "step": "lemma empty_fail_assert_opt[empty_fail_term]:\n  \"empty_fail (assert_opt x)\"",
        "output": "",
        "raw_output": "proof (prove)\ngoal (1 subgoal):\n 1. empty_fail (assert_opt x)",
        "step_time": 0.0056915283203125
    },
    {
        "index": 96,
        "step": "by (simp add: assert_opt_def empty_fail_term split: option.splits)",
        "output": "",
        "raw_output": "",
        "step_time": 0.008163690567016602
    },
    {
        "index": 97,
        "step": "lemma empty_fail_mk_ef[empty_fail_term]:\n  \"empty_fail (mk_ef o m)\"",
        "output": "",
        "raw_output": "proof (prove)\ngoal (1 subgoal):\n 1. empty_fail (mk_ef \\<circ> m)",
        "step_time": 0.006006479263305664
    },
    {
        "index": 98,
        "step": "by (simp add: empty_fail_def mk_ef_def failed_def)",
        "output": "",
        "raw_output": "",
        "step_time": 0.015734195709228516
    },
    {
        "index": 99,
        "step": "lemma empty_fail_gets_the[empty_fail_term]:\n  \"empty_fail (gets_the f)\"",
        "output": "",
        "raw_output": "proof (prove)\ngoal (1 subgoal):\n 1. empty_fail (gets_the f)",
        "step_time": 0.005494832992553711
    },
    {
        "index": 100,
        "step": "unfolding gets_the_def",
        "output": "",
        "raw_output": "proof (prove)\ngoal (1 subgoal):\n 1. empty_fail (gets f >>= assert_opt)",
        "step_time": 0.0038535594940185547
    },
    {
        "index": 101,
        "step": "by (simp add: empty_fail_cond empty_fail_term)",
        "output": "",
        "raw_output": "",
        "step_time": 0.008183717727661133
    },
    {
        "index": 102,
        "step": "lemma empty_fail_gets_map[empty_fail_term]:\n  \"empty_fail (gets_map f p)\"",
        "output": "",
        "raw_output": "proof (prove)\ngoal (1 subgoal):\n 1. empty_fail (gets_map f p)",
        "step_time": 0.005782604217529297
    },
    {
        "index": 103,
        "step": "unfolding gets_map_def",
        "output": "",
        "raw_output": "proof (prove)\ngoal (1 subgoal):\n 1. empty_fail (do m <- gets f;\nassert_opt (m p)\nod)",
        "step_time": 0.004688262939453125
    },
    {
        "index": 104,
        "step": "by (simp add: empty_fail_term empty_fail_cond)",
        "output": "",
        "raw_output": "",
        "step_time": 0.008260250091552734
    },
    {
        "index": 105,
        "step": "lemma empty_fail_whenEs[empty_fail_cond]:\n  \"(P \\<Longrightarrow> empty_fail f) \\<Longrightarrow> empty_fail (whenE P f)\"\n  \"(\\<not>P \\<Longrightarrow> empty_fail f) \\<Longrightarrow> empty_fail (unlessE P f)\"",
        "output": "",
        "raw_output": "proof (prove)\ngoal (1 subgoal):\n 1. ((P \\<Longrightarrow> empty_fail f) \\<Longrightarrow> empty_fail (whenE P f)) &&& ((\\<not> P \\<Longrightarrow> empty_fail f) \\<Longrightarrow> empty_fail (unlessE P f))",
        "step_time": 0.009605884552001953
    },
    {
        "index": 106,
        "step": "by (auto simp add: whenE_def unlessE_def empty_fail_term)",
        "output": "",
        "raw_output": "",
        "step_time": 0.009800195693969727
    },
    {
        "index": 107,
        "step": "lemma empty_fail_assertE[empty_fail_term]:\n  \"empty_fail (assertE P)\"",
        "output": "",
        "raw_output": "proof (prove)\ngoal (1 subgoal):\n 1. empty_fail (assertE P)",
        "step_time": 0.004927396774291992
    },
    {
        "index": 108,
        "step": "by (simp add: assertE_def empty_fail_term)",
        "output": "",
        "raw_output": "",
        "step_time": 0.007521390914916992
    },
    {
        "index": 109,
        "step": "lemma empty_fail_get[empty_fail_term]:\n  \"empty_fail get\"",
        "output": "",
        "raw_output": "proof (prove)\ngoal (1 subgoal):\n 1. empty_fail get",
        "step_time": 0.0046575069427490234
    },
    {
        "index": 110,
        "step": "by (simp add: empty_fail_def get_def mres_def vimage_def)",
        "output": "",
        "raw_output": "",
        "step_time": 0.008775711059570312
    },
    {
        "index": 111,
        "step": "lemma empty_fail_catch[empty_fail_cond]:\n  \"\\<lbrakk> empty_fail f; \\<And>x. empty_fail (g x) \\<rbrakk> \\<Longrightarrow> empty_fail (catch f g)\"",
        "output": "",
        "raw_output": "proof (prove)\ngoal (1 subgoal):\n 1. \\<lbrakk>empty_fail f; \\<And>x. empty_fail (g x)\\<rbrakk> \\<Longrightarrow> empty_fail (f <catch> g)",
        "step_time": 0.008249998092651367
    },
    {
        "index": 112,
        "step": "by (simp add: catch_def empty_fail_cond empty_fail_term split: sum.split)",
        "output": "",
        "raw_output": "",
        "step_time": 0.010272502899169922
    },
    {
        "index": 113,
        "step": "lemma empty_fail_guard[empty_fail_term]:\n  \"empty_fail (state_assert G)\"",
        "output": "",
        "raw_output": "proof (prove)\ngoal (1 subgoal):\n 1. empty_fail (state_assert G)",
        "step_time": 0.005579948425292969
    },
    {
        "index": 114,
        "step": "by (clarsimp simp: state_assert_def empty_fail_cond empty_fail_term)",
        "output": "",
        "raw_output": "",
        "step_time": 0.009316444396972656
    },
    {
        "index": 115,
        "step": "lemma empty_fail_spec[empty_fail_term]:\n  \"empty_fail (state_select F)\"",
        "output": "",
        "raw_output": "proof (prove)\ngoal (1 subgoal):\n 1. empty_fail (state_select F)",
        "step_time": 0.005160093307495117
    },
    {
        "index": 116,
        "step": "by (clarsimp simp: state_select_def empty_fail_def default_elem_def mres_def image_def failed_def)",
        "output": "",
        "raw_output": "",
        "step_time": 0.06686043739318848
    },
    {
        "index": 117,
        "step": "lemma empty_fail_when[empty_fail_cond]:\n  \"(P \\<Longrightarrow> empty_fail x) \\<Longrightarrow> empty_fail (when P x)\"",
        "output": "",
        "raw_output": "proof (prove)\ngoal (1 subgoal):\n 1. (P \\<Longrightarrow> empty_fail x) \\<Longrightarrow> empty_fail (when P x)",
        "step_time": 0.006212472915649414
    },
    {
        "index": 118,
        "step": "unfolding when_def",
        "output": "",
        "raw_output": "proof (prove)\ngoal (1 subgoal):\n 1. (P \\<Longrightarrow> empty_fail x) \\<Longrightarrow> empty_fail (if P then x else return ())",
        "step_time": 0.004613637924194336
    },
    {
        "index": 119,
        "step": "by (simp add: empty_fail_term)",
        "output": "",
        "raw_output": "",
        "step_time": 0.008620023727416992
    },
    {
        "index": 120,
        "step": "lemma empty_fail_unless[empty_fail_cond]:\n  \"(\\<not>P \\<Longrightarrow> empty_fail f) \\<Longrightarrow> empty_fail (unless P f)\"",
        "output": "",
        "raw_output": "proof (prove)\ngoal (1 subgoal):\n 1. (\\<not> P \\<Longrightarrow> empty_fail f) \\<Longrightarrow> empty_fail (unless P f)",
        "step_time": 0.0076446533203125
    },
    {
        "index": 121,
        "step": "unfolding unless_def",
        "output": "",
        "raw_output": "proof (prove)\ngoal (1 subgoal):\n 1. (\\<not> P \\<Longrightarrow> empty_fail f) \\<Longrightarrow> empty_fail (when (\\<not> P) f)",
        "step_time": 0.005171060562133789
    },
    {
        "index": 122,
        "step": "by (simp add: empty_fail_cond)",
        "output": "",
        "raw_output": "",
        "step_time": 0.008350372314453125
    },
    {
        "index": 123,
        "step": "lemma empty_fail_liftM[empty_fail_cond]:\n  \"empty_fail m \\<Longrightarrow> empty_fail (liftM f m)\"",
        "output": "",
        "raw_output": "proof (prove)\ngoal (1 subgoal):\n 1. empty_fail m \\<Longrightarrow> empty_fail (liftM f m)",
        "step_time": 0.0062372684478759766
    },
    {
        "index": 124,
        "step": "unfolding liftM_def",
        "output": "",
        "raw_output": "proof (prove)\ngoal (1 subgoal):\n 1. empty_fail m \\<Longrightarrow> empty_fail (do x <- m;\nreturn (f x)\nod)",
        "step_time": 0.005010128021240234
    },
    {
        "index": 125,
        "step": "by (fastforce simp: empty_fail_term empty_fail_cond)",
        "output": "",
        "raw_output": "",
        "step_time": 0.010035514831542969
    },
    {
        "index": 126,
        "step": "lemma empty_fail_liftME[empty_fail_cond]:\n  \"empty_fail m \\<Longrightarrow> empty_fail (liftME f m)\"",
        "output": "",
        "raw_output": "proof (prove)\ngoal (1 subgoal):\n 1. empty_fail m \\<Longrightarrow> empty_fail (liftME f m)",
        "step_time": 0.0072786808013916016
    },
    {
        "index": 127,
        "step": "unfolding liftME_def",
        "output": "",
        "raw_output": "proof (prove)\ngoal (1 subgoal):\n 1. empty_fail m \\<Longrightarrow> empty_fail (doE x <- m;\nreturnOk (f x)\nodE)",
        "step_time": 0.004297018051147461
    },
    {
        "index": 128,
        "step": "by (simp add: empty_fail_term empty_fail_cond)",
        "output": "",
        "raw_output": "",
        "step_time": 0.009852886199951172
    },
    {
        "index": 129,
        "step": "lemma empty_fail_handleE[empty_fail_cond]:\n  \"\\<lbrakk> empty_fail L; \\<And>r. empty_fail (R r) \\<rbrakk> \\<Longrightarrow> empty_fail (L <handle> R)\"",
        "output": "",
        "raw_output": "proof (prove)\ngoal (1 subgoal):\n 1. \\<lbrakk>empty_fail L; \\<And>r. empty_fail (R r)\\<rbrakk> \\<Longrightarrow> empty_fail (L <handle> R)",
        "step_time": 0.008584022521972656
    },
    {
        "index": 130,
        "step": "by (clarsimp simp: handleE_def handleE'_def empty_fail_term empty_fail_cond split: sum.splits)",
        "output": "",
        "raw_output": "",
        "step_time": 0.013838529586791992
    },
    {
        "index": 131,
        "step": "lemma empty_fail_handle'[empty_fail_cond]:\n  \"\\<lbrakk>empty_fail f; \\<And>e. empty_fail (handler e)\\<rbrakk> \\<Longrightarrow> empty_fail (f <handle2> handler)\"",
        "output": "",
        "raw_output": "proof (prove)\ngoal (1 subgoal):\n 1. \\<lbrakk>empty_fail f; \\<And>e. empty_fail (handler e)\\<rbrakk> \\<Longrightarrow> empty_fail (f <handle2> handler)",
        "step_time": 0.00729060173034668
    },
    {
        "index": 132,
        "step": "unfolding handleE'_def",
        "output": "",
        "raw_output": "proof (prove)\ngoal (1 subgoal):\n 1. \\<lbrakk>empty_fail f; \\<And>e. empty_fail (handler e)\\<rbrakk> \\<Longrightarrow> empty_fail (do v <- f;\ncase v of Inl e \\<Rightarrow> handler e | Inr v' \\<Rightarrow> return (Inr v')\nod)",
        "step_time": 0.005988359451293945
    },
    {
        "index": 133,
        "step": "by (fastforce simp: empty_fail_term empty_fail_cond split: sum.splits)",
        "output": "",
        "raw_output": "",
        "step_time": 0.015441656112670898
    },
    {
        "index": 134,
        "step": "lemma empty_fail_sequence[empty_fail_cond]:\n  \"(\\<And>m. m \\<in> set ms \\<Longrightarrow> empty_fail m) \\<Longrightarrow> empty_fail (sequence ms)\"",
        "output": "",
        "raw_output": "proof (prove)\ngoal (1 subgoal):\n 1. (\\<And>m. m \\<in> set ms \\<Longrightarrow> empty_fail m) \\<Longrightarrow> empty_fail (sequence ms)",
        "step_time": 0.008548974990844727
    },
    {
        "index": 135,
        "step": "unfolding sequence_def",
        "output": "",
        "raw_output": "proof (prove)\ngoal (1 subgoal):\n 1. (\\<And>m. m \\<in> set ms \\<Longrightarrow> empty_fail m) \\<Longrightarrow> empty_fail (let mcons = \\<lambda>p q. do x <- p;\ny <- q;\nreturn (x # y)\nod in foldr mcons ms (return []))",
        "step_time": 0.005894184112548828
    },
    {
        "index": 136,
        "step": "by (induct ms; simp add: empty_fail_term empty_fail_cond)",
        "output": "",
        "raw_output": "",
        "step_time": 0.023209810256958008
    },
    {
        "index": 137,
        "step": "lemma empty_fail_sequence_x[empty_fail_cond]:\n  \"(\\<And>m. m \\<in> set ms \\<Longrightarrow> empty_fail m) \\<Longrightarrow> empty_fail (sequence_x ms)\"",
        "output": "",
        "raw_output": "proof (prove)\ngoal (1 subgoal):\n 1. (\\<And>m. m \\<in> set ms \\<Longrightarrow> empty_fail m) \\<Longrightarrow> empty_fail (sequence_x ms)",
        "step_time": 0.009018421173095703
    },
    {
        "index": 138,
        "step": "unfolding sequence_x_def",
        "output": "",
        "raw_output": "proof (prove)\ngoal (1 subgoal):\n 1. (\\<And>m. m \\<in> set ms \\<Longrightarrow> empty_fail m) \\<Longrightarrow> empty_fail (foldr (\\<lambda>x y. do _ <- x;\ny\nod) ms (return ()))",
        "step_time": 0.005405902862548828
    },
    {
        "index": 139,
        "step": "by (induct ms; simp add: empty_fail_term empty_fail_cond)",
        "output": "",
        "raw_output": "",
        "step_time": 0.017378568649291992
    },
    {
        "index": 140,
        "step": "lemma empty_fail_sequenceE[empty_fail_cond]:\n  \"(\\<And>m. m \\<in> set ms \\<Longrightarrow> empty_fail m) \\<Longrightarrow> empty_fail (sequenceE ms)\"",
        "output": "",
        "raw_output": "proof (prove)\ngoal (1 subgoal):\n 1. (\\<And>m. m \\<in> set ms \\<Longrightarrow> empty_fail m) \\<Longrightarrow> empty_fail (sequenceE ms)",
        "step_time": 0.009132146835327148
    },
    {
        "index": 141,
        "step": "unfolding sequenceE_def",
        "output": "",
        "raw_output": "proof (prove)\ngoal (1 subgoal):\n 1. (\\<And>m. m \\<in> set ms \\<Longrightarrow> empty_fail m) \\<Longrightarrow> empty_fail (let mcons = \\<lambda>p q. doE x <- p;\ny <- q;\nreturnOk (x # y)\nodE in foldr mcons ms (returnOk []))",
        "step_time": 0.006054878234863281
    },
    {
        "index": 142,
        "step": "by (induct ms; simp add: empty_fail_term empty_fail_cond)",
        "output": "",
        "raw_output": "",
        "step_time": 0.024909496307373047
    },
    {
        "index": 143,
        "step": "lemma empty_fail_sequenceE_x[empty_fail_cond]:\n  \"(\\<And>m. m \\<in> set ms \\<Longrightarrow> empty_fail m) \\<Longrightarrow> empty_fail (sequenceE_x ms)\"",
        "output": "",
        "raw_output": "proof (prove)\ngoal (1 subgoal):\n 1. (\\<And>m. m \\<in> set ms \\<Longrightarrow> empty_fail m) \\<Longrightarrow> empty_fail (sequenceE_x ms)",
        "step_time": 0.008864402770996094
    },
    {
        "index": 144,
        "step": "unfolding sequenceE_x_def",
        "output": "",
        "raw_output": "proof (prove)\ngoal (1 subgoal):\n 1. (\\<And>m. m \\<in> set ms \\<Longrightarrow> empty_fail m) \\<Longrightarrow> empty_fail (foldr (\\<lambda>x y. doE _ <- x;\ny\nodE) ms (returnOk ()))",
        "step_time": 0.005578279495239258
    },
    {
        "index": 145,
        "step": "by (induct ms; simp add: empty_fail_term empty_fail_cond)",
        "output": "",
        "raw_output": "",
        "step_time": 0.019565343856811523
    },
    {
        "index": 146,
        "step": "lemma empty_fail_mapM_x[empty_fail_cond]:\n  \"(\\<And>m. m \\<in> f ` set ms \\<Longrightarrow> empty_fail m) \\<Longrightarrow> empty_fail (mapM_x f ms)\"",
        "output": "",
        "raw_output": "proof (prove)\ngoal (1 subgoal):\n 1. (\\<And>m. m \\<in> f ` set ms \\<Longrightarrow> empty_fail m) \\<Longrightarrow> empty_fail (mapM_x f ms)",
        "step_time": 0.009489297866821289
    },
    {
        "index": 147,
        "step": "unfolding mapM_x_def",
        "output": "",
        "raw_output": "proof (prove)\ngoal (1 subgoal):\n 1. (\\<And>m. m \\<in> f ` set ms \\<Longrightarrow> empty_fail m) \\<Longrightarrow> empty_fail (sequence_x (map f ms))",
        "step_time": 0.005211830139160156
    },
    {
        "index": 148,
        "step": "by (fastforce intro: empty_fail_term empty_fail_cond)",
        "output": "",
        "raw_output": "",
        "step_time": 0.022864818572998047
    },
    {
        "index": 149,
        "step": "lemma empty_fail_mapME[empty_fail_cond]:\n  \"(\\<And>m. m \\<in> f ` set xs \\<Longrightarrow> empty_fail m) \\<Longrightarrow> empty_fail (mapME f xs)\"",
        "output": "",
        "raw_output": "proof (prove)\ngoal (1 subgoal):\n 1. (\\<And>m. m \\<in> f ` set xs \\<Longrightarrow> empty_fail m) \\<Longrightarrow> empty_fail (mapME f xs)",
        "step_time": 0.01007843017578125
    },
    {
        "index": 150,
        "step": "unfolding mapME_def",
        "output": "",
        "raw_output": "proof (prove)\ngoal (1 subgoal):\n 1. (\\<And>m. m \\<in> f ` set xs \\<Longrightarrow> empty_fail m) \\<Longrightarrow> empty_fail (sequenceE (map f xs))",
        "step_time": 0.004899024963378906
    },
    {
        "index": 151,
        "step": "by (fastforce intro: empty_fail_term empty_fail_cond)",
        "output": "",
        "raw_output": "",
        "step_time": 0.025933504104614258
    },
    {
        "index": 152,
        "step": "lemma empty_fail_mapME_x[empty_fail_cond]:\n  \"(\\<And>m'. m' \\<in> f ` set xs \\<Longrightarrow> empty_fail m') \\<Longrightarrow> empty_fail (mapME_x f xs)\"",
        "output": "",
        "raw_output": "proof (prove)\ngoal (1 subgoal):\n 1. (\\<And>m'. m' \\<in> f ` set xs \\<Longrightarrow> empty_fail m') \\<Longrightarrow> empty_fail (mapME_x f xs)",
        "step_time": 0.010026931762695312
    },
    {
        "index": 153,
        "step": "unfolding mapME_x_def",
        "output": "",
        "raw_output": "proof (prove)\ngoal (1 subgoal):\n 1. (\\<And>m'. m' \\<in> f ` set xs \\<Longrightarrow> empty_fail m') \\<Longrightarrow> empty_fail (sequenceE_x (map f xs))",
        "step_time": 0.005111217498779297
    },
    {
        "index": 154,
        "step": "by (fastforce intro: empty_fail_term empty_fail_cond)",
        "output": "",
        "raw_output": "",
        "step_time": 0.024912595748901367
    },
    {
        "index": 155,
        "step": "lemma empty_fail_filterM[empty_fail_cond]:\n  \"(\\<And>m. m \\<in> set ms \\<Longrightarrow> empty_fail (P m)) \\<Longrightarrow> empty_fail (filterM P ms)\"",
        "output": "",
        "raw_output": "proof (prove)\ngoal (1 subgoal):\n 1. (\\<And>m. m \\<in> set ms \\<Longrightarrow> empty_fail (P m)) \\<Longrightarrow> empty_fail (filterM P ms)",
        "step_time": 0.00872945785522461
    },
    {
        "index": 156,
        "step": "by (induct ms; simp add: empty_fail_term empty_fail_cond)",
        "output": "",
        "raw_output": "",
        "step_time": 0.016837596893310547
    },
    {
        "index": 157,
        "step": "lemma empty_fail_zipWithM_x[empty_fail_cond]:\n  \"(\\<And>x y. empty_fail (f x y)) \\<Longrightarrow> empty_fail (zipWithM_x f xs ys)\"",
        "output": "",
        "raw_output": "proof (prove)\ngoal (1 subgoal):\n 1. (\\<And>x y. empty_fail (f x y)) \\<Longrightarrow> empty_fail (zipWithM_x f xs ys)",
        "step_time": 0.0074536800384521484
    },
    {
        "index": 158,
        "step": "unfolding zipWithM_x_def zipWith_def",
        "output": "",
        "raw_output": "proof (prove)\ngoal (1 subgoal):\n 1. (\\<And>x y. empty_fail (f x y)) \\<Longrightarrow> empty_fail (sequence_x (map2 f xs ys))",
        "step_time": 0.00563359260559082
    },
    {
        "index": 159,
        "step": "by (fastforce intro: empty_fail_term empty_fail_cond)",
        "output": "",
        "raw_output": "",
        "step_time": 0.022160768508911133
    },
    {
        "index": 160,
        "step": "lemma empty_fail_zipWithM[empty_fail_cond]:\n  \"(\\<And>x y. empty_fail (f x y)) \\<Longrightarrow> empty_fail (zipWithM f xs ys)\"",
        "output": "",
        "raw_output": "proof (prove)\ngoal (1 subgoal):\n 1. (\\<And>x y. empty_fail (f x y)) \\<Longrightarrow> empty_fail (zipWithM f xs ys)",
        "step_time": 0.00852203369140625
    },
    {
        "index": 161,
        "step": "unfolding zipWithM_def zipWith_def",
        "output": "",
        "raw_output": "proof (prove)\ngoal (1 subgoal):\n 1. (\\<And>x y. empty_fail (f x y)) \\<Longrightarrow> empty_fail (sequence (map2 f xs ys))",
        "step_time": 0.005174875259399414
    },
    {
        "index": 162,
        "step": "by (fastforce intro: empty_fail_term empty_fail_cond)",
        "output": "",
        "raw_output": "",
        "step_time": 0.02374100685119629
    },
    {
        "index": 163,
        "step": "lemma empty_fail_maybeM[empty_fail_cond]:\n  \"\\<forall>x. empty_fail (f x) \\<Longrightarrow> empty_fail (maybeM f t)\"",
        "output": "",
        "raw_output": "proof (prove)\ngoal (1 subgoal):\n 1. \\<forall>x. empty_fail (f x) \\<Longrightarrow> empty_fail (maybeM f t)",
        "step_time": 0.007219076156616211
    },
    {
        "index": 164,
        "step": "unfolding maybeM_def",
        "output": "",
        "raw_output": "proof (prove)\ngoal (1 subgoal):\n 1. \\<forall>x. empty_fail (f x) \\<Longrightarrow> empty_fail (case t of None \\<Rightarrow> return () | Some x \\<Rightarrow> f x)",
        "step_time": 0.004892110824584961
    },
    {
        "index": 165,
        "step": "by (fastforce intro: empty_fail_term split: option.splits)",
        "output": "",
        "raw_output": "",
        "step_time": 0.01372075080871582
    },
    {
        "index": 166,
        "step": "lemma empty_fail_ifM[empty_fail_cond]:\n  \"\\<lbrakk> empty_fail P; empty_fail a; empty_fail b \\<rbrakk> \\<Longrightarrow> empty_fail (ifM P a b)\"",
        "output": "",
        "raw_output": "proof (prove)\ngoal (1 subgoal):\n 1. \\<lbrakk>empty_fail P; empty_fail a; empty_fail b\\<rbrakk> \\<Longrightarrow> empty_fail (ifM P a b)",
        "step_time": 0.010776281356811523
    },
    {
        "index": 167,
        "step": "by (simp add: ifM_def empty_fail_cond)",
        "output": "",
        "raw_output": "",
        "step_time": 0.024964094161987305
    },
    {
        "index": 168,
        "step": "lemma empty_fail_ifME[empty_fail_cond]:\n  \"\\<lbrakk> empty_fail P; empty_fail a; empty_fail b \\<rbrakk> \\<Longrightarrow> empty_fail (ifME P a b)\"",
        "output": "",
        "raw_output": "proof (prove)\ngoal (1 subgoal):\n 1. \\<lbrakk>empty_fail P; empty_fail a; empty_fail b\\<rbrakk> \\<Longrightarrow> empty_fail (ifME P a b)",
        "step_time": 0.009972810745239258
    },
    {
        "index": 169,
        "step": "by (simp add: ifME_def empty_fail_cond)",
        "output": "",
        "raw_output": "",
        "step_time": 0.012890338897705078
    },
    {
        "index": 170,
        "step": "lemma empty_fail_whenM[empty_fail_cond]:\n  \"\\<lbrakk> empty_fail P; empty_fail f \\<rbrakk> \\<Longrightarrow> empty_fail (whenM P f)\"",
        "output": "",
        "raw_output": "proof (prove)\ngoal (1 subgoal):\n 1. \\<lbrakk>empty_fail P; empty_fail f\\<rbrakk> \\<Longrightarrow> empty_fail (whenM P f)",
        "step_time": 0.0077152252197265625
    },
    {
        "index": 171,
        "step": "by (simp add: whenM_def empty_fail_term empty_fail_cond)",
        "output": "",
        "raw_output": "",
        "step_time": 0.013327360153198242
    },
    {
        "index": 172,
        "step": "lemma empty_fail_andM[empty_fail_cond]:\n  \"\\<lbrakk> empty_fail A; empty_fail B \\<rbrakk> \\<Longrightarrow> empty_fail (andM A B)\"",
        "output": "",
        "raw_output": "proof (prove)\ngoal (1 subgoal):\n 1. \\<lbrakk>empty_fail A; empty_fail B\\<rbrakk> \\<Longrightarrow> empty_fail (andM A B)",
        "step_time": 0.007470369338989258
    },
    {
        "index": 173,
        "step": "by (simp add: andM_def empty_fail_term empty_fail_cond)",
        "output": "",
        "raw_output": "",
        "step_time": 0.011434316635131836
    },
    {
        "index": 174,
        "step": "lemma empty_fail_orM[empty_fail_cond]:\n  \"\\<lbrakk> empty_fail A; empty_fail B \\<rbrakk> \\<Longrightarrow> empty_fail (orM A B)\"",
        "output": "",
        "raw_output": "proof (prove)\ngoal (1 subgoal):\n 1. \\<lbrakk>empty_fail A; empty_fail B\\<rbrakk> \\<Longrightarrow> empty_fail (orM A B)",
        "step_time": 0.007647275924682617
    },
    {
        "index": 175,
        "step": "by (simp add: orM_def empty_fail_term empty_fail_cond)",
        "output": "",
        "raw_output": "",
        "step_time": 0.01445317268371582
    },
    {
        "index": 176,
        "step": "lemma empty_fail_notM[empty_fail_cond]:\n  \"empty_fail A \\<Longrightarrow> empty_fail (notM A)\"",
        "output": "",
        "raw_output": "proof (prove)\ngoal (1 subgoal):\n 1. empty_fail A \\<Longrightarrow> empty_fail (notM A)",
        "step_time": 0.006529331207275391
    },
    {
        "index": 177,
        "step": "by (simp add: notM_def empty_fail_term empty_fail_cond)",
        "output": "",
        "raw_output": "",
        "step_time": 0.01380467414855957
    },
    {
        "index": 178,
        "step": "lemma empty_fail_put_trace_elem[empty_fail_term]:\n  \"empty_fail (put_trace_elem x)\"",
        "output": "",
        "raw_output": "proof (prove)\ngoal (1 subgoal):\n 1. empty_fail (put_trace_elem x)",
        "step_time": 0.006258726119995117
    },
    {
        "index": 179,
        "step": "by (clarsimp simp: put_trace_elem_def empty_fail_def mres_def vimage_def)",
        "output": "",
        "raw_output": "",
        "step_time": 0.012809276580810547
    },
    {
        "index": 180,
        "step": "lemma empty_fail_put_trace[empty_fail_term]:\n  \"empty_fail (put_trace xs)\"",
        "output": "",
        "raw_output": "proof (prove)\ngoal (1 subgoal):\n 1. empty_fail (put_trace xs)",
        "step_time": 0.005606651306152344
    },
    {
        "index": 181,
        "step": "apply (induct xs)",
        "output": "",
        "raw_output": "proof (prove)\ngoal (2 subgoals):\n 1. empty_fail (put_trace [])\n 2. \\<And>a xs. empty_fail (put_trace xs) \\<Longrightarrow> empty_fail (put_trace (a # xs))",
        "step_time": 0.007269620895385742
    },
    {
        "index": 182,
        "step": "apply (clarsimp simp: empty_fail_term)",
        "output": "",
        "raw_output": "proof (prove)\ngoal (1 subgoal):\n 1. \\<And>a xs. empty_fail (put_trace xs) \\<Longrightarrow> empty_fail (put_trace (a # xs))",
        "step_time": 0.0070040225982666016
    },
    {
        "index": 183,
        "step": "apply (clarsimp simp: empty_fail_term empty_fail_cond)",
        "output": "",
        "raw_output": "proof (prove)\ngoal:\nNo subgoals!",
        "step_time": 0.00918436050415039
    },
    {
        "index": 184,
        "step": "done",
        "output": "",
        "raw_output": "",
        "step_time": 0.00482940673828125
    },
    {
        "index": 185,
        "step": "lemma empty_fail_env_steps[empty_fail_term]:\n  \"empty_fail env_steps\"",
        "output": "",
        "raw_output": "proof (prove)\ngoal (1 subgoal):\n 1. empty_fail env_steps",
        "step_time": 0.005789518356323242
    },
    {
        "index": 186,
        "step": "by (simp add: env_steps_def empty_fail_term empty_fail_cond)",
        "output": "",
        "raw_output": "",
        "step_time": 0.014205217361450195
    },
    {
        "index": 187,
        "step": "lemma empty_fail_interference[empty_fail_term]:\n  \"empty_fail interference\"",
        "output": "",
        "raw_output": "proof (prove)\ngoal (1 subgoal):\n 1. empty_fail interference",
        "step_time": 0.00563359260559082
    },
    {
        "index": 188,
        "step": "by (simp add: interference_def commit_step_def empty_fail_term empty_fail_cond)",
        "output": "",
        "raw_output": "",
        "step_time": 0.01120615005493164
    },
    {
        "index": 189,
        "step": "lemma last_st_tr_not_empty:\n  \"P s \\<Longrightarrow> \\<exists>xs. P (last_st_tr (map (Pair Env) xs) s')\"",
        "output": "",
        "raw_output": "proof (prove)\ngoal (1 subgoal):\n 1. P s \\<Longrightarrow> \\<exists>xs. P (last_st_tr (map (Pair Env) xs) s')",
        "step_time": 0.007688283920288086
    },
    {
        "index": 190,
        "step": "apply (rule exI[where x=\"[s]\"])",
        "output": "",
        "raw_output": "proof (prove)\ngoal (1 subgoal):\n 1. P s \\<Longrightarrow> P (last_st_tr (map (Pair Env) [s]) s')",
        "step_time": 0.0050809383392333984
    },
    {
        "index": 191,
        "step": "apply (auto simp: last_st_tr_def)",
        "output": "",
        "raw_output": "proof (prove)\ngoal:\nNo subgoals!",
        "step_time": 0.005009651184082031
    },
    {
        "index": 192,
        "step": "done",
        "output": "",
        "raw_output": "",
        "step_time": 0.004992008209228516
    },
    {
        "index": 193,
        "step": "lemma empty_fail_Await[empty_fail_term]:\n  \"\\<exists>s. c s \\<Longrightarrow> empty_fail (Await c)\"",
        "output": "",
        "raw_output": "proof (prove)\ngoal (1 subgoal):\n 1. \\<exists>s. c s \\<Longrightarrow> empty_fail (Await c)",
        "step_time": 0.006561994552612305
    },
    {
        "index": 194,
        "step": "by (clarsimp simp: Await_def last_st_tr_not_empty empty_fail_term empty_fail_cond)",
        "output": "",
        "raw_output": "",
        "step_time": 0.0210418701171875
    },
    {
        "index": 195,
        "step": "\n\n(* not everything [simp] by default, because side conditions can slow down simp a lot *)\n",
        "output": "",
        "raw_output": "",
        "step_time": 0.0039556026458740234
    },
    {
        "index": 196,
        "step": "lemmas empty_fail[wp, intro!] = empty_fail_term empty_fail_cond",
        "output": "",
        "raw_output": "",
        "step_time": 0.032117605209350586
    },
    {
        "index": 197,
        "step": "lemmas [simp] = empty_fail_term",
        "output": "",
        "raw_output": "",
        "step_time": 0.01025080680847168
    },
    {
        "index": 198,
        "step": "subsection \\<open>Equations and legacy names\\<close>",
        "output": "",
        "raw_output": "",
        "step_time": 0.004045963287353516
    },
    {
        "index": 199,
        "step": "lemma empty_fail_select_eq[simp]:\n  \"empty_fail (select V) = (V \\<noteq> {})\"",
        "output": "",
        "raw_output": "proof (prove)\ngoal (1 subgoal):\n 1. empty_fail (select V) = (V \\<noteq> {})",
        "step_time": 0.008385658264160156
    },
    {
        "index": 200,
        "step": "by (clarsimp simp: select_def empty_fail_def mres_def image_def)",
        "output": "",
        "raw_output": "",
        "step_time": 0.037909746170043945
    },
    {
        "index": 201,
        "step": "lemma empty_fail_liftM_eq[simp]:\n  \"empty_fail (liftM f m) = empty_fail m\"",
        "output": "",
        "raw_output": "proof (prove)\ngoal (1 subgoal):\n 1. empty_fail (liftM f m) = empty_fail m",
        "step_time": 0.008601188659667969
    },
    {
        "index": 202,
        "step": "unfolding liftM_def",
        "output": "",
        "raw_output": "proof (prove)\ngoal (1 subgoal):\n 1. empty_fail (do x <- m;\nreturn (f x)\nod) = empty_fail m",
        "step_time": 0.005415678024291992
    },
    {
        "index": 203,
        "step": "by (fastforce dest: empty_fail_bindD1)",
        "output": "",
        "raw_output": "",
        "step_time": 0.011594772338867188
    },
    {
        "index": 204,
        "step": "lemma empty_fail_liftE_eq[simp]:\n  \"empty_fail (liftE f) = empty_fail f\"",
        "output": "",
        "raw_output": "proof (prove)\ngoal (1 subgoal):\n 1. empty_fail (liftE f) = empty_fail f",
        "step_time": 0.007567405700683594
    },
    {
        "index": 205,
        "step": "by (auto simp: liftE_def empty_fail_bindD1)",
        "output": "",
        "raw_output": "",
        "step_time": 0.31855344772338867
    },
    {
        "index": 206,
        "step": "lemma liftME_empty_fail_eq[simp]:\n  \"empty_fail (liftME f m) = empty_fail m\"",
        "output": "",
        "raw_output": "proof (prove)\ngoal (1 subgoal):\n 1. empty_fail (liftME f m) = empty_fail m",
        "step_time": 0.009427070617675781
    },
    {
        "index": 207,
        "step": "unfolding liftME_def",
        "output": "",
        "raw_output": "proof (prove)\ngoal (1 subgoal):\n 1. empty_fail (doE x <- m;\nreturnOk (f x)\nodE) = empty_fail m",
        "step_time": 0.005494594573974609
    },
    {
        "index": 208,
        "step": "by (fastforce dest: empty_fail_bindD1 simp: bindE_def)",
        "output": "",
        "raw_output": "",
        "step_time": 0.01008462905883789
    },
    {
        "index": 209,
        "step": "\n\n(* legacy name binding *)\n",
        "output": "",
        "raw_output": "",
        "step_time": 0.003926992416381836
    },
    {
        "index": 210,
        "step": "lemmas empty_fail_error_bits = empty_fail_returnOk empty_fail_throwError empty_fail_liftE_eq",
        "output": "",
        "raw_output": "",
        "step_time": 0.0059986114501953125
    },
    {
        "index": 211,
        "step": "end",
        "output": "",
        "raw_output": "",
        "step_time": 0.00610661506652832
    }
]