[
    {
        "index": 0,
        "step": "(*\n * Copyright 2023, Proofcraft Pty Ltd\n * Copyright 2020, Data61, CSIRO (ABN 41 687 119 230)\n *\n * SPDX-License-Identifier: BSD-2-Clause\n *)\n\n",
        "output": "",
        "raw_output": "",
        "step_time": 0.004305601119995117
    },
    {
        "index": 1,
        "step": "theory Trace_In_Monad\n  imports Trace_Lemmas\nbegin",
        "output": "",
        "raw_output": "",
        "step_time": 0.003723621368408203
    },
    {
        "index": 2,
        "step": "section \\<open>Reasoning directly about states\\<close>",
        "output": "",
        "raw_output": "",
        "step_time": 0.003624439239501953
    },
    {
        "index": 3,
        "step": "\n\n(* Lemmas about terms of the form \"(v, s') \\<in> mres (m s)\" *)\n\n",
        "output": "",
        "raw_output": "",
        "step_time": 0.004194974899291992
    },
    {
        "index": 4,
        "step": "lemma in_throwError:\n  \"((v, s') \\<in> mres (throwError e s)) = (v = Inl e \\<and> s' = s)\"",
        "output": "",
        "raw_output": "proof (prove)\ngoal (1 subgoal):\n 1. ((v, s') \\<in> mres (throwError e s)) = (v = Inl e \\<and> s' = s)",
        "step_time": 0.052243709564208984
    },
    {
        "index": 5,
        "step": "by (simp add: throwError_def return_def mres_def)",
        "output": "",
        "raw_output": "",
        "step_time": 0.011197566986083984
    },
    {
        "index": 6,
        "step": "lemma in_returnOk:\n  \"((v', s') \\<in> mres (returnOk v s)) = (v' = Inr v \\<and> s' = s)\"",
        "output": "",
        "raw_output": "proof (prove)\ngoal (1 subgoal):\n 1. ((v', s') \\<in> mres (returnOk v s)) = (v' = Inr v \\<and> s' = s)",
        "step_time": 0.01061701774597168
    },
    {
        "index": 7,
        "step": "by (simp add: returnOk_def return_def mres_def)",
        "output": "",
        "raw_output": "",
        "step_time": 0.010599136352539062
    },
    {
        "index": 8,
        "step": "lemma in_bind:\n  \"((r,s') \\<in> mres ((do x \\<leftarrow> f; g x od) s)) =\n   (\\<exists>s'' x. (x, s'') \\<in> mres (f s) \\<and> (r, s') \\<in> mres (g x s''))\"",
        "output": "",
        "raw_output": "proof (prove)\ngoal (1 subgoal):\n 1. ((r, s') \\<in> mres ((f >>= g) s)) = (\\<exists>s'' x. (x, s'') \\<in> mres (f s) \\<and> (r, s') \\<in> mres (g x s''))",
        "step_time": 0.01620316505432129
    },
    {
        "index": 9,
        "step": "by (force simp: bind_def split_def mres_def split: tmres.splits)",
        "output": "",
        "raw_output": "",
        "step_time": 0.43970155715942383
    },
    {
        "index": 10,
        "step": "lemma in_bindE_R:\n  \"((Inr r,s') \\<in> mres ((doE x \\<leftarrow> f; g x odE) s)) =\n  (\\<exists>s'' x. (Inr x, s'') \\<in> mres (f s) \\<and> (Inr r, s') \\<in> mres (g x s''))\"",
        "output": "",
        "raw_output": "proof (prove)\ngoal (1 subgoal):\n 1. ((Inr r, s') \\<in> mres ((f >>=E g) s)) = (\\<exists>s'' x. (Inr x, s'') \\<in> mres (f s) \\<and> (Inr r, s') \\<in> mres (g x s''))",
        "step_time": 0.017983198165893555
    },
    {
        "index": 11,
        "step": "unfolding bindE_def lift_def split_def in_bind",
        "output": "",
        "raw_output": "proof (prove)\ngoal (1 subgoal):\n 1. (\\<exists>s'' x. (x, s'') \\<in> mres (f s) \\<and> (Inr r, s') \\<in> mres ((case x of Inl e \\<Rightarrow> throwError e | Inr v' \\<Rightarrow> g v') s'')) = (\\<exists>s'' x. (Inr x, s'') \\<in> mres (f s) \\<and> (Inr r, s') \\<in> mres (g x s''))",
        "step_time": 0.007703542709350586
    },
    {
        "index": 12,
        "step": "by (force simp: throwError_def return_def mres_def split: sum.splits)",
        "output": "",
        "raw_output": "",
        "step_time": 0.3813204765319824
    },
    {
        "index": 13,
        "step": "lemma in_bindE_L:\n  \"((Inl r, s') \\<in> mres ((doE x \\<leftarrow> f; g x odE) s)) \\<Longrightarrow>\n   (\\<exists>s'' x. (Inr x, s'') \\<in> mres (f s) \\<and> (Inl r, s') \\<in> mres (g x s'')) \\<or> ((Inl r, s') \\<in> mres (f s))\"",
        "output": "",
        "raw_output": "proof (prove)\ngoal (1 subgoal):\n 1. (Inl r, s') \\<in> mres ((f >>=E g) s) \\<Longrightarrow> (\\<exists>s'' x. (Inr x, s'') \\<in> mres (f s) \\<and> (Inl r, s') \\<in> mres (g x s'')) \\<or> (Inl r, s') \\<in> mres (f s)",
        "step_time": 0.019055604934692383
    },
    {
        "index": 14,
        "step": "by (simp add: bindE_def in_bind)\n     (force simp: return_def throwError_def lift_def split_def mres_def split: sum.splits if_split_asm)",
        "output": "",
        "raw_output": "",
        "step_time": 0.6498093605041504
    },
    {
        "index": 15,
        "step": "lemma in_return:\n  \"(r, s') \\<in> mres (return v s) = (r = v \\<and> s' = s)\"",
        "output": "",
        "raw_output": "proof (prove)\ngoal (1 subgoal):\n 1. ((r, s') \\<in> mres (return v s)) = (r = v \\<and> s' = s)",
        "step_time": 0.009875297546386719
    },
    {
        "index": 16,
        "step": "by (simp add: return_def mres_def)",
        "output": "",
        "raw_output": "",
        "step_time": 0.009683609008789062
    },
    {
        "index": 17,
        "step": "lemma in_liftE:\n  \"((v, s') \\<in> mres (liftE f s)) = (\\<exists>v'. v = Inr v' \\<and> (v', s') \\<in> mres (f s))\"",
        "output": "",
        "raw_output": "proof (prove)\ngoal (1 subgoal):\n 1. ((v, s') \\<in> mres (liftE f s)) = (\\<exists>v'. v = Inr v' \\<and> (v', s') \\<in> mres (f s))",
        "step_time": 0.009952306747436523
    },
    {
        "index": 18,
        "step": "by (force simp: liftE_def in_bind in_return)",
        "output": "",
        "raw_output": "",
        "step_time": 0.016736268997192383
    },
    {
        "index": 19,
        "step": "lemma in_whenE:\n  \"((v, s') \\<in> mres (whenE P f s)) = ((P \\<longrightarrow> (v, s') \\<in> mres (f s)) \\<and> (\\<not>P \\<longrightarrow> v = Inr () \\<and> s' = s))\"",
        "output": "",
        "raw_output": "proof (prove)\ngoal (1 subgoal):\n 1. ((v, s') \\<in> mres (whenE P f s)) = ((P \\<longrightarrow> (v, s') \\<in> mres (f s)) \\<and> (\\<not> P \\<longrightarrow> v = Inr () \\<and> s' = s))",
        "step_time": 0.011001825332641602
    },
    {
        "index": 20,
        "step": "by (simp add: whenE_def in_returnOk)",
        "output": "",
        "raw_output": "",
        "step_time": 0.012756109237670898
    },
    {
        "index": 21,
        "step": "lemma inl_whenE:\n  \"((Inl x, s') \\<in> mres (whenE P f s)) = (P \\<and> (Inl x, s') \\<in> mres (f s))\"",
        "output": "",
        "raw_output": "proof (prove)\ngoal (1 subgoal):\n 1. ((Inl x, s') \\<in> mres (whenE P f s)) = (P \\<and> (Inl x, s') \\<in> mres (f s))",
        "step_time": 0.01093149185180664
    },
    {
        "index": 22,
        "step": "by (auto simp add: in_whenE)",
        "output": "",
        "raw_output": "",
        "step_time": 0.009510993957519531
    },
    {
        "index": 23,
        "step": "lemma inr_in_unlessE_throwError[termination_simp]:\n  \"(Inr (), s') \\<in> mres (unlessE P (throwError E) s) = (P \\<and> s'=s)\"",
        "output": "",
        "raw_output": "proof (prove)\ngoal (1 subgoal):\n 1. ((Inr (), s') \\<in> mres (unlessE P (throwError E) s)) = (P \\<and> s' = s)",
        "step_time": 0.010210752487182617
    },
    {
        "index": 24,
        "step": "by (simp add: unlessE_def returnOk_def throwError_def in_return)",
        "output": "",
        "raw_output": "",
        "step_time": 0.010782003402709961
    },
    {
        "index": 25,
        "step": "lemma in_fail:\n  \"r \\<in> mres (fail s) = False\"",
        "output": "",
        "raw_output": "proof (prove)\ngoal (1 subgoal):\n 1. (r \\<in> mres (fail s)) = False",
        "step_time": 0.007208585739135742
    },
    {
        "index": 26,
        "step": "by (simp add: fail_def mres_def)",
        "output": "",
        "raw_output": "",
        "step_time": 0.009327411651611328
    },
    {
        "index": 27,
        "step": "lemma in_assert:\n  \"(r, s') \\<in> mres (assert P s) = (P \\<and> s' = s)\"",
        "output": "",
        "raw_output": "proof (prove)\ngoal (1 subgoal):\n 1. ((r, s') \\<in> mres (assert P s)) = (P \\<and> s' = s)",
        "step_time": 0.008301019668579102
    },
    {
        "index": 28,
        "step": "by (simp add: assert_def return_def fail_def mres_def)",
        "output": "",
        "raw_output": "",
        "step_time": 0.014167308807373047
    },
    {
        "index": 29,
        "step": "lemma in_assertE:\n  \"(r, s') \\<in> mres (assertE P s) = (P \\<and> r = Inr () \\<and> s' = s)\"",
        "output": "",
        "raw_output": "proof (prove)\ngoal (1 subgoal):\n 1. ((r, s') \\<in> mres (assertE P s)) = (P \\<and> r = Inr () \\<and> s' = s)",
        "step_time": 0.008258342742919922
    },
    {
        "index": 30,
        "step": "by (simp add: assertE_def returnOk_def return_def fail_def mres_def)",
        "output": "",
        "raw_output": "",
        "step_time": 0.013643264770507812
    },
    {
        "index": 31,
        "step": "lemma in_assert_opt:\n  \"(r, s') \\<in> mres (assert_opt v s) = (v = Some r \\<and> s' = s)\"",
        "output": "",
        "raw_output": "proof (prove)\ngoal (1 subgoal):\n 1. ((r, s') \\<in> mres (assert_opt v s)) = (v = Some r \\<and> s' = s)",
        "step_time": 0.009141921997070312
    },
    {
        "index": 32,
        "step": "by (auto simp: assert_opt_def in_fail in_return split: option.splits)",
        "output": "",
        "raw_output": "",
        "step_time": 0.011671066284179688
    },
    {
        "index": 33,
        "step": "lemma in_get:\n  \"(r, s') \\<in> mres (get s) = (r = s \\<and> s' = s)\"",
        "output": "",
        "raw_output": "proof (prove)\ngoal (1 subgoal):\n 1. ((r, s') \\<in> mres (get s)) = (r = s \\<and> s' = s)",
        "step_time": 0.008435964584350586
    },
    {
        "index": 34,
        "step": "by (simp add: get_def mres_def)",
        "output": "",
        "raw_output": "",
        "step_time": 0.009205341339111328
    },
    {
        "index": 35,
        "step": "lemma in_gets:\n  \"(r, s') \\<in> mres (gets f s) = (r = f s \\<and> s' = s)\"",
        "output": "",
        "raw_output": "proof (prove)\ngoal (1 subgoal):\n 1. ((r, s') \\<in> mres (gets f s)) = (r = f s \\<and> s' = s)",
        "step_time": 0.009378910064697266
    },
    {
        "index": 36,
        "step": "by (simp add: simpler_gets_def mres_def)",
        "output": "",
        "raw_output": "",
        "step_time": 0.009809494018554688
    },
    {
        "index": 37,
        "step": "lemma in_put:\n  \"(r, s') \\<in> mres (put x s) = (s' = x \\<and> r = ())\"",
        "output": "",
        "raw_output": "proof (prove)\ngoal (1 subgoal):\n 1. ((r, s') \\<in> mres (put x s)) = (s' = x \\<and> r = ())",
        "step_time": 0.00829935073852539
    },
    {
        "index": 38,
        "step": "by (simp add: put_def mres_def)",
        "output": "",
        "raw_output": "",
        "step_time": 0.0077512264251708984
    },
    {
        "index": 39,
        "step": "lemma in_when:\n  \"(v, s') \\<in> mres (when P f s) = ((P \\<longrightarrow> (v, s') \\<in> mres (f s)) \\<and> (\\<not>P \\<longrightarrow> v = () \\<and> s' = s))\"",
        "output": "",
        "raw_output": "proof (prove)\ngoal (1 subgoal):\n 1. ((v, s') \\<in> mres (when P f s)) = ((P \\<longrightarrow> (v, s') \\<in> mres (f s)) \\<and> (\\<not> P \\<longrightarrow> v = () \\<and> s' = s))",
        "step_time": 0.009088516235351562
    },
    {
        "index": 40,
        "step": "by (simp add: when_def in_return)",
        "output": "",
        "raw_output": "",
        "step_time": 0.01078486442565918
    },
    {
        "index": 41,
        "step": "lemma in_unless:\n  \"(v, s') \\<in> mres (unless P f s) = ((\\<not> P \\<longrightarrow> (v, s') \\<in> mres (f s)) \\<and> (P \\<longrightarrow> v = () \\<and> s' = s))\"",
        "output": "",
        "raw_output": "proof (prove)\ngoal (1 subgoal):\n 1. ((v, s') \\<in> mres (unless P f s)) = ((\\<not> P \\<longrightarrow> (v, s') \\<in> mres (f s)) \\<and> (P \\<longrightarrow> v = () \\<and> s' = s))",
        "step_time": 0.011360406875610352
    },
    {
        "index": 42,
        "step": "by (simp add: unless_def in_when)",
        "output": "",
        "raw_output": "",
        "step_time": 0.008613348007202148
    },
    {
        "index": 43,
        "step": "lemma in_unlessE:\n  \"(v, s') \\<in> mres (unlessE P f s) = ((\\<not> P \\<longrightarrow> (v, s') \\<in> mres (f s)) \\<and> (P \\<longrightarrow> v = Inr () \\<and> s' = s))\"",
        "output": "",
        "raw_output": "proof (prove)\ngoal (1 subgoal):\n 1. ((v, s') \\<in> mres (unlessE P f s)) = ((\\<not> P \\<longrightarrow> (v, s') \\<in> mres (f s)) \\<and> (P \\<longrightarrow> v = Inr () \\<and> s' = s))",
        "step_time": 0.012017965316772461
    },
    {
        "index": 44,
        "step": "by (simp add: unlessE_def in_returnOk)",
        "output": "",
        "raw_output": "",
        "step_time": 0.022213220596313477
    },
    {
        "index": 45,
        "step": "lemma inl_unlessE:\n  \"((Inl x, s') \\<in> mres (unlessE P f s)) = (\\<not> P \\<and> (Inl x, s') \\<in> mres (f s))\"",
        "output": "",
        "raw_output": "proof (prove)\ngoal (1 subgoal):\n 1. ((Inl x, s') \\<in> mres (unlessE P f s)) = (\\<not> P \\<and> (Inl x, s') \\<in> mres (f s))",
        "step_time": 0.009339570999145508
    },
    {
        "index": 46,
        "step": "by (auto simp add: in_unlessE)",
        "output": "",
        "raw_output": "",
        "step_time": 0.007427692413330078
    },
    {
        "index": 47,
        "step": "lemma in_modify:\n  \"(v, s') \\<in> mres (modify f s) = (s'=f s \\<and> v = ())\"",
        "output": "",
        "raw_output": "proof (prove)\ngoal (1 subgoal):\n 1. ((v, s') \\<in> mres (modify f s)) = (s' = f s \\<and> v = ())",
        "step_time": 0.007849931716918945
    },
    {
        "index": 48,
        "step": "by (auto simp add: modify_def bind_def get_def put_def mres_def)",
        "output": "",
        "raw_output": "",
        "step_time": 0.014895915985107422
    },
    {
        "index": 49,
        "step": "lemma gets_the_in_monad:\n  \"((v, s') \\<in> mres (gets_the f s)) = (s' = s \\<and> f s = Some v)\"",
        "output": "",
        "raw_output": "proof (prove)\ngoal (1 subgoal):\n 1. ((v, s') \\<in> mres (gets_the f s)) = (s' = s \\<and> f s = Some v)",
        "step_time": 0.009103536605834961
    },
    {
        "index": 50,
        "step": "by (auto simp: gets_the_def in_bind in_gets in_assert_opt split: option.split)",
        "output": "",
        "raw_output": "",
        "step_time": 0.009760141372680664
    },
    {
        "index": 51,
        "step": "lemma in_alternative:\n  \"(r,s') \\<in> mres ((f \\<sqinter> g) s) = ((r,s') \\<in> mres (f s) \\<or> (r,s') \\<in> mres (g s))\"",
        "output": "",
        "raw_output": "proof (prove)\ngoal (1 subgoal):\n 1. ((r, s') \\<in> mres ((f \\<sqinter> g) s)) = ((r, s') \\<in> mres (f s) \\<or> (r, s') \\<in> mres (g s))",
        "step_time": 0.011416435241699219
    },
    {
        "index": 52,
        "step": "by (auto simp add: alternative_def mres_def)",
        "output": "",
        "raw_output": "",
        "step_time": 0.0164337158203125
    },
    {
        "index": 53,
        "step": "lemma in_liftM:\n  \"((r, s') \\<in> mres (liftM t f s)) = (\\<exists>r'. (r', s') \\<in> mres (f s) \\<and> r = t r')\"",
        "output": "",
        "raw_output": "proof (prove)\ngoal (1 subgoal):\n 1. ((r, s') \\<in> mres (liftM t f s)) = (\\<exists>r'. (r', s') \\<in> mres (f s) \\<and> r = t r')",
        "step_time": 0.00932765007019043
    },
    {
        "index": 54,
        "step": "by (simp add: liftM_def in_return in_bind)",
        "output": "",
        "raw_output": "",
        "step_time": 0.009586811065673828
    },
    {
        "index": 55,
        "step": "lemma in_bindE:\n  \"(rv, s') \\<in> mres ((f >>=E (\\<lambda>rv'. g rv')) s) =\n   ((\\<exists>ex. rv = Inl ex \\<and> (Inl ex, s') \\<in> mres (f s)) \\<or>\n    (\\<exists>rv' s''. (rv, s') \\<in> mres (g rv' s'') \\<and> (Inr rv', s'') \\<in> mres (f s)))\"",
        "output": "",
        "raw_output": "proof (prove)\ngoal (1 subgoal):\n 1. ((rv, s') \\<in> mres ((f >>=E g) s)) = ((\\<exists>ex. rv = Inl ex \\<and> (Inl ex, s') \\<in> mres (f s)) \\<or> (\\<exists>rv' s''. (rv, s') \\<in> mres (g rv' s'') \\<and> (Inr rv', s'') \\<in> mres (f s)))",
        "step_time": 0.014955997467041016
    },
    {
        "index": 56,
        "step": "apply (clarsimp simp: bindE_def in_bind lift_def in_throwError)",
        "output": "",
        "raw_output": "proof (prove)\ngoal (1 subgoal):\n 1. (\\<exists>s'' x. (x, s'') \\<in> mres (f s) \\<and> (rv, s') \\<in> mres ((case x of Inl e \\<Rightarrow> throwError e | Inr v' \\<Rightarrow> g v') s'')) = ((\\<exists>ex. rv = Inl ex \\<and> (Inl ex, s') \\<in> mres (f s)) \\<or> (\\<exists>rv' s''. (rv, s') \\<in> mres (g rv' s'') \\<and> (Inr rv', s'') \\<in> mres (f s)))",
        "step_time": 0.010869979858398438
    },
    {
        "index": 57,
        "step": "apply (safe del: disjCI; strengthen subst[where P=\"\\<lambda>x. x \\<in> mres (f s)\", mk_strg I _ E];\n         auto simp: in_throwError split: sum.splits)",
        "output": "",
        "raw_output": "proof (prove)\ngoal:\nNo subgoals!",
        "step_time": 0.024211883544921875
    },
    {
        "index": 58,
        "step": "done",
        "output": "",
        "raw_output": "",
        "step_time": 0.006918191909790039
    },
    {
        "index": 59,
        "step": "lemmas in_monad = inl_whenE in_whenE in_liftE in_bind in_bindE_L\n                  in_bindE_R in_returnOk in_throwError in_fail\n                  in_assertE in_assert in_return in_assert_opt\n                  in_get in_gets in_put in_when inl_unlessE in_unlessE\n                  in_unless in_modify gets_the_in_monad\n                  in_alternative in_liftM",
        "output": "",
        "raw_output": "",
        "step_time": 0.021038293838500977
    },
    {
        "index": 60,
        "step": "lemma bind_det_exec:\n  \"mres (a s) = {(r,s')} \\<Longrightarrow> mres ((a >>= b) s) = mres (b r s')\"",
        "output": "",
        "raw_output": "proof (prove)\ngoal (1 subgoal):\n 1. mres (a s) = {(r, s')} \\<Longrightarrow> mres ((a >>= b) s) = mres (b r s')",
        "step_time": 0.011251449584960938
    },
    {
        "index": 61,
        "step": "by (simp add: in_bind set_eq_iff)",
        "output": "",
        "raw_output": "",
        "step_time": 0.010954141616821289
    },
    {
        "index": 62,
        "step": "lemma in_bind_det_exec:\n  \"mres (a s) = {(r,s')} \\<Longrightarrow> (s'' \\<in> mres ((a >>= b) s)) = (s'' \\<in> mres (b r s'))\"",
        "output": "",
        "raw_output": "proof (prove)\ngoal (1 subgoal):\n 1. mres (a s) = {(r, s')} \\<Longrightarrow> (s'' \\<in> mres ((a >>= b) s)) = (s'' \\<in> mres (b r s'))",
        "step_time": 0.0115814208984375
    },
    {
        "index": 63,
        "step": "by (cases s'', simp add: in_bind)",
        "output": "",
        "raw_output": "",
        "step_time": 0.011880159378051758
    },
    {
        "index": 64,
        "step": "lemma exec_put:\n  \"(put s' >>= m) s = m () s'\"",
        "output": "",
        "raw_output": "proof (prove)\ngoal (1 subgoal):\n 1. (put s' >>= m) s = m () s'",
        "step_time": 0.007269859313964844
    },
    {
        "index": 65,
        "step": "by (simp add: bind_def put_def mres_def split_def)",
        "output": "",
        "raw_output": "",
        "step_time": 0.012423515319824219
    },
    {
        "index": 66,
        "step": "lemma bind_execI:\n  \"\\<lbrakk> (r'',s'') \\<in> mres (f s); \\<exists>x \\<in> mres (g r'' s''). P x \\<rbrakk> \\<Longrightarrow> \\<exists>x \\<in> mres ((f >>= g) s). P x\"",
        "output": "",
        "raw_output": "proof (prove)\ngoal (1 subgoal):\n 1. \\<lbrakk>(r'', s'') \\<in> mres (f s); \\<exists>x\\<in>mres (g r'' s''). P x\\<rbrakk> \\<Longrightarrow> \\<exists>x\\<in>mres ((f >>= g) s). P x",
        "step_time": 0.012618541717529297
    },
    {
        "index": 67,
        "step": "by (force simp: Bex_def in_bind)",
        "output": "",
        "raw_output": "",
        "step_time": 0.02103567123413086
    },
    {
        "index": 68,
        "step": "end",
        "output": "",
        "raw_output": "",
        "step_time": 0.0048370361328125
    }
]