[
    {
        "index": 0,
        "step": "(*\n * Copyright 2023, Proofcraft Pty Ltd\n * Copyright 2020, Data61, CSIRO (ABN 41 687 119 230)\n *\n * SPDX-License-Identifier: BSD-2-Clause\n *)\n\n",
        "output": "",
        "raw_output": "",
        "step_time": 0.0057337284088134766
    },
    {
        "index": 1,
        "step": "theory Trace_Det\n  imports\n    Trace_Monad\nbegin",
        "output": "",
        "raw_output": "",
        "step_time": 0.004846334457397461
    },
    {
        "index": 2,
        "step": "subsection \"Determinism\"",
        "output": "",
        "raw_output": "",
        "step_time": 0.004291057586669922
    },
    {
        "index": 3,
        "step": "text \\<open>\n  A monad of type @{text tmonad} is deterministic iff it\n  returns an empty trace, exactly one state and result and does not fail\\<close>",
        "output": "",
        "raw_output": "",
        "step_time": 0.004168033599853516
    },
    {
        "index": 4,
        "step": "definition det :: \"('a,'s) tmonad \\<Rightarrow> bool\" where\n  \"det f \\<equiv> \\<forall>s. \\<exists>r. f s = {([], Result r)}\"",
        "output": "",
        "raw_output": "",
        "step_time": 0.055806636810302734
    },
    {
        "index": 5,
        "step": "text \\<open>A deterministic @{text tmonad} can be turned into a normal state monad:\\<close>",
        "output": "",
        "raw_output": "",
        "step_time": 0.005349397659301758
    },
    {
        "index": 6,
        "step": "definition the_run_state :: \"('s,'a) tmonad \\<Rightarrow> 's \\<Rightarrow> 'a \\<times> 's\" where\n  \"the_run_state M \\<equiv> \\<lambda>s. THE s'. mres (M s) = {s'}\"",
        "output": "",
        "raw_output": "",
        "step_time": 0.01577472686767578
    },
    {
        "index": 7,
        "step": "lemma det_set_iff:\n  \"det f \\<Longrightarrow> (r \\<in> mres (f s)) = (mres (f s) = {r})\"",
        "output": "",
        "raw_output": "proof (prove)\ngoal (1 subgoal):\n 1. det f \\<Longrightarrow> (r \\<in> mres (f s)) = (mres (f s) = {r})",
        "step_time": 0.006833553314208984
    },
    {
        "index": 8,
        "step": "unfolding det_def mres_def",
        "output": "",
        "raw_output": "proof (prove)\ngoal (1 subgoal):\n 1. \\<forall>s. \\<exists>r. f s = {([], Result r)} \\<Longrightarrow> (r \\<in> Result -` snd ` f s) = (Result -` snd ` f s = {r})",
        "step_time": 0.005666971206665039
    },
    {
        "index": 9,
        "step": "by (fastforce elim: allE[where x=s])",
        "output": "",
        "raw_output": "",
        "step_time": 0.04562735557556152
    },
    {
        "index": 10,
        "step": "lemma return_det[iff]:\n  \"det (return x)\"",
        "output": "",
        "raw_output": "proof (prove)\ngoal (1 subgoal):\n 1. det (return x)",
        "step_time": 0.007394075393676758
    },
    {
        "index": 11,
        "step": "by (simp add: det_def return_def)",
        "output": "",
        "raw_output": "",
        "step_time": 0.009427547454833984
    },
    {
        "index": 12,
        "step": "lemma put_det[iff]:\n  \"det (put s)\"",
        "output": "",
        "raw_output": "proof (prove)\ngoal (1 subgoal):\n 1. det (put s)",
        "step_time": 0.005713224411010742
    },
    {
        "index": 13,
        "step": "by (simp add: det_def put_def)",
        "output": "",
        "raw_output": "",
        "step_time": 0.007336616516113281
    },
    {
        "index": 14,
        "step": "lemma get_det[iff]:\n  \"det get\"",
        "output": "",
        "raw_output": "proof (prove)\ngoal (1 subgoal):\n 1. det get",
        "step_time": 0.00572657585144043
    },
    {
        "index": 15,
        "step": "by (simp add: det_def get_def)",
        "output": "",
        "raw_output": "",
        "step_time": 0.008112430572509766
    },
    {
        "index": 16,
        "step": "lemma det_gets[iff]:\n  \"det (gets f)\"",
        "output": "",
        "raw_output": "proof (prove)\ngoal (1 subgoal):\n 1. det (gets f)",
        "step_time": 0.0057220458984375
    },
    {
        "index": 17,
        "step": "by (auto simp add: gets_def det_def get_def return_def bind_def)",
        "output": "",
        "raw_output": "",
        "step_time": 0.01467132568359375
    },
    {
        "index": 18,
        "step": "lemma det_UN:\n  \"det f \\<Longrightarrow> (\\<Union>x \\<in> mres (f s). g x) = (g (THE x. x \\<in> mres (f s)))\"",
        "output": "",
        "raw_output": "proof (prove)\ngoal (1 subgoal):\n 1. det f \\<Longrightarrow> \\<Union> (g ` mres (f s)) = g (THE x. x \\<in> mres (f s))",
        "step_time": 0.008830547332763672
    },
    {
        "index": 19,
        "step": "unfolding det_def mres_def",
        "output": "",
        "raw_output": "proof (prove)\ngoal (1 subgoal):\n 1. \\<forall>s. \\<exists>r. f s = {([], Result r)} \\<Longrightarrow> \\<Union> (g ` Result -` snd ` f s) = g (THE x. x \\<in> Result -` snd ` f s)",
        "step_time": 0.007399320602416992
    },
    {
        "index": 20,
        "step": "apply simp",
        "output": "",
        "raw_output": "proof (prove)\ngoal (1 subgoal):\n 1. \\<forall>s. \\<exists>a b. f s = {([], Result (a, b))} \\<Longrightarrow> \\<Union> (g ` Result -` snd ` f s) = g (THE x. Result x \\<in> snd ` f s)",
        "step_time": 0.014758110046386719
    },
    {
        "index": 21,
        "step": "apply (drule spec [of _ s])",
        "output": "",
        "raw_output": "proof (prove)\ngoal (1 subgoal):\n 1. \\<exists>a b. f s = {([], Result (a, b))} \\<Longrightarrow> \\<Union> (g ` Result -` snd ` f s) = g (THE x. Result x \\<in> snd ` f s)",
        "step_time": 0.008372783660888672
    },
    {
        "index": 22,
        "step": "apply (clarsimp simp: vimage_def)",
        "output": "",
        "raw_output": "proof (prove)\ngoal:\nNo subgoals!",
        "step_time": 0.020128250122070312
    },
    {
        "index": 23,
        "step": "done",
        "output": "",
        "raw_output": "",
        "step_time": 0.005739688873291016
    },
    {
        "index": 24,
        "step": "lemma bind_detI[simp, intro!]:\n  \"\\<lbrakk> det f; \\<forall>x. det (g x) \\<rbrakk> \\<Longrightarrow> det (f >>= g)\"",
        "output": "",
        "raw_output": "proof (prove)\ngoal (1 subgoal):\n 1. \\<lbrakk>det f; \\<forall>x. det (g x)\\<rbrakk> \\<Longrightarrow> det (f >>= g)",
        "step_time": 0.008378267288208008
    },
    {
        "index": 25,
        "step": "unfolding bind_def det_def",
        "output": "",
        "raw_output": "proof (prove)\ngoal (1 subgoal):\n 1. \\<lbrakk>\\<forall>s. \\<exists>r. f s = {([], Result r)}; \\<forall>x s. \\<exists>r. g x s = {([], Result r)}\\<rbrakk> \\<Longrightarrow> \\<forall>s. \\<exists>r. (\\<Union>(xs, y)\\<in>f s. case_tmres {(xs, Failed)} {(xs, Incomplete)} (\\<lambda>(rv, s). (\\<lambda>(a, y). (a @ xs, y)) ` g rv s) y) = {([], Result r)}",
        "step_time": 0.007709026336669922
    },
    {
        "index": 26,
        "step": "apply (erule all_reg[rotated])",
        "output": "",
        "raw_output": "proof (prove)\ngoal (1 subgoal):\n 1. \\<forall>x s. \\<exists>r. g x s = {([], Result r)} \\<Longrightarrow> \\<forall>x. (\\<exists>r. f x = {([], Result r)}) \\<longrightarrow> (\\<exists>r. (\\<Union>(xs, y)\\<in>f x. case_tmres {(xs, Failed)} {(xs, Incomplete)} (\\<lambda>(rv, s). (\\<lambda>(a, y). (a @ xs, y)) ` g rv s) y) = {([], Result r)})",
        "step_time": 0.006078958511352539
    },
    {
        "index": 27,
        "step": "by clarsimp",
        "output": "",
        "raw_output": "",
        "step_time": 0.018320560455322266
    },
    {
        "index": 28,
        "step": "lemma det_modify[iff]:\n  \"det (modify f)\"",
        "output": "",
        "raw_output": "proof (prove)\ngoal (1 subgoal):\n 1. det (modify f)",
        "step_time": 0.007231712341308594
    },
    {
        "index": 29,
        "step": "by (simp add: modify_def)",
        "output": "",
        "raw_output": "",
        "step_time": 0.006366252899169922
    },
    {
        "index": 30,
        "step": "lemma the_run_stateI:\n  \"mres (M s) = {s'} \\<Longrightarrow> the_run_state M s = s'\"",
        "output": "",
        "raw_output": "proof (prove)\ngoal (1 subgoal):\n 1. mres (M s) = {s'} \\<Longrightarrow> the_run_state M s = s'",
        "step_time": 0.007988452911376953
    },
    {
        "index": 31,
        "step": "by (simp add: the_run_state_def)",
        "output": "",
        "raw_output": "",
        "step_time": 0.00677180290222168
    },
    {
        "index": 32,
        "step": "lemma the_run_state_det:\n  \"\\<lbrakk> s' \\<in> mres (M s); det M \\<rbrakk> \\<Longrightarrow> the_run_state M s = s'\"",
        "output": "",
        "raw_output": "proof (prove)\ngoal (1 subgoal):\n 1. \\<lbrakk>s' \\<in> mres (M s); det M\\<rbrakk> \\<Longrightarrow> the_run_state M s = s'",
        "step_time": 0.0302731990814209
    },
    {
        "index": 33,
        "step": "by (simp add: the_run_stateI det_set_iff)",
        "output": "",
        "raw_output": "",
        "step_time": 0.00884389877319336
    },
    {
        "index": 34,
        "step": "end",
        "output": "",
        "raw_output": "",
        "step_time": 0.005349397659301758
    }
]