[
    {
        "index": 0,
        "step": "(*\n * Copyright 2020, Data61, CSIRO (ABN 41 687 119 230)\n *\n * SPDX-License-Identifier: GPL-2.0-only\n *)\n(*<*)\n",
        "output": "",
        "raw_output": "",
        "step_time": 0.005437612533569336
    },
    {
        "index": 1,
        "step": "theory RPCFrom imports\n  \"CParser.CTranslation\"\n  \"AutoCorres.AutoCorres\"\nbegin",
        "output": "",
        "raw_output": "",
        "step_time": 0.005500078201293945
    },
    {
        "index": 2,
        "step": "\n\n(* THIS THEORY IS GENERATED. DO NOT EDIT. *)\n\n",
        "output": "",
        "raw_output": "",
        "step_time": 0.005082845687866211
    },
    {
        "index": 3,
        "step": "declare [[allow_underscore_idents=true]]",
        "output": "",
        "raw_output": "",
        "step_time": 0.006369590759277344
    },
    {
        "index": 4,
        "step": "external_file \"RPCFrom.c\"",
        "output": "",
        "raw_output": "",
        "step_time": 0.007048845291137695
    },
    {
        "index": 5,
        "step": "install_C_file \"RPCFrom.c\"",
        "output": "",
        "raw_output": "",
        "step_time": 51.12259840965271
    },
    {
        "index": 6,
        "step": "\n\n(* Use non-determinism instead of the standard option monad type stregthening and do not heap\n * abstract seL4_SetMR.\n *)\n",
        "output": "",
        "raw_output": "",
        "step_time": 0.297687292098999
    },
    {
        "index": 7,
        "step": "autocorres [ts_rules = nondet, no_heap_abs = seL4_SetMR] \"RPCFrom.c\"",
        "output": "",
        "raw_output": "",
        "step_time": 518.2588126659393
    },
    {
        "index": 8,
        "step": "context RPCFrom begin",
        "output": "",
        "raw_output": "",
        "step_time": 0.13507795333862305
    },
    {
        "index": 9,
        "step": "\n\n(* Repeated constants from C. *)\n",
        "output": "",
        "raw_output": "",
        "step_time": 0.006646633148193359
    },
    {
        "index": 10,
        "step": "abbreviation \"seL4_MsgMaxLength \\<equiv> 120\"",
        "output": "",
        "raw_output": "",
        "step_time": 0.010245800018310547
    },
    {
        "index": 11,
        "step": "\n\n(* Introduce this definition here so we can refer to it in the locale extension below. *)\n",
        "output": "",
        "raw_output": "",
        "step_time": 0.006749153137207031
    },
    {
        "index": 12,
        "step": "definition\n  seL4_SetMR_lifted' :: \"int \\<Rightarrow> word32 \\<Rightarrow> lifted_globals \\<Rightarrow> (unit \\<times> lifted_globals) set \\<times> bool\"\nwhere\n  \"seL4_SetMR_lifted' i val \\<equiv>\n   do\n     ret' \\<leftarrow> seL4_GetIPCBuffer';\n     guard (\\<lambda>s. i < seL4_MsgMaxLength);\n     guard (\\<lambda>s. 0 \\<le> i);\n     modify (\\<lambda>s. s \\<lparr>heap_seL4_IPCBuffer__C :=\n       (heap_seL4_IPCBuffer__C s)(ret' :=\n          msg_C_update (\\<lambda>a. Arrays.update a (nat i) val)\n             (heap_seL4_IPCBuffer__C s ret'))\n     \\<rparr>)\n  od\"",
        "output": "",
        "raw_output": "",
        "step_time": 0.03715109825134277
    },
    {
        "index": 13,
        "step": "end",
        "output": "",
        "raw_output": "",
        "step_time": 0.007236957550048828
    },
    {
        "index": 14,
        "step": "locale RPCFrom_glue = RPCFrom +\n  assumes seL4_SetMR_axiom: \"exec_concrete lift_global_heap (seL4_SetMR' i val) = seL4_SetMR_lifted' i val\"\n  assumes swi_safe_to_ignore[simplified, simp]:\n    \"asm_semantics_ok_to_ignore TYPE(nat) true (''swi '' @ x)\"\nbegin",
        "output": "",
        "raw_output": "",
        "step_time": 0.22374653816223145
    },
    {
        "index": 15,
        "step": "\n(*>*)\n\n",
        "output": "",
        "raw_output": "",
        "step_time": 0.007360935211181641
    },
    {
        "index": 16,
        "step": "chapter \\<open>Assumptions\\<close>",
        "output": "",
        "raw_output": "",
        "step_time": 0.006965160369873047
    },
    {
        "index": 17,
        "step": "text \\<open>\n  This chapter introduces some definitions for properties that we assume to be invariant across the\n  execution of user code. That is, the glue code lemmas in chapters that follow contain explicit\n  assumptions that the user code in a component preserves the properties given below.\n\n  Threads in seL4 communicate with one another via an Inter-Process Communication (IPC) mechanism\n  provided by the kernel. Each thread has an assigned IPC buffer, a region of memory in their\n  address space, that is taken by the kernel as an implicit parameter to any syscall. In an IPC\n  message that involves communication with another thread, the sender writes the transfer payload\n  to their IPC buffer before syscall invocation. CAmkES leverages this communication mechanism in\n  implementing its own primitives.\n\n  In seL4, the globals frame is a single page mapped read-only to userspace, whose first word\n  contains a pointer to the current thread's IPC buffer. The CAmkES glue code uses this to marshal\n  RPC arguments in to and out of the IPC buffer. For the glue code's operations to be valid, we\n  require the globals frame not to have been modified. We create the following two definitions as\n  shorthands for the globals frame still containing a valid pointer to the IPC buffer and the\n  pointed to buffer still being valid, typed memory, respectively.\n\\<close>",
        "output": "",
        "raw_output": "",
        "step_time": 0.008119344711303711
    },
    {
        "index": 18,
        "step": "definition\n  globals_frame_intact :: \"lifted_globals \\<Rightarrow> bool\"\nwhere\n  \"globals_frame_intact s \\<equiv>\n    is_valid_seL4_IPCBuffer__C'ptr s (Ptr (scast seL4_GlobalsFrame))\"",
        "output": "",
        "raw_output": "",
        "step_time": 0.03479886054992676
    },
    {
        "index": 19,
        "step": "definition\n  ipc_buffer_valid :: \"lifted_globals \\<Rightarrow> bool\"\nwhere\n  \"ipc_buffer_valid s \\<equiv> is_valid_seL4_IPCBuffer__C s\n    (heap_seL4_IPCBuffer__C'ptr s (Ptr (scast seL4_GlobalsFrame)))\"",
        "output": "",
        "raw_output": "",
        "step_time": 0.030794382095336914
    },
    {
        "index": 20,
        "step": "text \\<open>\n  One of the underlying tools we rely on does not currently fully abstract writes to arrays within\n  structs. The glue code performs such operations when writing to threads' IPC buffers, in the\n  function \\code{seL4\\_SetMR}. In order to work with a fully abstracted representation of these writes, we\n  provide the following abstract definition of the function and axiomatise its equivalence to the\n  partially abstracted representation we have. In future this axiomatisation will be removed and the\n  abstraction framework will emit the definition below and an accompanying proof of equivalence in\n  place of the axiom.\n\\<close>",
        "output": "",
        "raw_output": "",
        "step_time": 0.006616353988647461
    },
    {
        "index": 21,
        "step": "text \\<open>\\newpage\\<close>",
        "output": "",
        "raw_output": "",
        "step_time": 0.006585597991943359
    },
    {
        "index": 22,
        "step": "\n(* We repeat this definition because Isabelle's rendering of the original back to us via @{thm ...}\n * does not get formatted nicely. We use a different name in order not to interfere with any\n * following lemmas. Hopefully it won't confuse the reader.\n *)\n",
        "output": "",
        "raw_output": "",
        "step_time": 0.007035255432128906
    },
    {
        "index": 23,
        "step": "definition\n  seL4_SetMR_lifted\nwhere\n  \"seL4_SetMR_lifted i val \\<equiv>\n     do\n       ret' \\<leftarrow> seL4_GetIPCBuffer';\n       guard (\\<lambda>s. i < seL4_MsgMaxLength);\n       guard (\\<lambda>s. 0 \\<le> i);\n       modify (\\<lambda>s. s \\<lparr>heap_seL4_IPCBuffer__C :=\n         (heap_seL4_IPCBuffer__C s)(ret' :=\n            msg_C_update (\\<lambda>a. Arrays.update a (nat i) val)\n               (heap_seL4_IPCBuffer__C s ret'))\n       \\<rparr>)\n    od\"",
        "output": "",
        "raw_output": "",
        "step_time": 0.036191701889038086
    },
    {
        "index": 24,
        "step": "text \\<open>\n  The number of threads in a CAmkES component is dependent on the incoming and outgoing interfaces\n  to that component. Per-thread data is generated as part of the connector glue code, including\n  thread-local storage (TLS) variables. These variables are accessed via the current thread's TLS\n  region. The following definitions are later used to express assumptions that the TLS region of\n  the current thread has not been modified by intervening user code. In practice, non-malicious user\n  code should never modify the TLS region or any thread-local variables.\n\\<close>",
        "output": "",
        "raw_output": "",
        "step_time": 0.007181882858276367
    },
    {
        "index": 25,
        "step": "definition\n  tls_ptr :: \"lifted_globals \\<Rightarrow> camkes_tls_t_C ptr\"\nwhere\n  \"tls_ptr s \\<equiv> Ptr (ptr_val (heap_seL4_IPCBuffer__C'ptr s\n     (Ptr (scast seL4_GlobalsFrame))) && 0xFFFFF000)\"",
        "output": "",
        "raw_output": "",
        "step_time": 0.026324748992919922
    },
    {
        "index": 26,
        "step": "definition\n  tls :: \"lifted_globals \\<Rightarrow> camkes_tls_t_C\"\nwhere\n  \"tls s \\<equiv> heap_camkes_tls_t_C s (tls_ptr s)\"",
        "output": "",
        "raw_output": "",
        "step_time": 0.012037277221679688
    },
    {
        "index": 27,
        "step": "definition\n  tls_valid :: \"lifted_globals \\<Rightarrow> bool\"\nwhere\n  \"tls_valid s \\<equiv> is_valid_camkes_tls_t_C s (tls_ptr s)\"",
        "output": "",
        "raw_output": "",
        "step_time": 0.01647210121154785
    },
    {
        "index": 28,
        "step": "text \\<open>\n  We make a further assumption about the execution of the kernel on behalf of a user thread that is\n  explained in the next chapter.\n\\<close>",
        "output": "",
        "raw_output": "",
        "step_time": 0.005159854888916016
    },
    {
        "index": 29,
        "step": "chapter \\<open>System Calls\\<close>",
        "output": "",
        "raw_output": "",
        "step_time": 0.00489354133605957
    },
    {
        "index": 30,
        "step": "text \\<open>\n  A thread's IPC buffer contains a number of message registers that are used for transferring data\n  during an IPC operation. The following two definitions are used to abbreviate the operation of\n  setting a specific message register and setting the first four message registers, respectively.\n  We have a specific definition for setting the first four message registers because this is a\n  common operation performed by the seL4 syscall stubs (user-level kernel entry utility functions).\n\\<close>",
        "output": "",
        "raw_output": "",
        "step_time": 0.004800319671630859
    },
    {
        "index": 31,
        "step": "definition\n  setMR :: \"lifted_globals \\<Rightarrow> nat \\<Rightarrow> word32 \\<Rightarrow> lifted_globals\"\nwhere\n  \"setMR s i v \\<equiv>\n      s\\<lparr>heap_seL4_IPCBuffer__C := (heap_seL4_IPCBuffer__C s)\n        (heap_seL4_IPCBuffer__C'ptr s (Ptr (scast seL4_GlobalsFrame)) :=\n          msg_C_update (\\<lambda>a. Arrays.update a i v)\n            (heap_seL4_IPCBuffer__C s (heap_seL4_IPCBuffer__C'ptr s\n              (Ptr (scast seL4_GlobalsFrame)))))\\<rparr>\"",
        "output": "",
        "raw_output": "",
        "step_time": 0.03362846374511719
    },
    {
        "index": 32,
        "step": "definition\n  setMRs :: \"lifted_globals \\<Rightarrow> word32 \\<Rightarrow> word32 \\<Rightarrow>\n             word32 \\<Rightarrow> word32 \\<Rightarrow> lifted_globals\"\nwhere\n  \"setMRs s mr0 mr1 mr2 mr3 \\<equiv>\n    setMR (setMR (setMR (setMR s 0 mr0) 1 mr1) 2 mr2) 3 mr3\"",
        "output": "",
        "raw_output": "",
        "step_time": 0.03286623954772949
    },
    {
        "index": 33,
        "step": "text \\<open>\n  Before showing properties of the syscall stubs, we introduce some lemmas specifying the effect\n  of some seL4 supporting functions. The function \\code{seL4\\_GetIPCBuffer} returns a pointer to\n  the current thread's IPC buffer, while the functions \\code{seL4\\_SetMR} and \\code{seL4\\_GetMR}\n  write to and read from the message registers of the IPC buffer, respectively. The following\n  lemmas state their effects, and are used below in reasoning about the effect of the syscall stubs\n  themselves.\n\n  Some of these are tagged ``[wp\\_unsafe],'' which allows the wp tactic to hint to an\n  interactive user when it could have made further progress with this lemma available. These tags\n  are included for convenience when adapting or exploring a generated proof. The optional ``notes''\n  header of a lemma allows existing lemmas to be modified for the duration of the current proof.\n  The \\code{seL4\\_SetMR} proof uses this to make the axiom we discussed previously available to\n  Isabelle's simp tactic.\n\\<close>",
        "output": "",
        "raw_output": "",
        "step_time": 0.0052852630615234375
    },
    {
        "index": 34,
        "step": "text \\<open>\\newpage\\<close>",
        "output": "",
        "raw_output": "",
        "step_time": 0.004335880279541016
    },
    {
        "index": 35,
        "step": "lemma seL4_GetIPCBuffer_wp':\n  \"\\<forall>s'. \\<lbrace>\\<lambda>s. globals_frame_intact s \\<and>\n             s = s'\\<rbrace>\n         seL4_GetIPCBuffer'\n        \\<lbrace>\\<lambda>r s. r = heap_seL4_IPCBuffer__C'ptr s\n                 (Ptr (scast seL4_GlobalsFrame)) \\<and>\n               s = s'\\<rbrace>!\"",
        "output": "",
        "raw_output": "proof (prove)\ngoal (1 subgoal):\n 1. \\<forall>s'. \\<lbrace>\\<lambda>s. globals_frame_intact s \\<and> s = s'\\<rbrace> seL4_GetIPCBuffer' \\<lbrace>\\<lambda>r s. r = heap_seL4_IPCBuffer__C'ptr s (PTR(seL4_IPCBuffer__C ptr) (SCAST(32 signed \\<rightarrow> 32) seL4_GlobalsFrame)) \\<and> s = s'\\<rbrace>!",
        "step_time": 0.010094165802001953
    },
    {
        "index": 36,
        "step": "apply (rule allI)",
        "output": "",
        "raw_output": "proof (prove)\ngoal (1 subgoal):\n 1. \\<And>s'. \\<lbrace>\\<lambda>s. globals_frame_intact s \\<and> s = s'\\<rbrace> seL4_GetIPCBuffer' \\<lbrace>\\<lambda>r s. r = heap_seL4_IPCBuffer__C'ptr s (PTR(seL4_IPCBuffer__C ptr) (SCAST(32 signed \\<rightarrow> 32) seL4_GlobalsFrame)) \\<and> s = s'\\<rbrace>!",
        "step_time": 0.005674123764038086
    },
    {
        "index": 37,
        "step": "apply (simp add:seL4_GetIPCBuffer'_def)",
        "output": "",
        "raw_output": "proof (prove)\ngoal (1 subgoal):\n 1. \\<And>s'. \\<lbrace>\\<lambda>s. globals_frame_intact s \\<and> s = s'\\<rbrace> do y <- guard (\\<lambda>s. is_valid_seL4_IPCBuffer__C'ptr s (PTR(seL4_IPCBuffer__C ptr) (SCAST(32 signed \\<rightarrow> 32) seL4_GlobalsFrame)));\ngets (\\<lambda>s. heap_seL4_IPCBuffer__C'ptr s (PTR(seL4_IPCBuffer__C ptr) (SCAST(32 signed \\<rightarrow> 32) seL4_GlobalsFrame)))\nod \\<lbrace>\\<lambda>r s. r = heap_seL4_IPCBuffer__C'ptr s (PTR(seL4_IPCBuffer__C ptr) (SCAST(32 signed \\<rightarrow> 32) seL4_GlobalsFrame)) \\<and> s = s'\\<rbrace>!",
        "step_time": 0.011646270751953125
    },
    {
        "index": 38,
        "step": "apply wp",
        "output": "",
        "raw_output": "proof (prove)\ngoal (1 subgoal):\n 1. \\<And>s' s. globals_frame_intact s \\<and> s = s' \\<Longrightarrow> (heap_seL4_IPCBuffer__C'ptr s (PTR(seL4_IPCBuffer__C ptr) (SCAST(32 signed \\<rightarrow> 32) seL4_GlobalsFrame)) = heap_seL4_IPCBuffer__C'ptr s (PTR(seL4_IPCBuffer__C ptr) (SCAST(32 signed \\<rightarrow> 32) seL4_GlobalsFrame)) \\<and> s = s') \\<and> is_valid_seL4_IPCBuffer__C'ptr s (PTR(seL4_IPCBuffer__C ptr) (SCAST(32 signed \\<rightarrow> 32) seL4_GlobalsFrame))",
        "step_time": 0.010255098342895508
    },
    {
        "index": 39,
        "step": "apply (clarsimp simp:globals_frame_intact_def)",
        "output": "",
        "raw_output": "proof (prove)\ngoal:\nNo subgoals!",
        "step_time": 0.012804746627807617
    },
    {
        "index": 40,
        "step": "done",
        "output": "",
        "raw_output": "",
        "step_time": 0.0063250064849853516
    },
    {
        "index": 41,
        "step": "\n\n(*<*)\n",
        "output": "",
        "raw_output": "",
        "step_time": 0.004487752914428711
    },
    {
        "index": 42,
        "step": "lemmas seL4_GetIPCBuffer_wp[wp_unsafe] =\n  seL4_GetIPCBuffer_wp'[THEN validNF_make_schematic_post, simplified]",
        "output": "",
        "raw_output": "",
        "step_time": 0.018735170364379883
    },
    {
        "index": 43,
        "step": "\n(*>*)\n\n",
        "output": "",
        "raw_output": "",
        "step_time": 0.004708766937255859
    },
    {
        "index": 44,
        "step": "lemma seL4_SetMR_wp[wp_unsafe]:\n  notes seL4_SetMR_axiom[simp]\n  shows\n  \"\\<lbrace>\\<lambda>s. globals_frame_intact s \\<and>\n        ipc_buffer_valid s \\<and>\n        i \\<ge> 0 \\<and>\n        i < seL4_MsgMaxLength \\<and>\n        (\\<forall>x. P x (setMR s (nat i) v))\\<rbrace>\n    exec_concrete lift_global_heap (seL4_SetMR' i v)\n   \\<lbrace>P\\<rbrace>!\"",
        "output": "",
        "raw_output": "proof (prove)\ngoal (1 subgoal):\n 1. \\<lbrace>\\<lambda>s. globals_frame_intact s \\<and> ipc_buffer_valid s \\<and> 0 \\<le> i \\<and> i < 120 \\<and> (\\<forall>x. P x (setMR s (nat i) v))\\<rbrace> exec_concrete lift_global_heap (seL4_SetMR' i v) \\<lbrace>P\\<rbrace>!",
        "step_time": 0.01729893684387207
    },
    {
        "index": 45,
        "step": "apply (simp add:seL4_SetMR_lifted'_def)",
        "output": "",
        "raw_output": "proof (prove)\ngoal (1 subgoal):\n 1. \\<lbrace>\\<lambda>s. globals_frame_intact s \\<and> ipc_buffer_valid s \\<and> 0 \\<le> i \\<and> i < 120 \\<and> P () (setMR s (nat i) v)\\<rbrace> do ret' <- seL4_GetIPCBuffer';\ny <- guard (\\<lambda>s. i < 120);\ny <- guard (\\<lambda>s. 0 \\<le> i);\nmodify (\\<lambda>s. s\\<lparr>heap_seL4_IPCBuffer__C := (heap_seL4_IPCBuffer__C s)(ret' := msg_C_update (\\<lambda>a. Arrays.update a (nat i) v) (heap_seL4_IPCBuffer__C s ret'))\\<rparr>)\nod \\<lbrace>P\\<rbrace>!",
        "step_time": 0.018817663192749023
    },
    {
        "index": 46,
        "step": "apply (wp seL4_GetIPCBuffer_wp)",
        "output": "",
        "raw_output": "proof (prove)\ngoal (1 subgoal):\n 1. \\<And>s. globals_frame_intact s \\<and> ipc_buffer_valid s \\<and> 0 \\<le> i \\<and> i < 120 \\<and> P () (setMR s (nat i) v) \\<Longrightarrow> globals_frame_intact s \\<and> (P () (s\\<lparr>heap_seL4_IPCBuffer__C := (heap_seL4_IPCBuffer__C s)(heap_seL4_IPCBuffer__C'ptr s (PTR(seL4_IPCBuffer__C ptr) (SCAST(32 signed \\<rightarrow> 32) seL4_GlobalsFrame)) := msg_C_update (\\<lambda>a. Arrays.update a (nat i) v) (heap_seL4_IPCBuffer__C s (heap_seL4_IPCBuffer__C'ptr s (PTR(seL4_IPCBuffer__C ptr) (SCAST(32 signed \\<rightarrow> 32) seL4_GlobalsFrame)))))\\<rparr>) \\<and> 0 \\<le> i) \\<and> i < 120",
        "step_time": 0.02240467071533203
    },
    {
        "index": 47,
        "step": "apply (simp add:setMR_def globals_frame_intact_def ipc_buffer_valid_def)",
        "output": "",
        "raw_output": "proof (prove)\ngoal:\nNo subgoals!",
        "step_time": 0.00907754898071289
    },
    {
        "index": 48,
        "step": "done",
        "output": "",
        "raw_output": "",
        "step_time": 0.006101369857788086
    },
    {
        "index": 49,
        "step": "lemma seL4_GetMR_wp[wp_unsafe]:\n  \"\\<lbrace>\\<lambda>s. \\<forall>x. i \\<ge> 0 \\<and>\n            i < seL4_MsgMaxLength \\<and>\n            globals_frame_intact s \\<and>\n            ipc_buffer_valid s \\<and>\n            P x s\\<rbrace>\n    seL4_GetMR' i\n   \\<lbrace>P\\<rbrace>!\"",
        "output": "",
        "raw_output": "proof (prove)\ngoal (1 subgoal):\n 1. \\<lbrace>\\<lambda>s. \\<forall>x. 0 \\<le> i \\<and> i < 120 \\<and> globals_frame_intact s \\<and> ipc_buffer_valid s \\<and> P x s\\<rbrace> seL4_GetMR' i \\<lbrace>P\\<rbrace>!",
        "step_time": 0.013091087341308594
    },
    {
        "index": 50,
        "step": "apply (simp add:seL4_GetMR'_def)",
        "output": "",
        "raw_output": "proof (prove)\ngoal (1 subgoal):\n 1. \\<lbrace>\\<lambda>s. 0 \\<le> i \\<and> i < 120 \\<and> globals_frame_intact s \\<and> ipc_buffer_valid s \\<and> (\\<forall>x. P x s)\\<rbrace> do ret' <- seL4_GetIPCBuffer';\ny <- guard (\\<lambda>s. i < 120);\ny <- guard (\\<lambda>s. 0 \\<le> i);\ny <- guard (\\<lambda>s. is_valid_seL4_IPCBuffer__C s ret');\ngets (\\<lambda>s. msg_C (heap_seL4_IPCBuffer__C s ret').[unat (word_of_int i)])\nod \\<lbrace>P\\<rbrace>!",
        "step_time": 0.013289451599121094
    },
    {
        "index": 51,
        "step": "apply (wp seL4_GetIPCBuffer_wp)",
        "output": "",
        "raw_output": "proof (prove)\ngoal (1 subgoal):\n 1. \\<And>s. 0 \\<le> i \\<and> i < 120 \\<and> globals_frame_intact s \\<and> ipc_buffer_valid s \\<and> (\\<forall>x. P x s) \\<Longrightarrow> globals_frame_intact s \\<and> ((P (msg_C (heap_seL4_IPCBuffer__C s (heap_seL4_IPCBuffer__C'ptr s (PTR(seL4_IPCBuffer__C ptr) (SCAST(32 signed \\<rightarrow> 32) seL4_GlobalsFrame)))).[unat (word_of_int i)]) s \\<and> is_valid_seL4_IPCBuffer__C s (heap_seL4_IPCBuffer__C'ptr s (PTR(seL4_IPCBuffer__C ptr) (SCAST(32 signed \\<rightarrow> 32) seL4_GlobalsFrame)))) \\<and> 0 \\<le> i) \\<and> i < 120",
        "step_time": 0.014701366424560547
    },
    {
        "index": 52,
        "step": "apply (simp add:globals_frame_intact_def ipc_buffer_valid_def)",
        "output": "",
        "raw_output": "proof (prove)\ngoal:\nNo subgoals!",
        "step_time": 0.007013559341430664
    },
    {
        "index": 53,
        "step": "done",
        "output": "",
        "raw_output": "",
        "step_time": 0.005894899368286133
    },
    {
        "index": 54,
        "step": "text \\<open>\n  The C standard library provides a function, \\code{abort}, that is called by\n  the CAmkES glue code in the event of an unrecoverable error. We do not\n  provide a definition of the function itself and instead use the following\n  lemma to later prove that all invocations to \\code{abort} are dead code that\n  is never executed.\n\\<close>",
        "output": "",
        "raw_output": "",
        "step_time": 0.004678487777709961
    },
    {
        "index": 55,
        "step": "lemma abort_wp[wp]:\n  \"\\<lbrace>\\<lambda>_. False\\<rbrace> abort' \\<lbrace>P\\<rbrace>!\"",
        "output": "",
        "raw_output": "proof (prove)\ngoal (1 subgoal):\n 1. \\<lbrace>\\<lambda>_. False\\<rbrace> abort' \\<lbrace>P\\<rbrace>!",
        "step_time": 0.00749659538269043
    },
    {
        "index": 56,
        "step": "by (rule validNF_false_pre)",
        "output": "",
        "raw_output": "",
        "step_time": 0.005860090255737305
    },
    {
        "index": 57,
        "step": "text \\<open>\n  We now introduce lemmas specifying the behaviour of seL4 syscall stubs. These functions write\n  syscall arguments into hardware registers, perform an assembly instruction to enter the kernel\n  and then unpack the kernel's response. The following lemmas express that these invocations can\n  never fail. We only provide lemmas for the syscalls used by the CAmkES glue code.\n\\<close>",
        "output": "",
        "raw_output": "",
        "step_time": 0.004438161849975586
    },
    {
        "index": 58,
        "step": "lemma seL4_Call_wp[wp_unsafe]:\n  notes seL4_SetMR_wp[wp] seL4_GetMR_wp[wp]\n  shows\n  \"\\<lbrace>\\<lambda>s. globals_frame_intact s \\<and>\n        ipc_buffer_valid s \\<and>\n        (\\<forall>x v0 v1 v2 v3. P x (setMRs s v0 v1 v2 v3))\\<rbrace>\n    seL4_Call' cap info\n   \\<lbrace>P\\<rbrace>!\"",
        "output": "",
        "raw_output": "proof (prove)\ngoal (1 subgoal):\n 1. \\<lbrace>\\<lambda>s. globals_frame_intact s \\<and> ipc_buffer_valid s \\<and> (\\<forall>x v0 v1 v2 v3. P x (setMRs s v0 v1 v2 v3))\\<rbrace> seL4_Call' cap info \\<lbrace>P\\<rbrace>!",
        "step_time": 0.015091180801391602
    },
    {
        "index": 59,
        "step": "apply (simp add:seL4_Call'_def)",
        "output": "",
        "raw_output": "proof (prove)\ngoal (1 subgoal):\n 1. \\<lbrace>\\<lambda>s. globals_frame_intact s \\<and> ipc_buffer_valid s \\<and> (\\<forall>x v0 v1 v2 v3. P x (setMRs s v0 v1 v2 v3))\\<rbrace> do ret' <- seL4_GetMR' 0;\nret'a <- seL4_GetMR' 1;\nret'b <- seL4_GetMR' 2;\nret'c <- seL4_GetMR' 3;\ny <- exec_concrete lift_global_heap (seL4_SetMR' 0 ret');\ny <- exec_concrete lift_global_heap (seL4_SetMR' 1 ret'a);\ny <- exec_concrete lift_global_heap (seL4_SetMR' 2 ret'b);\ny <- exec_concrete lift_global_heap (seL4_SetMR' 3 ret'c);\nreturn info\nod \\<lbrace>P\\<rbrace>!",
        "step_time": 0.023522615432739258
    },
    {
        "index": 60,
        "step": "apply (wp seL4_GetIPCBuffer_wp)",
        "output": "",
        "raw_output": "proof (prove)\ngoal (1 subgoal):\n 1. \\<And>s. globals_frame_intact s \\<and> ipc_buffer_valid s \\<and> (\\<forall>x v0 v1 v2 v3. P x (setMRs s v0 v1 v2 v3)) \\<Longrightarrow> \\<forall>x. 0 \\<le> 0 \\<and> 0 < 120 \\<and> globals_frame_intact s \\<and> ipc_buffer_valid s \\<and> (\\<forall>xa. 0 \\<le> 1 \\<and> 1 < 120 \\<and> globals_frame_intact s \\<and> ipc_buffer_valid s \\<and> (\\<forall>xb. 0 \\<le> 2 \\<and> 2 < 120 \\<and> globals_frame_intact s \\<and> ipc_buffer_valid s \\<and> (\\<forall>xc. 0 \\<le> 3 \\<and> 3 < 120 \\<and> globals_frame_intact s \\<and> ipc_buffer_valid s \\<and> globals_frame_intact s \\<and> ipc_buffer_valid s \\<and> 0 \\<le> 0 \\<and> 0 < 120 \\<and> (\\<forall>xd. globals_frame_intact (setMR s (nat 0) x) \\<and> ipc_buffer_valid (setMR s (nat 0) x) \\<and> 0 \\<le> 1 \\<and> 1 < 120 \\<and> (\\<forall>xd. globals_frame_intact (setMR (setMR s (nat 0) x) (nat 1) xa) \\<and> ipc_buffer_valid (setMR (setMR s (nat 0) x) (nat 1) xa) \\<and> 0 \\<le> 2 \\<and> 2 < 120 \\<and> (\\<forall>xd. globals_frame_intact (setMR (setMR (setMR s (nat 0) x) (nat 1) xa) (nat 2) xb) \\<and> ipc_buffer_valid (setMR (setMR (setMR s (nat 0) x) (nat 1) xa) (nat 2) xb) \\<and> 0 \\<le> 3 \\<and> 3 < 120 \\<and> (\\<forall>xd. P info (setMR (setMR (setMR (setMR s (nat 0) x) (nat 1) xa) (nat 2) xb) (nat 3) xc))))))))",
        "step_time": 0.028514623641967773
    },
    {
        "index": 61,
        "step": "apply (simp add:globals_frame_intact_def ipc_buffer_valid_def setMRs_def\n                  setMR_def)",
        "output": "",
        "raw_output": "proof (prove)\ngoal:\nNo subgoals!",
        "step_time": 0.13526058197021484
    },
    {
        "index": 62,
        "step": "done",
        "output": "",
        "raw_output": "",
        "step_time": 0.006478309631347656
    },
    {
        "index": 63,
        "step": "\n(* The remaining syscall WP lemmas are irrelevant for the proofs in this locale, but we prove them\n * here so they appear in a logical location if we're building a document.\n *)\n",
        "output": "",
        "raw_output": "",
        "step_time": 0.004690408706665039
    },
    {
        "index": 64,
        "step": "lemma seL4_Notify_wp[wp_unsafe]:\n  \"\\<lbrace>\\<lambda>s. \\<forall>x. P x s\\<rbrace>\n    seL4_Notify' cap data\n   \\<lbrace>P\\<rbrace>!\"",
        "output": "",
        "raw_output": "proof (prove)\ngoal (1 subgoal):\n 1. \\<lbrace>\\<lambda>s. \\<forall>x. P x s\\<rbrace> seL4_Notify' cap data \\<lbrace>P\\<rbrace>!",
        "step_time": 0.008971214294433594
    },
    {
        "index": 65,
        "step": "apply (simp add:seL4_Notify'_def seL4_MessageInfo_new'_def)",
        "output": "",
        "raw_output": "proof (prove)\ngoal (1 subgoal):\n 1. \\<lbrace>P ()\\<rbrace> do seL4_MessageInfo___struct_seL4_MessageInfo_C <- unknown;\nguard (\\<lambda>s. True)\nod \\<lbrace>P\\<rbrace>!",
        "step_time": 0.024744272232055664
    },
    {
        "index": 66,
        "step": "apply wp",
        "output": "",
        "raw_output": "proof (prove)\ngoal (1 subgoal):\n 1. \\<And>s. P () s \\<Longrightarrow> \\<forall>x. P () s \\<and> True",
        "step_time": 0.008372306823730469
    },
    {
        "index": 67,
        "step": "apply simp",
        "output": "",
        "raw_output": "proof (prove)\ngoal:\nNo subgoals!",
        "step_time": 0.005457401275634766
    },
    {
        "index": 68,
        "step": "done",
        "output": "",
        "raw_output": "",
        "step_time": 0.005889892578125
    },
    {
        "index": 69,
        "step": "lemma seL4_Poll_wp[wp_unsafe]:\n  \"\\<lbrace>\\<lambda>s. globals_frame_intact s \\<and>\n        ipc_buffer_valid s \\<and>\n        (\\<forall>x b v0 v1 v2 v3. P x (heap_w32_update\n          (\\<lambda>a. a(badge := b)) (setMRs s v0 v1 v2 v3))) \\<and>\n        badge \\<noteq> NULL \\<and>\n        is_valid_w32 s badge\\<rbrace>\n    seL4_Poll' cap badge\n   \\<lbrace>P\\<rbrace>!\"",
        "output": "",
        "raw_output": "proof (prove)\ngoal (1 subgoal):\n 1. \\<lbrace>\\<lambda>s. globals_frame_intact s \\<and> ipc_buffer_valid s \\<and> (\\<forall>x b v0 v1 v2 v3. P x (heap_w32_update (\\<lambda>a. a(badge := b)) (setMRs s v0 v1 v2 v3))) \\<and> badge \\<noteq> NULL \\<and> is_valid_w32 s badge\\<rbrace> seL4_Poll' cap badge \\<lbrace>P\\<rbrace>!",
        "step_time": 0.01818227767944336
    },
    {
        "index": 70,
        "step": "apply (simp add:seL4_Poll'_def seL4_GetIPCBuffer'_def)",
        "output": "",
        "raw_output": "proof (prove)\ngoal (1 subgoal):\n 1. \\<lbrace>\\<lambda>s. globals_frame_intact s \\<and> ipc_buffer_valid s \\<and> (\\<forall>x b v0 v1 v2 v3. P x (heap_w32_update (\\<lambda>a. a(badge := b)) (setMRs s v0 v1 v2 v3))) \\<and> badge \\<noteq> NULL \\<and> is_valid_w32 s badge\\<rbrace> do info___struct_seL4_MessageInfo_C <- unknown;\nmsg0___unsigned <- unknown;\nmsg1___unsigned <- unknown;\nmsg2___unsigned <- unknown;\nmsg3___unsigned <- unknown;\ny <- exec_concrete lift_global_heap (seL4_SetMR' 0 msg0___unsigned);\ny <- exec_concrete lift_global_heap (seL4_SetMR' 1 msg1___unsigned);\ny <- exec_concrete lift_global_heap (seL4_SetMR' 2 msg2___unsigned);\ny <- exec_concrete lift_global_heap (seL4_SetMR' 3 msg3___unsigned);\ny <- when (badge \\<noteq> NULL) (do y <- guard (\\<lambda>s. is_valid_w32 s badge);\nmodify (heap_w32_update (\\<lambda>a. a(badge := cap)))\nod);\nreturn info___struct_seL4_MessageInfo_C\nod \\<lbrace>P\\<rbrace>!",
        "step_time": 0.03769373893737793
    },
    {
        "index": 71,
        "step": "apply (wp seL4_SetMR_wp)",
        "output": "",
        "raw_output": "proof (prove)\ngoal (1 subgoal):\n 1. \\<And>s. globals_frame_intact s \\<and> ipc_buffer_valid s \\<and> (\\<forall>x b v0 v1 v2 v3. P x (heap_w32_update (\\<lambda>a. a(badge := b)) (setMRs s v0 v1 v2 v3))) \\<and> badge \\<noteq> NULL \\<and> is_valid_w32 s badge \\<Longrightarrow> \\<forall>x xa xb xc xd. globals_frame_intact s \\<and> ipc_buffer_valid s \\<and> 0 \\<le> 0 \\<and> 0 < 120 \\<and> (\\<forall>xe. globals_frame_intact (setMR s (nat 0) xa) \\<and> ipc_buffer_valid (setMR s (nat 0) xa) \\<and> 0 \\<le> 1 \\<and> 1 < 120 \\<and> (\\<forall>xe. globals_frame_intact (setMR (setMR s (nat 0) xa) (nat 1) xb) \\<and> ipc_buffer_valid (setMR (setMR s (nat 0) xa) (nat 1) xb) \\<and> 0 \\<le> 2 \\<and> 2 < 120 \\<and> (\\<forall>xe. globals_frame_intact (setMR (setMR (setMR s (nat 0) xa) (nat 1) xb) (nat 2) xc) \\<and> ipc_buffer_valid (setMR (setMR (setMR s (nat 0) xa) (nat 1) xb) (nat 2) xc) \\<and> 0 \\<le> 3 \\<and> 3 < 120 \\<and> (\\<forall>xe. if badge \\<noteq> NULL then P x (heap_w32_update (\\<lambda>a. a(badge := cap)) (setMR (setMR (setMR (setMR s (nat 0) xa) (nat 1) xb) (nat 2) xc) (nat 3) xd)) \\<and> is_valid_w32 (setMR (setMR (setMR (setMR s (nat 0) xa) (nat 1) xb) (nat 2) xc) (nat 3) xd) badge else P x (setMR (setMR (setMR (setMR s (nat 0) xa) (nat 1) xb) (nat 2) xc) (nat 3) xd)))))",
        "step_time": 0.12425780296325684
    },
    {
        "index": 72,
        "step": "apply (simp add:globals_frame_intact_def ipc_buffer_valid_def setMRs_def\n                  setMR_def)",
        "output": "",
        "raw_output": "proof (prove)\ngoal:\nNo subgoals!",
        "step_time": 0.16106891632080078
    },
    {
        "index": 73,
        "step": "done",
        "output": "",
        "raw_output": "",
        "step_time": 0.008891582489013672
    },
    {
        "index": 74,
        "step": "text \\<open>\\newpage\\<close>",
        "output": "",
        "raw_output": "",
        "step_time": 0.004792928695678711
    },
    {
        "index": 75,
        "step": "lemma seL4_ReplyWait_wp[wp_unsafe]:\n  \"\\<lbrace>\\<lambda>s. globals_frame_intact s \\<and>\n        ipc_buffer_valid s \\<and>\n        (\\<forall>x v0 v1 v2 v3. P x (setMRs s v0 v1 v2 v3))\\<rbrace>\n    seL4_ReplyWait' cap info NULL\n   \\<lbrace>P\\<rbrace>!\"",
        "output": "",
        "raw_output": "proof (prove)\ngoal (1 subgoal):\n 1. \\<lbrace>\\<lambda>s. globals_frame_intact s \\<and> ipc_buffer_valid s \\<and> (\\<forall>x v0 v1 v2 v3. P x (setMRs s v0 v1 v2 v3))\\<rbrace> seL4_ReplyWait' cap info NULL \\<lbrace>P\\<rbrace>!",
        "step_time": 0.015602827072143555
    },
    {
        "index": 76,
        "step": "apply (simp add:seL4_ReplyWait'_def seL4_GetMR'_def)",
        "output": "",
        "raw_output": "proof (prove)\ngoal (1 subgoal):\n 1. \\<lbrace>\\<lambda>s. globals_frame_intact s \\<and> ipc_buffer_valid s \\<and> (\\<forall>x v0 v1 v2 v3. P x (setMRs s v0 v1 v2 v3))\\<rbrace> do ret' <- do ret' <- seL4_GetIPCBuffer';\ny <- guard (\\<lambda>s. is_valid_seL4_IPCBuffer__C s ret');\ngets (\\<lambda>s. msg_C (heap_seL4_IPCBuffer__C s ret').[0])\nod;\nret'a <- do ret' <- seL4_GetIPCBuffer';\ny <- guard (\\<lambda>s. is_valid_seL4_IPCBuffer__C s ret');\ngets (\\<lambda>s. msg_C (heap_seL4_IPCBuffer__C s ret').[Suc 0])\nod;\nret'b <- do ret' <- seL4_GetIPCBuffer';\ny <- guard (\\<lambda>s. is_valid_seL4_IPCBuffer__C s ret');\ngets (\\<lambda>s. msg_C (heap_seL4_IPCBuffer__C s ret').[2])\nod;\nret'c <- do ret' <- seL4_GetIPCBuffer';\ny <- guard (\\<lambda>s. is_valid_seL4_IPCBuffer__C s ret');\ngets (\\<lambda>s. msg_C (heap_seL4_IPCBuffer__C s ret').[3])\nod;\ny <- exec_concrete lift_global_heap (seL4_SetMR' 0 ret');\ny <- exec_concrete lift_global_heap (seL4_SetMR' 1 ret'a);\ny <- exec_concrete lift_global_heap (seL4_SetMR' 2 ret'b);\ny <- exec_concrete lift_global_heap (seL4_SetMR' 3 ret'c);\nreturn info\nod \\<lbrace>P\\<rbrace>!",
        "step_time": 0.05936884880065918
    },
    {
        "index": 77,
        "step": "apply (wp seL4_SetMR_wp seL4_GetIPCBuffer_wp)",
        "output": "",
        "raw_output": "proof (prove)\ngoal (1 subgoal):\n 1. \\<And>s. globals_frame_intact s \\<and> ipc_buffer_valid s \\<and> (\\<forall>x v0 v1 v2 v3. P x (setMRs s v0 v1 v2 v3)) \\<Longrightarrow> globals_frame_intact s \\<and> (globals_frame_intact s \\<and> (globals_frame_intact s \\<and> (globals_frame_intact s \\<and> (globals_frame_intact s \\<and> ipc_buffer_valid s \\<and> 0 \\<le> 0 \\<and> 0 < 120 \\<and> (\\<forall>x. globals_frame_intact (setMR s (nat 0) (msg_C (heap_seL4_IPCBuffer__C s (heap_seL4_IPCBuffer__C'ptr s (PTR(seL4_IPCBuffer__C ptr) (SCAST(32 signed \\<rightarrow> 32) seL4_GlobalsFrame)))).[0])) \\<and> ipc_buffer_valid (setMR s (nat 0) (msg_C (heap_seL4_IPCBuffer__C s (heap_seL4_IPCBuffer__C'ptr s (PTR(seL4_IPCBuffer__C ptr) (SCAST(32 signed \\<rightarrow> 32) seL4_GlobalsFrame)))).[0])) \\<and> 0 \\<le> 1 \\<and> 1 < 120 \\<and> (\\<forall>x. globals_frame_intact (setMR (setMR s (nat 0) (msg_C (heap_seL4_IPCBuffer__C s (heap_seL4_IPCBuffer__C'ptr s (PTR(seL4_IPCBuffer__C ptr) (SCAST(32 signed \\<rightarrow> 32) seL4_GlobalsFrame)))).[0])) (nat 1) (msg_C (heap_seL4_IPCBuffer__C s (heap_seL4_IPCBuffer__C'ptr s (PTR(seL4_IPCBuffer__C ptr) (SCAST(32 signed \\<rightarrow> 32) seL4_GlobalsFrame)))).[Suc 0])) \\<and> ipc_buffer_valid (setMR (setMR s (nat 0) (msg_C (heap_seL4_IPCBuffer__C s (heap_seL4_IPCBuffer__C'ptr s (PTR(seL4_IPCBuffer__C ptr) (SCAST(32 signed \\<rightarrow> 32) seL4_GlobalsFrame)))).[0])) (nat 1) (msg_C (heap_seL4_IPCBuffer__C s (heap_seL4_IPCBuffer__C'ptr s (PTR(seL4_IPCBuffer__C ptr) (SCAST(32 signed \\<rightarrow> 32) seL4_GlobalsFrame)))).[Suc 0])) \\<and> 0 \\<le> 2 \\<and> 2 < 120 \\<and> (\\<forall>x. globals_frame_intact (setMR (setMR (setMR s (nat 0) (msg_C (heap_seL4_IPCBuffer__C s (heap_seL4_IPCBuffer__C'ptr s (PTR(seL4_IPCBuffer__C ptr) (SCAST(32 signed \\<rightarrow> 32) seL4_GlobalsFrame)))).[0])) (nat 1) (msg_C (heap_seL4_IPCBuffer__C s (heap_seL4_IPCBuffer__C'ptr s (PTR(seL4_IPCBuffer__C ptr) (SCAST(32 signed \\<rightarrow> 32) seL4_GlobalsFrame)))).[Suc 0])) (nat 2) (msg_C (heap_seL4_IPCBuffer__C s (heap_seL4_IPCBuffer__C'ptr s (PTR(seL4_IPCBuffer__C ptr) (SCAST(32 signed \\<rightarrow> 32) seL4_GlobalsFrame)))).[2])) \\<and> ipc_buffer_valid (setMR (setMR (setMR s (nat 0) (msg_C (heap_seL4_IPCBuffer__C s (heap_seL4_IPCBuffer__C'ptr s (PTR(seL4_IPCBuffer__C ptr) (SCAST(32 signed \\<rightarrow> 32) seL4_GlobalsFrame)))).[0])) (nat 1) (msg_C (heap_seL4_IPCBuffer__C s (heap_seL4_IPCBuffer__C'ptr s (PTR(seL4_IPCBuffer__C ptr) (SCAST(32 signed \\<rightarrow> 32) seL4_GlobalsFrame)))).[Suc 0])) (nat 2) (msg_C (heap_seL4_IPCBuffer__C s (heap_seL4_IPCBuffer__C'ptr s (PTR(seL4_IPCBuffer__C ptr) (SCAST(32 signed \\<rightarrow> 32) seL4_GlobalsFrame)))).[2])) \\<and> 0 \\<le> 3 \\<and> 3 < 120 \\<and> (\\<forall>x. P info (setMR (setMR (setMR (setMR s (nat 0) (msg_C (heap_seL4_IPCBuffer__C s (heap_seL4_IPCBuffer__C'ptr s (PTR(seL4_IPCBuffer__C ptr) (SCAST(32 signed \\<rightarrow> 32) seL4_GlobalsFrame)))).[0])) (nat 1) (msg_C (heap_seL4_IPCBuffer__C s (heap_seL4_IPCBuffer__C'ptr s (PTR(seL4_IPCBuffer__C ptr) (SCAST(32 signed \\<rightarrow> 32) seL4_GlobalsFrame)))).[Suc 0])) (nat 2) (msg_C (heap_seL4_IPCBuffer__C s (heap_seL4_IPCBuffer__C'ptr s (PTR(seL4_IPCBuffer__C ptr) (SCAST(32 signed \\<rightarrow> 32) seL4_GlobalsFrame)))).[2])) (nat 3) (msg_C (heap_seL4_IPCBuffer__C s (heap_seL4_IPCBuffer__C'ptr s (PTR(seL4_IPCBuffer__C ptr) (SCAST(32 signed \\<rightarrow> 32) seL4_GlobalsFrame)))).[3]))))))) \\<and> is_valid_seL4_IPCBuffer__C s (heap_seL4_IPCBuffer__C'ptr s (PTR(seL4_IPCBuffer__C ptr) (SCAST(32 signed \\<rightarrow> 32) seL4_GlobalsFrame)))) \\<and> is_valid_seL4_IPCBuffer__C s (heap_seL4_IPCBuffer__C'ptr s (PTR(seL4_IPCBuffer__C ptr) (SCAST(32 signed \\<rightarrow> 32) seL4_GlobalsFrame)))) \\<and> is_valid_seL4_IPCBuffer__C s (heap_seL4_IPCBuffer__C'ptr s (PTR(seL4_IPCBuffer__C ptr) (SCAST(32 signed \\<rightarrow> 32) seL4_GlobalsFrame)))) \\<and> is_valid_seL4_IPCBuffer__C s (heap_seL4_IPCBuffer__C'ptr s (PTR(seL4_IPCBuffer__C ptr) (SCAST(32 signed \\<rightarrow> 32) seL4_GlobalsFrame)))",
        "step_time": 0.06365823745727539
    },
    {
        "index": 78,
        "step": "apply (simp add:globals_frame_intact_def ipc_buffer_valid_def setMRs_def\n                  setMR_def)",
        "output": "",
        "raw_output": "proof (prove)\ngoal:\nNo subgoals!",
        "step_time": 0.1364736557006836
    },
    {
        "index": 79,
        "step": "done",
        "output": "",
        "raw_output": "",
        "step_time": 0.007515907287597656
    },
    {
        "index": 80,
        "step": "lemma seL4_Wait_wp[wp_unsafe]:\n  \"\\<lbrace>\\<lambda>s. globals_frame_intact s \\<and>\n        ipc_buffer_valid s \\<and>\n        (\\<forall>x v0 v1 v2 v3. P x (setMRs s v0 v1 v2 v3))\\<rbrace>\n    seL4_Wait' cap NULL\n   \\<lbrace>P\\<rbrace>!\"",
        "output": "",
        "raw_output": "proof (prove)\ngoal (1 subgoal):\n 1. \\<lbrace>\\<lambda>s. globals_frame_intact s \\<and> ipc_buffer_valid s \\<and> (\\<forall>x v0 v1 v2 v3. P x (setMRs s v0 v1 v2 v3))\\<rbrace> seL4_Wait' cap NULL \\<lbrace>P\\<rbrace>!",
        "step_time": 0.016144514083862305
    },
    {
        "index": 81,
        "step": "apply (simp add:seL4_Wait'_def)",
        "output": "",
        "raw_output": "proof (prove)\ngoal (1 subgoal):\n 1. \\<lbrace>\\<lambda>s. globals_frame_intact s \\<and> ipc_buffer_valid s \\<and> (\\<forall>x v0 v1 v2 v3. P x (setMRs s v0 v1 v2 v3))\\<rbrace> do info___struct_seL4_MessageInfo_C <- unknown;\nmsg0___unsigned <- unknown;\nmsg1___unsigned <- unknown;\nmsg2___unsigned <- unknown;\nmsg3___unsigned <- unknown;\ny <- exec_concrete lift_global_heap (seL4_SetMR' 0 msg0___unsigned);\ny <- exec_concrete lift_global_heap (seL4_SetMR' 1 msg1___unsigned);\ny <- exec_concrete lift_global_heap (seL4_SetMR' 2 msg2___unsigned);\ny <- exec_concrete lift_global_heap (seL4_SetMR' 3 msg3___unsigned);\nreturn info___struct_seL4_MessageInfo_C\nod \\<lbrace>P\\<rbrace>!",
        "step_time": 0.02261066436767578
    },
    {
        "index": 82,
        "step": "apply (wp seL4_SetMR_wp)",
        "output": "",
        "raw_output": "proof (prove)\ngoal (1 subgoal):\n 1. \\<And>s. globals_frame_intact s \\<and> ipc_buffer_valid s \\<and> (\\<forall>x v0 v1 v2 v3. P x (setMRs s v0 v1 v2 v3)) \\<Longrightarrow> \\<forall>x xa xb xc xd. globals_frame_intact s \\<and> ipc_buffer_valid s \\<and> 0 \\<le> 0 \\<and> 0 < 120 \\<and> (\\<forall>xe. globals_frame_intact (setMR s (nat 0) xa) \\<and> ipc_buffer_valid (setMR s (nat 0) xa) \\<and> 0 \\<le> 1 \\<and> 1 < 120 \\<and> (\\<forall>xe. globals_frame_intact (setMR (setMR s (nat 0) xa) (nat 1) xb) \\<and> ipc_buffer_valid (setMR (setMR s (nat 0) xa) (nat 1) xb) \\<and> 0 \\<le> 2 \\<and> 2 < 120 \\<and> (\\<forall>xe. globals_frame_intact (setMR (setMR (setMR s (nat 0) xa) (nat 1) xb) (nat 2) xc) \\<and> ipc_buffer_valid (setMR (setMR (setMR s (nat 0) xa) (nat 1) xb) (nat 2) xc) \\<and> 0 \\<le> 3 \\<and> 3 < 120 \\<and> (\\<forall>xe. P x (setMR (setMR (setMR (setMR s (nat 0) xa) (nat 1) xb) (nat 2) xc) (nat 3) xd)))))",
        "step_time": 0.03322434425354004
    },
    {
        "index": 83,
        "step": "apply (simp add:globals_frame_intact_def ipc_buffer_valid_def setMRs_def\n                  setMR_def)",
        "output": "",
        "raw_output": "proof (prove)\ngoal:\nNo subgoals!",
        "step_time": 0.13492035865783691
    },
    {
        "index": 84,
        "step": "done",
        "output": "",
        "raw_output": "",
        "step_time": 0.0063397884368896484
    },
    {
        "index": 85,
        "step": "text \\<open>\n  It should be noted that each of these proofs about a system call stub implicitly assumes that the\n  execution of the kernel itself has no effect on the user state. Obviously this is not true in\n  practice or components would not be able to communicate via IPC. For now, the actual behaviour of\n  the kernel is not required to show safe execution of the glue code. Further functional\n  correctness proofs in future will involve a semantics of the kernel's execution and its effect on\n  the user state.\n\\<close>",
        "output": "",
        "raw_output": "",
        "step_time": 0.003803253173828125
    },
    {
        "index": 86,
        "step": "\n\n(*<*)\n\n",
        "output": "",
        "raw_output": "",
        "step_time": 0.0034918785095214844
    },
    {
        "index": 87,
        "step": "definition\n  thread_count :: word32\nwhere\n  \"thread_count \\<equiv> 2\"",
        "output": "",
        "raw_output": "",
        "step_time": 0.03077554702758789
    },
    {
        "index": 88,
        "step": "\n\n(* Any array parameters will have caused a TLS array to be generated. Prove a WP lemma for each\n * here.\n *)\n\n(*>*)\n\n",
        "output": "",
        "raw_output": "",
        "step_time": 0.0038042068481445312
    },
    {
        "index": 89,
        "step": "chapter \\<open>RPC Send\\<close>",
        "output": "",
        "raw_output": "",
        "step_time": 0.0041921138763427734
    },
    {
        "index": 90,
        "step": "\n(*<*)\n(* This lemma captures the safety of the RPCFrom__run function\n * which is invoked on startup in this glue code. It is excluded from the final document because\n * the function itself is trivial and the proof uninteresting.\n *)\n",
        "output": "",
        "raw_output": "",
        "step_time": 0.004096269607543945
    },
    {
        "index": 91,
        "step": "lemma RPCFrom_run_nf: \"\\<lbrace>\\<lambda>s. \\<forall>r. P r s\\<rbrace> RPCFrom__run' \\<lbrace>P\\<rbrace>!\"",
        "output": "",
        "raw_output": "proof (prove)\ngoal (1 subgoal):\n 1. \\<lbrace>\\<lambda>s. \\<forall>r. P r s\\<rbrace> RPCFrom__run' \\<lbrace>P\\<rbrace>!",
        "step_time": 0.007597446441650391
    },
    {
        "index": 92,
        "step": "apply (simp add: RPCFrom__run'_def)",
        "output": "",
        "raw_output": "proof (prove)\ngoal (1 subgoal):\n 1. \\<lbrace>\\<lambda>s. \\<forall>r. P r s\\<rbrace> return 0 \\<lbrace>P\\<rbrace>!",
        "step_time": 0.005153179168701172
    },
    {
        "index": 93,
        "step": "apply wp",
        "output": "",
        "raw_output": "proof (prove)\ngoal (1 subgoal):\n 1. \\<And>s. \\<forall>r. P r s \\<Longrightarrow> P 0 s",
        "step_time": 0.009766101837158203
    },
    {
        "index": 94,
        "step": "apply simp",
        "output": "",
        "raw_output": "proof (prove)\ngoal:\nNo subgoals!",
        "step_time": 0.0048007965087890625
    },
    {
        "index": 95,
        "step": "done",
        "output": "",
        "raw_output": "",
        "step_time": 0.005247354507446289
    },
    {
        "index": 96,
        "step": "\n(*>*)\n\n",
        "output": "",
        "raw_output": "",
        "step_time": 0.003693103790283203
    },
    {
        "index": 97,
        "step": "text \\<open>\n  Having introduced supporting lemmas, we are now in a position to express the safety of the CAmkES\n  glue code itself. The lemmas and proofs in this chapter are generated from the following CAmkES\n  interface definition:\n  \\camkeslisting{simple.camkes}\n  This describes a CAmkES procedural interface containing six methods. To give some idea of what\n  the code for this procedure looks like, the generated implementation of the first method follows.\n  \\clisting{from-echo-int.c}\n\n  We generate a proof for each\n  method that the generated glue code does not fail. The purpose of these six is to\n  demonstrate that proof generation generalises across the various CAmkES data types and\n  parameter combinations. The same generation logic produces a proof for word-sized parameters\n  (e.g. \\code{int}), parameters smaller than a word (e.g. \\code{char}) and parameters greater than\n  a word (e.g. \\code{uint64\\_t}). Similarly the generation logic handles input, output and\n  bidirectional parameters, as well as methods with and without a return value.\n\n  The proofs themselves state that the glue code obeys the C99 standard and that, when invoked, it\n  consistently terminates (returns to the user) and does not reference invalid memory. The\n  assumptions are the properties of the globals frame and TLS region discussed previously and,\n  where relevant, that any pointers passed to the glue code can be safely dereferenced.\n\\<close>",
        "output": "",
        "raw_output": "",
        "step_time": 0.004530906677246094
    },
    {
        "index": 98,
        "step": "lemma RPCFrom_echo_int_nf:\n  notes seL4_SetMR_wp[wp] seL4_GetMR_wp[wp]\n  shows\n  \"\\<lbrace>\\<lambda>s0'. globals_frame_intact s0' \\<and>\n          ipc_buffer_valid s0'\\<rbrace>\n   RPCFrom_echo_int' i\n  \\<lbrace>\\<lambda>_ s0'. globals_frame_intact s0' \\<and>\n           ipc_buffer_valid s0'\\<rbrace>!\"",
        "output": "",
        "raw_output": "proof (prove)\ngoal (1 subgoal):\n 1. \\<lbrace>\\<lambda>s0'. globals_frame_intact s0' \\<and> ipc_buffer_valid s0'\\<rbrace> RPCFrom_echo_int' i \\<lbrace>\\<lambda>_ s0'. globals_frame_intact s0' \\<and> ipc_buffer_valid s0'\\<rbrace>!",
        "step_time": 0.009988546371459961
    },
    {
        "index": 99,
        "step": "apply (simp add:RPCFrom_echo_int'_def)",
        "output": "",
        "raw_output": "proof (prove)\ngoal (1 subgoal):\n 1. \\<lbrace>\\<lambda>s0'. globals_frame_intact s0' \\<and> ipc_buffer_valid s0'\\<rbrace> do y <- exec_concrete lift_global_heap (seL4_SetMR' 0 0);\ny <- exec_concrete lift_global_heap (seL4_SetMR' 1 (word_of_int i));\nret' <- seL4_MessageInfo_new' 0 0 0 2;\nret' <- seL4_Call' 6 ret';\nret' <- seL4_GetMR' 0;\nreturn (sint (UCAST(32 \\<rightarrow> 32 signed) ret'))\nod \\<lbrace>\\<lambda>_ s0'. globals_frame_intact s0' \\<and> ipc_buffer_valid s0'\\<rbrace>!",
        "step_time": 0.018455028533935547
    },
    {
        "index": 100,
        "step": "apply (wp seL4_Call_wp)",
        "output": "",
        "raw_output": "proof (prove)\ngoal (4 subgoals):\n 1. \\<And>x y. \\<lbrace>?B5 x y\\<rbrace> seL4_MessageInfo_new' 0 0 0 2 \\<lbrace>\\<lambda>ret' s. globals_frame_intact s \\<and> ipc_buffer_valid s \\<and> (\\<forall>x v0 v1 v2 v3 xa. 0 \\<le> 0 \\<and> 0 < 120 \\<and> globals_frame_intact (setMRs s v0 v1 v2 v3) \\<and> ipc_buffer_valid (setMRs s v0 v1 v2 v3) \\<and> globals_frame_intact (setMRs s v0 v1 v2 v3) \\<and> ipc_buffer_valid (setMRs s v0 v1 v2 v3))\\<rbrace>!\n 2. \\<And>x. \\<lbrace>?B4 x\\<rbrace> exec_concrete lift_global_heap (seL4_SetMR' 1 (word_of_int i)) \\<lbrace>?B5 x\\<rbrace>!\n 3. \\<lbrace>?Q3\\<rbrace> exec_concrete lift_global_heap (seL4_SetMR' 0 0) \\<lbrace>?B4\\<rbrace>!\n 4. \\<And>s. globals_frame_intact s \\<and> ipc_buffer_valid s \\<Longrightarrow> ?Q3 s",
        "step_time": 0.018050432205200195
    },
    {
        "index": 101,
        "step": "apply (simp add:seL4_MessageInfo_new'_def)",
        "output": "",
        "raw_output": "proof (prove)\ngoal (4 subgoals):\n 1. \\<lbrace>?B5 () ()\\<rbrace> do seL4_MessageInfo___struct_seL4_MessageInfo_C <- unknown;\nreturn (seL4_MessageInfo_C.words_C_update (\\<lambda>x. Arrays.update (seL4_MessageInfo_C.words_C seL4_MessageInfo___struct_seL4_MessageInfo_C) 0 2) seL4_MessageInfo___struct_seL4_MessageInfo_C)\nod \\<lbrace>\\<lambda>ret' s. globals_frame_intact s \\<and> ipc_buffer_valid s \\<and> (\\<forall>v0 v1 v2 v3. globals_frame_intact (setMRs s v0 v1 v2 v3) \\<and> ipc_buffer_valid (setMRs s v0 v1 v2 v3) \\<and> globals_frame_intact (setMRs s v0 v1 v2 v3) \\<and> ipc_buffer_valid (setMRs s v0 v1 v2 v3))\\<rbrace>!\n 2. \\<And>x. \\<lbrace>?B4 x\\<rbrace> exec_concrete lift_global_heap (seL4_SetMR' 1 (word_of_int i)) \\<lbrace>?B5 x\\<rbrace>!\n 3. \\<lbrace>?Q3\\<rbrace> exec_concrete lift_global_heap (seL4_SetMR' 0 0) \\<lbrace>?B4\\<rbrace>!\n 4. \\<And>s. globals_frame_intact s \\<and> ipc_buffer_valid s \\<Longrightarrow> ?Q3 s",
        "step_time": 0.018027782440185547
    },
    {
        "index": 102,
        "step": "apply wp+",
        "output": "",
        "raw_output": "proof (prove)\ngoal (1 subgoal):\n 1. \\<And>s. globals_frame_intact s \\<and> ipc_buffer_valid s \\<Longrightarrow> globals_frame_intact s \\<and> ipc_buffer_valid s \\<and> 0 \\<le> 0 \\<and> 0 < 120 \\<and> (\\<forall>x. globals_frame_intact (setMR s (nat 0) 0) \\<and> ipc_buffer_valid (setMR s (nat 0) 0) \\<and> 0 \\<le> 1 \\<and> 1 < 120 \\<and> (\\<forall>x xa. globals_frame_intact (setMR (setMR s (nat 0) 0) (nat 1) (word_of_int i)) \\<and> ipc_buffer_valid (setMR (setMR s (nat 0) 0) (nat 1) (word_of_int i)) \\<and> (\\<forall>v0 v1 v2 v3. globals_frame_intact (setMRs (setMR (setMR s (nat 0) 0) (nat 1) (word_of_int i)) v0 v1 v2 v3) \\<and> ipc_buffer_valid (setMRs (setMR (setMR s (nat 0) 0) (nat 1) (word_of_int i)) v0 v1 v2 v3) \\<and> globals_frame_intact (setMRs (setMR (setMR s (nat 0) 0) (nat 1) (word_of_int i)) v0 v1 v2 v3) \\<and> ipc_buffer_valid (setMRs (setMR (setMR s (nat 0) 0) (nat 1) (word_of_int i)) v0 v1 v2 v3))))",
        "step_time": 0.028552770614624023
    },
    {
        "index": 103,
        "step": "apply (simp add:globals_frame_intact_def ipc_buffer_valid_def\n                  setMRs_def setMR_def)",
        "output": "",
        "raw_output": "proof (prove)\ngoal:\nNo subgoals!",
        "step_time": 0.21239209175109863
    },
    {
        "index": 104,
        "step": "done",
        "output": "",
        "raw_output": "",
        "step_time": 0.006065845489501953
    },
    {
        "index": 105,
        "step": "lemma RPCFrom_echo_parameter_nf:\n  notes seL4_SetMR_wp[wp] seL4_GetMR_wp[wp]\n  shows\n  \"\\<lbrace>\\<lambda>s1'. globals_frame_intact s1' \\<and>\n          is_valid_w32 s1' (ptr_coerce pout) \\<and>\n          ipc_buffer_valid s1'\\<rbrace>\n   RPCFrom_echo_parameter' pin pout\n  \\<lbrace>\\<lambda>_ s1'. globals_frame_intact s1' \\<and>\n           is_valid_w32 s1' (ptr_coerce pout) \\<and>\n           ipc_buffer_valid s1'\\<rbrace>!\"",
        "output": "",
        "raw_output": "proof (prove)\ngoal (1 subgoal):\n 1. \\<lbrace>\\<lambda>s1'. globals_frame_intact s1' \\<and> is_valid_w32 s1' (PTR_COERCE(32 signed word \\<rightarrow> 32 word) pout) \\<and> ipc_buffer_valid s1'\\<rbrace> RPCFrom_echo_parameter' pin pout \\<lbrace>\\<lambda>_ s1'. globals_frame_intact s1' \\<and> is_valid_w32 s1' (PTR_COERCE(32 signed word \\<rightarrow> 32 word) pout) \\<and> ipc_buffer_valid s1'\\<rbrace>!",
        "step_time": 0.013275623321533203
    },
    {
        "index": 106,
        "step": "apply (simp add:RPCFrom_echo_parameter'_def)",
        "output": "",
        "raw_output": "proof (prove)\ngoal (1 subgoal):\n 1. \\<lbrace>\\<lambda>s1'. globals_frame_intact s1' \\<and> is_valid_w32 s1' (PTR_COERCE(32 signed word \\<rightarrow> 32 word) pout) \\<and> ipc_buffer_valid s1'\\<rbrace> do y <- exec_concrete lift_global_heap (seL4_SetMR' 0 1);\ny <- exec_concrete lift_global_heap (seL4_SetMR' 1 (word_of_int pin));\nret' <- seL4_MessageInfo_new' 0 0 0 2;\nret' <- seL4_Call' 6 ret';\nret' <- seL4_GetMR' 0;\nret'a <- seL4_GetMR' 1;\ny <- guard (\\<lambda>s. is_valid_w32 s (PTR_COERCE(32 signed word \\<rightarrow> 32 word) pout));\ny <- modify (heap_w32_update (\\<lambda>a. a(PTR_COERCE(32 signed word \\<rightarrow> 32 word) pout := ret'a)));\nreturn (sint (UCAST(32 \\<rightarrow> 32 signed) ret'))\nod \\<lbrace>\\<lambda>_ s1'. globals_frame_intact s1' \\<and> is_valid_w32 s1' (PTR_COERCE(32 signed word \\<rightarrow> 32 word) pout) \\<and> ipc_buffer_valid s1'\\<rbrace>!",
        "step_time": 0.02529311180114746
    },
    {
        "index": 107,
        "step": "apply (wp seL4_Call_wp)",
        "output": "",
        "raw_output": "proof (prove)\ngoal (4 subgoals):\n 1. \\<And>x y. \\<lbrace>?B5 x y\\<rbrace> seL4_MessageInfo_new' 0 0 0 2 \\<lbrace>\\<lambda>ret' s. globals_frame_intact s \\<and> ipc_buffer_valid s \\<and> (\\<forall>x v0 v1 v2 v3 xa. 0 \\<le> 0 \\<and> 0 < 120 \\<and> globals_frame_intact (setMRs s v0 v1 v2 v3) \\<and> ipc_buffer_valid (setMRs s v0 v1 v2 v3) \\<and> (\\<forall>x. 0 \\<le> 1 \\<and> 1 < 120 \\<and> globals_frame_intact (setMRs s v0 v1 v2 v3) \\<and> ipc_buffer_valid (setMRs s v0 v1 v2 v3) \\<and> (globals_frame_intact (heap_w32_update (\\<lambda>a. a(PTR_COERCE(32 signed word \\<rightarrow> 32 word) pout := x)) (setMRs s v0 v1 v2 v3)) \\<and> is_valid_w32 (heap_w32_update (\\<lambda>a. a(PTR_COERCE(32 signed word \\<rightarrow> 32 word) pout := x)) (setMRs s v0 v1 v2 v3)) (PTR_COERCE(32 signed word \\<rightarrow> 32 word) pout) \\<and> ipc_buffer_valid (heap_w32_update (\\<lambda>a. a(PTR_COERCE(32 signed word \\<rightarrow> 32 word) pout := x)) (setMRs s v0 v1 v2 v3))) \\<and> is_valid_w32 (setMRs s v0 v1 v2 v3) (PTR_COERCE(32 signed word \\<rightarrow> 32 word) pout)))\\<rbrace>!\n 2. \\<And>x. \\<lbrace>?B4 x\\<rbrace> exec_concrete lift_global_heap (seL4_SetMR' 1 (word_of_int pin)) \\<lbrace>?B5 x\\<rbrace>!\n 3. \\<lbrace>?Q3\\<rbrace> exec_concrete lift_global_heap (seL4_SetMR' 0 1) \\<lbrace>?B4\\<rbrace>!\n 4. \\<And>s. globals_frame_intact s \\<and> is_valid_w32 s (PTR_COERCE(32 signed word \\<rightarrow> 32 word) pout) \\<and> ipc_buffer_valid s \\<Longrightarrow> ?Q3 s",
        "step_time": 0.02961444854736328
    },
    {
        "index": 108,
        "step": "apply (simp add:seL4_MessageInfo_new'_def)",
        "output": "",
        "raw_output": "proof (prove)\ngoal (4 subgoals):\n 1. \\<lbrace>?B5 () ()\\<rbrace> do seL4_MessageInfo___struct_seL4_MessageInfo_C <- unknown;\nreturn (seL4_MessageInfo_C.words_C_update (\\<lambda>x. Arrays.update (seL4_MessageInfo_C.words_C seL4_MessageInfo___struct_seL4_MessageInfo_C) 0 2) seL4_MessageInfo___struct_seL4_MessageInfo_C)\nod \\<lbrace>\\<lambda>ret' s. globals_frame_intact s \\<and> ipc_buffer_valid s \\<and> (\\<forall>v0 v1 v2 v3. globals_frame_intact (setMRs s v0 v1 v2 v3) \\<and> ipc_buffer_valid (setMRs s v0 v1 v2 v3) \\<and> globals_frame_intact (setMRs s v0 v1 v2 v3) \\<and> ipc_buffer_valid (setMRs s v0 v1 v2 v3) \\<and> (\\<forall>x. globals_frame_intact (heap_w32_update (\\<lambda>a. a(PTR_COERCE(32 signed word \\<rightarrow> 32 word) pout := x)) (setMRs s v0 v1 v2 v3)) \\<and> is_valid_w32 (setMRs s v0 v1 v2 v3) (PTR_COERCE(32 signed word \\<rightarrow> 32 word) pout) \\<and> ipc_buffer_valid (heap_w32_update (\\<lambda>a. a(PTR_COERCE(32 signed word \\<rightarrow> 32 word) pout := x)) (setMRs s v0 v1 v2 v3)) \\<and> is_valid_w32 (setMRs s v0 v1 v2 v3) (PTR_COERCE(32 signed word \\<rightarrow> 32 word) pout)))\\<rbrace>!\n 2. \\<And>x. \\<lbrace>?B4 x\\<rbrace> exec_concrete lift_global_heap (seL4_SetMR' 1 (word_of_int pin)) \\<lbrace>?B5 x\\<rbrace>!\n 3. \\<lbrace>?Q3\\<rbrace> exec_concrete lift_global_heap (seL4_SetMR' 0 1) \\<lbrace>?B4\\<rbrace>!\n 4. \\<And>s. globals_frame_intact s \\<and> is_valid_w32 s (PTR_COERCE(32 signed word \\<rightarrow> 32 word) pout) \\<and> ipc_buffer_valid s \\<Longrightarrow> ?Q3 s",
        "step_time": 0.02181553840637207
    },
    {
        "index": 109,
        "step": "apply wp+",
        "output": "",
        "raw_output": "proof (prove)\ngoal (1 subgoal):\n 1. \\<And>s. globals_frame_intact s \\<and> is_valid_w32 s (PTR_COERCE(32 signed word \\<rightarrow> 32 word) pout) \\<and> ipc_buffer_valid s \\<Longrightarrow> globals_frame_intact s \\<and> ipc_buffer_valid s \\<and> 0 \\<le> 0 \\<and> 0 < 120 \\<and> (\\<forall>x. globals_frame_intact (setMR s (nat 0) 1) \\<and> ipc_buffer_valid (setMR s (nat 0) 1) \\<and> 0 \\<le> 1 \\<and> 1 < 120 \\<and> (\\<forall>x xa. globals_frame_intact (setMR (setMR s (nat 0) 1) (nat 1) (word_of_int pin)) \\<and> ipc_buffer_valid (setMR (setMR s (nat 0) 1) (nat 1) (word_of_int pin)) \\<and> (\\<forall>v0 v1 v2 v3. globals_frame_intact (setMRs (setMR (setMR s (nat 0) 1) (nat 1) (word_of_int pin)) v0 v1 v2 v3) \\<and> ipc_buffer_valid (setMRs (setMR (setMR s (nat 0) 1) (nat 1) (word_of_int pin)) v0 v1 v2 v3) \\<and> globals_frame_intact (setMRs (setMR (setMR s (nat 0) 1) (nat 1) (word_of_int pin)) v0 v1 v2 v3) \\<and> ipc_buffer_valid (setMRs (setMR (setMR s (nat 0) 1) (nat 1) (word_of_int pin)) v0 v1 v2 v3) \\<and> (\\<forall>x. globals_frame_intact (heap_w32_update (\\<lambda>a. a(PTR_COERCE(32 signed word \\<rightarrow> 32 word) pout := x)) (setMRs (setMR (setMR s (nat 0) 1) (nat 1) (word_of_int pin)) v0 v1 v2 v3)) \\<and> is_valid_w32 (setMRs (setMR (setMR s (nat 0) 1) (nat 1) (word_of_int pin)) v0 v1 v2 v3) (PTR_COERCE(32 signed word \\<rightarrow> 32 word) pout) \\<and> ipc_buffer_valid (heap_w32_update (\\<lambda>a. a(PTR_COERCE(32 signed word \\<rightarrow> 32 word) pout := x)) (setMRs (setMR (setMR s (nat 0) 1) (nat 1) (word_of_int pin)) v0 v1 v2 v3)) \\<and> is_valid_w32 (setMRs (setMR (setMR s (nat 0) 1) (nat 1) (word_of_int pin)) v0 v1 v2 v3) (PTR_COERCE(32 signed word \\<rightarrow> 32 word) pout)))))",
        "step_time": 0.10931181907653809
    },
    {
        "index": 110,
        "step": "apply (simp add:globals_frame_intact_def ipc_buffer_valid_def\n                  setMRs_def setMR_def)",
        "output": "",
        "raw_output": "proof (prove)\ngoal:\nNo subgoals!",
        "step_time": 0.39922451972961426
    },
    {
        "index": 111,
        "step": "done",
        "output": "",
        "raw_output": "",
        "step_time": 0.00790262222290039
    },
    {
        "index": 112,
        "step": "text \\<open>\\newpage\\<close>",
        "output": "",
        "raw_output": "",
        "step_time": 0.005301237106323242
    },
    {
        "index": 113,
        "step": "lemma RPCFrom_echo_char_nf:\n  notes seL4_SetMR_wp[wp] seL4_GetMR_wp[wp]\n  shows\n  \"\\<lbrace>\\<lambda>s2'. globals_frame_intact s2' \\<and>\n          ipc_buffer_valid s2'\\<rbrace>\n   RPCFrom_echo_char' i\n  \\<lbrace>\\<lambda>_ s2'. globals_frame_intact s2' \\<and>\n           ipc_buffer_valid s2'\\<rbrace>!\"",
        "output": "",
        "raw_output": "proof (prove)\ngoal (1 subgoal):\n 1. \\<lbrace>\\<lambda>s2'. globals_frame_intact s2' \\<and> ipc_buffer_valid s2'\\<rbrace> RPCFrom_echo_char' i \\<lbrace>\\<lambda>_ s2'. globals_frame_intact s2' \\<and> ipc_buffer_valid s2'\\<rbrace>!",
        "step_time": 0.011893272399902344
    },
    {
        "index": 114,
        "step": "apply (simp add:RPCFrom_echo_char'_def)",
        "output": "",
        "raw_output": "proof (prove)\ngoal (1 subgoal):\n 1. \\<lbrace>\\<lambda>s2'. globals_frame_intact s2' \\<and> ipc_buffer_valid s2'\\<rbrace> do y <- exec_concrete lift_global_heap (seL4_SetMR' 0 2);\ny <- exec_concrete lift_global_heap (seL4_SetMR' 1 (UCAST(8 \\<rightarrow> 32) i));\nret' <- seL4_MessageInfo_new' 0 0 0 2;\nret' <- seL4_Call' 6 ret';\nret' <- seL4_GetMR' 0;\nreturn (sint (UCAST(32 \\<rightarrow> 32 signed) ret'))\nod \\<lbrace>\\<lambda>_ s2'. globals_frame_intact s2' \\<and> ipc_buffer_valid s2'\\<rbrace>!",
        "step_time": 0.021172523498535156
    },
    {
        "index": 115,
        "step": "apply (wp seL4_Call_wp)",
        "output": "",
        "raw_output": "proof (prove)\ngoal (4 subgoals):\n 1. \\<And>x y. \\<lbrace>?B5 x y\\<rbrace> seL4_MessageInfo_new' 0 0 0 2 \\<lbrace>\\<lambda>ret' s. globals_frame_intact s \\<and> ipc_buffer_valid s \\<and> (\\<forall>x v0 v1 v2 v3 xa. 0 \\<le> 0 \\<and> 0 < 120 \\<and> globals_frame_intact (setMRs s v0 v1 v2 v3) \\<and> ipc_buffer_valid (setMRs s v0 v1 v2 v3) \\<and> globals_frame_intact (setMRs s v0 v1 v2 v3) \\<and> ipc_buffer_valid (setMRs s v0 v1 v2 v3))\\<rbrace>!\n 2. \\<And>x. \\<lbrace>?B4 x\\<rbrace> exec_concrete lift_global_heap (seL4_SetMR' 1 (UCAST(8 \\<rightarrow> 32) i)) \\<lbrace>?B5 x\\<rbrace>!\n 3. \\<lbrace>?Q3\\<rbrace> exec_concrete lift_global_heap (seL4_SetMR' 0 2) \\<lbrace>?B4\\<rbrace>!\n 4. \\<And>s. globals_frame_intact s \\<and> ipc_buffer_valid s \\<Longrightarrow> ?Q3 s",
        "step_time": 0.019391775131225586
    },
    {
        "index": 116,
        "step": "apply (simp add:seL4_MessageInfo_new'_def)",
        "output": "",
        "raw_output": "proof (prove)\ngoal (4 subgoals):\n 1. \\<lbrace>?B5 () ()\\<rbrace> do seL4_MessageInfo___struct_seL4_MessageInfo_C <- unknown;\nreturn (seL4_MessageInfo_C.words_C_update (\\<lambda>x. Arrays.update (seL4_MessageInfo_C.words_C seL4_MessageInfo___struct_seL4_MessageInfo_C) 0 2) seL4_MessageInfo___struct_seL4_MessageInfo_C)\nod \\<lbrace>\\<lambda>ret' s. globals_frame_intact s \\<and> ipc_buffer_valid s \\<and> (\\<forall>v0 v1 v2 v3. globals_frame_intact (setMRs s v0 v1 v2 v3) \\<and> ipc_buffer_valid (setMRs s v0 v1 v2 v3) \\<and> globals_frame_intact (setMRs s v0 v1 v2 v3) \\<and> ipc_buffer_valid (setMRs s v0 v1 v2 v3))\\<rbrace>!\n 2. \\<And>x. \\<lbrace>?B4 x\\<rbrace> exec_concrete lift_global_heap (seL4_SetMR' 1 (UCAST(8 \\<rightarrow> 32) i)) \\<lbrace>?B5 x\\<rbrace>!\n 3. \\<lbrace>?Q3\\<rbrace> exec_concrete lift_global_heap (seL4_SetMR' 0 2) \\<lbrace>?B4\\<rbrace>!\n 4. \\<And>s. globals_frame_intact s \\<and> ipc_buffer_valid s \\<Longrightarrow> ?Q3 s",
        "step_time": 0.021553754806518555
    },
    {
        "index": 117,
        "step": "apply wp+",
        "output": "",
        "raw_output": "proof (prove)\ngoal (1 subgoal):\n 1. \\<And>s. globals_frame_intact s \\<and> ipc_buffer_valid s \\<Longrightarrow> globals_frame_intact s \\<and> ipc_buffer_valid s \\<and> 0 \\<le> 0 \\<and> 0 < 120 \\<and> (\\<forall>x. globals_frame_intact (setMR s (nat 0) 2) \\<and> ipc_buffer_valid (setMR s (nat 0) 2) \\<and> 0 \\<le> 1 \\<and> 1 < 120 \\<and> (\\<forall>x xa. globals_frame_intact (setMR (setMR s (nat 0) 2) (nat 1) (UCAST(8 \\<rightarrow> 32) i)) \\<and> ipc_buffer_valid (setMR (setMR s (nat 0) 2) (nat 1) (UCAST(8 \\<rightarrow> 32) i)) \\<and> (\\<forall>v0 v1 v2 v3. globals_frame_intact (setMRs (setMR (setMR s (nat 0) 2) (nat 1) (UCAST(8 \\<rightarrow> 32) i)) v0 v1 v2 v3) \\<and> ipc_buffer_valid (setMRs (setMR (setMR s (nat 0) 2) (nat 1) (UCAST(8 \\<rightarrow> 32) i)) v0 v1 v2 v3) \\<and> globals_frame_intact (setMRs (setMR (setMR s (nat 0) 2) (nat 1) (UCAST(8 \\<rightarrow> 32) i)) v0 v1 v2 v3) \\<and> ipc_buffer_valid (setMRs (setMR (setMR s (nat 0) 2) (nat 1) (UCAST(8 \\<rightarrow> 32) i)) v0 v1 v2 v3))))",
        "step_time": 0.022850751876831055
    },
    {
        "index": 118,
        "step": "apply (simp add:globals_frame_intact_def ipc_buffer_valid_def\n                  setMRs_def setMR_def)",
        "output": "",
        "raw_output": "proof (prove)\ngoal:\nNo subgoals!",
        "step_time": 0.2182025909423828
    },
    {
        "index": 119,
        "step": "done",
        "output": "",
        "raw_output": "",
        "step_time": 0.006701231002807617
    },
    {
        "index": 120,
        "step": "lemma RPCFrom_increment_char_nf:\n  notes seL4_SetMR_wp[wp] seL4_GetMR_wp[wp]\n  shows\n  \"\\<lbrace>\\<lambda>s3'. globals_frame_intact s3' \\<and>\n          is_valid_w8 s3' (ptr_coerce x) \\<and>\n          ipc_buffer_valid s3'\\<rbrace>\n   RPCFrom_increment_char' x\n  \\<lbrace>\\<lambda>_ s3'. globals_frame_intact s3' \\<and>\n           is_valid_w8 s3' (ptr_coerce x) \\<and>\n           ipc_buffer_valid s3'\\<rbrace>!\"",
        "output": "",
        "raw_output": "proof (prove)\ngoal (1 subgoal):\n 1. \\<lbrace>\\<lambda>s3'. globals_frame_intact s3' \\<and> is_valid_w8 s3' (PTR_COERCE(8 word \\<rightarrow> 8 word) x) \\<and> ipc_buffer_valid s3'\\<rbrace> RPCFrom_increment_char' x \\<lbrace>\\<lambda>_ s3'. globals_frame_intact s3' \\<and> is_valid_w8 s3' (PTR_COERCE(8 word \\<rightarrow> 8 word) x) \\<and> ipc_buffer_valid s3'\\<rbrace>!",
        "step_time": 0.014735698699951172
    },
    {
        "index": 121,
        "step": "apply (simp add:RPCFrom_increment_char'_def)",
        "output": "",
        "raw_output": "proof (prove)\ngoal (1 subgoal):\n 1. \\<lbrace>\\<lambda>s3'. globals_frame_intact s3' \\<and> is_valid_w8 s3' x \\<and> ipc_buffer_valid s3'\\<rbrace> do y <- exec_concrete lift_global_heap (seL4_SetMR' 0 3);\ny <- guard (\\<lambda>s. is_valid_w8 s x);\nmr___unsigned'param <- gets (\\<lambda>s. UCAST(8 \\<rightarrow> 32) (heap_w8 s x));\ny <- exec_concrete lift_global_heap (seL4_SetMR' 1 mr___unsigned'param);\nret' <- seL4_MessageInfo_new' 0 0 0 2;\nret' <- seL4_Call' 6 ret';\nret' <- seL4_GetMR' 0;\ny <- guard (\\<lambda>s. is_valid_w8 s x);\nmodify (heap_w8_update (\\<lambda>a. a(x := UCAST(32 \\<rightarrow> 8) ret')))\nod \\<lbrace>\\<lambda>_ s3'. globals_frame_intact s3' \\<and> is_valid_w8 s3' x \\<and> ipc_buffer_valid s3'\\<rbrace>!",
        "step_time": 0.02329277992248535
    },
    {
        "index": 122,
        "step": "apply (wp seL4_Call_wp)",
        "output": "",
        "raw_output": "proof (prove)\ngoal (6 subgoals):\n 1. \\<And>xa y mr___unsigned'param ya. \\<lbrace>?B7 xa y mr___unsigned'param ya\\<rbrace> seL4_MessageInfo_new' 0 0 0 2 \\<lbrace>\\<lambda>ret' s. globals_frame_intact s \\<and> ipc_buffer_valid s \\<and> (\\<forall>xa v0 v1 v2 v3 xb. 0 \\<le> 0 \\<and> 0 < 120 \\<and> globals_frame_intact (setMRs s v0 v1 v2 v3) \\<and> ipc_buffer_valid (setMRs s v0 v1 v2 v3) \\<and> (globals_frame_intact (heap_w8_update (\\<lambda>a. a(x := UCAST(32 \\<rightarrow> 8) xb)) (setMRs s v0 v1 v2 v3)) \\<and> is_valid_w8 (heap_w8_update (\\<lambda>a. a(x := UCAST(32 \\<rightarrow> 8) xb)) (setMRs s v0 v1 v2 v3)) x \\<and> ipc_buffer_valid (heap_w8_update (\\<lambda>a. a(x := UCAST(32 \\<rightarrow> 8) xb)) (setMRs s v0 v1 v2 v3))) \\<and> is_valid_w8 (setMRs s v0 v1 v2 v3) x)\\<rbrace>!\n 2. \\<And>x y mr___unsigned'param. \\<lbrace>?B6 x y mr___unsigned'param\\<rbrace> exec_concrete lift_global_heap (seL4_SetMR' 1 mr___unsigned'param) \\<lbrace>?B7 x y mr___unsigned'param\\<rbrace>!\n 3. \\<And>xa y. \\<lbrace>?B5 xa y\\<rbrace> gets (\\<lambda>s. UCAST(8 \\<rightarrow> 32) (heap_w8 s x)) \\<lbrace>?B6 xa y\\<rbrace>!\n 4. \\<And>xa. \\<lbrace>?B4 xa\\<rbrace> guard (\\<lambda>s. is_valid_w8 s x) \\<lbrace>?B5 xa\\<rbrace>!\n 5. \\<lbrace>?Q3\\<rbrace> exec_concrete lift_global_heap (seL4_SetMR' 0 3) \\<lbrace>?B4\\<rbrace>!\n 6. \\<And>s. globals_frame_intact s \\<and> is_valid_w8 s x \\<and> ipc_buffer_valid s \\<Longrightarrow> ?Q3 s",
        "step_time": 0.12414026260375977
    },
    {
        "index": 123,
        "step": "apply (simp add:seL4_MessageInfo_new'_def)",
        "output": "",
        "raw_output": "proof (prove)\ngoal (6 subgoals):\n 1. \\<And>mr___unsigned'param. \\<lbrace>?B7 () () mr___unsigned'param ()\\<rbrace> do seL4_MessageInfo___struct_seL4_MessageInfo_C <- unknown;\nreturn (seL4_MessageInfo_C.words_C_update (\\<lambda>x. Arrays.update (seL4_MessageInfo_C.words_C seL4_MessageInfo___struct_seL4_MessageInfo_C) 0 2) seL4_MessageInfo___struct_seL4_MessageInfo_C)\nod \\<lbrace>\\<lambda>ret' s. globals_frame_intact s \\<and> ipc_buffer_valid s \\<and> (\\<forall>v0 v1 v2 v3. globals_frame_intact (setMRs s v0 v1 v2 v3) \\<and> ipc_buffer_valid (setMRs s v0 v1 v2 v3) \\<and> (\\<forall>xa. globals_frame_intact (heap_w8_update (\\<lambda>a. a(x := UCAST(32 \\<rightarrow> 8) xa)) (setMRs s v0 v1 v2 v3)) \\<and> is_valid_w8 (setMRs s v0 v1 v2 v3) x \\<and> ipc_buffer_valid (heap_w8_update (\\<lambda>a. a(x := UCAST(32 \\<rightarrow> 8) xa)) (setMRs s v0 v1 v2 v3)) \\<and> is_valid_w8 (setMRs s v0 v1 v2 v3) x))\\<rbrace>!\n 2. \\<And>x y mr___unsigned'param. \\<lbrace>?B6 x y mr___unsigned'param\\<rbrace> exec_concrete lift_global_heap (seL4_SetMR' 1 mr___unsigned'param) \\<lbrace>?B7 x y mr___unsigned'param\\<rbrace>!\n 3. \\<And>xa y. \\<lbrace>?B5 xa y\\<rbrace> gets (\\<lambda>s. UCAST(8 \\<rightarrow> 32) (heap_w8 s x)) \\<lbrace>?B6 xa y\\<rbrace>!\n 4. \\<And>xa. \\<lbrace>?B4 xa\\<rbrace> guard (\\<lambda>s. is_valid_w8 s x) \\<lbrace>?B5 xa\\<rbrace>!\n 5. \\<lbrace>?Q3\\<rbrace> exec_concrete lift_global_heap (seL4_SetMR' 0 3) \\<lbrace>?B4\\<rbrace>!\n 6. \\<And>s. globals_frame_intact s \\<and> is_valid_w8 s x \\<and> ipc_buffer_valid s \\<Longrightarrow> ?Q3 s",
        "step_time": 0.025564908981323242
    },
    {
        "index": 124,
        "step": "apply wp+",
        "output": "",
        "raw_output": "proof (prove)\ngoal (1 subgoal):\n 1. \\<And>s. globals_frame_intact s \\<and> is_valid_w8 s x \\<and> ipc_buffer_valid s \\<Longrightarrow> globals_frame_intact s \\<and> ipc_buffer_valid s \\<and> 0 \\<le> 0 \\<and> 0 < 120 \\<and> (\\<forall>xa. (globals_frame_intact (setMR s (nat 0) 3) \\<and> ipc_buffer_valid (setMR s (nat 0) 3) \\<and> 0 \\<le> 1 \\<and> 1 < 120 \\<and> (\\<forall>xa xb. globals_frame_intact (setMR (setMR s (nat 0) 3) (nat 1) (UCAST(8 \\<rightarrow> 32) (heap_w8 (setMR s (nat 0) 3) x))) \\<and> ipc_buffer_valid (setMR (setMR s (nat 0) 3) (nat 1) (UCAST(8 \\<rightarrow> 32) (heap_w8 (setMR s (nat 0) 3) x))) \\<and> (\\<forall>v0 v1 v2 v3. globals_frame_intact (setMRs (setMR (setMR s (nat 0) 3) (nat 1) (UCAST(8 \\<rightarrow> 32) (heap_w8 (setMR s (nat 0) 3) x))) v0 v1 v2 v3) \\<and> ipc_buffer_valid (setMRs (setMR (setMR s (nat 0) 3) (nat 1) (UCAST(8 \\<rightarrow> 32) (heap_w8 (setMR s (nat 0) 3) x))) v0 v1 v2 v3) \\<and> (\\<forall>xa. globals_frame_intact (heap_w8_update (\\<lambda>a. a(x := UCAST(32 \\<rightarrow> 8) xa)) (setMRs (setMR (setMR s (nat 0) 3) (nat 1) (UCAST(8 \\<rightarrow> 32) (heap_w8 (setMR s (nat 0) 3) x))) v0 v1 v2 v3)) \\<and> is_valid_w8 (setMRs (setMR (setMR s (nat 0) 3) (nat 1) (UCAST(8 \\<rightarrow> 32) (heap_w8 (setMR s (nat 0) 3) x))) v0 v1 v2 v3) x \\<and> ipc_buffer_valid (heap_w8_update (\\<lambda>a. a(x := UCAST(32 \\<rightarrow> 8) xa)) (setMRs (setMR (setMR s (nat 0) 3) (nat 1) (UCAST(8 \\<rightarrow> 32) (heap_w8 (setMR s (nat 0) 3) x))) v0 v1 v2 v3)) \\<and> is_valid_w8 (setMRs (setMR (setMR s (nat 0) 3) (nat 1) (UCAST(8 \\<rightarrow> 32) (heap_w8 (setMR s (nat 0) 3) x))) v0 v1 v2 v3) x)))) \\<and> is_valid_w8 (setMR s (nat 0) 3) x)",
        "step_time": 0.11905765533447266
    },
    {
        "index": 125,
        "step": "apply (simp add:globals_frame_intact_def ipc_buffer_valid_def\n                  setMRs_def setMR_def)",
        "output": "",
        "raw_output": "proof (prove)\ngoal:\nNo subgoals!",
        "step_time": 0.3256666660308838
    },
    {
        "index": 126,
        "step": "done",
        "output": "",
        "raw_output": "",
        "step_time": 0.006161928176879883
    },
    {
        "index": 127,
        "step": "text \\<open>\\newpage\\<close>",
        "output": "",
        "raw_output": "",
        "step_time": 0.004405021667480469
    },
    {
        "index": 128,
        "step": "lemma RPCFrom_increment_parameter_nf:\n  notes seL4_SetMR_wp[wp] seL4_GetMR_wp[wp]\n  shows\n  \"\\<lbrace>\\<lambda>s4'. globals_frame_intact s4' \\<and>\n          is_valid_w32 s4' (ptr_coerce x) \\<and>\n          ipc_buffer_valid s4'\\<rbrace>\n   RPCFrom_increment_parameter' x\n  \\<lbrace>\\<lambda>_ s4'. globals_frame_intact s4' \\<and>\n           is_valid_w32 s4' (ptr_coerce x) \\<and>\n           ipc_buffer_valid s4'\\<rbrace>!\"",
        "output": "",
        "raw_output": "proof (prove)\ngoal (1 subgoal):\n 1. \\<lbrace>\\<lambda>s4'. globals_frame_intact s4' \\<and> is_valid_w32 s4' (PTR_COERCE(32 signed word \\<rightarrow> 32 word) x) \\<and> ipc_buffer_valid s4'\\<rbrace> RPCFrom_increment_parameter' x \\<lbrace>\\<lambda>_ s4'. globals_frame_intact s4' \\<and> is_valid_w32 s4' (PTR_COERCE(32 signed word \\<rightarrow> 32 word) x) \\<and> ipc_buffer_valid s4'\\<rbrace>!",
        "step_time": 0.014492034912109375
    },
    {
        "index": 129,
        "step": "apply (simp add:RPCFrom_increment_parameter'_def)",
        "output": "",
        "raw_output": "proof (prove)\ngoal (1 subgoal):\n 1. \\<lbrace>\\<lambda>s4'. globals_frame_intact s4' \\<and> is_valid_w32 s4' (PTR_COERCE(32 signed word \\<rightarrow> 32 word) x) \\<and> ipc_buffer_valid s4'\\<rbrace> do y <- exec_concrete lift_global_heap (seL4_SetMR' 0 4);\ny <- guard (\\<lambda>s. is_valid_w32 s (PTR_COERCE(32 signed word \\<rightarrow> 32 word) x));\nmr___unsigned'param <- gets (\\<lambda>s. heap_w32 s (PTR_COERCE(32 signed word \\<rightarrow> 32 word) x));\ny <- exec_concrete lift_global_heap (seL4_SetMR' 1 mr___unsigned'param);\nret' <- seL4_MessageInfo_new' 0 0 0 2;\nret' <- seL4_Call' 6 ret';\nret' <- seL4_GetMR' 0;\ny <- guard (\\<lambda>s. is_valid_w32 s (PTR_COERCE(32 signed word \\<rightarrow> 32 word) x));\nmodify (heap_w32_update (\\<lambda>a. a(PTR_COERCE(32 signed word \\<rightarrow> 32 word) x := ret')))\nod \\<lbrace>\\<lambda>_ s4'. globals_frame_intact s4' \\<and> is_valid_w32 s4' (PTR_COERCE(32 signed word \\<rightarrow> 32 word) x) \\<and> ipc_buffer_valid s4'\\<rbrace>!",
        "step_time": 0.02209186553955078
    },
    {
        "index": 130,
        "step": "apply (wp seL4_Call_wp)",
        "output": "",
        "raw_output": "proof (prove)\ngoal (6 subgoals):\n 1. \\<And>xa y mr___unsigned'param ya. \\<lbrace>?B7 xa y mr___unsigned'param ya\\<rbrace> seL4_MessageInfo_new' 0 0 0 2 \\<lbrace>\\<lambda>ret' s. globals_frame_intact s \\<and> ipc_buffer_valid s \\<and> (\\<forall>xa v0 v1 v2 v3 xb. 0 \\<le> 0 \\<and> 0 < 120 \\<and> globals_frame_intact (setMRs s v0 v1 v2 v3) \\<and> ipc_buffer_valid (setMRs s v0 v1 v2 v3) \\<and> (globals_frame_intact (heap_w32_update (\\<lambda>a. a(PTR_COERCE(32 signed word \\<rightarrow> 32 word) x := xb)) (setMRs s v0 v1 v2 v3)) \\<and> is_valid_w32 (heap_w32_update (\\<lambda>a. a(PTR_COERCE(32 signed word \\<rightarrow> 32 word) x := xb)) (setMRs s v0 v1 v2 v3)) (PTR_COERCE(32 signed word \\<rightarrow> 32 word) x) \\<and> ipc_buffer_valid (heap_w32_update (\\<lambda>a. a(PTR_COERCE(32 signed word \\<rightarrow> 32 word) x := xb)) (setMRs s v0 v1 v2 v3))) \\<and> is_valid_w32 (setMRs s v0 v1 v2 v3) (PTR_COERCE(32 signed word \\<rightarrow> 32 word) x))\\<rbrace>!\n 2. \\<And>x y mr___unsigned'param. \\<lbrace>?B6 x y mr___unsigned'param\\<rbrace> exec_concrete lift_global_heap (seL4_SetMR' 1 mr___unsigned'param) \\<lbrace>?B7 x y mr___unsigned'param\\<rbrace>!\n 3. \\<And>xa y. \\<lbrace>?B5 xa y\\<rbrace> gets (\\<lambda>s. heap_w32 s (PTR_COERCE(32 signed word \\<rightarrow> 32 word) x)) \\<lbrace>?B6 xa y\\<rbrace>!\n 4. \\<And>xa. \\<lbrace>?B4 xa\\<rbrace> guard (\\<lambda>s. is_valid_w32 s (PTR_COERCE(32 signed word \\<rightarrow> 32 word) x)) \\<lbrace>?B5 xa\\<rbrace>!\n 5. \\<lbrace>?Q3\\<rbrace> exec_concrete lift_global_heap (seL4_SetMR' 0 4) \\<lbrace>?B4\\<rbrace>!\n 6. \\<And>s. globals_frame_intact s \\<and> is_valid_w32 s (PTR_COERCE(32 signed word \\<rightarrow> 32 word) x) \\<and> ipc_buffer_valid s \\<Longrightarrow> ?Q3 s",
        "step_time": 0.034598588943481445
    },
    {
        "index": 131,
        "step": "apply (simp add:seL4_MessageInfo_new'_def)",
        "output": "",
        "raw_output": "proof (prove)\ngoal (6 subgoals):\n 1. \\<And>mr___unsigned'param. \\<lbrace>?B7 () () mr___unsigned'param ()\\<rbrace> do seL4_MessageInfo___struct_seL4_MessageInfo_C <- unknown;\nreturn (seL4_MessageInfo_C.words_C_update (\\<lambda>x. Arrays.update (seL4_MessageInfo_C.words_C seL4_MessageInfo___struct_seL4_MessageInfo_C) 0 2) seL4_MessageInfo___struct_seL4_MessageInfo_C)\nod \\<lbrace>\\<lambda>ret' s. globals_frame_intact s \\<and> ipc_buffer_valid s \\<and> (\\<forall>v0 v1 v2 v3. globals_frame_intact (setMRs s v0 v1 v2 v3) \\<and> ipc_buffer_valid (setMRs s v0 v1 v2 v3) \\<and> (\\<forall>xa. globals_frame_intact (heap_w32_update (\\<lambda>a. a(PTR_COERCE(32 signed word \\<rightarrow> 32 word) x := xa)) (setMRs s v0 v1 v2 v3)) \\<and> is_valid_w32 (setMRs s v0 v1 v2 v3) (PTR_COERCE(32 signed word \\<rightarrow> 32 word) x) \\<and> ipc_buffer_valid (heap_w32_update (\\<lambda>a. a(PTR_COERCE(32 signed word \\<rightarrow> 32 word) x := xa)) (setMRs s v0 v1 v2 v3)) \\<and> is_valid_w32 (setMRs s v0 v1 v2 v3) (PTR_COERCE(32 signed word \\<rightarrow> 32 word) x)))\\<rbrace>!\n 2. \\<And>x y mr___unsigned'param. \\<lbrace>?B6 x y mr___unsigned'param\\<rbrace> exec_concrete lift_global_heap (seL4_SetMR' 1 mr___unsigned'param) \\<lbrace>?B7 x y mr___unsigned'param\\<rbrace>!\n 3. \\<And>xa y. \\<lbrace>?B5 xa y\\<rbrace> gets (\\<lambda>s. heap_w32 s (PTR_COERCE(32 signed word \\<rightarrow> 32 word) x)) \\<lbrace>?B6 xa y\\<rbrace>!\n 4. \\<And>xa. \\<lbrace>?B4 xa\\<rbrace> guard (\\<lambda>s. is_valid_w32 s (PTR_COERCE(32 signed word \\<rightarrow> 32 word) x)) \\<lbrace>?B5 xa\\<rbrace>!\n 5. \\<lbrace>?Q3\\<rbrace> exec_concrete lift_global_heap (seL4_SetMR' 0 4) \\<lbrace>?B4\\<rbrace>!\n 6. \\<And>s. globals_frame_intact s \\<and> is_valid_w32 s (PTR_COERCE(32 signed word \\<rightarrow> 32 word) x) \\<and> ipc_buffer_valid s \\<Longrightarrow> ?Q3 s",
        "step_time": 0.02657461166381836
    },
    {
        "index": 132,
        "step": "apply wp+",
        "output": "",
        "raw_output": "proof (prove)\ngoal (1 subgoal):\n 1. \\<And>s. globals_frame_intact s \\<and> is_valid_w32 s (PTR_COERCE(32 signed word \\<rightarrow> 32 word) x) \\<and> ipc_buffer_valid s \\<Longrightarrow> globals_frame_intact s \\<and> ipc_buffer_valid s \\<and> 0 \\<le> 0 \\<and> 0 < 120 \\<and> (\\<forall>xa. (globals_frame_intact (setMR s (nat 0) 4) \\<and> ipc_buffer_valid (setMR s (nat 0) 4) \\<and> 0 \\<le> 1 \\<and> 1 < 120 \\<and> (\\<forall>xa xb. globals_frame_intact (setMR (setMR s (nat 0) 4) (nat 1) (heap_w32 (setMR s (nat 0) 4) (PTR_COERCE(32 signed word \\<rightarrow> 32 word) x))) \\<and> ipc_buffer_valid (setMR (setMR s (nat 0) 4) (nat 1) (heap_w32 (setMR s (nat 0) 4) (PTR_COERCE(32 signed word \\<rightarrow> 32 word) x))) \\<and> (\\<forall>v0 v1 v2 v3. globals_frame_intact (setMRs (setMR (setMR s (nat 0) 4) (nat 1) (heap_w32 (setMR s (nat 0) 4) (PTR_COERCE(32 signed word \\<rightarrow> 32 word) x))) v0 v1 v2 v3) \\<and> ipc_buffer_valid (setMRs (setMR (setMR s (nat 0) 4) (nat 1) (heap_w32 (setMR s (nat 0) 4) (PTR_COERCE(32 signed word \\<rightarrow> 32 word) x))) v0 v1 v2 v3) \\<and> (\\<forall>xa. globals_frame_intact (heap_w32_update (\\<lambda>a. a(PTR_COERCE(32 signed word \\<rightarrow> 32 word) x := xa)) (setMRs (setMR (setMR s (nat 0) 4) (nat 1) (heap_w32 (setMR s (nat 0) 4) (PTR_COERCE(32 signed word \\<rightarrow> 32 word) x))) v0 v1 v2 v3)) \\<and> is_valid_w32 (setMRs (setMR (setMR s (nat 0) 4) (nat 1) (heap_w32 (setMR s (nat 0) 4) (PTR_COERCE(32 signed word \\<rightarrow> 32 word) x))) v0 v1 v2 v3) (PTR_COERCE(32 signed word \\<rightarrow> 32 word) x) \\<and> ipc_buffer_valid (heap_w32_update (\\<lambda>a. a(PTR_COERCE(32 signed word \\<rightarrow> 32 word) x := xa)) (setMRs (setMR (setMR s (nat 0) 4) (nat 1) (heap_w32 (setMR s (nat 0) 4) (PTR_COERCE(32 signed word \\<rightarrow> 32 word) x))) v0 v1 v2 v3)) \\<and> is_valid_w32 (setMRs (setMR (setMR s (nat 0) 4) (nat 1) (heap_w32 (setMR s (nat 0) 4) (PTR_COERCE(32 signed word \\<rightarrow> 32 word) x))) v0 v1 v2 v3) (PTR_COERCE(32 signed word \\<rightarrow> 32 word) x))))) \\<and> is_valid_w32 (setMR s (nat 0) 4) (PTR_COERCE(32 signed word \\<rightarrow> 32 word) x))",
        "step_time": 0.04183363914489746
    },
    {
        "index": 133,
        "step": "apply (simp add:globals_frame_intact_def ipc_buffer_valid_def\n                  setMRs_def setMR_def)",
        "output": "",
        "raw_output": "proof (prove)\ngoal:\nNo subgoals!",
        "step_time": 0.32868170738220215
    },
    {
        "index": 134,
        "step": "done",
        "output": "",
        "raw_output": "",
        "step_time": 0.007490634918212891
    },
    {
        "index": 135,
        "step": "lemma RPCFrom_increment_64_nf:\n  notes seL4_SetMR_wp[wp] seL4_GetMR_wp[wp]\n  shows\n  \"\\<lbrace>\\<lambda>s5'. globals_frame_intact s5' \\<and>\n          is_valid_w64 s5' (ptr_coerce x) \\<and>\n          ipc_buffer_valid s5'\\<rbrace>\n   RPCFrom_increment_64' x\n  \\<lbrace>\\<lambda>_ s5'. globals_frame_intact s5' \\<and>\n           is_valid_w64 s5' (ptr_coerce x) \\<and>\n           ipc_buffer_valid s5'\\<rbrace>!\"",
        "output": "",
        "raw_output": "proof (prove)\ngoal (1 subgoal):\n 1. \\<lbrace>\\<lambda>s5'. globals_frame_intact s5' \\<and> is_valid_w64 s5' (PTR_COERCE(64 word \\<rightarrow> 64 word) x) \\<and> ipc_buffer_valid s5'\\<rbrace> RPCFrom_increment_64' x \\<lbrace>\\<lambda>_ s5'. globals_frame_intact s5' \\<and> is_valid_w64 s5' (PTR_COERCE(64 word \\<rightarrow> 64 word) x) \\<and> ipc_buffer_valid s5'\\<rbrace>!",
        "step_time": 0.014574527740478516
    },
    {
        "index": 136,
        "step": "apply (simp add:RPCFrom_increment_64'_def)",
        "output": "",
        "raw_output": "proof (prove)\ngoal (1 subgoal):\n 1. \\<lbrace>\\<lambda>s5'. globals_frame_intact s5' \\<and> is_valid_w64 s5' x \\<and> ipc_buffer_valid s5'\\<rbrace> do y <- exec_concrete lift_global_heap (seL4_SetMR' 0 5);\ny <- guard (\\<lambda>s. is_valid_w64 s x);\nmr___unsigned'param <- gets (\\<lambda>s. UCAST(64 \\<rightarrow> 32) (heap_w64 s x));\ny <- exec_concrete lift_global_heap (seL4_SetMR' 1 mr___unsigned'param);\ny <- guard (\\<lambda>s. is_valid_w64 s x);\nmr___unsigned'param <- gets (\\<lambda>s. UCAST(64 \\<rightarrow> 32) (heap_w64 s x >> 32));\ny <- exec_concrete lift_global_heap (seL4_SetMR' 2 mr___unsigned'param);\nret' <- seL4_MessageInfo_new' 0 0 0 3;\nret' <- seL4_Call' 6 ret';\nret' <- seL4_GetMR' 0;\ny <- guard (\\<lambda>s. is_valid_w64 s x);\ny <- modify (heap_w64_update (\\<lambda>a. a(x := UCAST(32 \\<rightarrow> 64) ret')));\nret' <- seL4_GetMR' 1;\ny <- guard (\\<lambda>s. is_valid_w64 s x);\nmodify (\\<lambda>s. heap_w64_update (\\<lambda>a. a(x := heap_w64 s x || (UCAST(32 \\<rightarrow> 64) ret' << 32))) s)\nod \\<lbrace>\\<lambda>_ s5'. globals_frame_intact s5' \\<and> is_valid_w64 s5' x \\<and> ipc_buffer_valid s5'\\<rbrace>!",
        "step_time": 0.08857870101928711
    },
    {
        "index": 137,
        "step": "apply (wp seL4_Call_wp)",
        "output": "",
        "raw_output": "proof (prove)\ngoal (9 subgoals):\n 1. \\<And>xa y mr___unsigned'param ya yb mr___unsigned'parama yc. \\<lbrace>?B10 xa y mr___unsigned'param ya yb mr___unsigned'parama yc\\<rbrace> seL4_MessageInfo_new' 0 0 0 3 \\<lbrace>\\<lambda>ret' s. globals_frame_intact s \\<and> ipc_buffer_valid s \\<and> (\\<forall>xa v0 v1 v2 v3 xb. 0 \\<le> 0 \\<and> 0 < 120 \\<and> globals_frame_intact (setMRs s v0 v1 v2 v3) \\<and> ipc_buffer_valid (setMRs s v0 v1 v2 v3) \\<and> (\\<forall>xa. 0 \\<le> 1 \\<and> 1 < 120 \\<and> globals_frame_intact (heap_w64_update (\\<lambda>a. a(x := UCAST(32 \\<rightarrow> 64) xb)) (setMRs s v0 v1 v2 v3)) \\<and> ipc_buffer_valid (heap_w64_update (\\<lambda>a. a(x := UCAST(32 \\<rightarrow> 64) xb)) (setMRs s v0 v1 v2 v3)) \\<and> (globals_frame_intact (heap_w64_update (\\<lambda>a. a(x := heap_w64 (heap_w64_update (\\<lambda>a. a(x := UCAST(32 \\<rightarrow> 64) xb)) (setMRs s v0 v1 v2 v3)) x || (UCAST(32 \\<rightarrow> 64) xa << 32))) (heap_w64_update (\\<lambda>a. a(x := UCAST(32 \\<rightarrow> 64) xb)) (setMRs s v0 v1 v2 v3))) \\<and> is_valid_w64 (heap_w64_update (\\<lambda>a. a(x := heap_w64 (heap_w64_update (\\<lambda>a. a(x := UCAST(32 \\<rightarrow> 64) xb)) (setMRs s v0 v1 v2 v3)) x || (UCAST(32 \\<rightarrow> 64) xa << 32))) (heap_w64_update (\\<lambda>a. a(x := UCAST(32 \\<rightarrow> 64) xb)) (setMRs s v0 v1 v2 v3))) x \\<and> ipc_buffer_valid (heap_w64_update (\\<lambda>a. a(x := heap_w64 (heap_w64_update (\\<lambda>a. a(x := UCAST(32 \\<rightarrow> 64) xb)) (setMRs s v0 v1 v2 v3)) x || (UCAST(32 \\<rightarrow> 64) xa << 32))) (heap_w64_update (\\<lambda>a. a(x := UCAST(32 \\<rightarrow> 64) xb)) (setMRs s v0 v1 v2 v3)))) \\<and> is_valid_w64 (heap_w64_update (\\<lambda>a. a(x := UCAST(32 \\<rightarrow> 64) xb)) (setMRs s v0 v1 v2 v3)) x) \\<and> is_valid_w64 (setMRs s v0 v1 v2 v3) x)\\<rbrace>!\n 2. \\<And>x y mr___unsigned'param ya yb mr___unsigned'parama. \\<lbrace>?B9 x y mr___unsigned'param ya yb mr___unsigned'parama\\<rbrace> exec_concrete lift_global_heap (seL4_SetMR' 2 mr___unsigned'parama) \\<lbrace>?B10 x y mr___unsigned'param ya yb mr___unsigned'parama\\<rbrace>!\n 3. \\<And>xa y mr___unsigned'param ya yb. \\<lbrace>?B8 xa y mr___unsigned'param ya yb\\<rbrace> gets (\\<lambda>s. UCAST(64 \\<rightarrow> 32) (heap_w64 s x >> 32)) \\<lbrace>?B9 xa y mr___unsigned'param ya yb\\<rbrace>!\n 4. \\<And>xa y mr___unsigned'param ya. \\<lbrace>?B7 xa y mr___unsigned'param ya\\<rbrace> guard (\\<lambda>s. is_valid_w64 s x) \\<lbrace>?B8 xa y mr___unsigned'param ya\\<rbrace>!\n 5. \\<And>x y mr___unsigned'param. \\<lbrace>?B6 x y mr___unsigned'param\\<rbrace> exec_concrete lift_global_heap (seL4_SetMR' 1 mr___unsigned'param) \\<lbrace>?B7 x y mr___unsigned'param\\<rbrace>!\n 6. \\<And>xa y. \\<lbrace>?B5 xa y\\<rbrace> gets (\\<lambda>s. UCAST(64 \\<rightarrow> 32) (heap_w64 s x)) \\<lbrace>?B6 xa y\\<rbrace>!\n 7. \\<And>xa. \\<lbrace>?B4 xa\\<rbrace> guard (\\<lambda>s. is_valid_w64 s x) \\<lbrace>?B5 xa\\<rbrace>!\n 8. \\<lbrace>?Q3\\<rbrace> exec_concrete lift_global_heap (seL4_SetMR' 0 5) \\<lbrace>?B4\\<rbrace>!\n 9. \\<And>s. globals_frame_intact s \\<and> is_valid_w64 s x \\<and> ipc_buffer_valid s \\<Longrightarrow> ?Q3 s",
        "step_time": 0.6028246879577637
    },
    {
        "index": 138,
        "step": "apply (simp add:seL4_MessageInfo_new'_def)",
        "output": "",
        "raw_output": "proof (prove)\ngoal (9 subgoals):\n 1. \\<And>mr___unsigned'param mr___unsigned'parama. \\<lbrace>?B10 () () mr___unsigned'param () () mr___unsigned'parama ()\\<rbrace> do seL4_MessageInfo___struct_seL4_MessageInfo_C <- unknown;\nreturn (seL4_MessageInfo_C.words_C_update (\\<lambda>x. Arrays.update (seL4_MessageInfo_C.words_C seL4_MessageInfo___struct_seL4_MessageInfo_C) 0 3) seL4_MessageInfo___struct_seL4_MessageInfo_C)\nod \\<lbrace>\\<lambda>ret' s. globals_frame_intact s \\<and> ipc_buffer_valid s \\<and> (\\<forall>v0 v1 v2 v3. globals_frame_intact (setMRs s v0 v1 v2 v3) \\<and> ipc_buffer_valid (setMRs s v0 v1 v2 v3) \\<and> (\\<forall>xa. globals_frame_intact (heap_w64_update (\\<lambda>a. a(x := UCAST(32 \\<rightarrow> 64) xa)) (setMRs s v0 v1 v2 v3)) \\<and> ipc_buffer_valid (heap_w64_update (\\<lambda>a. a(x := UCAST(32 \\<rightarrow> 64) xa)) (setMRs s v0 v1 v2 v3)) \\<and> (\\<forall>xb. globals_frame_intact (heap_w64_update ((\\<lambda>a. a(x := ((heap_w64 (setMRs s v0 v1 v2 v3))(x := UCAST(32 \\<rightarrow> 64) xa)) x || (UCAST(32 \\<rightarrow> 64) xb << 32))) \\<circ> (\\<lambda>a. a(x := UCAST(32 \\<rightarrow> 64) xa))) (setMRs s v0 v1 v2 v3)) \\<and> is_valid_w64 (setMRs s v0 v1 v2 v3) x \\<and> ipc_buffer_valid (heap_w64_update ((\\<lambda>a. a(x := ((heap_w64 (setMRs s v0 v1 v2 v3))(x := UCAST(32 \\<rightarrow> 64) xa)) x || (UCAST(32 \\<rightarrow> 64) xb << 32))) \\<circ> (\\<lambda>a. a(x := UCAST(32 \\<rightarrow> 64) xa))) (setMRs s v0 v1 v2 v3)) \\<and> is_valid_w64 (setMRs s v0 v1 v2 v3) x) \\<and> is_valid_w64 (setMRs s v0 v1 v2 v3) x))\\<rbrace>!\n 2. \\<And>x y mr___unsigned'param ya yb mr___unsigned'parama. \\<lbrace>?B9 x y mr___unsigned'param ya yb mr___unsigned'parama\\<rbrace> exec_concrete lift_global_heap (seL4_SetMR' 2 mr___unsigned'parama) \\<lbrace>?B10 x y mr___unsigned'param ya yb mr___unsigned'parama\\<rbrace>!\n 3. \\<And>xa y mr___unsigned'param ya yb. \\<lbrace>?B8 xa y mr___unsigned'param ya yb\\<rbrace> gets (\\<lambda>s. UCAST(64 \\<rightarrow> 32) (heap_w64 s x >> 32)) \\<lbrace>?B9 xa y mr___unsigned'param ya yb\\<rbrace>!\n 4. \\<And>xa y mr___unsigned'param ya. \\<lbrace>?B7 xa y mr___unsigned'param ya\\<rbrace> guard (\\<lambda>s. is_valid_w64 s x) \\<lbrace>?B8 xa y mr___unsigned'param ya\\<rbrace>!\n 5. \\<And>x y mr___unsigned'param. \\<lbrace>?B6 x y mr___unsigned'param\\<rbrace> exec_concrete lift_global_heap (seL4_SetMR' 1 mr___unsigned'param) \\<lbrace>?B7 x y mr___unsigned'param\\<rbrace>!\n 6. \\<And>xa y. \\<lbrace>?B5 xa y\\<rbrace> gets (\\<lambda>s. UCAST(64 \\<rightarrow> 32) (heap_w64 s x)) \\<lbrace>?B6 xa y\\<rbrace>!\n 7. \\<And>xa. \\<lbrace>?B4 xa\\<rbrace> guard (\\<lambda>s. is_valid_w64 s x) \\<lbrace>?B5 xa\\<rbrace>!\n 8. \\<lbrace>?Q3\\<rbrace> exec_concrete lift_global_heap (seL4_SetMR' 0 5) \\<lbrace>?B4\\<rbrace>!\n 9. \\<And>s. globals_frame_intact s \\<and> is_valid_w64 s x \\<and> ipc_buffer_valid s \\<Longrightarrow> ?Q3 s",
        "step_time": 0.06685161590576172
    },
    {
        "index": 139,
        "step": "apply wp+",
        "output": "",
        "raw_output": "proof (prove)\ngoal (1 subgoal):\n 1. \\<And>s. globals_frame_intact s \\<and> is_valid_w64 s x \\<and> ipc_buffer_valid s \\<Longrightarrow> globals_frame_intact s \\<and> ipc_buffer_valid s \\<and> 0 \\<le> 0 \\<and> 0 < 120 \\<and> (\\<forall>xa. (globals_frame_intact (setMR s (nat 0) 5) \\<and> ipc_buffer_valid (setMR s (nat 0) 5) \\<and> 0 \\<le> 1 \\<and> 1 < 120 \\<and> (\\<forall>xa. (globals_frame_intact (setMR (setMR s (nat 0) 5) (nat 1) (UCAST(64 \\<rightarrow> 32) (heap_w64 (setMR s (nat 0) 5) x))) \\<and> ipc_buffer_valid (setMR (setMR s (nat 0) 5) (nat 1) (UCAST(64 \\<rightarrow> 32) (heap_w64 (setMR s (nat 0) 5) x))) \\<and> 0 \\<le> 2 \\<and> 2 < 120 \\<and> (\\<forall>xa xb. globals_frame_intact (setMR (setMR (setMR s (nat 0) 5) (nat 1) (UCAST(64 \\<rightarrow> 32) (heap_w64 (setMR s (nat 0) 5) x))) (nat 2) (UCAST(64 \\<rightarrow> 32) (heap_w64 (setMR (setMR s (nat 0) 5) (nat 1) (UCAST(64 \\<rightarrow> 32) (heap_w64 (setMR s (nat 0) 5) x))) x >> 32))) \\<and> ipc_buffer_valid (setMR (setMR (setMR s (nat 0) 5) (nat 1) (UCAST(64 \\<rightarrow> 32) (heap_w64 (setMR s (nat 0) 5) x))) (nat 2) (UCAST(64 \\<rightarrow> 32) (heap_w64 (setMR (setMR s (nat 0) 5) (nat 1) (UCAST(64 \\<rightarrow> 32) (heap_w64 (setMR s (nat 0) 5) x))) x >> 32))) \\<and> (\\<forall>v0 v1 v2 v3. globals_frame_intact (setMRs (setMR (setMR (setMR s (nat 0) 5) (nat 1) (UCAST(64 \\<rightarrow> 32) (heap_w64 (setMR s (nat 0) 5) x))) (nat 2) (UCAST(64 \\<rightarrow> 32) (heap_w64 (setMR (setMR s (nat 0) 5) (nat 1) (UCAST(64 \\<rightarrow> 32) (heap_w64 (setMR s (nat 0) 5) x))) x >> 32))) v0 v1 v2 v3) \\<and> ipc_buffer_valid (setMRs (setMR (setMR (setMR s (nat 0) 5) (nat 1) (UCAST(64 \\<rightarrow> 32) (heap_w64 (setMR s (nat 0) 5) x))) (nat 2) (UCAST(64 \\<rightarrow> 32) (heap_w64 (setMR (setMR s (nat 0) 5) (nat 1) (UCAST(64 \\<rightarrow> 32) (heap_w64 (setMR s (nat 0) 5) x))) x >> 32))) v0 v1 v2 v3) \\<and> (\\<forall>xa. globals_frame_intact (heap_w64_update (\\<lambda>a. a(x := UCAST(32 \\<rightarrow> 64) xa)) (setMRs (setMR (setMR (setMR s (nat 0) 5) (nat 1) (UCAST(64 \\<rightarrow> 32) (heap_w64 (setMR s (nat 0) 5) x))) (nat 2) (UCAST(64 \\<rightarrow> 32) (heap_w64 (setMR (setMR s (nat 0) 5) (nat 1) (UCAST(64 \\<rightarrow> 32) (heap_w64 (setMR s (nat 0) 5) x))) x >> 32))) v0 v1 v2 v3)) \\<and> ipc_buffer_valid (heap_w64_update (\\<lambda>a. a(x := UCAST(32 \\<rightarrow> 64) xa)) (setMRs (setMR (setMR (setMR s (nat 0) 5) (nat 1) (UCAST(64 \\<rightarrow> 32) (heap_w64 (setMR s (nat 0) 5) x))) (nat 2) (UCAST(64 \\<rightarrow> 32) (heap_w64 (setMR (setMR s (nat 0) 5) (nat 1) (UCAST(64 \\<rightarrow> 32) (heap_w64 (setMR s (nat 0) 5) x))) x >> 32))) v0 v1 v2 v3)) \\<and> (\\<forall>xb. globals_frame_intact (heap_w64_update ((\\<lambda>a. a(x := ((heap_w64 (setMRs (setMR (setMR (setMR s (nat 0) 5) (nat 1) (UCAST(64 \\<rightarrow> 32) (heap_w64 (setMR s (nat 0) 5) x))) (nat 2) (UCAST(64 \\<rightarrow> 32) (heap_w64 (setMR (setMR s (nat 0) 5) (nat 1) (UCAST(64 \\<rightarrow> 32) (heap_w64 (setMR s (nat 0) 5) x))) x >> 32))) v0 v1 v2 v3))(x := UCAST(32 \\<rightarrow> 64) xa)) x || (UCAST(32 \\<rightarrow> 64) xb << 32))) \\<circ> (\\<lambda>a. a(x := UCAST(32 \\<rightarrow> 64) xa))) (setMRs (setMR (setMR (setMR s (nat 0) 5) (nat 1) (UCAST(64 \\<rightarrow> 32) (heap_w64 (setMR s (nat 0) 5) x))) (nat 2) (UCAST(64 \\<rightarrow> 32) (heap_w64 (setMR (setMR s (nat 0) 5) (nat 1) (UCAST(64 \\<rightarrow> 32) (heap_w64 (setMR s (nat 0) 5) x))) x >> 32))) v0 v1 v2 v3)) \\<and> is_valid_w64 (setMRs (setMR (setMR (setMR s (nat 0) 5) (nat 1) (UCAST(64 \\<rightarrow> 32) (heap_w64 (setMR s (nat 0) 5) x))) (nat 2) (UCAST(64 \\<rightarrow> 32) (heap_w64 (setMR (setMR s (nat 0) 5) (nat 1) (UCAST(64 \\<rightarrow> 32) (heap_w64 (setMR s (nat 0) 5) x))) x >> 32))) v0 v1 v2 v3) x \\<and> ipc_buffer_valid (heap_w64_update ((\\<lambda>a. a(x := ((heap_w64 (setMRs (setMR (setMR (setMR s (nat 0) 5) (nat 1) (UCAST(64 \\<rightarrow> 32) (heap_w64 (setMR s (nat 0) 5) x))) (nat 2) (UCAST(64 \\<rightarrow> 32) (heap_w64 (setMR (setMR s (nat 0) 5) (nat 1) (UCAST(64 \\<rightarrow> 32) (heap_w64 (setMR s (nat 0) 5) x))) x >> 32))) v0 v1 v2 v3))(x := UCAST(32 \\<rightarrow> 64) xa)) x || (UCAST(32 \\<rightarrow> 64) xb << 32))) \\<circ> (\\<lambda>a. a(x := UCAST(32 \\<rightarrow> 64) xa))) (setMRs (setMR (setMR (setMR s (nat 0) 5) (nat 1) (UCAST(64 \\<rightarrow> 32) (heap_w64 (setMR s (nat 0) 5) x))) (nat 2) (UCAST(64 \\<rightarrow> 32) (heap_w64 (setMR (setMR s (nat 0) 5) (nat 1) (UCAST(64 \\<rightarrow> 32) (heap_w64 (setMR s (nat 0) 5) x))) x >> 32))) v0 v1 v2 v3)) \\<and> is_valid_w64 (setMRs (setMR (setMR (setMR s (nat 0) 5) (nat 1) (UCAST(64 \\<rightarrow> 32) (heap_w64 (setMR s (nat 0) 5) x))) (nat 2) (UCAST(64 \\<rightarrow> 32) (heap_w64 (setMR (setMR s (nat 0) 5) (nat 1) (UCAST(64 \\<rightarrow> 32) (heap_w64 (setMR s (nat 0) 5) x))) x >> 32))) v0 v1 v2 v3) x) \\<and> is_valid_w64 (setMRs (setMR (setMR (setMR s (nat 0) 5) (nat 1) (UCAST(64 \\<rightarrow> 32) (heap_w64 (setMR s (nat 0) 5) x))) (nat 2) (UCAST(64 \\<rightarrow> 32) (heap_w64 (setMR (setMR s (nat 0) 5) (nat 1) (UCAST(64 \\<rightarrow> 32) (heap_w64 (setMR s (nat 0) 5) x))) x >> 32))) v0 v1 v2 v3) x)))) \\<and> is_valid_w64 (setMR (setMR s (nat 0) 5) (nat 1) (UCAST(64 \\<rightarrow> 32) (heap_w64 (setMR s (nat 0) 5) x))) x)) \\<and> is_valid_w64 (setMR s (nat 0) 5) x)",
        "step_time": 0.5094773769378662
    },
    {
        "index": 140,
        "step": "apply (simp add:globals_frame_intact_def ipc_buffer_valid_def\n                  setMRs_def setMR_def)",
        "output": "",
        "raw_output": "proof (prove)\ngoal:\nNo subgoals!",
        "step_time": 0.8712594509124756
    },
    {
        "index": 141,
        "step": "done",
        "output": "",
        "raw_output": "",
        "step_time": 0.007601022720336914
    },
    {
        "index": 142,
        "step": "\n\n(*<*)\n",
        "output": "",
        "raw_output": "",
        "step_time": 0.005304098129272461
    },
    {
        "index": 143,
        "step": "end",
        "output": "",
        "raw_output": "",
        "step_time": 0.004671335220336914
    },
    {
        "index": 144,
        "step": "end",
        "output": "",
        "raw_output": "",
        "step_time": 0.00579833984375
    },
    {
        "index": 145,
        "step": "\n(*>*)",
        "output": "",
        "raw_output": "",
        "step_time": 0.004347085952758789
    }
]