[
    {
        "index": 0,
        "step": "(*\n * Copyright 2020, Data61, CSIRO (ABN 41 687 119 230)\n *\n * SPDX-License-Identifier: BSD-2-Clause\n *)\n",
        "output": "",
        "raw_output": "",
        "step_time": 0.007387638092041016
    },
    {
        "index": 1,
        "step": "theory WPFix\n\nimports\n  Datatype_Schematic\n  Strengthen\n\nbegin",
        "output": "",
        "raw_output": "",
        "step_time": 0.00875234603881836
    },
    {
        "index": 2,
        "step": "text \\<open>\nWPFix handles four issues which are annoying with precondition schematics:\n  1. Schematics in obligation (postcondition) positions which remain unset\nafter goals are solved. They should be instantiated to True.\n  2. Schematics which appear in multiple precondition positions. They should\nbe instantiated to a conjunction and then separated.\n  3/4. Schematics applied to datatype expressions such as @{term True} or\n@{term \"Some x\"}. See @{theory \"Monads.Datatype_Schematic\"} for details.\n\\<close>",
        "output": "",
        "raw_output": "",
        "step_time": 0.007925033569335938
    },
    {
        "index": 3,
        "step": "lemma use_strengthen_prop_intro:\n  \"PROP P \\<Longrightarrow> PROP (strengthen_implementation.st_prop1 (PROP Q) (PROP P))\n    \\<Longrightarrow> PROP Q\"",
        "output": "",
        "raw_output": "proof (prove)\ngoal (1 subgoal):\n 1. \\<lbrakk>PROP P; strengthen_implementation.st_prop1 PROP Q PROP P\\<rbrakk> \\<Longrightarrow> PROP Q",
        "step_time": 0.05242490768432617
    },
    {
        "index": 4,
        "step": "unfolding strengthen_implementation.st_prop1_def",
        "output": "",
        "raw_output": "proof (prove)\ngoal (1 subgoal):\n 1. \\<lbrakk>PROP P; PROP P \\<Longrightarrow> PROP Q\\<rbrakk> \\<Longrightarrow> PROP Q",
        "step_time": 0.006989955902099609
    },
    {
        "index": 5,
        "step": "apply (drule(1) meta_mp)+",
        "output": "",
        "raw_output": "proof (prove)\ngoal (1 subgoal):\n 1. \\<lbrakk>PROP P; PROP Q\\<rbrakk> \\<Longrightarrow> PROP Q",
        "step_time": 0.006016254425048828
    },
    {
        "index": 6,
        "step": "apply assumption",
        "output": "",
        "raw_output": "proof (prove)\ngoal:\nNo subgoals!",
        "step_time": 0.005137205123901367
    },
    {
        "index": 7,
        "step": "done",
        "output": "",
        "raw_output": "",
        "step_time": 0.005675315856933594
    },
    {
        "index": 8,
        "step": "definition\n  target_var :: \"int \\<Rightarrow> 'a \\<Rightarrow> 'a\"\nwhere\n  \"target_var n x = x\"",
        "output": "",
        "raw_output": "",
        "step_time": 0.013463020324707031
    },
    {
        "index": 9,
        "step": "lemma strengthen_to_conjunct1_target:\n  \"strengthen_implementation.st True (\\<longrightarrow>)\n    (target_var n (P \\<and> Q)) (target_var n P)\"",
        "output": "",
        "raw_output": "proof (prove)\ngoal (1 subgoal):\n 1. target_var n (P \\<and> Q) =strg-->|=> target_var n P",
        "step_time": 0.010290384292602539
    },
    {
        "index": 10,
        "step": "by (simp add: strengthen_implementation.st_def target_var_def)",
        "output": "",
        "raw_output": "",
        "step_time": 0.008267641067504883
    },
    {
        "index": 11,
        "step": "lemma strengthen_to_conjunct2_target_trans:\n  \"strengthen_implementation.st True (\\<longrightarrow>)\n        (target_var n Q) R\n    \\<Longrightarrow> strengthen_implementation.st True (\\<longrightarrow>)\n        (target_var n (P \\<and> Q)) R\"",
        "output": "",
        "raw_output": "proof (prove)\ngoal (1 subgoal):\n 1. target_var n Q =strg-->|=> R \\<Longrightarrow> target_var n (P \\<and> Q) =strg-->|=> R",
        "step_time": 0.00957036018371582
    },
    {
        "index": 12,
        "step": "by (simp add: strengthen_implementation.st_def target_var_def)",
        "output": "",
        "raw_output": "",
        "step_time": 0.009900331497192383
    },
    {
        "index": 13,
        "step": "lemma target_var_drop_func:\n  \"target_var n f = (\\<lambda>x. target_var n (f x))\"",
        "output": "",
        "raw_output": "proof (prove)\ngoal (1 subgoal):\n 1. target_var n f = (\\<lambda>x. target_var n (f x))",
        "step_time": 0.009090185165405273
    },
    {
        "index": 14,
        "step": "by (simp add: target_var_def)",
        "output": "",
        "raw_output": "",
        "step_time": 0.0077517032623291016
    },
    {
        "index": 15,
        "step": "named_theorems wp_fix_strgs",
        "output": "",
        "raw_output": "",
        "step_time": 0.14344525337219238
    },
    {
        "index": 16,
        "step": "lemma strg_target_to_true:\n  \"strengthen_implementation.st F (\\<longrightarrow>) (target_var n True) True\"",
        "output": "",
        "raw_output": "proof (prove)\ngoal (1 subgoal):\n 1. strengthen_implementation.st F (\\<longrightarrow>) (target_var n True) True",
        "step_time": 0.011754274368286133
    },
    {
        "index": 17,
        "step": "by (simp add: target_var_def strengthen_implementation.strengthen_refl)",
        "output": "",
        "raw_output": "",
        "step_time": 0.008234500885009766
    },
    {
        "index": 18,
        "step": "ML \\<open>\nstructure WPFix = struct\n\nval st_refl = @{thm strengthen_implementation.strengthen_refl}\nval st_refl_True = @{thm strengthen_implementation.strengthen_refl[where x=True]}\nval st_refl_target_True = @{thm strg_target_to_true}\nval st_refl_non_target\n    = @{thm strengthen_implementation.strengthen_refl[where x=\"target_var (-1) v\" for v]}\n\nval conv_to_target = mk_meta_eq @{thm target_var_def[symmetric]}\n\nval tord = Term_Ord.fast_term_ord\nfun has_var vars t = not (null (Ord_List.inter tord vars\n        (Ord_List.make tord (map Var (Term.add_vars t [])))))\n\nfun get_vars prop = map Var (Term.add_vars prop [])\n    |> Ord_List.make tord\n    |> filter (fn v => snd (strip_type (fastype_of v)) = HOLogic.boolT)\n\nval st_intro = @{thm use_strengthen_prop_intro}\nval st_not = @{thms strengthen_implementation.strengthen_Not}\nval st_conj2_trans = @{thm strengthen_to_conjunct2_target_trans}\nval st_conj1 = @{thm strengthen_to_conjunct1_target}\n\n(* assumes Strengthen.goal_predicate g is \"st\" *)\nfun dest_strg g = case Strengthen.goal_predicate g of\n    \"st\" => (case HOLogic.dest_Trueprop (Logic.strip_assums_concl g) of\n        (Const _ $ mode $ rel $ lhs $ rhs) => (\"st\", SOME (mode, rel, lhs, rhs))\n      | _ => error (\"dest_strg \" ^ @{make_string} g)\n    )\n  | nm => (nm, NONE)\n\nfun get_target (Const (@{const_name target_var}, _) $ n $ _)\n  = (try (HOLogic.dest_number #> snd) n)\n  | get_target _ = NONE\n\nfun is_target P t = case get_target t of NONE => false\n  | SOME v => P v\n\nfun is_target_head P (f $ v) = is_target P (f $ v) orelse is_target_head P f\n  | is_target_head _ _ = false\n\nfun has_target P (f $ v) = is_target P (f $ v)\n    orelse has_target P f orelse has_target P v\n  | has_target P (Abs (_, _, t)) = has_target P t\n  | has_target _ _ = false\n\nfun apply_strgs congs ctxt = SUBGOAL (fn (t, i) => case\n        dest_strg t of\n    (\"st_prop1\", _) => resolve_tac ctxt congs i\n  | (\"st_prop2\", _) => resolve_tac ctxt congs i\n  | (\"st\", SOME (_, _, lhs, _)) => resolve_tac ctxt st_not i\n    ORELSE eresolve_tac ctxt [thin_rl] i\n    ORELSE resolve_tac ctxt [st_refl_non_target] i\n    ORELSE (if is_target_head (fn v => v >= 0) lhs\n        then no_tac\n        else if not (has_target (fn v => v >= 0) lhs)\n        then resolve_tac ctxt [st_refl] i\n        else if is_Const (head_of lhs)\n        then (resolve_tac ctxt congs i ORELSE resolve_tac ctxt [st_refl] i)\n        else resolve_tac ctxt [st_refl] i\n    )\n  | _ => no_tac\n  )\n\nfun strg_proc ctxt = let\n    val congs1 = Named_Theorems.get ctxt @{named_theorems wp_fix_strgs}\n    val thy = Proof_Context.theory_of ctxt\n    val congs2 = Strengthen.Congs.get thy\n    val strg = apply_strgs (congs1 @ congs2) ctxt\n  in REPEAT_ALL_NEW strg end\n\nfun target_var_conv vars ctxt ct = case Thm.term_of ct of\n    Abs _ => Conv.sub_conv (target_var_conv vars) ctxt ct\n  | Var v => Conv.rewr_conv (Drule.infer_instantiate ctxt\n        [((\"n\", 1), Thm.cterm_of ctxt (HOLogic.mk_number @{typ int}\n            (find_index (fn v2 => v2 = Var v) vars)))] conv_to_target) ct\n  | _ $ _ => Datatype_Schematic.combs_conv (target_var_conv vars) ctxt ct\n  | _ => raise Option\n\nfun st_intro_tac ctxt = CSUBGOAL (fn (ct, i) => fn thm => let\n        val intro = Drule.infer_instantiate ctxt [((\"Q\", 0), ct)]\n          (Thm.incr_indexes (Thm.maxidx_of thm + 1) st_intro)\n      in compose_tac ctxt (false, intro, 2) i\n      end thm)\n\nfun intro_tac ctxt vs = SUBGOAL (fn (t, i) => if has_var vs t\n    then CONVERSION (target_var_conv vs ctxt) i\n        THEN CONVERSION (Simplifier.full_rewrite (clear_simpset ctxt\n            addsimps @{thms target_var_drop_func}\n        )) i\n        THEN st_intro_tac ctxt i\n    else all_tac)\n\nfun classify v thm = let\n    val has_t = has_target (fn v' => v' = v)\n    val relevant = filter (has_t o fst)\n        (Thm.prems_of thm ~~ (1 upto Thm.nprems_of thm))\n        |> map (apfst (Logic.strip_assums_concl #> Envir.beta_eta_contract))\n    fun class t = case dest_strg t of\n        (\"st\", SOME (@{term True}, @{term \"(-->)\"}, lhs, _))\n            => if has_t lhs then SOME true else NONE\n      | (\"st\", SOME (@{term False}, @{term \"(-->)\"}, lhs, _))\n            => if has_t lhs then SOME false else NONE\n      | _ => NONE\n    val classn = map (apfst class) relevant\n    fun get k = map snd (filter (fn (k', _) => k' = k) classn)\n  in if (null relevant) then NONE\n    else if not (null (get NONE))\n    then NONE\n    else if null (get (SOME true))\n    then SOME (\"to_true\", map snd relevant)\n    else if length (get (SOME true)) > 1\n    then SOME (\"to_conj\", get (SOME true))\n    else NONE\n  end\n\nfun ONGOALS tac is = let\n    val is = rev (sort int_ord is)\n  in EVERY (map tac is) end\n\nfun act_on ctxt (\"to_true\", is)\n    = ONGOALS (resolve_tac ctxt [st_refl_target_True]) is\n  | act_on ctxt (\"to_conj\", is)\n    = ONGOALS (resolve_tac ctxt [st_conj2_trans]) (drop 1 is)\n      THEN (if length is > 2 then act_on ctxt (\"to_conj\", drop 1 is)\n        else ONGOALS (resolve_tac ctxt [st_refl]) (drop 1 is))\n      THEN ONGOALS (resolve_tac ctxt [st_conj1]) (take 1 is)\n  | act_on _ (s, _) = error (\"act_on: \" ^ s)\n\nfun act ctxt check vs thm = let\n    val acts = map_filter (fn v => classify v thm) vs\n  in if null acts\n    then (if check then no_tac else all_tac) thm\n    else (act_on ctxt (hd acts) THEN act ctxt false vs) thm end\n\nfun cleanup ctxt = SUBGOAL (fn (t, i) => case Strengthen.goal_predicate t of\n    \"st\" => resolve_tac ctxt [st_refl] i\n  | _ => all_tac)\n\nfun tac ctxt = SUBGOAL (fn (t, _) => let\n    val vs = get_vars t\n  in if null vs then no_tac else ALLGOALS (intro_tac ctxt vs)\n    THEN ALLGOALS (TRY o strg_proc ctxt)\n    THEN act ctxt true (0 upto (length vs - 1))\n    THEN ALLGOALS (cleanup ctxt)\n    THEN Local_Defs.unfold_tac ctxt @{thms target_var_def}\n  end)\n\nfun both_tac ctxt = (Datatype_Schematic.tac ctxt THEN' (TRY o tac ctxt))\n    ORELSE' tac ctxt\n\nval method =\n  Method.sections [Datatype_Schematic.add_section] >>\n    (fn _ => fn ctxt => Method.SIMPLE_METHOD' (both_tac ctxt));\n\nend\n\\<close>",
        "output": "",
        "raw_output": "",
        "step_time": 0.09544801712036133
    },
    {
        "index": 19,
        "step": "method_setup wpfix = \\<open>WPFix.method\\<close>",
        "output": "",
        "raw_output": "",
        "step_time": 0.011219501495361328
    },
    {
        "index": 20,
        "step": "lemma demo1:\n  \"(\\<exists>Ia Ib Ic Id Ra.\n    (Ia (Suc 0) \\<longrightarrow> Qa)\n  \\<and> (Ib \\<longrightarrow> Qb)\n  \\<and> (Ic \\<longrightarrow> Ra)\n  \\<and> (Id \\<longrightarrow> Qc)\n  \\<and> (Id \\<longrightarrow> Qd)\n  \\<and> (Qa \\<and> Qb \\<and> Qc \\<and> Qd \\<longrightarrow> Ia v \\<and> Ib \\<and> Ic \\<and> Id))\"",
        "output": "",
        "raw_output": "proof (prove)\ngoal (1 subgoal):\n 1. \\<exists>Ia Ib Ic Id Ra. (Ia (Suc 0) \\<longrightarrow> Qa) \\<and> (Ib \\<longrightarrow> Qb) \\<and> (Ic \\<longrightarrow> Ra) \\<and> (Id \\<longrightarrow> Qc) \\<and> (Id \\<longrightarrow> Qd) \\<and> (Qa \\<and> Qb \\<and> Qc \\<and> Qd \\<longrightarrow> Ia v \\<and> Ib \\<and> Ic \\<and> Id)",
        "step_time": 0.013059854507446289
    },
    {
        "index": 21,
        "step": "apply (intro exI conjI impI)",
        "output": "",
        "raw_output": "proof (prove)\ngoal (9 subgoals):\n 1. ?Ia (Suc 0) \\<Longrightarrow> Qa\n 2. ?Ib1 \\<Longrightarrow> Qb\n 3. ?Ic2 \\<Longrightarrow> ?Ra4\n 4. ?Id3 \\<Longrightarrow> Qc\n 5. ?Id3 \\<Longrightarrow> Qd\n 6. Qa \\<and> Qb \\<and> Qc \\<and> Qd \\<Longrightarrow> ?Ia v\n 7. Qa \\<and> Qb \\<and> Qc \\<and> Qd \\<Longrightarrow> ?Ib1\n 8. Qa \\<and> Qb \\<and> Qc \\<and> Qd \\<Longrightarrow> ?Ic2\n 9. Qa \\<and> Qb \\<and> Qc \\<and> Qd \\<Longrightarrow> ?Id3",
        "step_time": 0.009424209594726562
    },
    {
        "index": 22,
        "step": "\n   (* apply assumption+ won't work here, since it will pick Id\n      incorrectly. the presence of the goal ?Ra is also dangerous.\n      wpfix handles this by setting Ra to True and splitting\n      Id into a conjunction. *)\n  ",
        "output": "",
        "raw_output": "proof (prove)\ngoal (9 subgoals):\n 1. ?Ia (Suc 0) \\<Longrightarrow> Qa\n 2. ?Ib1 \\<Longrightarrow> Qb\n 3. ?Ic2 \\<Longrightarrow> ?Ra4\n 4. ?Id3 \\<Longrightarrow> Qc\n 5. ?Id3 \\<Longrightarrow> Qd\n 6. Qa \\<and> Qb \\<and> Qc \\<and> Qd \\<Longrightarrow> ?Ia v\n 7. Qa \\<and> Qb \\<and> Qc \\<and> Qd \\<Longrightarrow> ?Ib1\n 8. Qa \\<and> Qb \\<and> Qc \\<and> Qd \\<Longrightarrow> ?Ic2\n 9. Qa \\<and> Qb \\<and> Qc \\<and> Qd \\<Longrightarrow> ?Id3",
        "step_time": 0.008896589279174805
    },
    {
        "index": 23,
        "step": "apply (wpfix | assumption)+",
        "output": "",
        "raw_output": "proof (prove)\ngoal (4 subgoals):\n 1. Qa \\<and> Qb \\<and> Qc \\<and> Qd \\<Longrightarrow> Qa\n 2. Qa \\<and> Qb \\<and> Qc \\<and> Qd \\<Longrightarrow> Qb\n 3. Qa \\<and> Qb \\<and> Qc \\<and> Qd \\<Longrightarrow> True\n 4. Qa \\<and> Qb \\<and> Qc \\<and> Qd \\<Longrightarrow> Qc \\<and> Qd",
        "step_time": 0.014668703079223633
    },
    {
        "index": 24,
        "step": "apply auto",
        "output": "",
        "raw_output": "proof (prove)\ngoal:\nNo subgoals!",
        "step_time": 0.006926536560058594
    },
    {
        "index": 25,
        "step": "done",
        "output": "",
        "raw_output": "",
        "step_time": 0.008043289184570312
    },
    {
        "index": 26,
        "step": "lemma demo2:\n  assumes P: \"\\<And>x. P (x + Suc x) \\<longrightarrow> R (Inl x)\"\n        \"\\<And>x. P ((x * 2) - 1) \\<longrightarrow> R (Inr x)\"\n  assumes P17: \"P 17\"\n  shows \"\\<exists>I. I (Some 9)\n    \\<and> (\\<forall>x. I x \\<longrightarrow> (case x of None \\<Rightarrow> R (Inl 8) | Some y \\<Rightarrow> R (Inr y)))\n    \\<and> (\\<forall>x. I x \\<longrightarrow> (case x of None \\<Rightarrow> R (Inr 9) | Some y \\<Rightarrow> R (Inl (y - 1))))\"",
        "output": "",
        "raw_output": "proof (prove)\ngoal (1 subgoal):\n 1. \\<exists>I. I (Some 9) \\<and> (\\<forall>x. I x \\<longrightarrow> (case x of None \\<Rightarrow> R (Inl 8) | Some y \\<Rightarrow> R (Inr y))) \\<and> (\\<forall>x. I x \\<longrightarrow> (case x of None \\<Rightarrow> R (Inr 9) | Some y \\<Rightarrow> R (Inl (y - 1))))",
        "step_time": 0.034711360931396484
    },
    {
        "index": 27,
        "step": "apply (intro exI conjI[rotated] allI)",
        "output": "",
        "raw_output": "proof (prove)\ngoal (3 subgoals):\n 1. \\<And>x. ?I x \\<longrightarrow> (case x of None \\<Rightarrow> R (Inr 9) | Some y \\<Rightarrow> R (Inl (y - 1)))\n 2. \\<And>x. ?I x \\<longrightarrow> (case x of None \\<Rightarrow> R (Inl 8) | Some y \\<Rightarrow> R (Inr y))\n 3. ?I (Some 9)",
        "step_time": 0.007558107376098633
    },
    {
        "index": 28,
        "step": "apply (rename_tac x)",
        "output": "",
        "raw_output": "proof (prove)\ngoal (3 subgoals):\n 1. \\<And>x. ?I x \\<longrightarrow> (case x of None \\<Rightarrow> R (Inr 9) | Some y \\<Rightarrow> R (Inl (y - 1)))\n 2. \\<And>x. ?I x \\<longrightarrow> (case x of None \\<Rightarrow> R (Inl 8) | Some y \\<Rightarrow> R (Inr y))\n 3. ?I (Some 9)",
        "step_time": 0.007192850112915039
    },
    {
        "index": 29,
        "step": "apply (case_tac x; simp)",
        "output": "",
        "raw_output": "proof (prove)\ngoal (4 subgoals):\n 1. ?I None \\<longrightarrow> R (Inr 9)\n 2. \\<And>x a. x = Some a \\<Longrightarrow> ?I (Some a) \\<longrightarrow> R (Inl (a - Suc 0))\n 3. \\<And>x. ?I x \\<longrightarrow> (case x of None \\<Rightarrow> R (Inl 8) | Some y \\<Rightarrow> R (Inr y))\n 4. ?I (Some 9)",
        "step_time": 0.012615680694580078
    },
    {
        "index": 30,
        "step": "apply wpfix",
        "output": "",
        "raw_output": "proof (prove)\ngoal (4 subgoals):\n 1. ?P38 (ds_id None) \\<longrightarrow> R (Inr 9)\n 2. \\<And>x xa. x = Some xa \\<Longrightarrow> ?P42 (Some xa) \\<longrightarrow> R (Inl (xa - Suc 0))\n 3. \\<And>x. ?Q42 x \\<longrightarrow> (case x of None \\<Rightarrow> R (Inl 8) | Some y \\<Rightarrow> R (Inr y))\n 4. ?P38 (Some 9) \\<and> ?P42 (Some 9) \\<and> ?Q42 (Some 9)",
        "step_time": 0.01041865348815918
    },
    {
        "index": 31,
        "step": "apply (rule P)",
        "output": "",
        "raw_output": "proof (prove)\ngoal (3 subgoals):\n 1. \\<And>x xa. x = Some xa \\<Longrightarrow> ?P42 (Some xa) \\<longrightarrow> R (Inl (xa - Suc 0))\n 2. \\<And>x. ?Q42 x \\<longrightarrow> (case x of None \\<Rightarrow> R (Inl 8) | Some y \\<Rightarrow> R (Inr y))\n 3. P (9 * 2 - 1) \\<and> ?P42 (Some 9) \\<and> ?Q42 (Some 9)",
        "step_time": 0.006701231002807617
    },
    {
        "index": 32,
        "step": "apply wpfix",
        "output": "",
        "raw_output": "proof (prove)\ngoal (3 subgoals):\n 1. \\<And>x xa. x = Some xa \\<Longrightarrow> ?P50 xa (Some xa) \\<longrightarrow> R (Inl (xa - Suc 0))\n 2. \\<And>x. ?Q42 x \\<longrightarrow> (case x of None \\<Rightarrow> R (Inl 8) | Some y \\<Rightarrow> R (Inr y))\n 3. P (9 * 2 - 1) \\<and> ?P50 (the (Some 9)) (Some 9) \\<and> ?Q42 (Some 9)",
        "step_time": 0.009410858154296875
    },
    {
        "index": 33,
        "step": "apply (rule P)",
        "output": "",
        "raw_output": "proof (prove)\ngoal (2 subgoals):\n 1. \\<And>x. ?Q42 x \\<longrightarrow> (case x of None \\<Rightarrow> R (Inl 8) | Some y \\<Rightarrow> R (Inr y))\n 2. P (9 * 2 - 1) \\<and> P (the (Some 9) - Suc 0 + Suc (the (Some 9) - Suc 0)) \\<and> ?Q42 (Some 9)",
        "step_time": 0.006850004196166992
    },
    {
        "index": 34,
        "step": "apply (rename_tac x)",
        "output": "",
        "raw_output": "proof (prove)\ngoal (2 subgoals):\n 1. \\<And>x. ?Q42 x \\<longrightarrow> (case x of None \\<Rightarrow> R (Inl 8) | Some y \\<Rightarrow> R (Inr y))\n 2. P (9 * 2 - 1) \\<and> P (the (Some 9) - Suc 0 + Suc (the (Some 9) - Suc 0)) \\<and> ?Q42 (Some 9)",
        "step_time": 0.006656169891357422
    },
    {
        "index": 35,
        "step": "apply (case_tac x; simp)",
        "output": "",
        "raw_output": "proof (prove)\ngoal (3 subgoals):\n 1. ?Q42 None \\<longrightarrow> R (Inl 8)\n 2. \\<And>x a. x = Some a \\<Longrightarrow> ?Q42 (Some a) \\<longrightarrow> R (Inr a)\n 3. P (9 * 2 - 1) \\<and> P (the (Some 9) - Suc 0 + Suc (the (Some 9) - Suc 0)) \\<and> ?Q42 (Some 9)",
        "step_time": 0.011317968368530273
    },
    {
        "index": 36,
        "step": "apply wpfix",
        "output": "",
        "raw_output": "proof (prove)\ngoal (3 subgoals):\n 1. ?P88 (ds_id None) \\<longrightarrow> R (Inl 8)\n 2. \\<And>x xa. x = Some xa \\<Longrightarrow> ?Q87 (Some xa) \\<longrightarrow> R (Inr xa)\n 3. P (9 * 2 - 1) \\<and> P (the (Some 9) - Suc 0 + Suc (the (Some 9) - Suc 0)) \\<and> ?P88 (Some 9) \\<and> ?Q87 (Some 9)",
        "step_time": 0.009273052215576172
    },
    {
        "index": 37,
        "step": "apply (rule P)",
        "output": "",
        "raw_output": "proof (prove)\ngoal (2 subgoals):\n 1. \\<And>x xa. x = Some xa \\<Longrightarrow> ?Q87 (Some xa) \\<longrightarrow> R (Inr xa)\n 2. P (9 * 2 - 1) \\<and> P (the (Some 9) - Suc 0 + Suc (the (Some 9) - Suc 0)) \\<and> P (8 + Suc 8) \\<and> ?Q87 (Some 9)",
        "step_time": 0.006636619567871094
    },
    {
        "index": 38,
        "step": "apply wpfix",
        "output": "",
        "raw_output": "proof (prove)\ngoal (2 subgoals):\n 1. \\<And>x xa. x = Some xa \\<Longrightarrow> ?Q95 xa (Some xa) \\<longrightarrow> R (Inr xa)\n 2. P (9 * 2 - 1) \\<and> P (the (Some 9) - Suc 0 + Suc (the (Some 9) - Suc 0)) \\<and> P (8 + Suc 8) \\<and> ?Q95 (the (Some 9)) (Some 9)",
        "step_time": 0.00825047492980957
    },
    {
        "index": 39,
        "step": "apply (rule P)",
        "output": "",
        "raw_output": "proof (prove)\ngoal (1 subgoal):\n 1. P (9 * 2 - 1) \\<and> P (the (Some 9) - Suc 0 + Suc (the (Some 9) - Suc 0)) \\<and> P (8 + Suc 8) \\<and> P (the (Some 9) * 2 - 1)",
        "step_time": 0.005714893341064453
    },
    {
        "index": 40,
        "step": "apply (simp add: P17)",
        "output": "",
        "raw_output": "proof (prove)\ngoal:\nNo subgoals!",
        "step_time": 0.00853729248046875
    },
    {
        "index": 41,
        "step": "done\n\n\\<comment> \\<open>\n  Shows how to use @{attribute datatype_schematic} rules as \"accessors\".\n\\<close>",
        "output": "",
        "raw_output": "",
        "step_time": 0.006979703903198242
    },
    {
        "index": 42,
        "step": "lemma (in datatype_schem_demo) demo3:\n  \"\\<exists>x. \\<forall>a b. x (basic a b) = a\"",
        "output": "",
        "raw_output": "proof (prove)\ngoal (1 subgoal):\n 1. \\<exists>x. \\<forall>a b. x (basic a b) = a",
        "step_time": 0.022006750106811523
    },
    {
        "index": 43,
        "step": "apply (rule exI, (rule allI)+)",
        "output": "",
        "raw_output": "proof (prove)\ngoal (1 subgoal):\n 1. \\<And>a b. ?x (basic a b) = a",
        "step_time": 0.005504131317138672
    },
    {
        "index": 44,
        "step": "apply (wpfix add: get_basic_0.simps) \\<comment> \\<open>Only exposes `a` to the schematic.\\<close>",
        "output": "",
        "raw_output": "proof (prove)\ngoal (1 subgoal):\n 1. \\<And>a b. ?x6 a (basic a b) = a",
        "step_time": 0.0058481693267822266
    },
    {
        "index": 45,
        "step": "by (rule refl)",
        "output": "",
        "raw_output": "",
        "step_time": 0.00605320930480957
    },
    {
        "index": 46,
        "step": "end",
        "output": "",
        "raw_output": "",
        "step_time": 0.006205558776855469
    }
]