[
    {
        "index": 0,
        "step": "(*\n * Copyright 2020, Data61, CSIRO (ABN 41 687 119 230)\n *\n * SPDX-License-Identifier: BSD-2-Clause\n *)\n\n",
        "output": "",
        "raw_output": "",
        "step_time": 0.010941743850708008
    },
    {
        "index": 1,
        "step": "theory WPSimp\nimports\n  \"WP\"\n  \"WPC\"\n  \"WPFix\"\n  Eisbach_Tools.Simp_No_Conditional\nbegin",
        "output": "",
        "raw_output": "",
        "step_time": 0.008513212203979492
    },
    {
        "index": 2,
        "step": "\n\n(* Wrap up the standard usage pattern of wp/wpc/simp into its own command: *)\n",
        "output": "",
        "raw_output": "",
        "step_time": 0.00697636604309082
    },
    {
        "index": 3,
        "step": "method wpsimp uses wp wp_del simp simp_del split split_del cong comb comb_del =\n  ((determ \\<open>wpfix | wp add: wp del: wp_del comb: comb comb del: comb_del | wpc |\n            clarsimp_no_cond simp: simp simp del: simp_del split: split split del: split_del cong: cong |\n            clarsimp simp: simp simp del: simp_del split: split split del: split_del cong: cong\\<close>)+)[1]",
        "output": "",
        "raw_output": "",
        "step_time": 1.1157035827636719
    },
    {
        "index": 4,
        "step": "end",
        "output": "",
        "raw_output": "",
        "step_time": 0.00847935676574707
    }
]