[
    {
        "index": 0,
        "step": "(*\n * Copyright 2020, Data61, CSIRO (ABN 41 687 119 230)\n *\n * SPDX-License-Identifier: GPL-2.0-only\n *)\n(*<*)\n(* THIS FILE IS AUTOMATICALLY GENERATED. YOUR EDITS WILL BE OVERWRITTEN. *)\n",
        "output": "",
        "raw_output": "",
        "step_time": 0.004271984100341797
    },
    {
        "index": 1,
        "step": "theory GenFilterSystem\nimports UserFilter\nbegin",
        "output": "",
        "raw_output": "",
        "step_time": 0.004489898681640625
    },
    {
        "index": 2,
        "step": "type_synonym component = \"(channel, component_state) comp\"",
        "output": "",
        "raw_output": "",
        "step_time": 0.046742916107177734
    },
    {
        "index": 3,
        "step": "\n\n(* Local and global state *)\n",
        "output": "",
        "raw_output": "",
        "step_time": 0.004282236099243164
    },
    {
        "index": 4,
        "step": "type_synonym lstate = \"component_state local_state\"",
        "output": "",
        "raw_output": "",
        "step_time": 0.005731821060180664
    },
    {
        "index": 5,
        "step": "type_synonym gstate = \"(inst, channel, component_state) global_state\"",
        "output": "",
        "raw_output": "",
        "step_time": 0.0061244964599609375
    },
    {
        "index": 6,
        "step": "definition\n  Store_untrusted :: \"(Store_channel \\<Rightarrow> channel) \\<Rightarrow> component\"\nwhere\n  \"Store_untrusted ch \\<equiv>\n    LOOP (\n      UserStep\n    \\<squnion> ArbitraryRequest (ch Store_l)\n    \\<squnion> ArbitraryResponse (ch Store_l))\"",
        "output": "",
        "raw_output": "",
        "step_time": 0.013016462326049805
    },
    {
        "index": 7,
        "step": "definition\n  Client_untrusted :: \"(Client_channel \\<Rightarrow> channel) \\<Rightarrow> component\"\nwhere\n  \"Client_untrusted ch \\<equiv>\n    LOOP (\n      UserStep\n    \\<squnion> ArbitraryRequest (ch Client_l)\n    \\<squnion> ArbitraryResponse (ch Client_l))\"",
        "output": "",
        "raw_output": "",
        "step_time": 0.016095399856567383
    },
    {
        "index": 8,
        "step": "definition\n  Filter_untrusted :: \"(Filter_channel \\<Rightarrow> channel) \\<Rightarrow> component\"\nwhere\n  \"Filter_untrusted ch \\<equiv>\n    LOOP (\n      UserStep\n    \\<squnion> ArbitraryRequest (ch Filter_external)\n    \\<squnion> ArbitraryResponse (ch Filter_external)\n    \\<squnion> ArbitraryRequest (ch Filter_backing)\n    \\<squnion> ArbitraryResponse (ch Filter_backing))\"",
        "output": "",
        "raw_output": "",
        "step_time": 0.014667987823486328
    },
    {
        "index": 9,
        "step": "\n\n(* Component instantiations *)\n",
        "output": "",
        "raw_output": "",
        "step_time": 0.00410914421081543
    },
    {
        "index": 10,
        "step": "definition\n  store_untrusted :: component\nwhere\n  \"store_untrusted \\<equiv> Store_untrusted (\\<lambda>c. case c of Store_l \\<Rightarrow> two)\"",
        "output": "",
        "raw_output": "",
        "step_time": 0.012157678604125977
    },
    {
        "index": 11,
        "step": "definition\n  client_untrusted :: component\nwhere\n  \"client_untrusted \\<equiv> Client_untrusted (\\<lambda>c. case c of Client_l \\<Rightarrow> one)\"",
        "output": "",
        "raw_output": "",
        "step_time": 0.011964082717895508
    },
    {
        "index": 12,
        "step": "definition\n  filter_untrusted :: component\nwhere\n  \"filter_untrusted \\<equiv>\n    Filter_untrusted (\\<lambda>c. case c of Filter_backing \\<Rightarrow> two\n                                  | Filter_external \\<Rightarrow> one)\"",
        "output": "",
        "raw_output": "",
        "step_time": 0.012520551681518555
    },
    {
        "index": 13,
        "step": "\n\n(* Global initial state *)\n",
        "output": "",
        "raw_output": "",
        "step_time": 0.0046846866607666016
    },
    {
        "index": 14,
        "step": "definition\n  gs\\<^sub>0 :: gstate\nwhere\n  \"gs\\<^sub>0 p \\<equiv> case trusted p of Some s \\<Rightarrow> Some s\n    | _ \\<Rightarrow> (case p of store \\<Rightarrow> Some (store_untrusted, Component init_component_state)\n                    | client \\<Rightarrow> Some (client_untrusted, Component init_component_state)\n                    | filter \\<Rightarrow> Some (filter_untrusted, Component init_component_state))\"",
        "output": "",
        "raw_output": "",
        "step_time": 0.019840002059936523
    },
    {
        "index": 15,
        "step": "end",
        "output": "",
        "raw_output": "",
        "step_time": 0.0060846805572509766
    },
    {
        "index": 16,
        "step": "\n(*>*)",
        "output": "",
        "raw_output": "",
        "step_time": 0.004092216491699219
    }
]