[
    {
        "index": 0,
        "step": "(*\n * Copyright 2023, Proofcraft Pty Ltd\n * Copyright 2020, Data61, CSIRO (ABN 41 687 119 230)\n * Copyright 2014, General Dynamics C4 Systems\n *\n * SPDX-License-Identifier: GPL-2.0-only\n *)\n\n(* Arch specific lemmas that should be moved into theory files before CRefine *)\n\n",
        "output": "",
        "raw_output": "",
        "step_time": 0.0061473846435546875
    },
    {
        "index": 1,
        "step": "theory ArchMove_C\nimports Move_C\nbegin",
        "output": "",
        "raw_output": "",
        "step_time": 0.005480527877807617
    },
    {
        "index": 2,
        "step": "lemma ps_clear_is_aligned_ksPSpace_None:\n  \"\\<lbrakk>ps_clear p n s; is_aligned p n; 0<d; d \\<le> mask n\\<rbrakk>\n   \\<Longrightarrow> ksPSpace s (p + d) = None\"",
        "output": "",
        "raw_output": "proof (prove)\ngoal (1 subgoal):\n 1. \\<lbrakk>ps_clear p n s; is_aligned p n; 0 < d; d \\<le> mask n\\<rbrakk> \\<Longrightarrow> ksPSpace s (p + d) = None",
        "step_time": 0.16466784477233887
    },
    {
        "index": 3,
        "step": "apply (simp add: ps_clear_def add_diff_eq[symmetric] mask_2pm1[symmetric])",
        "output": "",
        "raw_output": "proof (prove)\ngoal (1 subgoal):\n 1. \\<lbrakk>(mask_range p n - {p}) \\<inter> dom (ksPSpace s) = {}; is_aligned p n; 0 < d; d \\<le> mask n\\<rbrakk> \\<Longrightarrow> ksPSpace s (p + d) = None",
        "step_time": 0.020394325256347656
    },
    {
        "index": 4,
        "step": "apply (drule equals0D[where a=\"p + d\"])",
        "output": "",
        "raw_output": "proof (prove)\ngoal (1 subgoal):\n 1. \\<lbrakk>is_aligned p n; 0 < d; d \\<le> mask n; p + d \\<notin> (mask_range p n - {p}) \\<inter> dom (ksPSpace s)\\<rbrakk> \\<Longrightarrow> ksPSpace s (p + d) = None",
        "step_time": 0.011281251907348633
    },
    {
        "index": 5,
        "step": "apply (simp add: dom_def word_gt_0 del: word_neq_0_conv)",
        "output": "",
        "raw_output": "proof (prove)\ngoal (1 subgoal):\n 1. \\<lbrakk>is_aligned p n; d \\<noteq> 0; d \\<le> mask n; p + d \\<le> p + mask n \\<longrightarrow> p \\<le> p + d \\<longrightarrow> ksPSpace s (p + d) = None\\<rbrakk> \\<Longrightarrow> ksPSpace s (p + d) = None",
        "step_time": 0.025298118591308594
    },
    {
        "index": 6,
        "step": "apply (drule mp)",
        "output": "",
        "raw_output": "proof (prove)\ngoal (2 subgoals):\n 1. \\<lbrakk>is_aligned p n; d \\<noteq> 0; d \\<le> mask n\\<rbrakk> \\<Longrightarrow> p + d \\<le> p + mask n\n 2. \\<lbrakk>is_aligned p n; d \\<noteq> 0; d \\<le> mask n; p \\<le> p + d \\<longrightarrow> ksPSpace s (p + d) = None\\<rbrakk> \\<Longrightarrow> ksPSpace s (p + d) = None",
        "step_time": 0.008346319198608398
    },
    {
        "index": 7,
        "step": "apply (rule word_plus_mono_right)",
        "output": "",
        "raw_output": "proof (prove)\ngoal (3 subgoals):\n 1. \\<lbrakk>is_aligned p n; d \\<noteq> 0; d \\<le> mask n\\<rbrakk> \\<Longrightarrow> d \\<le> mask n\n 2. \\<lbrakk>is_aligned p n; d \\<noteq> 0; d \\<le> mask n\\<rbrakk> \\<Longrightarrow> p \\<le> p + mask n\n 3. \\<lbrakk>is_aligned p n; d \\<noteq> 0; d \\<le> mask n; p \\<le> p + d \\<longrightarrow> ksPSpace s (p + d) = None\\<rbrakk> \\<Longrightarrow> ksPSpace s (p + d) = None",
        "step_time": 0.008450746536254883
    },
    {
        "index": 8,
        "step": "apply simp",
        "output": "",
        "raw_output": "proof (prove)\ngoal (2 subgoals):\n 1. \\<lbrakk>is_aligned p n; d \\<noteq> 0; d \\<le> mask n\\<rbrakk> \\<Longrightarrow> p \\<le> p + mask n\n 2. \\<lbrakk>is_aligned p n; d \\<noteq> 0; d \\<le> mask n; p \\<le> p + d \\<longrightarrow> ksPSpace s (p + d) = None\\<rbrakk> \\<Longrightarrow> ksPSpace s (p + d) = None",
        "step_time": 0.009257316589355469
    },
    {
        "index": 9,
        "step": "apply (simp add: mask_2pm1)",
        "output": "",
        "raw_output": "proof (prove)\ngoal (2 subgoals):\n 1. \\<lbrakk>is_aligned p n; d \\<noteq> 0; d \\<le> 2 ^ n - 1\\<rbrakk> \\<Longrightarrow> p \\<le> p + (2 ^ n - 1)\n 2. \\<lbrakk>is_aligned p n; d \\<noteq> 0; d \\<le> mask n; p \\<le> p + d \\<longrightarrow> ksPSpace s (p + d) = None\\<rbrakk> \\<Longrightarrow> ksPSpace s (p + d) = None",
        "step_time": 0.017564058303833008
    },
    {
        "index": 10,
        "step": "apply (erule is_aligned_no_overflow')",
        "output": "",
        "raw_output": "proof (prove)\ngoal (1 subgoal):\n 1. \\<lbrakk>is_aligned p n; d \\<noteq> 0; d \\<le> mask n; p \\<le> p + d \\<longrightarrow> ksPSpace s (p + d) = None\\<rbrakk> \\<Longrightarrow> ksPSpace s (p + d) = None",
        "step_time": 0.008336305618286133
    },
    {
        "index": 11,
        "step": "apply (drule mp)",
        "output": "",
        "raw_output": "proof (prove)\ngoal (2 subgoals):\n 1. \\<lbrakk>is_aligned p n; d \\<noteq> 0; d \\<le> mask n\\<rbrakk> \\<Longrightarrow> p \\<le> p + d\n 2. \\<lbrakk>is_aligned p n; d \\<noteq> 0; d \\<le> mask n; ksPSpace s (p + d) = None\\<rbrakk> \\<Longrightarrow> ksPSpace s (p + d) = None",
        "step_time": 0.008260726928710938
    },
    {
        "index": 12,
        "step": "apply (case_tac \"(0::word32)<2^n\")",
        "output": "",
        "raw_output": "proof (prove)\ngoal (3 subgoals):\n 1. \\<lbrakk>is_aligned p n; d \\<noteq> 0; d \\<le> mask n; 0 < 2 ^ n\\<rbrakk> \\<Longrightarrow> p \\<le> p + d\n 2. \\<lbrakk>is_aligned p n; d \\<noteq> 0; d \\<le> mask n; \\<not> 0 < 2 ^ n\\<rbrakk> \\<Longrightarrow> p \\<le> p + d\n 3. \\<lbrakk>is_aligned p n; d \\<noteq> 0; d \\<le> mask n; ksPSpace s (p + d) = None\\<rbrakk> \\<Longrightarrow> ksPSpace s (p + d) = None",
        "step_time": 0.014021158218383789
    },
    {
        "index": 13,
        "step": "apply (frule le_m1_iff_lt[of \"(2::word32)^n\" d, THEN iffD1])",
        "output": "",
        "raw_output": "proof (prove)\ngoal (3 subgoals):\n 1. \\<lbrakk>is_aligned p n; d \\<noteq> 0; d \\<le> mask n; 0 < 2 ^ n; (d \\<le> 2 ^ n - 1) = (d < 2 ^ n)\\<rbrakk> \\<Longrightarrow> p \\<le> p + d\n 2. \\<lbrakk>is_aligned p n; d \\<noteq> 0; d \\<le> mask n; \\<not> 0 < 2 ^ n\\<rbrakk> \\<Longrightarrow> p \\<le> p + d\n 3. \\<lbrakk>is_aligned p n; d \\<noteq> 0; d \\<le> mask n; ksPSpace s (p + d) = None\\<rbrakk> \\<Longrightarrow> ksPSpace s (p + d) = None",
        "step_time": 0.012193441390991211
    },
    {
        "index": 14,
        "step": "apply (simp add: mask_2pm1[symmetric])",
        "output": "",
        "raw_output": "proof (prove)\ngoal (3 subgoals):\n 1. \\<lbrakk>is_aligned p n; d \\<noteq> 0; d \\<le> mask n; 0 < 2 ^ n; d < 2 ^ n\\<rbrakk> \\<Longrightarrow> p \\<le> p + d\n 2. \\<lbrakk>is_aligned p n; d \\<noteq> 0; d \\<le> mask n; \\<not> 0 < 2 ^ n\\<rbrakk> \\<Longrightarrow> p \\<le> p + d\n 3. \\<lbrakk>is_aligned p n; d \\<noteq> 0; d \\<le> mask n; ksPSpace s (p + d) = None\\<rbrakk> \\<Longrightarrow> ksPSpace s (p + d) = None",
        "step_time": 0.21445202827453613
    },
    {
        "index": 15,
        "step": "apply (erule (1) is_aligned_no_wrap')",
        "output": "",
        "raw_output": "proof (prove)\ngoal (2 subgoals):\n 1. \\<lbrakk>is_aligned p n; d \\<noteq> 0; d \\<le> mask n; \\<not> 0 < 2 ^ n\\<rbrakk> \\<Longrightarrow> p \\<le> p + d\n 2. \\<lbrakk>is_aligned p n; d \\<noteq> 0; d \\<le> mask n; ksPSpace s (p + d) = None\\<rbrakk> \\<Longrightarrow> ksPSpace s (p + d) = None",
        "step_time": 0.008984804153442383
    },
    {
        "index": 16,
        "step": "apply (simp add: is_aligned_mask mask_2pm1 not_less word_bits_def\n                    power_overflow)",
        "output": "",
        "raw_output": "proof (prove)\ngoal (1 subgoal):\n 1. \\<lbrakk>is_aligned p n; d \\<noteq> 0; d \\<le> mask n; ksPSpace s (p + d) = None\\<rbrakk> \\<Longrightarrow> ksPSpace s (p + d) = None",
        "step_time": 0.031065940856933594
    },
    {
        "index": 17,
        "step": "by assumption",
        "output": "",
        "raw_output": "",
        "step_time": 0.00786137580871582
    },
    {
        "index": 18,
        "step": "lemma ps_clear_is_aligned_ctes_None:\n  assumes \"ps_clear p tcbBlockSizeBits s\"\n      and \"is_aligned p tcbBlockSizeBits\"\n  shows \"ksPSpace s (p + 2*2^cteSizeBits) = None\"\n    and \"ksPSpace s (p + 3*2^cteSizeBits) = None\"\n    and \"ksPSpace s (p + 4*2^cteSizeBits) = None\"",
        "output": "",
        "raw_output": "proof (prove)\ngoal (1 subgoal):\n 1. ksPSpace s (p + 2 * 2 ^ cteSizeBits) = None &&& ksPSpace s (p + 3 * 2 ^ cteSizeBits) = None &&& ksPSpace s (p + 4 * 2 ^ cteSizeBits) = None",
        "step_time": 0.042901039123535156
    },
    {
        "index": 19,
        "step": "by (auto intro: assms ps_clear_is_aligned_ksPSpace_None\n            simp: objBits_defs mask_def)+",
        "output": "",
        "raw_output": "",
        "step_time": 0.07715392112731934
    },
    {
        "index": 20,
        "step": "\n\n(* FIXME: Move to Schedule_R.thy. Make Arch_switchToThread_obj_at a specialisation of this *)\n",
        "output": "",
        "raw_output": "",
        "step_time": 0.004724740982055664
    },
    {
        "index": 21,
        "step": "lemma Arch_switchToThread_obj_at_pre:\n  \"\\<lbrace>obj_at' (Not \\<circ> tcbQueued) t\\<rbrace>\n   Arch.switchToThread t\n   \\<lbrace>\\<lambda>rv. obj_at' (Not \\<circ> tcbQueued) t\\<rbrace>\"",
        "output": "",
        "raw_output": "proof (prove)\ngoal (1 subgoal):\n 1. \\<lbrace>obj_at' (Not \\<circ> tcbQueued) t\\<rbrace> Arch.switchToThread t \\<lbrace>\\<lambda>rv. obj_at' (Not \\<circ> tcbQueued) t\\<rbrace>",
        "step_time": 0.01105952262878418
    },
    {
        "index": 22,
        "step": "apply (simp add: ARM_H.switchToThread_def)",
        "output": "",
        "raw_output": "proof (prove)\ngoal (1 subgoal):\n 1. \\<lbrace>obj_at' (Not \\<circ> tcbQueued) t\\<rbrace> do y <- ARM_H.setVMRoot t;\ndoMachineOp ARM.clearExMonitor\nod \\<lbrace>\\<lambda>rv. obj_at' (Not \\<circ> tcbQueued) t\\<rbrace>",
        "step_time": 0.008832693099975586
    },
    {
        "index": 23,
        "step": "apply (wp doMachineOp_obj_at setVMRoot_obj_at hoare_drop_imps|wpc)+",
        "output": "",
        "raw_output": "proof (prove)\ngoal:\nNo subgoals!",
        "step_time": 0.012096405029296875
    },
    {
        "index": 24,
        "step": "done",
        "output": "",
        "raw_output": "",
        "step_time": 0.006471157073974609
    },
    {
        "index": 25,
        "step": "context begin",
        "output": "",
        "raw_output": "",
        "step_time": 0.004634857177734375
    },
    {
        "index": 26,
        "step": "interpretation Arch",
        "output": "",
        "raw_output": "proof (prove)\ngoal:\nNo subgoals!",
        "step_time": 0.18016839027404785
    },
    {
        "index": 27,
        "step": ".",
        "output": "",
        "raw_output": "",
        "step_time": 6.9240217208862305
    },
    {
        "index": 28,
        "step": "lemma asid_pool_at'_ko:\n  \"asid_pool_at' p s \\<Longrightarrow> \\<exists>pool. ko_at' (ASIDPool pool) p s\"",
        "output": "",
        "raw_output": "proof (prove)\ngoal (1 subgoal):\n 1. asid_pool_at' p s \\<Longrightarrow> \\<exists>pool. ko_at' (asidpool.ASIDPool pool) p s",
        "step_time": 0.17516016960144043
    },
    {
        "index": 29,
        "step": "apply (clarsimp simp: typ_at'_def obj_at'_def ko_wp_at'_def projectKOs)",
        "output": "",
        "raw_output": "proof (prove)\ngoal (1 subgoal):\n 1. \\<And>ko. \\<lbrakk>ksPSpace s p = Some ko; is_aligned p (objBitsKO ko); koTypeOf ko = ArchT ASIDPoolT; ps_clear p (objBitsKO ko) s\\<rbrakk> \\<Longrightarrow> \\<exists>pool. ko = KOArch (KOASIDPool (asidpool.ASIDPool pool)) \\<and> is_aligned p (objBitsKO (KOArch (KOASIDPool (asidpool.ASIDPool pool)))) \\<and> ps_clear p (objBitsKO (KOArch (KOASIDPool (asidpool.ASIDPool pool)))) s",
        "step_time": 0.02190113067626953
    },
    {
        "index": 30,
        "step": "apply (case_tac ko, auto)",
        "output": "",
        "raw_output": "proof (prove)\ngoal (1 subgoal):\n 1. \\<And>x8. \\<lbrakk>ksPSpace s p = Some (KOArch x8); is_aligned p (objBitsKO (KOArch x8)); archTypeOf x8 = ASIDPoolT; ps_clear p (objBitsKO (KOArch x8)) s\\<rbrakk> \\<Longrightarrow> \\<exists>pool. x8 = KOASIDPool (asidpool.ASIDPool pool) \\<and> is_aligned p (objBitsKO (KOArch (KOASIDPool (asidpool.ASIDPool pool)))) \\<and> ps_clear p (objBitsKO (KOArch (KOASIDPool (asidpool.ASIDPool pool)))) s",
        "step_time": 0.02967691421508789
    },
    {
        "index": 31,
        "step": "apply (rename_tac arch_kernel_object)",
        "output": "",
        "raw_output": "proof (prove)\ngoal (1 subgoal):\n 1. \\<And>arch_kernel_object. \\<lbrakk>ksPSpace s p = Some (KOArch arch_kernel_object); is_aligned p (objBitsKO (KOArch arch_kernel_object)); archTypeOf arch_kernel_object = ASIDPoolT; ps_clear p (objBitsKO (KOArch arch_kernel_object)) s\\<rbrakk> \\<Longrightarrow> \\<exists>pool. arch_kernel_object = KOASIDPool (asidpool.ASIDPool pool) \\<and> is_aligned p (objBitsKO (KOArch (KOASIDPool (asidpool.ASIDPool pool)))) \\<and> ps_clear p (objBitsKO (KOArch (KOASIDPool (asidpool.ASIDPool pool)))) s",
        "step_time": 0.007903099060058594
    },
    {
        "index": 32,
        "step": "apply (case_tac arch_kernel_object, auto)[1]",
        "output": "",
        "raw_output": "proof (prove)\ngoal (1 subgoal):\n 1. \\<And>x1. \\<lbrakk>ksPSpace s p = Some (KOArch (KOASIDPool x1)); is_aligned p (objBitsKO (KOArch (KOASIDPool x1))); ps_clear p (objBitsKO (KOArch (KOASIDPool x1))) s\\<rbrakk> \\<Longrightarrow> \\<exists>pool. x1 = asidpool.ASIDPool pool \\<and> is_aligned p (objBitsKO (KOArch (KOASIDPool (asidpool.ASIDPool pool)))) \\<and> ps_clear p (objBitsKO (KOArch (KOASIDPool (asidpool.ASIDPool pool)))) s",
        "step_time": 0.02485489845275879
    },
    {
        "index": 33,
        "step": "apply (rename_tac asidpool)",
        "output": "",
        "raw_output": "proof (prove)\ngoal (1 subgoal):\n 1. \\<And>asidpool. \\<lbrakk>ksPSpace s p = Some (KOArch (KOASIDPool asidpool)); is_aligned p (objBitsKO (KOArch (KOASIDPool asidpool))); ps_clear p (objBitsKO (KOArch (KOASIDPool asidpool))) s\\<rbrakk> \\<Longrightarrow> \\<exists>pool. asidpool = asidpool.ASIDPool pool \\<and> is_aligned p (objBitsKO (KOArch (KOASIDPool (asidpool.ASIDPool pool)))) \\<and> ps_clear p (objBitsKO (KOArch (KOASIDPool (asidpool.ASIDPool pool)))) s",
        "step_time": 0.007021188735961914
    },
    {
        "index": 34,
        "step": "apply (case_tac asidpool, auto)[1]",
        "output": "",
        "raw_output": "proof (prove)\ngoal:\nNo subgoals!",
        "step_time": 0.01110219955444336
    },
    {
        "index": 35,
        "step": "done",
        "output": "",
        "raw_output": "",
        "step_time": 0.00714421272277832
    },
    {
        "index": 36,
        "step": "lemma setCTE_asidpool':\n  \"\\<lbrace> ko_at' (ASIDPool pool) p \\<rbrace> setCTE c p' \\<lbrace>\\<lambda>_. ko_at' (ASIDPool pool) p\\<rbrace>\"",
        "output": "",
        "raw_output": "proof (prove)\ngoal (1 subgoal):\n 1. \\<lbrace>ko_at' (asidpool.ASIDPool pool) p\\<rbrace> setCTE c p' \\<lbrace>\\<lambda>_. ko_at' (asidpool.ASIDPool pool) p\\<rbrace>",
        "step_time": 0.009194374084472656
    },
    {
        "index": 37,
        "step": "apply (clarsimp simp: setCTE_def)",
        "output": "",
        "raw_output": "proof (prove)\ngoal (1 subgoal):\n 1. \\<lbrace>ko_at' (asidpool.ASIDPool pool) p\\<rbrace> setObject c p' \\<lbrace>\\<lambda>_. ko_at' (asidpool.ASIDPool pool) p\\<rbrace>",
        "step_time": 0.008443593978881836
    },
    {
        "index": 38,
        "step": "apply (simp add: setObject_def split_def)",
        "output": "",
        "raw_output": "proof (prove)\ngoal (1 subgoal):\n 1. \\<lbrace>ko_at' (asidpool.ASIDPool pool) p\\<rbrace> do ps <- gets ksPSpace;\np <- assert_opt (fst (lookupAround2 c ps));\nobj' <- updateObject p' (snd p) c (fst p) (snd (lookupAround2 c ps));\nmodify (ksPSpace_update (\\<lambda>_. ps(fst p \\<mapsto> obj')))\nod \\<lbrace>\\<lambda>_. ko_at' (asidpool.ASIDPool pool) p\\<rbrace>",
        "step_time": 0.018641948699951172
    },
    {
        "index": 39,
        "step": "apply (rule hoare_seq_ext [OF _ hoare_gets_sp])",
        "output": "",
        "raw_output": "proof (prove)\ngoal (1 subgoal):\n 1. \\<And>ps. \\<lbrace>\\<lambda>s. ps = ksPSpace s \\<and> ko_at' (asidpool.ASIDPool pool) p s\\<rbrace> do p <- assert_opt (fst (lookupAround2 c ps));\nobj' <- updateObject p' (snd p) c (fst p) (snd (lookupAround2 c ps));\nmodify (ksPSpace_update (\\<lambda>_. ps(fst p \\<mapsto> obj')))\nod \\<lbrace>\\<lambda>_. ko_at' (asidpool.ASIDPool pool) p\\<rbrace>",
        "step_time": 0.008959054946899414
    },
    {
        "index": 40,
        "step": "apply (clarsimp simp: valid_def in_monad)",
        "output": "",
        "raw_output": "proof (prove)\ngoal (1 subgoal):\n 1. \\<And>s a ba s'' obj'. \\<lbrakk>ko_at' (asidpool.ASIDPool pool) p s; fst (lookupAround2 c (ksPSpace s)) = Some (a, ba); (obj', s'') \\<in> fst (updateObject p' ba c a (snd (lookupAround2 c (ksPSpace s))) s)\\<rbrakk> \\<Longrightarrow> ko_at' (asidpool.ASIDPool pool) p (s''\\<lparr>ksPSpace := (ksPSpace s)(a \\<mapsto> obj')\\<rparr>)",
        "step_time": 0.04683947563171387
    },
    {
        "index": 41,
        "step": "apply (frule updateObject_type)",
        "output": "",
        "raw_output": "proof (prove)\ngoal (1 subgoal):\n 1. \\<And>s a ba s'' obj'. \\<lbrakk>ko_at' (asidpool.ASIDPool pool) p s; fst (lookupAround2 c (ksPSpace s)) = Some (a, ba); (obj', s'') \\<in> fst (updateObject p' ba c a (snd (lookupAround2 c (ksPSpace s))) s); koTypeOf obj' = koTypeOf ba\\<rbrakk> \\<Longrightarrow> ko_at' (asidpool.ASIDPool pool) p (s''\\<lparr>ksPSpace := (ksPSpace s)(a \\<mapsto> obj')\\<rparr>)",
        "step_time": 0.0074045658111572266
    },
    {
        "index": 42,
        "step": "apply (clarsimp simp: obj_at'_def projectKOs)",
        "output": "",
        "raw_output": "proof (prove)\ngoal (1 subgoal):\n 1. \\<And>s a ba s'' obj'. \\<lbrakk>fst (lookupAround2 c (ksPSpace s)) = Some (a, ba); (obj', s'') \\<in> fst (updateObject p' ba c a (snd (lookupAround2 c (ksPSpace s))) s); koTypeOf obj' = koTypeOf ba; ksPSpace s p = Some (KOArch (KOASIDPool (asidpool.ASIDPool pool))); is_aligned p (objBitsKO (KOArch (KOASIDPool (asidpool.ASIDPool pool)))); ps_clear p (objBitsKO (KOArch (KOASIDPool (asidpool.ASIDPool pool)))) s\\<rbrakk> \\<Longrightarrow> (p = a \\<longrightarrow> obj' = KOArch (KOASIDPool (asidpool.ASIDPool pool)) \\<and> ps_clear a (objBitsKO (KOArch (KOASIDPool (asidpool.ASIDPool pool)))) (s''\\<lparr>ksPSpace := (ksPSpace s)(a \\<mapsto> obj')\\<rparr>)) \\<and> (p \\<noteq> a \\<longrightarrow> ps_clear p (objBitsKO (KOArch (KOASIDPool (asidpool.ASIDPool pool)))) (s''\\<lparr>ksPSpace := (ksPSpace s)(a \\<mapsto> obj')\\<rparr>))",
        "step_time": 0.03622245788574219
    },
    {
        "index": 43,
        "step": "apply (rule conjI)",
        "output": "",
        "raw_output": "proof (prove)\ngoal (2 subgoals):\n 1. \\<And>s a ba s'' obj'. \\<lbrakk>fst (lookupAround2 c (ksPSpace s)) = Some (a, ba); (obj', s'') \\<in> fst (updateObject p' ba c a (snd (lookupAround2 c (ksPSpace s))) s); koTypeOf obj' = koTypeOf ba; ksPSpace s p = Some (KOArch (KOASIDPool (asidpool.ASIDPool pool))); is_aligned p (objBitsKO (KOArch (KOASIDPool (asidpool.ASIDPool pool)))); ps_clear p (objBitsKO (KOArch (KOASIDPool (asidpool.ASIDPool pool)))) s\\<rbrakk> \\<Longrightarrow> p = a \\<longrightarrow> obj' = KOArch (KOASIDPool (asidpool.ASIDPool pool)) \\<and> ps_clear a (objBitsKO (KOArch (KOASIDPool (asidpool.ASIDPool pool)))) (s''\\<lparr>ksPSpace := (ksPSpace s)(a \\<mapsto> obj')\\<rparr>)\n 2. \\<And>s a ba s'' obj'. \\<lbrakk>fst (lookupAround2 c (ksPSpace s)) = Some (a, ba); (obj', s'') \\<in> fst (updateObject p' ba c a (snd (lookupAround2 c (ksPSpace s))) s); koTypeOf obj' = koTypeOf ba; ksPSpace s p = Some (KOArch (KOASIDPool (asidpool.ASIDPool pool))); is_aligned p (objBitsKO (KOArch (KOASIDPool (asidpool.ASIDPool pool)))); ps_clear p (objBitsKO (KOArch (KOASIDPool (asidpool.ASIDPool pool)))) s\\<rbrakk> \\<Longrightarrow> p \\<noteq> a \\<longrightarrow> ps_clear p (objBitsKO (KOArch (KOASIDPool (asidpool.ASIDPool pool)))) (s''\\<lparr>ksPSpace := (ksPSpace s)(a \\<mapsto> obj')\\<rparr>)",
        "step_time": 0.013784170150756836
    },
    {
        "index": 44,
        "step": "apply (clarsimp simp: lookupAround2_char1)",
        "output": "",
        "raw_output": "proof (prove)\ngoal (2 subgoals):\n 1. \\<And>s s'' obj'. \\<lbrakk>(obj', s'') \\<in> fst (updateObject p' (KOArch (KOASIDPool (asidpool.ASIDPool pool))) c p (snd (lookupAround2 c (ksPSpace s))) s); koTypeOf obj' = ArchT ASIDPoolT; is_aligned p (objBitsKO (KOArch (KOASIDPool (asidpool.ASIDPool pool)))); ps_clear p (objBitsKO (KOArch (KOASIDPool (asidpool.ASIDPool pool)))) s; p \\<le> c; ksPSpace s p = Some (KOArch (KOASIDPool (asidpool.ASIDPool pool))); \\<forall>z. p < z \\<and> z \\<le> c \\<longrightarrow> ksPSpace s z = None\\<rbrakk> \\<Longrightarrow> obj' = KOArch (KOASIDPool (asidpool.ASIDPool pool)) \\<and> ps_clear p (objBitsKO (KOArch (KOASIDPool (asidpool.ASIDPool pool)))) (s''\\<lparr>ksPSpace := (ksPSpace s)(p \\<mapsto> obj')\\<rparr>)\n 2. \\<And>s a ba s'' obj'. \\<lbrakk>fst (lookupAround2 c (ksPSpace s)) = Some (a, ba); (obj', s'') \\<in> fst (updateObject p' ba c a (snd (lookupAround2 c (ksPSpace s))) s); koTypeOf obj' = koTypeOf ba; ksPSpace s p = Some (KOArch (KOASIDPool (asidpool.ASIDPool pool))); is_aligned p (objBitsKO (KOArch (KOASIDPool (asidpool.ASIDPool pool)))); ps_clear p (objBitsKO (KOArch (KOASIDPool (asidpool.ASIDPool pool)))) s\\<rbrakk> \\<Longrightarrow> p \\<noteq> a \\<longrightarrow> ps_clear p (objBitsKO (KOArch (KOASIDPool (asidpool.ASIDPool pool)))) (s''\\<lparr>ksPSpace := (ksPSpace s)(a \\<mapsto> obj')\\<rparr>)",
        "step_time": 0.02934551239013672
    },
    {
        "index": 45,
        "step": "apply (case_tac obj', auto)[1]",
        "output": "",
        "raw_output": "proof (prove)\ngoal (2 subgoals):\n 1. \\<And>s s'' x8. \\<lbrakk>(KOArch x8, s'') \\<in> fst (updateObject p' (KOArch (KOASIDPool (asidpool.ASIDPool pool))) c p (snd (lookupAround2 c (ksPSpace s))) s); archTypeOf x8 = ASIDPoolT; is_aligned p (objBitsKO (KOArch (KOASIDPool (asidpool.ASIDPool pool)))); ps_clear p (objBitsKO (KOArch (KOASIDPool (asidpool.ASIDPool pool)))) s; p \\<le> c; ksPSpace s p = Some (KOArch (KOASIDPool (asidpool.ASIDPool pool))); \\<forall>z. p < z \\<and> z \\<le> c \\<longrightarrow> ksPSpace s z = None\\<rbrakk> \\<Longrightarrow> x8 = KOASIDPool (asidpool.ASIDPool pool)\n 2. \\<And>s a ba s'' obj'. \\<lbrakk>fst (lookupAround2 c (ksPSpace s)) = Some (a, ba); (obj', s'') \\<in> fst (updateObject p' ba c a (snd (lookupAround2 c (ksPSpace s))) s); koTypeOf obj' = koTypeOf ba; ksPSpace s p = Some (KOArch (KOASIDPool (asidpool.ASIDPool pool))); is_aligned p (objBitsKO (KOArch (KOASIDPool (asidpool.ASIDPool pool)))); ps_clear p (objBitsKO (KOArch (KOASIDPool (asidpool.ASIDPool pool)))) s\\<rbrakk> \\<Longrightarrow> p \\<noteq> a \\<longrightarrow> ps_clear p (objBitsKO (KOArch (KOASIDPool (asidpool.ASIDPool pool)))) (s''\\<lparr>ksPSpace := (ksPSpace s)(a \\<mapsto> obj')\\<rparr>)",
        "step_time": 0.07403445243835449
    },
    {
        "index": 46,
        "step": "apply (rename_tac arch_kernel_object)",
        "output": "",
        "raw_output": "proof (prove)\ngoal (2 subgoals):\n 1. \\<And>s s'' arch_kernel_object. \\<lbrakk>(KOArch arch_kernel_object, s'') \\<in> fst (updateObject p' (KOArch (KOASIDPool (asidpool.ASIDPool pool))) c p (snd (lookupAround2 c (ksPSpace s))) s); archTypeOf arch_kernel_object = ASIDPoolT; is_aligned p (objBitsKO (KOArch (KOASIDPool (asidpool.ASIDPool pool)))); ps_clear p (objBitsKO (KOArch (KOASIDPool (asidpool.ASIDPool pool)))) s; p \\<le> c; ksPSpace s p = Some (KOArch (KOASIDPool (asidpool.ASIDPool pool))); \\<forall>z. p < z \\<and> z \\<le> c \\<longrightarrow> ksPSpace s z = None\\<rbrakk> \\<Longrightarrow> arch_kernel_object = KOASIDPool (asidpool.ASIDPool pool)\n 2. \\<And>s a ba s'' obj'. \\<lbrakk>fst (lookupAround2 c (ksPSpace s)) = Some (a, ba); (obj', s'') \\<in> fst (updateObject p' ba c a (snd (lookupAround2 c (ksPSpace s))) s); koTypeOf obj' = koTypeOf ba; ksPSpace s p = Some (KOArch (KOASIDPool (asidpool.ASIDPool pool))); is_aligned p (objBitsKO (KOArch (KOASIDPool (asidpool.ASIDPool pool)))); ps_clear p (objBitsKO (KOArch (KOASIDPool (asidpool.ASIDPool pool)))) s\\<rbrakk> \\<Longrightarrow> p \\<noteq> a \\<longrightarrow> ps_clear p (objBitsKO (KOArch (KOASIDPool (asidpool.ASIDPool pool)))) (s''\\<lparr>ksPSpace := (ksPSpace s)(a \\<mapsto> obj')\\<rparr>)",
        "step_time": 0.008547067642211914
    },
    {
        "index": 47,
        "step": "apply (case_tac arch_kernel_object, auto)[1]",
        "output": "",
        "raw_output": "proof (prove)\ngoal (2 subgoals):\n 1. \\<And>s s'' x1. \\<lbrakk>(KOArch (KOASIDPool x1), s'') \\<in> fst (updateObject p' (KOArch (KOASIDPool (asidpool.ASIDPool pool))) c p (snd (lookupAround2 c (ksPSpace s))) s); is_aligned p (objBitsKO (KOArch (KOASIDPool (asidpool.ASIDPool pool)))); ps_clear p (objBitsKO (KOArch (KOASIDPool (asidpool.ASIDPool pool)))) s; p \\<le> c; ksPSpace s p = Some (KOArch (KOASIDPool (asidpool.ASIDPool pool))); \\<forall>z. p < z \\<and> z \\<le> c \\<longrightarrow> ksPSpace s z = None\\<rbrakk> \\<Longrightarrow> x1 = asidpool.ASIDPool pool\n 2. \\<And>s a ba s'' obj'. \\<lbrakk>fst (lookupAround2 c (ksPSpace s)) = Some (a, ba); (obj', s'') \\<in> fst (updateObject p' ba c a (snd (lookupAround2 c (ksPSpace s))) s); koTypeOf obj' = koTypeOf ba; ksPSpace s p = Some (KOArch (KOASIDPool (asidpool.ASIDPool pool))); is_aligned p (objBitsKO (KOArch (KOASIDPool (asidpool.ASIDPool pool)))); ps_clear p (objBitsKO (KOArch (KOASIDPool (asidpool.ASIDPool pool)))) s\\<rbrakk> \\<Longrightarrow> p \\<noteq> a \\<longrightarrow> ps_clear p (objBitsKO (KOArch (KOASIDPool (asidpool.ASIDPool pool)))) (s''\\<lparr>ksPSpace := (ksPSpace s)(a \\<mapsto> obj')\\<rparr>)",
        "step_time": 0.044695138931274414
    },
    {
        "index": 48,
        "step": "apply (simp add: updateObject_cte)",
        "output": "",
        "raw_output": "proof (prove)\ngoal (2 subgoals):\n 1. \\<And>s s'' x1. \\<lbrakk>(KOArch (KOASIDPool x1), s'') \\<in> fst (typeError [] (KOArch (KOASIDPool (asidpool.ASIDPool pool))) s); is_aligned p (objBitsKO (KOArch (KOASIDPool (asidpool.ASIDPool pool)))); ps_clear p (objBitsKO (KOArch (KOASIDPool (asidpool.ASIDPool pool)))) s; p \\<le> c; ksPSpace s p = Some (KOArch (KOASIDPool (asidpool.ASIDPool pool))); \\<forall>z. p < z \\<and> z \\<le> c \\<longrightarrow> ksPSpace s z = None\\<rbrakk> \\<Longrightarrow> x1 = asidpool.ASIDPool pool\n 2. \\<And>s a ba s'' obj'. \\<lbrakk>fst (lookupAround2 c (ksPSpace s)) = Some (a, ba); (obj', s'') \\<in> fst (updateObject p' ba c a (snd (lookupAround2 c (ksPSpace s))) s); koTypeOf obj' = koTypeOf ba; ksPSpace s p = Some (KOArch (KOASIDPool (asidpool.ASIDPool pool))); is_aligned p (objBitsKO (KOArch (KOASIDPool (asidpool.ASIDPool pool)))); ps_clear p (objBitsKO (KOArch (KOASIDPool (asidpool.ASIDPool pool)))) s\\<rbrakk> \\<Longrightarrow> p \\<noteq> a \\<longrightarrow> ps_clear p (objBitsKO (KOArch (KOASIDPool (asidpool.ASIDPool pool)))) (s''\\<lparr>ksPSpace := (ksPSpace s)(a \\<mapsto> obj')\\<rparr>)",
        "step_time": 0.021793842315673828
    },
    {
        "index": 49,
        "step": "apply (clarsimp simp: updateObject_cte typeError_def magnitudeCheck_def in_monad\n                   split: kernel_object.splits if_splits option.splits)",
        "output": "",
        "raw_output": "proof (prove)\ngoal (1 subgoal):\n 1. \\<And>s a ba s'' obj'. \\<lbrakk>fst (lookupAround2 c (ksPSpace s)) = Some (a, ba); (obj', s'') \\<in> fst (updateObject p' ba c a (snd (lookupAround2 c (ksPSpace s))) s); koTypeOf obj' = koTypeOf ba; ksPSpace s p = Some (KOArch (KOASIDPool (asidpool.ASIDPool pool))); is_aligned p (objBitsKO (KOArch (KOASIDPool (asidpool.ASIDPool pool)))); ps_clear p (objBitsKO (KOArch (KOASIDPool (asidpool.ASIDPool pool)))) s\\<rbrakk> \\<Longrightarrow> p \\<noteq> a \\<longrightarrow> ps_clear p (objBitsKO (KOArch (KOASIDPool (asidpool.ASIDPool pool)))) (s''\\<lparr>ksPSpace := (ksPSpace s)(a \\<mapsto> obj')\\<rparr>)",
        "step_time": 0.019528627395629883
    },
    {
        "index": 50,
        "step": "apply (clarsimp simp: ps_clear_upd lookupAround2_char1)",
        "output": "",
        "raw_output": "proof (prove)\ngoal:\nNo subgoals!",
        "step_time": 0.018971681594848633
    },
    {
        "index": 51,
        "step": "done",
        "output": "",
        "raw_output": "",
        "step_time": 0.0065958499908447266
    },
    {
        "index": 52,
        "step": "lemma empty_fail_findPDForASID[iff]:\n  \"empty_fail (findPDForASID asid)\"",
        "output": "",
        "raw_output": "proof (prove)\ngoal (1 subgoal):\n 1. empty_fail (findPDForASID asid)",
        "step_time": 0.007471323013305664
    },
    {
        "index": 53,
        "step": "unfolding findPDForASID_def checkPDAt_def",
        "output": "",
        "raw_output": "proof (prove)\ngoal (1 subgoal):\n 1. empty_fail (doE haskell_assertE (0 < asid) [];\nhaskell_assertE (asid \\<le> snd asidRange) [];\nasidTable <- withoutFailure $ gets (armKSASIDTable \\<circ> ksArchState);\npoolPtr <- returnOk (asidTable (asidHighBitsOf asid));\npool <- liftME (inv asidpool.ASIDPool) $ case poolPtr of None \\<Rightarrow> throw Fault_H.lookup_failure.InvalidRoot | Some ptr \\<Rightarrow> withoutFailure $ getObject ptr;\npd <- returnOk (pool (asid && mask asidLowBits));\ncase pd of None \\<Rightarrow> throw Fault_H.lookup_failure.InvalidRoot | Some ptr \\<Rightarrow> doE haskell_assertE (ptr \\<noteq> 0) [];\nwithoutFailure $ stateAssert (page_directory_at' ptr) [];\nreturnOk ptr\nodE\nodE)",
        "step_time": 0.027954578399658203
    },
    {
        "index": 54,
        "step": "by (wpsimp wp: empty_fail_getObject)",
        "output": "",
        "raw_output": "",
        "step_time": 0.12943172454833984
    },
    {
        "index": 55,
        "step": "lemma empty_fail_findPDForASIDAssert[iff]:\n  \"empty_fail (findPDForASIDAssert asid)\"",
        "output": "",
        "raw_output": "proof (prove)\ngoal (1 subgoal):\n 1. empty_fail (findPDForASIDAssert asid)",
        "step_time": 0.007494688034057617
    },
    {
        "index": 56,
        "step": "unfolding findPDForASIDAssert_def checkPDAt_def checkPDUniqueToASID_def checkPDASIDMapMembership_def",
        "output": "",
        "raw_output": "proof (prove)\ngoal (1 subgoal):\n 1. empty_fail (do pd <- findPDForASID asid `~catchFailure~` const (haskell_fail []);\nhaskell_assert (pd && mask pdBits = 0) [];\nstateAssert (page_directory_at' pd) [];\nstateAssert (\\<lambda>s. pd \\<notin> ran (map_option snd \\<circ> armKSASIDMap (ksArchState s) |` (- set [asid]))) [];\nasidMap <- gets (armKSASIDMap \\<circ> ksArchState);\nswp haskell_assert [] $ case asidMap asid of None \\<Rightarrow> True | Some (x, pd') \\<Rightarrow> pd = pd';\nreturn pd\nod)",
        "step_time": 0.06217360496520996
    },
    {
        "index": 57,
        "step": "by (wpsimp wp: empty_fail_getObject)",
        "output": "",
        "raw_output": "",
        "step_time": 0.05805158615112305
    },
    {
        "index": 58,
        "step": "crunches Arch.switchToThread\n  for valid_queues'[wp]: valid_queues'\n  (simp: crunch_simps ignore: clearExMonitor)",
        "output": "",
        "raw_output": "",
        "step_time": 0.2825024127960205
    },
    {
        "index": 59,
        "step": "crunches switchToIdleThread\n  for ksCurDomain[wp]: \"\\<lambda>s. P (ksCurDomain s)\"",
        "output": "",
        "raw_output": "",
        "step_time": 0.04681587219238281
    },
    {
        "index": 60,
        "step": "crunches switchToIdleThread, switchToThread\n  for valid_pspace'[wp]: valid_pspace'\n  (simp: crunch_simps)",
        "output": "",
        "raw_output": "",
        "step_time": 0.3167281150817871
    },
    {
        "index": 61,
        "step": "crunches switchToThread\n  for valid_arch_state'[wp]: valid_arch_state'",
        "output": "",
        "raw_output": "",
        "step_time": 0.0564267635345459
    },
    {
        "index": 62,
        "step": "lemma mab_gt_2 [simp]:\n  \"2 \\<le> msg_align_bits\"",
        "output": "",
        "raw_output": "proof (prove)\ngoal (1 subgoal):\n 1. 2 \\<le> msg_align_bits",
        "step_time": 0.005536794662475586
    },
    {
        "index": 63,
        "step": "by (simp add: msg_align_bits)",
        "output": "",
        "raw_output": "",
        "step_time": 0.006539106369018555
    },
    {
        "index": 64,
        "step": "\n\n(* this one is specialised to a PDE for a supersection *)\n",
        "output": "",
        "raw_output": "",
        "step_time": 0.003962993621826172
    },
    {
        "index": 65,
        "step": "lemma vaddr_segment_nonsense6:\n  \"is_aligned (p :: word32) pdBits \\<Longrightarrow>\n   (p + (vaddr >> 20 << 2) && ~~ mask pdBits) = p\"",
        "output": "",
        "raw_output": "proof (prove)\ngoal (1 subgoal):\n 1. is_aligned p pdBits \\<Longrightarrow> p + (vaddr >> 20 << 2) && ~~ mask pdBits = p",
        "step_time": 0.008307933807373047
    },
    {
        "index": 66,
        "step": "apply (rule is_aligned_add_helper[THEN conjunct2])",
        "output": "",
        "raw_output": "proof (prove)\ngoal (2 subgoals):\n 1. is_aligned p pdBits \\<Longrightarrow> is_aligned p pdBits\n 2. is_aligned p pdBits \\<Longrightarrow> vaddr >> 20 << 2 < 2 ^ pdBits",
        "step_time": 0.005270957946777344
    },
    {
        "index": 67,
        "step": "apply (erule is_aligned_weaken, simp)",
        "output": "",
        "raw_output": "proof (prove)\ngoal (1 subgoal):\n 1. is_aligned p pdBits \\<Longrightarrow> vaddr >> 20 << 2 < 2 ^ pdBits",
        "step_time": 0.004688739776611328
    },
    {
        "index": 68,
        "step": "apply (simp add: pdBits_def pdeBits_def)",
        "output": "",
        "raw_output": "proof (prove)\ngoal (1 subgoal):\n 1. is_aligned p 14 \\<Longrightarrow> vaddr >> 20 << 2 < 0x4000",
        "step_time": 0.009606361389160156
    },
    {
        "index": 69,
        "step": "apply (rule shiftl_less_t2n[where m=14 and n=2 and 'a=machine_word_len, simplified])",
        "output": "",
        "raw_output": "proof (prove)\ngoal (1 subgoal):\n 1. is_aligned p 14 \\<Longrightarrow> vaddr >> 20 < 0x1000",
        "step_time": 0.01918482780456543
    },
    {
        "index": 70,
        "step": "apply (rule shiftr_less_t2n'[where m=12 and n=20 and 'a=machine_word_len, simplified])",
        "output": "",
        "raw_output": "proof (prove)\ngoal:\nNo subgoals!",
        "step_time": 0.016731739044189453
    },
    {
        "index": 71,
        "step": "done",
        "output": "",
        "raw_output": "",
        "step_time": 0.006356954574584961
    },
    {
        "index": 72,
        "step": "\n\n(* FIXME: move to Wellformed, turn valid_asid_pool' into an abbreviation >>>*)\n",
        "output": "",
        "raw_output": "",
        "step_time": 0.0036590099334716797
    },
    {
        "index": 73,
        "step": "primrec\n  wf_asid_pool' :: \"asidpool \\<Rightarrow> bool\"\nwhere\n  \"wf_asid_pool' (ASIDPool pool) =\n   (dom pool \\<subseteq> {0 .. 2^asid_low_bits - 1} \\<and>\n    0 \\<notin> ran pool \\<and> (\\<forall>x \\<in> ran pool. is_aligned x pdBits))\"",
        "output": "",
        "raw_output": "",
        "step_time": 0.061830997467041016
    },
    {
        "index": 74,
        "step": "lemma valid_eq_wf_asid_pool'[simp]:\n  \"valid_asid_pool' pool = (\\<lambda>s. wf_asid_pool' pool)\"",
        "output": "",
        "raw_output": "proof (prove)\ngoal (1 subgoal):\n 1. valid_asid_pool' pool = (\\<lambda>s. wf_asid_pool' pool)",
        "step_time": 0.1552896499633789
    },
    {
        "index": 75,
        "step": "by (case_tac pool) simp",
        "output": "",
        "raw_output": "",
        "step_time": 0.015908002853393555
    },
    {
        "index": 76,
        "step": "declare valid_asid_pool'.simps[simp del]",
        "output": "",
        "raw_output": "",
        "step_time": 0.005193233489990234
    },
    {
        "index": 77,
        "step": "\n(*<<<*)\n\n",
        "output": "",
        "raw_output": "",
        "step_time": 0.0037021636962890625
    },
    {
        "index": 78,
        "step": "lemma valid_untyped':\n  notes usableUntypedRange.simps[simp del]\n  assumes pspace_distinct': \"pspace_distinct' s\" and\n           pspace_aligned': \"pspace_aligned' s\" and\n                        al: \"is_aligned ptr bits\"\n  shows \"valid_untyped' d ptr bits idx s =\n         (\\<forall>p ko. ksPSpace s p = Some ko \\<longrightarrow>\n                 obj_range' p ko \\<inter> {ptr..ptr + 2 ^ bits - 1} \\<noteq> {} \\<longrightarrow>\n                 obj_range' p ko \\<subseteq> {ptr..ptr + 2 ^ bits - 1} \\<and>\n                 obj_range' p ko \\<inter>\n                   usableUntypedRange (UntypedCap d ptr bits idx) = {})\"",
        "output": "",
        "raw_output": "proof (prove)\ngoal (1 subgoal):\n 1. valid_untyped' d ptr bits idx s = (\\<forall>p ko. ksPSpace s p = Some ko \\<longrightarrow> obj_range' p ko \\<inter> {ptr..ptr + 2 ^ bits - 1} \\<noteq> {} \\<longrightarrow> obj_range' p ko \\<subseteq> {ptr..ptr + 2 ^ bits - 1} \\<and> obj_range' p ko \\<inter> usableUntypedRange (capability.UntypedCap d ptr bits idx) = {})",
        "step_time": 0.023458242416381836
    },
    {
        "index": 79,
        "step": "apply (simp add: valid_untyped'_def)",
        "output": "",
        "raw_output": "proof (prove)\ngoal (1 subgoal):\n 1. (\\<forall>ptr'. \\<not> ko_wp_at' (\\<lambda>ko. {ptr..ptr + 2 ^ bits - 1} \\<subset> obj_range' ptr' ko \\<or> obj_range' ptr' ko \\<inter> usableUntypedRange (capability.UntypedCap d ptr bits idx) \\<noteq> {}) ptr' s) = (\\<forall>p ko. ksPSpace s p = Some ko \\<longrightarrow> obj_range' p ko \\<inter> {ptr..ptr + 2 ^ bits - 1} \\<noteq> {} \\<longrightarrow> obj_range' p ko \\<subseteq> {ptr..ptr + 2 ^ bits - 1} \\<and> obj_range' p ko \\<inter> usableUntypedRange (capability.UntypedCap d ptr bits idx) = {})",
        "step_time": 0.02340245246887207
    },
    {
        "index": 80,
        "step": "apply (simp add: ko_wp_at'_def)",
        "output": "",
        "raw_output": "proof (prove)\ngoal (1 subgoal):\n 1. (\\<forall>ptr' ko. is_aligned ptr' (objBitsKO ko) \\<longrightarrow> ksPSpace s ptr' = Some ko \\<longrightarrow> \\<not> {ptr..ptr + 2 ^ bits - 1} \\<subset> obj_range' ptr' ko \\<and> obj_range' ptr' ko \\<inter> usableUntypedRange (capability.UntypedCap d ptr bits idx) = {} \\<or> \\<not> ps_clear ptr' (objBitsKO ko) s) = (\\<forall>p ko. ksPSpace s p = Some ko \\<longrightarrow> obj_range' p ko \\<inter> {ptr..ptr + 2 ^ bits - 1} \\<noteq> {} \\<longrightarrow> obj_range' p ko \\<subseteq> {ptr..ptr + 2 ^ bits - 1} \\<and> obj_range' p ko \\<inter> usableUntypedRange (capability.UntypedCap d ptr bits idx) = {})",
        "step_time": 0.03163576126098633
    },
    {
        "index": 81,
        "step": "apply (rule arg_cong[where f=All])",
        "output": "",
        "raw_output": "proof (prove)\ngoal (1 subgoal):\n 1. (\\<lambda>ptr'. \\<forall>ko. is_aligned ptr' (objBitsKO ko) \\<longrightarrow> ksPSpace s ptr' = Some ko \\<longrightarrow> \\<not> {ptr..ptr + 2 ^ bits - 1} \\<subset> obj_range' ptr' ko \\<and> obj_range' ptr' ko \\<inter> usableUntypedRange (capability.UntypedCap d ptr bits idx) = {} \\<or> \\<not> ps_clear ptr' (objBitsKO ko) s) = (\\<lambda>p. \\<forall>ko. ksPSpace s p = Some ko \\<longrightarrow> obj_range' p ko \\<inter> {ptr..ptr + 2 ^ bits - 1} \\<noteq> {} \\<longrightarrow> obj_range' p ko \\<subseteq> {ptr..ptr + 2 ^ bits - 1} \\<and> obj_range' p ko \\<inter> usableUntypedRange (capability.UntypedCap d ptr bits idx) = {})",
        "step_time": 0.006286144256591797
    },
    {
        "index": 82,
        "step": "apply (rule ext)",
        "output": "",
        "raw_output": "proof (prove)\ngoal (1 subgoal):\n 1. \\<And>ptr'. (\\<forall>ko. is_aligned ptr' (objBitsKO ko) \\<longrightarrow> ksPSpace s ptr' = Some ko \\<longrightarrow> \\<not> {ptr..ptr + 2 ^ bits - 1} \\<subset> obj_range' ptr' ko \\<and> obj_range' ptr' ko \\<inter> usableUntypedRange (capability.UntypedCap d ptr bits idx) = {} \\<or> \\<not> ps_clear ptr' (objBitsKO ko) s) = (\\<forall>ko. ksPSpace s ptr' = Some ko \\<longrightarrow> obj_range' ptr' ko \\<inter> {ptr..ptr + 2 ^ bits - 1} \\<noteq> {} \\<longrightarrow> obj_range' ptr' ko \\<subseteq> {ptr..ptr + 2 ^ bits - 1} \\<and> obj_range' ptr' ko \\<inter> usableUntypedRange (capability.UntypedCap d ptr bits idx) = {})",
        "step_time": 0.008434295654296875
    },
    {
        "index": 83,
        "step": "apply (rule arg_cong[where f=All])",
        "output": "",
        "raw_output": "proof (prove)\ngoal (1 subgoal):\n 1. \\<And>ptr'. (\\<lambda>ko. is_aligned ptr' (objBitsKO ko) \\<longrightarrow> ksPSpace s ptr' = Some ko \\<longrightarrow> \\<not> {ptr..ptr + 2 ^ bits - 1} \\<subset> obj_range' ptr' ko \\<and> obj_range' ptr' ko \\<inter> usableUntypedRange (capability.UntypedCap d ptr bits idx) = {} \\<or> \\<not> ps_clear ptr' (objBitsKO ko) s) = (\\<lambda>ko. ksPSpace s ptr' = Some ko \\<longrightarrow> obj_range' ptr' ko \\<inter> {ptr..ptr + 2 ^ bits - 1} \\<noteq> {} \\<longrightarrow> obj_range' ptr' ko \\<subseteq> {ptr..ptr + 2 ^ bits - 1} \\<and> obj_range' ptr' ko \\<inter> usableUntypedRange (capability.UntypedCap d ptr bits idx) = {})",
        "step_time": 0.007818937301635742
    },
    {
        "index": 84,
        "step": "apply (rule ext)",
        "output": "",
        "raw_output": "proof (prove)\ngoal (1 subgoal):\n 1. \\<And>ptr' ko. (is_aligned ptr' (objBitsKO ko) \\<longrightarrow> ksPSpace s ptr' = Some ko \\<longrightarrow> \\<not> {ptr..ptr + 2 ^ bits - 1} \\<subset> obj_range' ptr' ko \\<and> obj_range' ptr' ko \\<inter> usableUntypedRange (capability.UntypedCap d ptr bits idx) = {} \\<or> \\<not> ps_clear ptr' (objBitsKO ko) s) = (ksPSpace s ptr' = Some ko \\<longrightarrow> obj_range' ptr' ko \\<inter> {ptr..ptr + 2 ^ bits - 1} \\<noteq> {} \\<longrightarrow> obj_range' ptr' ko \\<subseteq> {ptr..ptr + 2 ^ bits - 1} \\<and> obj_range' ptr' ko \\<inter> usableUntypedRange (capability.UntypedCap d ptr bits idx) = {})",
        "step_time": 0.007148027420043945
    },
    {
        "index": 85,
        "step": "apply (case_tac \"ksPSpace s ptr' = Some ko\", simp_all)",
        "output": "",
        "raw_output": "proof (prove)\ngoal (1 subgoal):\n 1. \\<And>ptr' ko. ksPSpace s ptr' = Some ko \\<Longrightarrow> (is_aligned ptr' (objBitsKO ko) \\<longrightarrow> \\<not> {ptr..ptr + 2 ^ bits - 1} \\<subset> obj_range' ptr' ko \\<and> obj_range' ptr' ko \\<inter> usableUntypedRange (capability.UntypedCap d ptr bits idx) = {} \\<or> \\<not> ps_clear ptr' (objBitsKO ko) s) = (obj_range' ptr' ko \\<inter> {ptr..ptr + 2 ^ bits - 1} \\<noteq> {} \\<longrightarrow> obj_range' ptr' ko \\<subseteq> {ptr..ptr + 2 ^ bits - 1} \\<and> obj_range' ptr' ko \\<inter> usableUntypedRange (capability.UntypedCap d ptr bits idx) = {})",
        "step_time": 0.022855758666992188
    },
    {
        "index": 86,
        "step": "apply (frule pspace_alignedD'[OF _ pspace_aligned'])",
        "output": "",
        "raw_output": "proof (prove)\ngoal (1 subgoal):\n 1. \\<And>ptr' ko. \\<lbrakk>ksPSpace s ptr' = Some ko; is_aligned ptr' (objBitsKO ko)\\<rbrakk> \\<Longrightarrow> (is_aligned ptr' (objBitsKO ko) \\<longrightarrow> \\<not> {ptr..ptr + 2 ^ bits - 1} \\<subset> obj_range' ptr' ko \\<and> obj_range' ptr' ko \\<inter> usableUntypedRange (capability.UntypedCap d ptr bits idx) = {} \\<or> \\<not> ps_clear ptr' (objBitsKO ko) s) = (obj_range' ptr' ko \\<inter> {ptr..ptr + 2 ^ bits - 1} \\<noteq> {} \\<longrightarrow> obj_range' ptr' ko \\<subseteq> {ptr..ptr + 2 ^ bits - 1} \\<and> obj_range' ptr' ko \\<inter> usableUntypedRange (capability.UntypedCap d ptr bits idx) = {})",
        "step_time": 0.006205320358276367
    },
    {
        "index": 87,
        "step": "apply (frule pspace_distinctD'[OF _ pspace_distinct'])",
        "output": "",
        "raw_output": "proof (prove)\ngoal (1 subgoal):\n 1. \\<And>ptr' ko. \\<lbrakk>ksPSpace s ptr' = Some ko; is_aligned ptr' (objBitsKO ko); ps_clear ptr' (objBitsKO ko) s\\<rbrakk> \\<Longrightarrow> (is_aligned ptr' (objBitsKO ko) \\<longrightarrow> \\<not> {ptr..ptr + 2 ^ bits - 1} \\<subset> obj_range' ptr' ko \\<and> obj_range' ptr' ko \\<inter> usableUntypedRange (capability.UntypedCap d ptr bits idx) = {} \\<or> \\<not> ps_clear ptr' (objBitsKO ko) s) = (obj_range' ptr' ko \\<inter> {ptr..ptr + 2 ^ bits - 1} \\<noteq> {} \\<longrightarrow> obj_range' ptr' ko \\<subseteq> {ptr..ptr + 2 ^ bits - 1} \\<and> obj_range' ptr' ko \\<inter> usableUntypedRange (capability.UntypedCap d ptr bits idx) = {})",
        "step_time": 0.006720304489135742
    },
    {
        "index": 88,
        "step": "apply simp",
        "output": "",
        "raw_output": "proof (prove)\ngoal (1 subgoal):\n 1. \\<And>ptr' ko. \\<lbrakk>ksPSpace s ptr' = Some ko; is_aligned ptr' (objBitsKO ko); ps_clear ptr' (objBitsKO ko) s\\<rbrakk> \\<Longrightarrow> (\\<not> {ptr..ptr + 2 ^ bits - 1} \\<subset> obj_range' ptr' ko \\<and> obj_range' ptr' ko \\<inter> usableUntypedRange (capability.UntypedCap d ptr bits idx) = {}) = (obj_range' ptr' ko \\<inter> {ptr..ptr + 2 ^ bits - 1} \\<noteq> {} \\<longrightarrow> obj_range' ptr' ko \\<subseteq> {ptr..ptr + 2 ^ bits - 1} \\<and> obj_range' ptr' ko \\<inter> usableUntypedRange (capability.UntypedCap d ptr bits idx) = {})",
        "step_time": 0.04957413673400879
    },
    {
        "index": 89,
        "step": "apply (frule aligned_ranges_subset_or_disjoint[OF al])",
        "output": "",
        "raw_output": "proof (prove)\ngoal (1 subgoal):\n 1. \\<And>ptr' ko. \\<lbrakk>ksPSpace s ptr' = Some ko; is_aligned ptr' (objBitsKO ko); ps_clear ptr' (objBitsKO ko) s; {ptr..ptr + 2 ^ bits - 1} \\<inter> {ptr'..ptr' + 2 ^ objBitsKO ko - 1} = {} \\<or> {ptr..ptr + 2 ^ bits - 1} \\<subseteq> {ptr'..ptr' + 2 ^ objBitsKO ko - 1} \\<or> {ptr'..ptr' + 2 ^ objBitsKO ko - 1} \\<subseteq> {ptr..ptr + 2 ^ bits - 1}\\<rbrakk> \\<Longrightarrow> (\\<not> {ptr..ptr + 2 ^ bits - 1} \\<subset> obj_range' ptr' ko \\<and> obj_range' ptr' ko \\<inter> usableUntypedRange (capability.UntypedCap d ptr bits idx) = {}) = (obj_range' ptr' ko \\<inter> {ptr..ptr + 2 ^ bits - 1} \\<noteq> {} \\<longrightarrow> obj_range' ptr' ko \\<subseteq> {ptr..ptr + 2 ^ bits - 1} \\<and> obj_range' ptr' ko \\<inter> usableUntypedRange (capability.UntypedCap d ptr bits idx) = {})",
        "step_time": 0.011032342910766602
    },
    {
        "index": 90,
        "step": "apply (fold obj_range'_def)",
        "output": "",
        "raw_output": "proof (prove)\ngoal (1 subgoal):\n 1. \\<And>ptr' ko. \\<lbrakk>ksPSpace s ptr' = Some ko; is_aligned ptr' (objBitsKO ko); ps_clear ptr' (objBitsKO ko) s; {ptr..ptr + 2 ^ bits - 1} \\<inter> obj_range' ptr' ko = {} \\<or> {ptr..ptr + 2 ^ bits - 1} \\<subseteq> obj_range' ptr' ko \\<or> obj_range' ptr' ko \\<subseteq> {ptr..ptr + 2 ^ bits - 1}\\<rbrakk> \\<Longrightarrow> (\\<not> {ptr..ptr + 2 ^ bits - 1} \\<subset> obj_range' ptr' ko \\<and> obj_range' ptr' ko \\<inter> usableUntypedRange (capability.UntypedCap d ptr bits idx) = {}) = (obj_range' ptr' ko \\<inter> {ptr..ptr + 2 ^ bits - 1} \\<noteq> {} \\<longrightarrow> obj_range' ptr' ko \\<subseteq> {ptr..ptr + 2 ^ bits - 1} \\<and> obj_range' ptr' ko \\<inter> usableUntypedRange (capability.UntypedCap d ptr bits idx) = {})",
        "step_time": 0.009430885314941406
    },
    {
        "index": 91,
        "step": "apply (rule iffI)",
        "output": "",
        "raw_output": "proof (prove)\ngoal (2 subgoals):\n 1. \\<And>ptr' ko. \\<lbrakk>ksPSpace s ptr' = Some ko; is_aligned ptr' (objBitsKO ko); ps_clear ptr' (objBitsKO ko) s; {ptr..ptr + 2 ^ bits - 1} \\<inter> obj_range' ptr' ko = {} \\<or> {ptr..ptr + 2 ^ bits - 1} \\<subseteq> obj_range' ptr' ko \\<or> obj_range' ptr' ko \\<subseteq> {ptr..ptr + 2 ^ bits - 1}; \\<not> {ptr..ptr + 2 ^ bits - 1} \\<subset> obj_range' ptr' ko \\<and> obj_range' ptr' ko \\<inter> usableUntypedRange (capability.UntypedCap d ptr bits idx) = {}\\<rbrakk> \\<Longrightarrow> obj_range' ptr' ko \\<inter> {ptr..ptr + 2 ^ bits - 1} \\<noteq> {} \\<longrightarrow> obj_range' ptr' ko \\<subseteq> {ptr..ptr + 2 ^ bits - 1} \\<and> obj_range' ptr' ko \\<inter> usableUntypedRange (capability.UntypedCap d ptr bits idx) = {}\n 2. \\<And>ptr' ko. \\<lbrakk>ksPSpace s ptr' = Some ko; is_aligned ptr' (objBitsKO ko); ps_clear ptr' (objBitsKO ko) s; {ptr..ptr + 2 ^ bits - 1} \\<inter> obj_range' ptr' ko = {} \\<or> {ptr..ptr + 2 ^ bits - 1} \\<subseteq> obj_range' ptr' ko \\<or> obj_range' ptr' ko \\<subseteq> {ptr..ptr + 2 ^ bits - 1}; obj_range' ptr' ko \\<inter> {ptr..ptr + 2 ^ bits - 1} \\<noteq> {} \\<longrightarrow> obj_range' ptr' ko \\<subseteq> {ptr..ptr + 2 ^ bits - 1} \\<and> obj_range' ptr' ko \\<inter> usableUntypedRange (capability.UntypedCap d ptr bits idx) = {}\\<rbrakk> \\<Longrightarrow> \\<not> {ptr..ptr + 2 ^ bits - 1} \\<subset> obj_range' ptr' ko \\<and> obj_range' ptr' ko \\<inter> usableUntypedRange (capability.UntypedCap d ptr bits idx) = {}",
        "step_time": 0.0129547119140625
    },
    {
        "index": 92,
        "step": "apply auto[1]",
        "output": "",
        "raw_output": "proof (prove)\ngoal (1 subgoal):\n 1. \\<And>ptr' ko. \\<lbrakk>ksPSpace s ptr' = Some ko; is_aligned ptr' (objBitsKO ko); ps_clear ptr' (objBitsKO ko) s; {ptr..ptr + 2 ^ bits - 1} \\<inter> obj_range' ptr' ko = {} \\<or> {ptr..ptr + 2 ^ bits - 1} \\<subseteq> obj_range' ptr' ko \\<or> obj_range' ptr' ko \\<subseteq> {ptr..ptr + 2 ^ bits - 1}; obj_range' ptr' ko \\<inter> {ptr..ptr + 2 ^ bits - 1} \\<noteq> {} \\<longrightarrow> obj_range' ptr' ko \\<subseteq> {ptr..ptr + 2 ^ bits - 1} \\<and> obj_range' ptr' ko \\<inter> usableUntypedRange (capability.UntypedCap d ptr bits idx) = {}\\<rbrakk> \\<Longrightarrow> \\<not> {ptr..ptr + 2 ^ bits - 1} \\<subset> obj_range' ptr' ko \\<and> obj_range' ptr' ko \\<inter> usableUntypedRange (capability.UntypedCap d ptr bits idx) = {}",
        "step_time": 0.11772680282592773
    },
    {
        "index": 93,
        "step": "apply (rule conjI)",
        "output": "",
        "raw_output": "proof (prove)\ngoal (2 subgoals):\n 1. \\<And>ptr' ko. \\<lbrakk>ksPSpace s ptr' = Some ko; is_aligned ptr' (objBitsKO ko); ps_clear ptr' (objBitsKO ko) s; {ptr..ptr + 2 ^ bits - 1} \\<inter> obj_range' ptr' ko = {} \\<or> {ptr..ptr + 2 ^ bits - 1} \\<subseteq> obj_range' ptr' ko \\<or> obj_range' ptr' ko \\<subseteq> {ptr..ptr + 2 ^ bits - 1}; obj_range' ptr' ko \\<inter> {ptr..ptr + 2 ^ bits - 1} \\<noteq> {} \\<longrightarrow> obj_range' ptr' ko \\<subseteq> {ptr..ptr + 2 ^ bits - 1} \\<and> obj_range' ptr' ko \\<inter> usableUntypedRange (capability.UntypedCap d ptr bits idx) = {}\\<rbrakk> \\<Longrightarrow> \\<not> {ptr..ptr + 2 ^ bits - 1} \\<subset> obj_range' ptr' ko\n 2. \\<And>ptr' ko. \\<lbrakk>ksPSpace s ptr' = Some ko; is_aligned ptr' (objBitsKO ko); ps_clear ptr' (objBitsKO ko) s; {ptr..ptr + 2 ^ bits - 1} \\<inter> obj_range' ptr' ko = {} \\<or> {ptr..ptr + 2 ^ bits - 1} \\<subseteq> obj_range' ptr' ko \\<or> obj_range' ptr' ko \\<subseteq> {ptr..ptr + 2 ^ bits - 1}; obj_range' ptr' ko \\<inter> {ptr..ptr + 2 ^ bits - 1} \\<noteq> {} \\<longrightarrow> obj_range' ptr' ko \\<subseteq> {ptr..ptr + 2 ^ bits - 1} \\<and> obj_range' ptr' ko \\<inter> usableUntypedRange (capability.UntypedCap d ptr bits idx) = {}\\<rbrakk> \\<Longrightarrow> obj_range' ptr' ko \\<inter> usableUntypedRange (capability.UntypedCap d ptr bits idx) = {}",
        "step_time": 0.01351475715637207
    },
    {
        "index": 94,
        "step": "apply (rule ccontr, simp)",
        "output": "",
        "raw_output": "proof (prove)\ngoal (2 subgoals):\n 1. \\<And>ptr' ko. \\<lbrakk>ksPSpace s ptr' = Some ko; is_aligned ptr' (objBitsKO ko); ps_clear ptr' (objBitsKO ko) s; {ptr..ptr + 2 ^ bits - 1} \\<inter> obj_range' ptr' ko = {} \\<or> {ptr..ptr + 2 ^ bits - 1} \\<subseteq> obj_range' ptr' ko \\<or> obj_range' ptr' ko \\<subseteq> {ptr..ptr + 2 ^ bits - 1}; obj_range' ptr' ko \\<inter> {ptr..ptr + 2 ^ bits - 1} \\<noteq> {} \\<longrightarrow> obj_range' ptr' ko \\<subseteq> {ptr..ptr + 2 ^ bits - 1} \\<and> obj_range' ptr' ko \\<inter> usableUntypedRange (capability.UntypedCap d ptr bits idx) = {}; {ptr..ptr + 2 ^ bits - 1} \\<subset> obj_range' ptr' ko\\<rbrakk> \\<Longrightarrow> False\n 2. \\<And>ptr' ko. \\<lbrakk>ksPSpace s ptr' = Some ko; is_aligned ptr' (objBitsKO ko); ps_clear ptr' (objBitsKO ko) s; {ptr..ptr + 2 ^ bits - 1} \\<inter> obj_range' ptr' ko = {} \\<or> {ptr..ptr + 2 ^ bits - 1} \\<subseteq> obj_range' ptr' ko \\<or> obj_range' ptr' ko \\<subseteq> {ptr..ptr + 2 ^ bits - 1}; obj_range' ptr' ko \\<inter> {ptr..ptr + 2 ^ bits - 1} \\<noteq> {} \\<longrightarrow> obj_range' ptr' ko \\<subseteq> {ptr..ptr + 2 ^ bits - 1} \\<and> obj_range' ptr' ko \\<inter> usableUntypedRange (capability.UntypedCap d ptr bits idx) = {}\\<rbrakk> \\<Longrightarrow> obj_range' ptr' ko \\<inter> usableUntypedRange (capability.UntypedCap d ptr bits idx) = {}",
        "step_time": 0.049715518951416016
    },
    {
        "index": 95,
        "step": "apply (simp add: Set.psubset_eq)",
        "output": "",
        "raw_output": "proof (prove)\ngoal (2 subgoals):\n 1. \\<And>ptr' ko. \\<lbrakk>ksPSpace s ptr' = Some ko; is_aligned ptr' (objBitsKO ko); ps_clear ptr' (objBitsKO ko) s; obj_range' ptr' ko \\<inter> {ptr..ptr + 2 ^ bits - 1} \\<noteq> {} \\<longrightarrow> obj_range' ptr' ko \\<subseteq> {ptr..ptr + 2 ^ bits - 1} \\<and> obj_range' ptr' ko \\<inter> usableUntypedRange (capability.UntypedCap d ptr bits idx) = {}; {ptr..ptr + 2 ^ bits - 1} \\<subseteq> obj_range' ptr' ko \\<and> {ptr..ptr + 2 ^ bits - 1} \\<noteq> obj_range' ptr' ko\\<rbrakk> \\<Longrightarrow> False\n 2. \\<And>ptr' ko. \\<lbrakk>ksPSpace s ptr' = Some ko; is_aligned ptr' (objBitsKO ko); ps_clear ptr' (objBitsKO ko) s; {ptr..ptr + 2 ^ bits - 1} \\<inter> obj_range' ptr' ko = {} \\<or> {ptr..ptr + 2 ^ bits - 1} \\<subseteq> obj_range' ptr' ko \\<or> obj_range' ptr' ko \\<subseteq> {ptr..ptr + 2 ^ bits - 1}; obj_range' ptr' ko \\<inter> {ptr..ptr + 2 ^ bits - 1} \\<noteq> {} \\<longrightarrow> obj_range' ptr' ko \\<subseteq> {ptr..ptr + 2 ^ bits - 1} \\<and> obj_range' ptr' ko \\<inter> usableUntypedRange (capability.UntypedCap d ptr bits idx) = {}\\<rbrakk> \\<Longrightarrow> obj_range' ptr' ko \\<inter> usableUntypedRange (capability.UntypedCap d ptr bits idx) = {}",
        "step_time": 0.06734395027160645
    },
    {
        "index": 96,
        "step": "apply (erule conjE)",
        "output": "",
        "raw_output": "proof (prove)\ngoal (2 subgoals):\n 1. \\<And>ptr' ko. \\<lbrakk>ksPSpace s ptr' = Some ko; is_aligned ptr' (objBitsKO ko); ps_clear ptr' (objBitsKO ko) s; obj_range' ptr' ko \\<inter> {ptr..ptr + 2 ^ bits - 1} \\<noteq> {} \\<longrightarrow> obj_range' ptr' ko \\<subseteq> {ptr..ptr + 2 ^ bits - 1} \\<and> obj_range' ptr' ko \\<inter> usableUntypedRange (capability.UntypedCap d ptr bits idx) = {}; {ptr..ptr + 2 ^ bits - 1} \\<subseteq> obj_range' ptr' ko; {ptr..ptr + 2 ^ bits - 1} \\<noteq> obj_range' ptr' ko\\<rbrakk> \\<Longrightarrow> False\n 2. \\<And>ptr' ko. \\<lbrakk>ksPSpace s ptr' = Some ko; is_aligned ptr' (objBitsKO ko); ps_clear ptr' (objBitsKO ko) s; {ptr..ptr + 2 ^ bits - 1} \\<inter> obj_range' ptr' ko = {} \\<or> {ptr..ptr + 2 ^ bits - 1} \\<subseteq> obj_range' ptr' ko \\<or> obj_range' ptr' ko \\<subseteq> {ptr..ptr + 2 ^ bits - 1}; obj_range' ptr' ko \\<inter> {ptr..ptr + 2 ^ bits - 1} \\<noteq> {} \\<longrightarrow> obj_range' ptr' ko \\<subseteq> {ptr..ptr + 2 ^ bits - 1} \\<and> obj_range' ptr' ko \\<inter> usableUntypedRange (capability.UntypedCap d ptr bits idx) = {}\\<rbrakk> \\<Longrightarrow> obj_range' ptr' ko \\<inter> usableUntypedRange (capability.UntypedCap d ptr bits idx) = {}",
        "step_time": 0.013499259948730469
    },
    {
        "index": 97,
        "step": "apply (case_tac \"obj_range' ptr' ko \\<inter> {ptr..ptr + 2 ^ bits - 1} \\<noteq> {}\", simp)",
        "output": "",
        "raw_output": "proof (prove)\ngoal (2 subgoals):\n 1. \\<And>ptr' ko. \\<lbrakk>ksPSpace s ptr' = Some ko; is_aligned ptr' (objBitsKO ko); ps_clear ptr' (objBitsKO ko) s; obj_range' ptr' ko \\<inter> {ptr..ptr + 2 ^ bits - 1} \\<noteq> {} \\<longrightarrow> obj_range' ptr' ko \\<subseteq> {ptr..ptr + 2 ^ bits - 1} \\<and> obj_range' ptr' ko \\<inter> usableUntypedRange (capability.UntypedCap d ptr bits idx) = {}; {ptr..ptr + 2 ^ bits - 1} \\<subseteq> obj_range' ptr' ko; {ptr..ptr + 2 ^ bits - 1} \\<noteq> obj_range' ptr' ko; \\<not> obj_range' ptr' ko \\<inter> {ptr..ptr + 2 ^ bits - 1} \\<noteq> {}\\<rbrakk> \\<Longrightarrow> False\n 2. \\<And>ptr' ko. \\<lbrakk>ksPSpace s ptr' = Some ko; is_aligned ptr' (objBitsKO ko); ps_clear ptr' (objBitsKO ko) s; {ptr..ptr + 2 ^ bits - 1} \\<inter> obj_range' ptr' ko = {} \\<or> {ptr..ptr + 2 ^ bits - 1} \\<subseteq> obj_range' ptr' ko \\<or> obj_range' ptr' ko \\<subseteq> {ptr..ptr + 2 ^ bits - 1}; obj_range' ptr' ko \\<inter> {ptr..ptr + 2 ^ bits - 1} \\<noteq> {} \\<longrightarrow> obj_range' ptr' ko \\<subseteq> {ptr..ptr + 2 ^ bits - 1} \\<and> obj_range' ptr' ko \\<inter> usableUntypedRange (capability.UntypedCap d ptr bits idx) = {}\\<rbrakk> \\<Longrightarrow> obj_range' ptr' ko \\<inter> usableUntypedRange (capability.UntypedCap d ptr bits idx) = {}",
        "step_time": 0.0594329833984375
    },
    {
        "index": 98,
        "step": "apply (cut_tac is_aligned_no_overflow[OF al])",
        "output": "",
        "raw_output": "proof (prove)\ngoal (2 subgoals):\n 1. \\<And>ptr' ko. \\<lbrakk>ksPSpace s ptr' = Some ko; is_aligned ptr' (objBitsKO ko); ps_clear ptr' (objBitsKO ko) s; obj_range' ptr' ko \\<inter> {ptr..ptr + 2 ^ bits - 1} \\<noteq> {} \\<longrightarrow> obj_range' ptr' ko \\<subseteq> {ptr..ptr + 2 ^ bits - 1} \\<and> obj_range' ptr' ko \\<inter> usableUntypedRange (capability.UntypedCap d ptr bits idx) = {}; {ptr..ptr + 2 ^ bits - 1} \\<subseteq> obj_range' ptr' ko; {ptr..ptr + 2 ^ bits - 1} \\<noteq> obj_range' ptr' ko; \\<not> obj_range' ptr' ko \\<inter> {ptr..ptr + 2 ^ bits - 1} \\<noteq> {}; ptr \\<le> ptr + 2 ^ bits - 1\\<rbrakk> \\<Longrightarrow> False\n 2. \\<And>ptr' ko. \\<lbrakk>ksPSpace s ptr' = Some ko; is_aligned ptr' (objBitsKO ko); ps_clear ptr' (objBitsKO ko) s; {ptr..ptr + 2 ^ bits - 1} \\<inter> obj_range' ptr' ko = {} \\<or> {ptr..ptr + 2 ^ bits - 1} \\<subseteq> obj_range' ptr' ko \\<or> obj_range' ptr' ko \\<subseteq> {ptr..ptr + 2 ^ bits - 1}; obj_range' ptr' ko \\<inter> {ptr..ptr + 2 ^ bits - 1} \\<noteq> {} \\<longrightarrow> obj_range' ptr' ko \\<subseteq> {ptr..ptr + 2 ^ bits - 1} \\<and> obj_range' ptr' ko \\<inter> usableUntypedRange (capability.UntypedCap d ptr bits idx) = {}\\<rbrakk> \\<Longrightarrow> obj_range' ptr' ko \\<inter> usableUntypedRange (capability.UntypedCap d ptr bits idx) = {}",
        "step_time": 0.014849424362182617
    },
    {
        "index": 99,
        "step": "apply (auto simp add: obj_range'_def)[1]",
        "output": "",
        "raw_output": "proof (prove)\ngoal (1 subgoal):\n 1. \\<And>ptr' ko. \\<lbrakk>ksPSpace s ptr' = Some ko; is_aligned ptr' (objBitsKO ko); ps_clear ptr' (objBitsKO ko) s; {ptr..ptr + 2 ^ bits - 1} \\<inter> obj_range' ptr' ko = {} \\<or> {ptr..ptr + 2 ^ bits - 1} \\<subseteq> obj_range' ptr' ko \\<or> obj_range' ptr' ko \\<subseteq> {ptr..ptr + 2 ^ bits - 1}; obj_range' ptr' ko \\<inter> {ptr..ptr + 2 ^ bits - 1} \\<noteq> {} \\<longrightarrow> obj_range' ptr' ko \\<subseteq> {ptr..ptr + 2 ^ bits - 1} \\<and> obj_range' ptr' ko \\<inter> usableUntypedRange (capability.UntypedCap d ptr bits idx) = {}\\<rbrakk> \\<Longrightarrow> obj_range' ptr' ko \\<inter> usableUntypedRange (capability.UntypedCap d ptr bits idx) = {}",
        "step_time": 0.08489561080932617
    },
    {
        "index": 100,
        "step": "apply (clarsimp simp add: usableUntypedRange.simps Int_commute)",
        "output": "",
        "raw_output": "proof (prove)\ngoal (1 subgoal):\n 1. \\<And>ptr' ko. \\<lbrakk>ksPSpace s ptr' = Some ko; is_aligned ptr' (objBitsKO ko); ps_clear ptr' (objBitsKO ko) s; obj_range' ptr' ko \\<inter> {ptr..ptr + 2 ^ bits - 1} = {} \\<or> {ptr..ptr + 2 ^ bits - 1} \\<subseteq> obj_range' ptr' ko \\<or> obj_range' ptr' ko \\<subseteq> {ptr..ptr + 2 ^ bits - 1}; obj_range' ptr' ko \\<inter> {ptr..ptr + 2 ^ bits - 1} \\<noteq> {} \\<longrightarrow> obj_range' ptr' ko \\<subseteq> {ptr..ptr + 2 ^ bits - 1} \\<and> obj_range' ptr' ko \\<inter> {ptr + word_of_nat idx..ptr + 2 ^ bits - 1} = {}; idx < 2 ^ bits\\<rbrakk> \\<Longrightarrow> obj_range' ptr' ko \\<inter> {ptr + word_of_nat idx..ptr + 2 ^ bits - 1} = {}",
        "step_time": 0.12863826751708984
    },
    {
        "index": 101,
        "step": "apply (case_tac \"obj_range' ptr' ko \\<inter> {ptr..ptr + 2 ^ bits - 1} \\<noteq> {}\", simp+)",
        "output": "",
        "raw_output": "proof (prove)\ngoal (1 subgoal):\n 1. \\<And>ptr' ko. \\<lbrakk>ksPSpace s ptr' = Some ko; is_aligned ptr' (objBitsKO ko); ps_clear ptr' (objBitsKO ko) s; idx < 2 ^ bits; obj_range' ptr' ko \\<inter> {ptr..ptr + 2 ^ bits - 1} = {}\\<rbrakk> \\<Longrightarrow> obj_range' ptr' ko \\<inter> {ptr + word_of_nat idx..ptr + 2 ^ bits - 1} = {}",
        "step_time": 0.12242984771728516
    },
    {
        "index": 102,
        "step": "apply (cut_tac is_aligned_no_overflow[OF al])",
        "output": "",
        "raw_output": "proof (prove)\ngoal (1 subgoal):\n 1. \\<And>ptr' ko. \\<lbrakk>ksPSpace s ptr' = Some ko; is_aligned ptr' (objBitsKO ko); ps_clear ptr' (objBitsKO ko) s; idx < 2 ^ bits; obj_range' ptr' ko \\<inter> {ptr..ptr + 2 ^ bits - 1} = {}; ptr \\<le> ptr + 2 ^ bits - 1\\<rbrakk> \\<Longrightarrow> obj_range' ptr' ko \\<inter> {ptr + word_of_nat idx..ptr + 2 ^ bits - 1} = {}",
        "step_time": 0.006376028060913086
    },
    {
        "index": 103,
        "step": "apply (clarsimp simp add: obj_range'_def)",
        "output": "",
        "raw_output": "proof (prove)\ngoal (1 subgoal):\n 1. \\<And>ptr' ko. \\<lbrakk>ksPSpace s ptr' = Some ko; is_aligned ptr' (objBitsKO ko); ps_clear ptr' (objBitsKO ko) s; idx < 2 ^ bits; ptr \\<le> ptr + 2 ^ bits - 1; ptr' \\<le> ptr + 2 ^ bits - 1; ptr + word_of_nat idx \\<le> ptr' + 2 ^ objBitsKO ko - 1; ptr + word_of_nat idx \\<le> ptr + 2 ^ bits - 1; \\<not> ptr \\<le> ptr' + 2 ^ objBitsKO ko - 1\\<rbrakk> \\<Longrightarrow> False",
        "step_time": 0.08262944221496582
    },
    {
        "index": 104,
        "step": "apply (frule is_aligned_no_overflow)",
        "output": "",
        "raw_output": "proof (prove)\ngoal (1 subgoal):\n 1. \\<And>ptr' ko. \\<lbrakk>ksPSpace s ptr' = Some ko; is_aligned ptr' (objBitsKO ko); ps_clear ptr' (objBitsKO ko) s; idx < 2 ^ bits; ptr \\<le> ptr + 2 ^ bits - 1; ptr' \\<le> ptr + 2 ^ bits - 1; ptr + word_of_nat idx \\<le> ptr' + 2 ^ objBitsKO ko - 1; ptr + word_of_nat idx \\<le> ptr + 2 ^ bits - 1; \\<not> ptr \\<le> ptr' + 2 ^ objBitsKO ko - 1; ptr' \\<le> ptr' + 2 ^ objBitsKO ko - 1\\<rbrakk> \\<Longrightarrow> False",
        "step_time": 0.008831977844238281
    },
    {
        "index": 105,
        "step": "by (metis al intvl_range_conv' le_m1_iff_lt less_is_non_zero_p1\n               nat_le_linear power_overflow sub_wrap add_0\n               add_0_right word_add_increasing word_less_1 word_less_sub_1)",
        "output": "",
        "raw_output": "",
        "step_time": 1.837087631225586
    },
    {
        "index": 106,
        "step": "\n\n(* We don't have access to n_msgRegisters from C here, but the number of msg registers in C should\n   be equivalent to what we have in the abstract/design specs. We want a number for this definition\n   that automatically updates if the number of registers changes, and we sanity check it later\n   in msgRegisters_size_sanity *)\n",
        "output": "",
        "raw_output": "",
        "step_time": 0.0069141387939453125
    },
    {
        "index": 107,
        "step": "definition size_msgRegisters :: nat where\n  size_msgRegisters_pre_def: \"size_msgRegisters \\<equiv> size (ARM.msgRegisters)\"",
        "output": "",
        "raw_output": "",
        "step_time": 0.20377159118652344
    },
    {
        "index": 108,
        "step": "schematic_goal size_msgRegisters_def:\n  \"size_msgRegisters = numeral ?x\"",
        "output": "",
        "raw_output": "proof (prove)\ngoal (1 subgoal):\n 1. size_msgRegisters = numeral ?x",
        "step_time": 0.15964388847351074
    },
    {
        "index": 109,
        "step": "unfolding size_msgRegisters_pre_def ARM.msgRegisters_def",
        "output": "",
        "raw_output": "proof (prove)\ngoal (1 subgoal):\n 1. length [R2 .e. R5] = numeral ?x",
        "step_time": 0.006493330001831055
    },
    {
        "index": 110,
        "step": "by (simp add: upto_enum_red fromEnum_def enum_register del: Suc_eq_numeral)\n     (simp only: Suc_eq_plus1_left, simp del: One_nat_def)",
        "output": "",
        "raw_output": "",
        "step_time": 0.05044412612915039
    },
    {
        "index": 111,
        "step": "lemma length_msgRegisters[simplified size_msgRegisters_def]:\n  \"length ARM_H.msgRegisters = size_msgRegisters\"",
        "output": "",
        "raw_output": "proof (prove)\ngoal (1 subgoal):\n 1. length TCB_H.msgRegisters = size_msgRegisters",
        "step_time": 0.0077130794525146484
    },
    {
        "index": 112,
        "step": "by (simp add: size_msgRegisters_pre_def ARM_H.msgRegisters_def)",
        "output": "",
        "raw_output": "",
        "step_time": 0.008272409439086914
    },
    {
        "index": 113,
        "step": "lemma cap_case_isPageDirectoryCap:\n  \"(case cap of capability.ArchObjectCap (arch_capability.PageDirectoryCap pd ( Some asid))  \\<Rightarrow> fn pd asid\n                | _ => g)\n    = (if ( if (isArchObjectCap cap) then if (isPageDirectoryCap (capCap cap)) then capPDMappedASID (capCap cap) \\<noteq> None else False else False)\n                then fn (capPDBasePtr (capCap cap)) (the ( capPDMappedASID (capCap cap))) else g)\"",
        "output": "",
        "raw_output": "proof (prove)\ngoal (1 subgoal):\n 1. (case cap of capability.ArchObjectCap (arch_capability.PageDirectoryCap pd None) \\<Rightarrow> g | capability.ArchObjectCap (arch_capability.PageDirectoryCap pd (Some asid)) \\<Rightarrow> fn pd asid | capability.ArchObjectCap _ \\<Rightarrow> g | _ \\<Rightarrow> g) = (if if isArchObjectCap cap then if isPageDirectoryCap (capCap cap) then capPDMappedASID (capCap cap) \\<noteq> None else False else False then fn (capPDBasePtr (capCap cap)) (the (capPDMappedASID (capCap cap))) else g)",
        "step_time": 0.02518296241760254
    },
    {
        "index": 114,
        "step": "apply (cases cap; simp add: isArchObjectCap_def)",
        "output": "",
        "raw_output": "proof (prove)\ngoal (1 subgoal):\n 1. \\<And>x8. cap = capability.ArchObjectCap x8 \\<Longrightarrow> (isPageDirectoryCap x8 \\<longrightarrow> ((\\<exists>y. capPDMappedASID x8 = Some y) \\<longrightarrow> (case x8 of arch_capability.PageDirectoryCap pd None \\<Rightarrow> g | arch_capability.PageDirectoryCap pd (Some xa) \\<Rightarrow> fn pd xa | _ \\<Rightarrow> g) = fn (capPDBasePtr x8) (the (capPDMappedASID x8))) \\<and> (capPDMappedASID x8 = None \\<longrightarrow> (case x8 of arch_capability.PageDirectoryCap pd None \\<Rightarrow> g | arch_capability.PageDirectoryCap pd (Some xa) \\<Rightarrow> fn pd xa | _ \\<Rightarrow> g) = g)) \\<and> (\\<not> isPageDirectoryCap x8 \\<longrightarrow> (case x8 of arch_capability.PageDirectoryCap pd None \\<Rightarrow> g | arch_capability.PageDirectoryCap pd (Some xa) \\<Rightarrow> fn pd xa | _ \\<Rightarrow> g) = g)",
        "step_time": 0.06750059127807617
    },
    {
        "index": 115,
        "step": "apply (rename_tac arch_capability)",
        "output": "",
        "raw_output": "proof (prove)\ngoal (1 subgoal):\n 1. \\<And>arch_capability. cap = capability.ArchObjectCap arch_capability \\<Longrightarrow> (isPageDirectoryCap arch_capability \\<longrightarrow> ((\\<exists>y. capPDMappedASID arch_capability = Some y) \\<longrightarrow> (case arch_capability of arch_capability.PageDirectoryCap pd None \\<Rightarrow> g | arch_capability.PageDirectoryCap pd (Some xa) \\<Rightarrow> fn pd xa | _ \\<Rightarrow> g) = fn (capPDBasePtr arch_capability) (the (capPDMappedASID arch_capability))) \\<and> (capPDMappedASID arch_capability = None \\<longrightarrow> (case arch_capability of arch_capability.PageDirectoryCap pd None \\<Rightarrow> g | arch_capability.PageDirectoryCap pd (Some xa) \\<Rightarrow> fn pd xa | _ \\<Rightarrow> g) = g)) \\<and> (\\<not> isPageDirectoryCap arch_capability \\<longrightarrow> (case arch_capability of arch_capability.PageDirectoryCap pd None \\<Rightarrow> g | arch_capability.PageDirectoryCap pd (Some xa) \\<Rightarrow> fn pd xa | _ \\<Rightarrow> g) = g)",
        "step_time": 0.007226467132568359
    },
    {
        "index": 116,
        "step": "apply (case_tac arch_capability, simp_all add: isPageDirectoryCap_def)",
        "output": "",
        "raw_output": "proof (prove)\ngoal (1 subgoal):\n 1. \\<And>arch_capability x51 x52. \\<lbrakk>cap = capability.ArchObjectCap (arch_capability.PageDirectoryCap x51 x52); arch_capability = arch_capability.PageDirectoryCap x51 x52\\<rbrakk> \\<Longrightarrow> (\\<exists>y. x52 = Some y) \\<longrightarrow> (case x52 of None \\<Rightarrow> g | Some x \\<Rightarrow> fn x51 x) = fn x51 (the x52)",
        "step_time": 0.0214078426361084
    },
    {
        "index": 117,
        "step": "apply (rename_tac option)",
        "output": "",
        "raw_output": "proof (prove)\ngoal (1 subgoal):\n 1. \\<And>arch_capability x51 option. \\<lbrakk>cap = capability.ArchObjectCap (arch_capability.PageDirectoryCap x51 option); arch_capability = arch_capability.PageDirectoryCap x51 option\\<rbrakk> \\<Longrightarrow> (\\<exists>y. option = Some y) \\<longrightarrow> (case option of None \\<Rightarrow> g | Some x \\<Rightarrow> fn x51 x) = fn x51 (the option)",
        "step_time": 0.006439208984375
    },
    {
        "index": 118,
        "step": "apply (case_tac option; simp)",
        "output": "",
        "raw_output": "proof (prove)\ngoal:\nNo subgoals!",
        "step_time": 0.019896984100341797
    },
    {
        "index": 119,
        "step": "done",
        "output": "",
        "raw_output": "",
        "step_time": 0.013978719711303711
    },
    {
        "index": 120,
        "step": "lemma empty_fail_loadWordUser[intro!, simp]:\n  \"empty_fail (loadWordUser x)\"",
        "output": "",
        "raw_output": "proof (prove)\ngoal (1 subgoal):\n 1. empty_fail (loadWordUser x)",
        "step_time": 0.006243705749511719
    },
    {
        "index": 121,
        "step": "by (fastforce simp: loadWordUser_def ef_loadWord ef_dmo')",
        "output": "",
        "raw_output": "",
        "step_time": 0.007478475570678711
    },
    {
        "index": 122,
        "step": "lemma empty_fail_getMRs[iff]:\n  \"empty_fail (getMRs t buf mi)\"",
        "output": "",
        "raw_output": "proof (prove)\ngoal (1 subgoal):\n 1. empty_fail (getMRs t buf mi)",
        "step_time": 0.02233290672302246
    },
    {
        "index": 123,
        "step": "by (auto simp add: getMRs_def split: option.split)",
        "output": "",
        "raw_output": "",
        "step_time": 0.037419795989990234
    },
    {
        "index": 124,
        "step": "lemma empty_fail_getReceiveSlots:\n  \"empty_fail (getReceiveSlots r rbuf)\"",
        "output": "",
        "raw_output": "proof (prove)\ngoal (1 subgoal):\n 1. empty_fail (getReceiveSlots r rbuf)",
        "step_time": 0.005765676498413086
    },
    {
        "index": 125,
        "step": "proof -",
        "output": "",
        "raw_output": "proof (state)\ngoal (1 subgoal):\n 1. empty_fail (getReceiveSlots r rbuf)",
        "step_time": 0.004639148712158203
    },
    {
        "index": 126,
        "step": "note\n    empty_fail_resolveAddressBits[wp]\n    empty_fail_rethrowFailure[wp]\n    empty_fail_rethrowFailure[wp]",
        "output": "",
        "raw_output": "proof (state)\nthis:\nempty_fail (CSpace_H.resolveAddressBits ?cap ?cptr ?bits)\nempty_fail ?f \\<Longrightarrow> empty_fail (rethrowFailure ?fn ?f)\nempty_fail ?f \\<Longrightarrow> empty_fail (rethrowFailure ?fn ?f)\n\ngoal (1 subgoal):\n 1. empty_fail (getReceiveSlots r rbuf)",
        "step_time": 0.00557255744934082
    },
    {
        "index": 127,
        "step": "show ?thesis",
        "output": "",
        "raw_output": "proof (prove)\ngoal (1 subgoal):\n 1. empty_fail (getReceiveSlots r rbuf)",
        "step_time": 0.005337238311767578
    },
    {
        "index": 128,
        "step": "unfolding getReceiveSlots_def loadCapTransfer_def lookupCap_def lookupCapAndSlot_def",
        "output": "",
        "raw_output": "proof (prove)\ngoal (1 subgoal):\n 1. empty_fail (case rbuf of None \\<Rightarrow> return [] | Some buffer \\<Rightarrow> do ct <- do intSize <- return (fromIntegral wordSize);\noffset <- return (msgMaxLength + msgMaxExtraCaps + 2);\ncapTransferFromWords (buffer + PPtr (offset * intSize))\nod;\nemptyOnFailure $ doE cptr <- returnOk (ctReceiveRoot ct);\ncnode <- unifyFailure $ liftME fst $ doE slot <- lookupSlotForThread r cptr;\ncap <- withoutFailure $ getSlotCap slot;\nreturnOk (cap, slot)\nodE;\nslot <- unifyFailure $ lookupTargetSlot cnode (ctReceiveIndex ct) (ctReceiveDepth ct);\ncte <- withoutFailure $ getCTE slot;\nunlessE (isNullCap $ cteCap cte) $ throw ();\nreturnOk [slot]\nodE\nod)",
        "step_time": 0.008867025375366211
    },
    {
        "index": 129,
        "step": "by (wpsimp simp: emptyOnFailure_def unifyFailure_def lookupSlotForThread_def\n                   capTransferFromWords_def getThreadCSpaceRoot_def locateSlot_conv bindE_assoc\n                   lookupSlotForCNodeOp_def lookupErrorOnFailure_def rangeCheck_def)",
        "output": "",
        "raw_output": "proof (state)\nthis:\nempty_fail (getReceiveSlots r rbuf)\n\ngoal:\nNo subgoals!",
        "step_time": 0.17162799835205078
    },
    {
        "index": 130,
        "step": "qed",
        "output": "",
        "raw_output": "",
        "step_time": 0.007162809371948242
    },
    {
        "index": 131,
        "step": "lemma user_getreg_rv:\n  \"\\<lbrace>obj_at' (\\<lambda>tcb. P ((atcbContextGet o tcbArch) tcb r)) t\\<rbrace> asUser t (getRegister r) \\<lbrace>\\<lambda>rv s. P rv\\<rbrace>\"",
        "output": "",
        "raw_output": "proof (prove)\ngoal (1 subgoal):\n 1. \\<lbrace>obj_at' (\\<lambda>tcb. P ((atcbContextGet \\<circ> tcbArch) tcb r)) t\\<rbrace> asUser t (getRegister r) \\<lbrace>\\<lambda>rv s. P rv\\<rbrace>",
        "step_time": 0.013418912887573242
    },
    {
        "index": 132,
        "step": "apply (simp add: asUser_def split_def)",
        "output": "",
        "raw_output": "proof (prove)\ngoal (1 subgoal):\n 1. \\<lbrace>obj_at' (\\<lambda>tcb. P (atcbContextGet (tcbArch tcb) r)) t\\<rbrace> do uc <- threadGet (atcbContextGet \\<circ> tcbArch) t;\np <- select_f (getRegister r uc);\ny <- threadSet (\\<lambda>tcb. tcbArch_update (\\<lambda>_. atcbContextSet (snd p) (tcbArch tcb)) tcb) t;\nreturn (fst p)\nod \\<lbrace>\\<lambda>rv s. P rv\\<rbrace>",
        "step_time": 0.013007879257202148
    },
    {
        "index": 133,
        "step": "apply (wp threadGet_wp)",
        "output": "",
        "raw_output": "proof (prove)\ngoal (1 subgoal):\n 1. \\<And>s. obj_at' (\\<lambda>tcb. P (atcbContextGet (tcbArch tcb) r)) t s \\<Longrightarrow> \\<forall>tcb. ko_at' tcb t s \\<longrightarrow> (\\<forall>x\\<in>fst (getRegister r ((atcbContextGet \\<circ> tcbArch) tcb)). P (fst x))",
        "step_time": 0.016897916793823242
    },
    {
        "index": 134,
        "step": "apply (clarsimp simp: obj_at'_def projectKOs getRegister_def in_monad atcbContextGet_def)",
        "output": "",
        "raw_output": "proof (prove)\ngoal:\nNo subgoals!",
        "step_time": 0.02599501609802246
    },
    {
        "index": 135,
        "step": "done",
        "output": "",
        "raw_output": "",
        "step_time": 0.006330251693725586
    },
    {
        "index": 136,
        "step": "crunches insertNewCap, Arch_createNewCaps, threadSet, Arch.createObject, setThreadState,\n         updateFreeIndex, preemptionPoint\n  for gsCNodes[wp]: \"\\<lambda>s. P (gsCNodes s)\"\n  (wp: crunch_wps setObject_ksPSpace_only\n   simp: unless_def updateObject_default_def crunch_simps\n   ignore_del: preemptionPoint)",
        "output": "",
        "raw_output": "",
        "step_time": 0.8630599975585938
    },
    {
        "index": 137,
        "step": "lemma addrFromPPtr_mask[simplified ARM.pageBitsForSize_simps]:\n  \"n \\<le> pageBitsForSize ARMSuperSection\n   \\<Longrightarrow> addrFromPPtr ptr && mask n = ptr && mask n\"",
        "output": "",
        "raw_output": "proof (prove)\ngoal (1 subgoal):\n 1. n \\<le> pageBitsForSize ARMSuperSection \\<Longrightarrow> addrFromPPtr ptr && mask n = ptr && mask n",
        "step_time": 0.010208368301391602
    },
    {
        "index": 138,
        "step": "apply (simp add: addrFromPPtr_def)",
        "output": "",
        "raw_output": "proof (prove)\ngoal (1 subgoal):\n 1. n \\<le> 24 \\<Longrightarrow> ptr - pptrBaseOffset && mask n = ptr && mask n",
        "step_time": 0.007170200347900391
    },
    {
        "index": 139,
        "step": "apply (prop_tac \"pptrBaseOffset AND mask n = 0\")",
        "output": "",
        "raw_output": "proof (prove)\ngoal (2 subgoals):\n 1. n \\<le> 24 \\<Longrightarrow> pptrBaseOffset && mask n = 0\n 2. \\<lbrakk>n \\<le> 24; pptrBaseOffset && mask n = 0\\<rbrakk> \\<Longrightarrow> ptr - pptrBaseOffset && mask n = ptr && mask n",
        "step_time": 0.008510112762451172
    },
    {
        "index": 140,
        "step": "apply (rule mask_zero[OF is_aligned_weaken[OF pptrBaseOffset_aligned]], simp)",
        "output": "",
        "raw_output": "proof (prove)\ngoal (1 subgoal):\n 1. \\<lbrakk>n \\<le> 24; pptrBaseOffset && mask n = 0\\<rbrakk> \\<Longrightarrow> ptr - pptrBaseOffset && mask n = ptr && mask n",
        "step_time": 0.006096601486206055
    },
    {
        "index": 141,
        "step": "apply (simp flip: mask_eqs(8))",
        "output": "",
        "raw_output": "proof (prove)\ngoal:\nNo subgoals!",
        "step_time": 0.007055044174194336
    },
    {
        "index": 142,
        "step": "done",
        "output": "",
        "raw_output": "",
        "step_time": 0.007183551788330078
    },
    {
        "index": 143,
        "step": "\n\n(* this could be done as\n   lemmas addrFromPPtr_mask_5 = addrFromPPtr_mask[where n=5, simplified]\n   but that wouldn't give a sanity check of the n \\<le> ... assumption  disappearing *)\n",
        "output": "",
        "raw_output": "",
        "step_time": 0.00428318977355957
    },
    {
        "index": 144,
        "step": "lemma addrFromPPtr_mask_5:\n  \"addrFromPPtr ptr && mask 5 = ptr && mask 5\"",
        "output": "",
        "raw_output": "proof (prove)\ngoal (1 subgoal):\n 1. addrFromPPtr ptr && mask 5 = ptr && mask 5",
        "step_time": 0.007916450500488281
    },
    {
        "index": 145,
        "step": "by (rule addrFromPPtr_mask[where n=5, simplified])",
        "output": "",
        "raw_output": "",
        "step_time": 0.009727239608764648
    },
    {
        "index": 146,
        "step": "end",
        "output": "",
        "raw_output": "",
        "step_time": 0.00452423095703125
    },
    {
        "index": 147,
        "step": "end",
        "output": "",
        "raw_output": "",
        "step_time": 0.006250143051147461
    }
]