[
    {
        "index": 0,
        "step": "(*\n * Copyright 2014, General Dynamics C4 Systems\n *\n * SPDX-License-Identifier: GPL-2.0-only\n *)\n\n",
        "output": "",
        "raw_output": "",
        "step_time": 0.011913299560546875
    },
    {
        "index": 1,
        "step": "theory CLevityCatch\nimports\n  \"CBaseRefine.Include_C\"\n  ArchMove_C\n  \"CParser.LemmaBucket_C\"\n  \"Lib.LemmaBucket\"\n  Boolean_C\nbegin",
        "output": "",
        "raw_output": "",
        "step_time": 0.008128643035888672
    },
    {
        "index": 2,
        "step": "context begin",
        "output": "",
        "raw_output": "",
        "step_time": 0.007792234420776367
    },
    {
        "index": 3,
        "step": "interpretation Arch",
        "output": "",
        "raw_output": "proof (prove)\ngoal:\nNo subgoals!",
        "step_time": 0.21015548706054688
    },
    {
        "index": 4,
        "step": ".",
        "output": "",
        "raw_output": "",
        "step_time": 7.444684028625488
    },
    {
        "index": 5,
        "step": " (*FIXME: arch_split*)\n\n(* Rule previously in the simpset, now not. *)\n",
        "output": "",
        "raw_output": "",
        "step_time": 0.015421628952026367
    },
    {
        "index": 6,
        "step": "declare ptr_add_def' [simp]",
        "output": "",
        "raw_output": "",
        "step_time": 0.014666080474853516
    },
    {
        "index": 7,
        "step": "\n\n(* works much better *)\n",
        "output": "",
        "raw_output": "",
        "step_time": 0.012224435806274414
    },
    {
        "index": 8,
        "step": "lemmas typ_heap_simps' = typ_heap_simps c_guard_clift",
        "output": "",
        "raw_output": "",
        "step_time": 0.030591487884521484
    },
    {
        "index": 9,
        "step": "lemmas asUser_return = submonad.return [OF submonad_asUser]",
        "output": "",
        "raw_output": "",
        "step_time": 0.01522684097290039
    },
    {
        "index": 10,
        "step": "lemmas asUser_bind_distrib =\n  submonad_bind [OF submonad_asUser submonad_asUser submonad_asUser]",
        "output": "",
        "raw_output": "",
        "step_time": 0.014351367950439453
    },
    {
        "index": 11,
        "step": "lemma ntfnQueue_head_mask_4 :\n  \"ntfnQueue_head_CL (notification_lift ko') && ~~ mask 4 = ntfnQueue_head_CL (notification_lift ko')\"",
        "output": "",
        "raw_output": "proof (prove)\ngoal (1 subgoal):\n 1. ntfnQueue_head_CL (notification_lift ko') && ~~ mask 4 = ntfnQueue_head_CL (notification_lift ko')",
        "step_time": 0.32483816146850586
    },
    {
        "index": 12,
        "step": "unfolding notification_lift_def",
        "output": "",
        "raw_output": "proof (prove)\ngoal (1 subgoal):\n 1. ntfnQueue_head_CL \\<lparr>ntfnBoundTCB_CL = (notification_C.words_C ko'.[3] << 0) && ~~ mask 4, ntfnMsgIdentifier_CL = notification_C.words_C ko'.[2] >> 0, ntfnQueue_head_CL = (notification_C.words_C ko'.[1] << 0) && ~~ mask 4, ntfnQueue_tail_CL = (notification_C.words_C ko'.[0] << 0) && ~~ mask 4, state_CL = (notification_C.words_C ko'.[0] >> 0) && mask 2\\<rparr> && ~~ mask 4 = ntfnQueue_head_CL \\<lparr>ntfnBoundTCB_CL = (notification_C.words_C ko'.[3] << 0) && ~~ mask 4, ntfnMsgIdentifier_CL = notification_C.words_C ko'.[2] >> 0, ntfnQueue_head_CL = (notification_C.words_C ko'.[1] << 0) && ~~ mask 4, ntfnQueue_tail_CL = (notification_C.words_C ko'.[0] << 0) && ~~ mask 4, state_CL = (notification_C.words_C ko'.[0] >> 0) && mask 2\\<rparr>",
        "step_time": 0.018709659576416016
    },
    {
        "index": 13,
        "step": "by (clarsimp simp: mask_def word_bw_assocs)",
        "output": "",
        "raw_output": "",
        "step_time": 0.21149682998657227
    },
    {
        "index": 14,
        "step": "\n\n(* Levity: moved from Ipc_C (20090419 09:44:31) *) (* and remove from Syscall_C *)\n",
        "output": "",
        "raw_output": "",
        "step_time": 0.011701345443725586
    },
    {
        "index": 15,
        "step": "lemma empty_fail_doMachineOp[intro!]:\n  \"empty_fail m \\<Longrightarrow> empty_fail (doMachineOp m)\"",
        "output": "",
        "raw_output": "proof (prove)\ngoal (1 subgoal):\n 1. empty_fail m \\<Longrightarrow> empty_fail (doMachineOp m)",
        "step_time": 0.015987634658813477
    },
    {
        "index": 16,
        "step": "by (rule ef_dmo')",
        "output": "",
        "raw_output": "",
        "step_time": 0.014243125915527344
    },
    {
        "index": 17,
        "step": "\n\n(* Levity: moved from Ipc_C (20090419 09:44:31) *) (* why isn't this in Kernel_C? *)\n",
        "output": "",
        "raw_output": "",
        "step_time": 0.01147317886352539
    },
    {
        "index": 18,
        "step": "lemmas C_register_defs =\n  Kernel_C.R0_def Kernel_C.R1_def Kernel_C.R2_def Kernel_C.R3_def\n  Kernel_C.R4_def Kernel_C.R5_def Kernel_C.R6_def Kernel_C.R7_def\n  Kernel_C.R8_def Kernel_C.R9_def Kernel_C.R10_def Kernel_C.R11_def\n  Kernel_C.R12_def Kernel_C.SP_def Kernel_C.LR_def Kernel_C.NextIP_def\n  Kernel_C.CPSR_def Kernel_C.TLS_BASE_def Kernel_C.TPIDRURW_def Kernel_C.TPIDRURO_def\n  Kernel_C.FaultIP_def",
        "output": "",
        "raw_output": "",
        "step_time": 0.01779627799987793
    },
    {
        "index": 19,
        "step": "\n\n(* Levity: moved from Retype_C (20090419 09:44:41) *)\n",
        "output": "",
        "raw_output": "",
        "step_time": 0.010548114776611328
    },
    {
        "index": 20,
        "step": "lemma no_overlap_new_cap_addrs_disjoint:\n  \"\\<lbrakk> range_cover ptr sz (objBitsKO ko) n;\n     pspace_aligned' s;\n     pspace_no_overlap' ptr sz s \\<rbrakk> \\<Longrightarrow>\n   set (new_cap_addrs n ptr ko) \\<inter> dom (ksPSpace s) = {}\"",
        "output": "",
        "raw_output": "proof (prove)\ngoal (1 subgoal):\n 1. \\<lbrakk>range_cover ptr sz (objBitsKO ko) n; pspace_aligned' s; pspace_no_overlap' ptr sz s\\<rbrakk> \\<Longrightarrow> set (new_cap_addrs n ptr ko) \\<inter> dom (ksPSpace s) = {}",
        "step_time": 0.022289752960205078
    },
    {
        "index": 21,
        "step": "apply (erule disjoint_subset [OF new_cap_addrs_subset, where sz1=sz])",
        "output": "",
        "raw_output": "proof (prove)\ngoal (1 subgoal):\n 1. \\<lbrakk>pspace_aligned' s; pspace_no_overlap' ptr sz s\\<rbrakk> \\<Longrightarrow> {ptr..More_Word_Operations.ptr_add (ptr && ~~ mask sz) (2 ^ sz - 1)} \\<inter> dom (ksPSpace s) = {}",
        "step_time": 0.012697219848632812
    },
    {
        "index": 22,
        "step": "apply (clarsimp simp: More_Word_Operations.ptr_add_def field_simps)",
        "output": "",
        "raw_output": "proof (prove)\ngoal (1 subgoal):\n 1. \\<lbrakk>pspace_aligned' s; pspace_no_overlap' ptr sz s\\<rbrakk> \\<Longrightarrow> {ptr..(ptr && ~~ mask sz) + 2 ^ sz - 1} \\<inter> dom (ksPSpace s) = {}",
        "step_time": 0.036136627197265625
    },
    {
        "index": 23,
        "step": "apply (rule pspace_no_overlap_disjoint')",
        "output": "",
        "raw_output": "proof (prove)\ngoal (2 subgoals):\n 1. \\<lbrakk>pspace_aligned' s; pspace_no_overlap' ptr sz s\\<rbrakk> \\<Longrightarrow> pspace_aligned' s\n 2. \\<lbrakk>pspace_aligned' s; pspace_no_overlap' ptr sz s\\<rbrakk> \\<Longrightarrow> pspace_no_overlap' ptr sz s",
        "step_time": 0.010657310485839844
    },
    {
        "index": 24,
        "step": "apply auto",
        "output": "",
        "raw_output": "proof (prove)\ngoal:\nNo subgoals!",
        "step_time": 0.010156631469726562
    },
    {
        "index": 25,
        "step": "done",
        "output": "",
        "raw_output": "",
        "step_time": 0.012655496597290039
    },
    {
        "index": 26,
        "step": "declare empty_fail_doMachineOp [simp]",
        "output": "",
        "raw_output": "",
        "step_time": 0.010085582733154297
    },
    {
        "index": 27,
        "step": "lemma asUser_get_registers:\n  \"\\<lbrace>tcb_at' target\\<rbrace>\n     asUser target (mapM getRegister xs)\n   \\<lbrace>\\<lambda>rv s. obj_at' (\\<lambda>tcb. map ((atcbContextGet o tcbArch) tcb) xs = rv) target s\\<rbrace>\"",
        "output": "",
        "raw_output": "proof (prove)\ngoal (1 subgoal):\n 1. \\<lbrace>tcb_at' target\\<rbrace> asUser target (mapM getRegister xs) \\<lbrace>\\<lambda>rv. obj_at' (\\<lambda>tcb. map ((atcbContextGet \\<circ> tcbArch) tcb) xs = rv) target\\<rbrace>",
        "step_time": 0.030434131622314453
    },
    {
        "index": 28,
        "step": "apply (induct xs)",
        "output": "",
        "raw_output": "proof (prove)\ngoal (2 subgoals):\n 1. \\<lbrace>tcb_at' target\\<rbrace> asUser target (mapM getRegister []) \\<lbrace>\\<lambda>rv. obj_at' (\\<lambda>tcb. map ((atcbContextGet \\<circ> tcbArch) tcb) [] = rv) target\\<rbrace>\n 2. \\<And>x1 xs. \\<lbrace>tcb_at' target\\<rbrace> asUser target (mapM getRegister xs) \\<lbrace>\\<lambda>rv. obj_at' (\\<lambda>tcb. map ((atcbContextGet \\<circ> tcbArch) tcb) xs = rv) target\\<rbrace> \\<Longrightarrow> \\<lbrace>tcb_at' target\\<rbrace> asUser target (mapM getRegister (x1 # xs)) \\<lbrace>\\<lambda>rv. obj_at' (\\<lambda>tcb. map ((atcbContextGet \\<circ> tcbArch) tcb) (x1 # xs) = rv) target\\<rbrace>",
        "step_time": 0.23881959915161133
    },
    {
        "index": 29,
        "step": "apply (simp add: mapM_empty asUser_return)",
        "output": "",
        "raw_output": "proof (prove)\ngoal (2 subgoals):\n 1. \\<lbrace>tcb_at' target\\<rbrace> do u <- stateAssert (tcb_at' target) [];\nreturn []\nod \\<lbrace>\\<lambda>rv. obj_at' (\\<lambda>tcb. [] = rv) target\\<rbrace>\n 2. \\<And>x1 xs. \\<lbrace>tcb_at' target\\<rbrace> asUser target (mapM getRegister xs) \\<lbrace>\\<lambda>rv. obj_at' (\\<lambda>tcb. map ((atcbContextGet \\<circ> tcbArch) tcb) xs = rv) target\\<rbrace> \\<Longrightarrow> \\<lbrace>tcb_at' target\\<rbrace> asUser target (mapM getRegister (x1 # xs)) \\<lbrace>\\<lambda>rv. obj_at' (\\<lambda>tcb. map ((atcbContextGet \\<circ> tcbArch) tcb) (x1 # xs) = rv) target\\<rbrace>",
        "step_time": 0.20930695533752441
    },
    {
        "index": 30,
        "step": "apply wp",
        "output": "",
        "raw_output": "proof (prove)\ngoal (2 subgoals):\n 1. \\<And>s. tcb_at' target s \\<Longrightarrow> tcb_at' target s \\<longrightarrow> obj_at' (\\<lambda>tcb. [] = []) target s\n 2. \\<And>x1 xs. \\<lbrace>tcb_at' target\\<rbrace> asUser target (mapM getRegister xs) \\<lbrace>\\<lambda>rv. obj_at' (\\<lambda>tcb. map ((atcbContextGet \\<circ> tcbArch) tcb) xs = rv) target\\<rbrace> \\<Longrightarrow> \\<lbrace>tcb_at' target\\<rbrace> asUser target (mapM getRegister (x1 # xs)) \\<lbrace>\\<lambda>rv. obj_at' (\\<lambda>tcb. map ((atcbContextGet \\<circ> tcbArch) tcb) (x1 # xs) = rv) target\\<rbrace>",
        "step_time": 0.1811387538909912
    },
    {
        "index": 31,
        "step": "apply simp",
        "output": "",
        "raw_output": "proof (prove)\ngoal (1 subgoal):\n 1. \\<And>x1 xs. \\<lbrace>tcb_at' target\\<rbrace> asUser target (mapM getRegister xs) \\<lbrace>\\<lambda>rv. obj_at' (\\<lambda>tcb. map ((atcbContextGet \\<circ> tcbArch) tcb) xs = rv) target\\<rbrace> \\<Longrightarrow> \\<lbrace>tcb_at' target\\<rbrace> asUser target (mapM getRegister (x1 # xs)) \\<lbrace>\\<lambda>rv. obj_at' (\\<lambda>tcb. map ((atcbContextGet \\<circ> tcbArch) tcb) (x1 # xs) = rv) target\\<rbrace>",
        "step_time": 0.19986939430236816
    },
    {
        "index": 32,
        "step": "apply (simp add: mapM_Cons asUser_bind_distrib asUser_return empty_fail_cond)",
        "output": "",
        "raw_output": "proof (prove)\ngoal (1 subgoal):\n 1. \\<And>x1 xs. \\<lbrace>tcb_at' target\\<rbrace> asUser target (mapM getRegister xs) \\<lbrace>\\<lambda>rv. obj_at' (\\<lambda>tcb. map (atcbContextGet (tcbArch tcb)) xs = rv) target\\<rbrace> \\<Longrightarrow> \\<lbrace>tcb_at' target\\<rbrace> do rv <- asUser target (getRegister x1);\nrva <- asUser target (mapM getRegister xs);\nu <- stateAssert (tcb_at' target) [];\nreturn (rv # rva)\nod \\<lbrace>\\<lambda>rv. obj_at' (\\<lambda>tcb. atcbContextGet (tcbArch tcb) x1 # map (atcbContextGet (tcbArch tcb)) xs = rv) target\\<rbrace>",
        "step_time": 0.11824440956115723
    },
    {
        "index": 33,
        "step": "apply wp",
        "output": "",
        "raw_output": "proof (prove)\ngoal (3 subgoals):\n 1. \\<And>x1 xs x. \\<lbrace>tcb_at' target\\<rbrace> asUser target (mapM getRegister xs) \\<lbrace>\\<lambda>rv. obj_at' (\\<lambda>tcb. map (atcbContextGet (tcbArch tcb)) xs = rv) target\\<rbrace> \\<Longrightarrow> \\<lbrace>?B9 x1 xs x\\<rbrace> asUser target (mapM getRegister xs) \\<lbrace>\\<lambda>rv s. tcb_at' target s \\<longrightarrow> obj_at' (\\<lambda>tcb. atcbContextGet (tcbArch tcb) x1 # map (atcbContextGet (tcbArch tcb)) xs = x # rv) target s\\<rbrace>\n 2. \\<And>x1 xs. \\<lbrace>tcb_at' target\\<rbrace> asUser target (mapM getRegister xs) \\<lbrace>\\<lambda>rv. obj_at' (\\<lambda>tcb. map (atcbContextGet (tcbArch tcb)) xs = rv) target\\<rbrace> \\<Longrightarrow> \\<lbrace>?Q8 x1 xs\\<rbrace> asUser target (getRegister x1) \\<lbrace>?B9 x1 xs\\<rbrace>\n 3. \\<And>x1 xs s. \\<lbrakk>\\<lbrace>tcb_at' target\\<rbrace> asUser target (mapM getRegister xs) \\<lbrace>\\<lambda>rv. obj_at' (\\<lambda>tcb. map (atcbContextGet (tcbArch tcb)) xs = rv) target\\<rbrace>; tcb_at' target s\\<rbrakk> \\<Longrightarrow> ?Q8 x1 xs s",
        "step_time": 0.329514741897583
    },
    {
        "index": 34,
        "step": "apply simp",
        "output": "",
        "raw_output": "proof (prove)\ngoal (3 subgoals):\n 1. \\<And>x1 xs x. \\<lbrace>tcb_at' target\\<rbrace> asUser target (mapM getRegister xs) \\<lbrace>\\<lambda>rv. obj_at' (\\<lambda>tcb. map (atcbContextGet (tcbArch tcb)) xs = rv) target\\<rbrace> \\<Longrightarrow> \\<lbrace>?B9 x1 xs x\\<rbrace> asUser target (mapM getRegister xs) \\<lbrace>\\<lambda>rv s. tcb_at' target s \\<longrightarrow> obj_at' (\\<lambda>tcb. atcbContextGet (tcbArch tcb) x1 = x \\<and> map (atcbContextGet (tcbArch tcb)) xs = rv) target s\\<rbrace>\n 2. \\<And>x1 xs. \\<lbrace>tcb_at' target\\<rbrace> asUser target (mapM getRegister xs) \\<lbrace>\\<lambda>rv. obj_at' (\\<lambda>tcb. map (atcbContextGet (tcbArch tcb)) xs = rv) target\\<rbrace> \\<Longrightarrow> \\<lbrace>?Q8 x1 xs\\<rbrace> asUser target (getRegister x1) \\<lbrace>?B9 x1 xs\\<rbrace>\n 3. \\<And>x1 xs s. \\<lbrakk>\\<lbrace>tcb_at' target\\<rbrace> asUser target (mapM getRegister xs) \\<lbrace>\\<lambda>rv. obj_at' (\\<lambda>tcb. map (atcbContextGet (tcbArch tcb)) xs = rv) target\\<rbrace>; tcb_at' target s\\<rbrakk> \\<Longrightarrow> ?Q8 x1 xs s",
        "step_time": 0.25765180587768555
    },
    {
        "index": 35,
        "step": "apply (rule hoare_strengthen_post)",
        "output": "",
        "raw_output": "proof (prove)\ngoal (4 subgoals):\n 1. \\<And>x1 xs x. \\<lbrace>tcb_at' target\\<rbrace> asUser target (mapM getRegister xs) \\<lbrace>\\<lambda>rv. obj_at' (\\<lambda>tcb. map (atcbContextGet (tcbArch tcb)) xs = rv) target\\<rbrace> \\<Longrightarrow> \\<lbrace>?B9 x1 xs x\\<rbrace> asUser target (mapM getRegister xs) \\<lbrace>?Q14 x1 xs x\\<rbrace>\n 2. \\<And>x1 xs x rv s. \\<lbrakk>\\<lbrace>tcb_at' target\\<rbrace> asUser target (mapM getRegister xs) \\<lbrace>\\<lambda>rv. obj_at' (\\<lambda>tcb. map (atcbContextGet (tcbArch tcb)) xs = rv) target\\<rbrace>; ?Q14 x1 xs x rv s\\<rbrakk> \\<Longrightarrow> tcb_at' target s \\<longrightarrow> obj_at' (\\<lambda>tcb. atcbContextGet (tcbArch tcb) x1 = x \\<and> map (atcbContextGet (tcbArch tcb)) xs = rv) target s\n 3. \\<And>x1 xs. \\<lbrace>tcb_at' target\\<rbrace> asUser target (mapM getRegister xs) \\<lbrace>\\<lambda>rv. obj_at' (\\<lambda>tcb. map (atcbContextGet (tcbArch tcb)) xs = rv) target\\<rbrace> \\<Longrightarrow> \\<lbrace>?Q8 x1 xs\\<rbrace> asUser target (getRegister x1) \\<lbrace>?B9 x1 xs\\<rbrace>\n 4. \\<And>x1 xs s. \\<lbrakk>\\<lbrace>tcb_at' target\\<rbrace> asUser target (mapM getRegister xs) \\<lbrace>\\<lambda>rv. obj_at' (\\<lambda>tcb. map (atcbContextGet (tcbArch tcb)) xs = rv) target\\<rbrace>; tcb_at' target s\\<rbrakk> \\<Longrightarrow> ?Q8 x1 xs s",
        "step_time": 0.39310240745544434
    },
    {
        "index": 36,
        "step": "apply (erule hoare_vcg_conj_lift)",
        "output": "",
        "raw_output": "proof (prove)\ngoal (4 subgoals):\n 1. \\<And>x1 xs x. \\<lbrace>?P'17 x1 xs x\\<rbrace> asUser target (mapM getRegister xs) \\<lbrace>?Q'17 x1 xs x\\<rbrace>\n 2. \\<And>x1 xs x rv s. \\<lbrakk>\\<lbrace>tcb_at' target\\<rbrace> asUser target (mapM getRegister xs) \\<lbrace>\\<lambda>rv. obj_at' (\\<lambda>tcb. map (atcbContextGet (tcbArch tcb)) xs = rv) target\\<rbrace>; obj_at' (\\<lambda>tcb. map (atcbContextGet (tcbArch tcb)) xs = rv) target s \\<and> ?Q'17 x1 xs x rv s\\<rbrakk> \\<Longrightarrow> tcb_at' target s \\<longrightarrow> obj_at' (\\<lambda>tcb. atcbContextGet (tcbArch tcb) x1 = x \\<and> map (atcbContextGet (tcbArch tcb)) xs = rv) target s\n 3. \\<And>x1 xs. \\<lbrace>tcb_at' target\\<rbrace> asUser target (mapM getRegister xs) \\<lbrace>\\<lambda>rv. obj_at' (\\<lambda>tcb. map (atcbContextGet (tcbArch tcb)) xs = rv) target\\<rbrace> \\<Longrightarrow> \\<lbrace>?Q8 x1 xs\\<rbrace> asUser target (getRegister x1) \\<lbrace>\\<lambda>x s. tcb_at' target s \\<and> ?P'17 x1 xs x s\\<rbrace>\n 4. \\<And>x1 xs s. \\<lbrakk>\\<lbrace>tcb_at' target\\<rbrace> asUser target (mapM getRegister xs) \\<lbrace>\\<lambda>rv. obj_at' (\\<lambda>tcb. map (atcbContextGet (tcbArch tcb)) xs = rv) target\\<rbrace>; tcb_at' target s\\<rbrakk> \\<Longrightarrow> ?Q8 x1 xs s",
        "step_time": 0.3283052444458008
    },
    {
        "index": 37,
        "step": "apply (rule asUser_inv)",
        "output": "",
        "raw_output": "proof (prove)\ngoal (4 subgoals):\n 1. \\<And>x1 xs x P. \\<lbrace>P\\<rbrace> mapM getRegister xs \\<lbrace>\\<lambda>x. P\\<rbrace>\n 2. \\<And>x1 xs x rv s. \\<lbrakk>\\<lbrace>tcb_at' target\\<rbrace> asUser target (mapM getRegister xs) \\<lbrace>\\<lambda>rv. obj_at' (\\<lambda>tcb. map (atcbContextGet (tcbArch tcb)) xs = rv) target\\<rbrace>; obj_at' (\\<lambda>tcb. map (atcbContextGet (tcbArch tcb)) xs = rv) target s \\<and> ?P'17 x1 xs x s\\<rbrakk> \\<Longrightarrow> tcb_at' target s \\<longrightarrow> obj_at' (\\<lambda>tcb. atcbContextGet (tcbArch tcb) x1 = x \\<and> map (atcbContextGet (tcbArch tcb)) xs = rv) target s\n 3. \\<And>x1 xs. \\<lbrace>tcb_at' target\\<rbrace> asUser target (mapM getRegister xs) \\<lbrace>\\<lambda>rv. obj_at' (\\<lambda>tcb. map (atcbContextGet (tcbArch tcb)) xs = rv) target\\<rbrace> \\<Longrightarrow> \\<lbrace>?Q8 x1 xs\\<rbrace> asUser target (getRegister x1) \\<lbrace>\\<lambda>x s. tcb_at' target s \\<and> ?P'17 x1 xs x s\\<rbrace>\n 4. \\<And>x1 xs s. \\<lbrakk>\\<lbrace>tcb_at' target\\<rbrace> asUser target (mapM getRegister xs) \\<lbrace>\\<lambda>rv. obj_at' (\\<lambda>tcb. map (atcbContextGet (tcbArch tcb)) xs = rv) target\\<rbrace>; tcb_at' target s\\<rbrakk> \\<Longrightarrow> ?Q8 x1 xs s",
        "step_time": 0.33092236518859863
    },
    {
        "index": 38,
        "step": "apply (simp add: getRegister_def)",
        "output": "",
        "raw_output": "proof (prove)\ngoal (4 subgoals):\n 1. \\<And>xs P. \\<lbrace>P\\<rbrace> mapM (\\<lambda>a. gets (\\<lambda>uc. uc a)) xs \\<lbrace>\\<lambda>x. P\\<rbrace>\n 2. \\<And>x1 xs x rv s. \\<lbrakk>\\<lbrace>tcb_at' target\\<rbrace> asUser target (mapM getRegister xs) \\<lbrace>\\<lambda>rv. obj_at' (\\<lambda>tcb. map (atcbContextGet (tcbArch tcb)) xs = rv) target\\<rbrace>; obj_at' (\\<lambda>tcb. map (atcbContextGet (tcbArch tcb)) xs = rv) target s \\<and> ?P'17 x1 xs x s\\<rbrakk> \\<Longrightarrow> tcb_at' target s \\<longrightarrow> obj_at' (\\<lambda>tcb. atcbContextGet (tcbArch tcb) x1 = x \\<and> map (atcbContextGet (tcbArch tcb)) xs = rv) target s\n 3. \\<And>x1 xs. \\<lbrace>tcb_at' target\\<rbrace> asUser target (mapM getRegister xs) \\<lbrace>\\<lambda>rv. obj_at' (\\<lambda>tcb. map (atcbContextGet (tcbArch tcb)) xs = rv) target\\<rbrace> \\<Longrightarrow> \\<lbrace>?Q8 x1 xs\\<rbrace> asUser target (getRegister x1) \\<lbrace>\\<lambda>x s. tcb_at' target s \\<and> ?P'17 x1 xs x s\\<rbrace>\n 4. \\<And>x1 xs s. \\<lbrakk>\\<lbrace>tcb_at' target\\<rbrace> asUser target (mapM getRegister xs) \\<lbrace>\\<lambda>rv. obj_at' (\\<lambda>tcb. map (atcbContextGet (tcbArch tcb)) xs = rv) target\\<rbrace>; tcb_at' target s\\<rbrakk> \\<Longrightarrow> ?Q8 x1 xs s",
        "step_time": 0.3409552574157715
    },
    {
        "index": 39,
        "step": "apply (wp mapM_wp')",
        "output": "",
        "raw_output": "proof (prove)\ngoal (3 subgoals):\n 1. \\<And>x1 xs x rv s. \\<lbrakk>\\<lbrace>tcb_at' target\\<rbrace> asUser target (mapM getRegister xs) \\<lbrace>\\<lambda>rv. obj_at' (\\<lambda>tcb. map (atcbContextGet (tcbArch tcb)) xs = rv) target\\<rbrace>; obj_at' (\\<lambda>tcb. map (atcbContextGet (tcbArch tcb)) xs = rv) target s \\<and> ?P'17 x1 xs x s\\<rbrakk> \\<Longrightarrow> tcb_at' target s \\<longrightarrow> obj_at' (\\<lambda>tcb. atcbContextGet (tcbArch tcb) x1 = x \\<and> map (atcbContextGet (tcbArch tcb)) xs = rv) target s\n 2. \\<And>x1 xs. \\<lbrace>tcb_at' target\\<rbrace> asUser target (mapM getRegister xs) \\<lbrace>\\<lambda>rv. obj_at' (\\<lambda>tcb. map (atcbContextGet (tcbArch tcb)) xs = rv) target\\<rbrace> \\<Longrightarrow> \\<lbrace>?Q8 x1 xs\\<rbrace> asUser target (getRegister x1) \\<lbrace>\\<lambda>x s. tcb_at' target s \\<and> ?P'17 x1 xs x s\\<rbrace>\n 3. \\<And>x1 xs s. \\<lbrakk>\\<lbrace>tcb_at' target\\<rbrace> asUser target (mapM getRegister xs) \\<lbrace>\\<lambda>rv. obj_at' (\\<lambda>tcb. map (atcbContextGet (tcbArch tcb)) xs = rv) target\\<rbrace>; tcb_at' target s\\<rbrakk> \\<Longrightarrow> ?Q8 x1 xs s",
        "step_time": 0.3464505672454834
    },
    {
        "index": 40,
        "step": "apply clarsimp",
        "output": "",
        "raw_output": "proof (prove)\ngoal (3 subgoals):\n 1. \\<And>x1 xs x rv s. \\<lbrakk>\\<lbrace>tcb_at' target\\<rbrace> asUser target (mapM getRegister xs) \\<lbrace>\\<lambda>rv. obj_at' (\\<lambda>tcb. map (atcbContextGet (tcbArch tcb)) xs = rv) target\\<rbrace>; obj_at' (\\<lambda>tcb. map (atcbContextGet (tcbArch tcb)) xs = rv) target s; ?P'17 x1 xs x s; tcb_at' target s\\<rbrakk> \\<Longrightarrow> obj_at' (\\<lambda>tcb. atcbContextGet (tcbArch tcb) x1 = x \\<and> map (atcbContextGet (tcbArch tcb)) xs = rv) target s\n 2. \\<And>x1 xs. \\<lbrace>tcb_at' target\\<rbrace> asUser target (mapM getRegister xs) \\<lbrace>\\<lambda>rv. obj_at' (\\<lambda>tcb. map (atcbContextGet (tcbArch tcb)) xs = rv) target\\<rbrace> \\<Longrightarrow> \\<lbrace>?Q8 x1 xs\\<rbrace> asUser target (getRegister x1) \\<lbrace>\\<lambda>x s. tcb_at' target s \\<and> ?P'17 x1 xs x s\\<rbrace>\n 3. \\<And>x1 xs s. \\<lbrakk>\\<lbrace>tcb_at' target\\<rbrace> asUser target (mapM getRegister xs) \\<lbrace>\\<lambda>rv. obj_at' (\\<lambda>tcb. map (atcbContextGet (tcbArch tcb)) xs = rv) target\\<rbrace>; tcb_at' target s\\<rbrakk> \\<Longrightarrow> ?Q8 x1 xs s",
        "step_time": 0.6046464443206787
    },
    {
        "index": 41,
        "step": "apply (erule(1) obj_at_conj')",
        "output": "",
        "raw_output": "proof (prove)\ngoal (2 subgoals):\n 1. \\<And>x1 xs. \\<lbrace>tcb_at' target\\<rbrace> asUser target (mapM getRegister xs) \\<lbrace>\\<lambda>rv. obj_at' (\\<lambda>tcb. map (atcbContextGet (tcbArch tcb)) xs = rv) target\\<rbrace> \\<Longrightarrow> \\<lbrace>?Q8 x1 xs\\<rbrace> asUser target (getRegister x1) \\<lbrace>\\<lambda>x s. tcb_at' target s \\<and> obj_at' (\\<lambda>k. atcbContextGet (tcbArch k) x1 = x) target s\\<rbrace>\n 2. \\<And>x1 xs s. \\<lbrakk>\\<lbrace>tcb_at' target\\<rbrace> asUser target (mapM getRegister xs) \\<lbrace>\\<lambda>rv. obj_at' (\\<lambda>tcb. map (atcbContextGet (tcbArch tcb)) xs = rv) target\\<rbrace>; tcb_at' target s\\<rbrakk> \\<Longrightarrow> ?Q8 x1 xs s",
        "step_time": 0.17042016983032227
    },
    {
        "index": 42,
        "step": "apply (wp)",
        "output": "",
        "raw_output": "proof (prove)\ngoal (2 subgoals):\n 1. \\<And>x1 xs. \\<lbrace>tcb_at' target\\<rbrace> asUser target (mapM getRegister xs) \\<lbrace>\\<lambda>rv. obj_at' (\\<lambda>tcb. map (atcbContextGet (tcbArch tcb)) xs = rv) target\\<rbrace> \\<Longrightarrow> \\<lbrace>?P'37 x1 xs\\<rbrace> asUser target (getRegister x1) \\<lbrace>\\<lambda>rv. obj_at' (\\<lambda>k. atcbContextGet (tcbArch k) x1 = rv) target\\<rbrace>\n 2. \\<And>x1 xs s. \\<lbrakk>\\<lbrace>tcb_at' target\\<rbrace> asUser target (mapM getRegister xs) \\<lbrace>\\<lambda>rv. obj_at' (\\<lambda>tcb. map (atcbContextGet (tcbArch tcb)) xs = rv) target\\<rbrace>; tcb_at' target s\\<rbrakk> \\<Longrightarrow> tcb_at' target s \\<and> ?P'37 x1 xs s",
        "step_time": 0.2541384696960449
    },
    {
        "index": 43,
        "step": "apply (simp add: asUser_def split_def threadGet_def)",
        "output": "",
        "raw_output": "proof (prove)\ngoal (2 subgoals):\n 1. \\<And>x1 xs. \\<lbrace>tcb_at' target\\<rbrace> do uc <- liftM (atcbContextGet \\<circ> tcbArch) (getObject target);\np <- select_f (mapM getRegister xs uc);\ny <- threadSet (\\<lambda>tcb. tcbArch_update (\\<lambda>_. atcbContextSet (snd p) (tcbArch tcb)) tcb) target;\nreturn (fst p)\nod \\<lbrace>\\<lambda>rv. obj_at' (\\<lambda>tcb. map (atcbContextGet (tcbArch tcb)) xs = rv) target\\<rbrace> \\<Longrightarrow> \\<lbrace>?P'37 x1 xs\\<rbrace> do uc <- liftM (atcbContextGet \\<circ> tcbArch) (getObject target);\np <- select_f (getRegister x1 uc);\ny <- threadSet (\\<lambda>tcb. tcbArch_update (\\<lambda>_. atcbContextSet (snd p) (tcbArch tcb)) tcb) target;\nreturn (fst p)\nod \\<lbrace>\\<lambda>rv. obj_at' (\\<lambda>k. atcbContextGet (tcbArch k) x1 = rv) target\\<rbrace>\n 2. \\<And>x1 xs s. \\<lbrakk>\\<lbrace>tcb_at' target\\<rbrace> asUser target (mapM getRegister xs) \\<lbrace>\\<lambda>rv. obj_at' (\\<lambda>tcb. map (atcbContextGet (tcbArch tcb)) xs = rv) target\\<rbrace>; tcb_at' target s\\<rbrakk> \\<Longrightarrow> tcb_at' target s \\<and> ?P'37 x1 xs s",
        "step_time": 0.18627166748046875
    },
    {
        "index": 44,
        "step": "apply (wp getObject_tcb_wp)",
        "output": "",
        "raw_output": "proof (prove)\ngoal (1 subgoal):\n 1. \\<And>x1 xs s. \\<lbrakk>\\<lbrace>tcb_at' target\\<rbrace> asUser target (mapM getRegister xs) \\<lbrace>\\<lambda>rv. obj_at' (\\<lambda>tcb. map (atcbContextGet (tcbArch tcb)) xs = rv) target\\<rbrace>; tcb_at' target s\\<rbrakk> \\<Longrightarrow> tcb_at' target s \\<and> (tcb_at' target s \\<longrightarrow> (\\<exists>t. ko_at' t target s \\<and> ((\\<lambda>uc s. \\<forall>x\\<in>fst (getRegister x1 uc). obj_at' (\\<lambda>obj. if target = target then atcbContextGet (tcbArch (tcbArch_update (\\<lambda>_. atcbContextSet (snd x) (tcbArch obj)) obj)) x1 = fst x else atcbContextGet (tcbArch obj) x1 = fst x) target s) \\<circ> (atcbContextGet \\<circ> tcbArch)) t s))",
        "step_time": 0.11639213562011719
    },
    {
        "index": 45,
        "step": "apply (clarsimp simp: getRegister_def simpler_gets_def\n                        obj_at'_def)",
        "output": "",
        "raw_output": "proof (prove)\ngoal:\nNo subgoals!",
        "step_time": 0.05326485633850098
    },
    {
        "index": 46,
        "step": "done",
        "output": "",
        "raw_output": "",
        "step_time": 0.0201873779296875
    },
    {
        "index": 47,
        "step": "\n\n(* only exists in Haskell, only used for C refinement *)\n",
        "output": "",
        "raw_output": "",
        "step_time": 0.008115291595458984
    },
    {
        "index": 48,
        "step": "crunches writeTTBR0Ptr\n  for (empty_fail) empty_fail[wp,simp]",
        "output": "",
        "raw_output": "",
        "step_time": 0.08185791969299316
    },
    {
        "index": 49,
        "step": "end",
        "output": "",
        "raw_output": "",
        "step_time": 0.00857996940612793
    },
    {
        "index": 50,
        "step": "schematic_goal sz8_helper:\n  \"((-1) << 8 :: addr) = ?v\"",
        "output": "",
        "raw_output": "proof (prove)\ngoal (1 subgoal):\n 1. - 1 << 8 = ?v",
        "step_time": 0.25290369987487793
    },
    {
        "index": 51,
        "step": "by (simp add: shiftl_t2n)",
        "output": "",
        "raw_output": "",
        "step_time": 0.045495033264160156
    },
    {
        "index": 52,
        "step": "lemmas reset_name_seq_bound_helper2\n    = reset_name_seq_bound_helper[where sz=8 and v=\"v :: addr\" for v,\n          simplified sz8_helper word_bits_def[symmetric],\n          THEN name_seq_bound_helper]",
        "output": "",
        "raw_output": "",
        "step_time": 0.015225410461425781
    },
    {
        "index": 53,
        "step": "end",
        "output": "",
        "raw_output": "",
        "step_time": 0.010922670364379883
    }
]