[
    {
        "index": 0,
        "step": "(*\n * Copyright 2023, Proofcraft Pty Ltd\n * Copyright 2020, Data61, CSIRO (ABN 41 687 119 230)\n *\n * SPDX-License-Identifier: BSD-2-Clause\n *)\n\n(* Total correctness Hoare logic for the Nondet_Monad (= valid + no_fail) *)\n\n",
        "output": "",
        "raw_output": "",
        "step_time": 0.00495457649230957
    },
    {
        "index": 1,
        "step": "theory Nondet_Total\n  imports Nondet_No_Fail\nbegin",
        "output": "",
        "raw_output": "",
        "step_time": 0.004219770431518555
    },
    {
        "index": 2,
        "step": "section \\<open>Total correctness for @{text Nondet_Monad} and @{text Nondet_Monad} with exceptions\\<close>",
        "output": "",
        "raw_output": "",
        "step_time": 0.00403904914855957
    },
    {
        "index": 3,
        "step": "subsection Definitions",
        "output": "",
        "raw_output": "",
        "step_time": 0.0034055709838867188
    },
    {
        "index": 4,
        "step": "text \\<open>\n  It is often desired to prove non-failure and a Hoare triple simultaneously, as the reasoning\n  is often similar. The following definitions allow such reasoning to take place.\\<close>",
        "output": "",
        "raw_output": "",
        "step_time": 0.003591775894165039
    },
    {
        "index": 5,
        "step": "definition validNF ::\n  \"('s \\<Rightarrow> bool) \\<Rightarrow> ('s,'a) nondet_monad \\<Rightarrow> ('a \\<Rightarrow> 's \\<Rightarrow> bool) \\<Rightarrow> bool\"\n  (\"\\<lbrace>_\\<rbrace>/ _ /\\<lbrace>_\\<rbrace>!\") where\n  \"\\<lbrace>P\\<rbrace> f \\<lbrace>Q\\<rbrace>! \\<equiv> \\<lbrace>P\\<rbrace> f \\<lbrace>Q\\<rbrace> \\<and> no_fail P f\"",
        "output": "",
        "raw_output": "",
        "step_time": 0.06437897682189941
    },
    {
        "index": 6,
        "step": "lemma validNF_alt_def:\n  \"\\<lbrace>P\\<rbrace> f \\<lbrace>Q\\<rbrace>! = (\\<forall>s. P s \\<longrightarrow> ((\\<forall>(r', s') \\<in> fst (f s). Q r' s') \\<and> \\<not> snd (f s)))\"",
        "output": "",
        "raw_output": "proof (prove)\ngoal (1 subgoal):\n 1. \\<lbrace>P\\<rbrace> f \\<lbrace>Q\\<rbrace>! = (\\<forall>s. P s \\<longrightarrow> (\\<forall>(r', s')\\<in>fst (f s). Q r' s') \\<and> \\<not> snd (f s))",
        "step_time": 0.014472246170043945
    },
    {
        "index": 7,
        "step": "by (fastforce simp: validNF_def valid_def no_fail_def)",
        "output": "",
        "raw_output": "",
        "step_time": 0.02939009666442871
    },
    {
        "index": 8,
        "step": "definition validE_NF ::\n  \"('s \\<Rightarrow> bool) \\<Rightarrow> ('s, 'a + 'b) nondet_monad \\<Rightarrow> ('b \\<Rightarrow> 's \\<Rightarrow> bool) \\<Rightarrow> ('a \\<Rightarrow> 's \\<Rightarrow> bool) \\<Rightarrow> bool\"\n  (\"\\<lbrace>_\\<rbrace>/ _ /(\\<lbrace>_\\<rbrace>,/ \\<lbrace>_\\<rbrace>!)\") where\n  \"\\<lbrace>P\\<rbrace> f \\<lbrace>Q\\<rbrace>, \\<lbrace>E\\<rbrace>! \\<equiv> \\<lbrace>P\\<rbrace> f \\<lbrace>Q\\<rbrace>, \\<lbrace>E\\<rbrace> \\<and> no_fail P f\"",
        "output": "",
        "raw_output": "",
        "step_time": 0.015720605850219727
    },
    {
        "index": 9,
        "step": "lemma validE_NF_alt_def:\n  \"\\<lbrace>P\\<rbrace> f \\<lbrace>Q\\<rbrace>, \\<lbrace>E\\<rbrace>! = \\<lbrace>P\\<rbrace> f \\<lbrace>\\<lambda>v s. case v of Inl e \\<Rightarrow> E e s | Inr r \\<Rightarrow> Q r s\\<rbrace>!\"",
        "output": "",
        "raw_output": "proof (prove)\ngoal (1 subgoal):\n 1. \\<lbrace>P\\<rbrace> f \\<lbrace>Q\\<rbrace>, \\<lbrace>E\\<rbrace>! = \\<lbrace>P\\<rbrace> f \\<lbrace>\\<lambda>v s. case v of Inl e \\<Rightarrow> E e s | Inr r \\<Rightarrow> Q r s\\<rbrace>!",
        "step_time": 0.011834859848022461
    },
    {
        "index": 10,
        "step": "by (clarsimp simp: validE_NF_def validE_def validNF_def)",
        "output": "",
        "raw_output": "",
        "step_time": 0.008663177490234375
    },
    {
        "index": 11,
        "step": "subsection \\<open>@{method wpc} setup\\<close>",
        "output": "",
        "raw_output": "",
        "step_time": 0.0037078857421875
    },
    {
        "index": 12,
        "step": "lemma wpc_helper_validNF:\n  \"\\<lbrace>Q\\<rbrace> g \\<lbrace>S\\<rbrace>! \\<Longrightarrow> wpc_helper (P, P', P'') (Q, Q', Q'') \\<lbrace>P\\<rbrace> g \\<lbrace>S\\<rbrace>!\"",
        "output": "",
        "raw_output": "proof (prove)\ngoal (1 subgoal):\n 1. \\<lbrace>Q\\<rbrace> g \\<lbrace>S\\<rbrace>! \\<Longrightarrow> wpc_helper (P, P', P'') (Q, Q', Q'') \\<lbrace>P\\<rbrace> g \\<lbrace>S\\<rbrace>!",
        "step_time": 0.010687828063964844
    },
    {
        "index": 13,
        "step": "unfolding wpc_helper_def",
        "output": "",
        "raw_output": "proof (prove)\ngoal (1 subgoal):\n 1. \\<lbrace>Q\\<rbrace> g \\<lbrace>S\\<rbrace>! \\<Longrightarrow> (case (P, P', P'') of (P, P', P'') \\<Rightarrow> \\<lambda>(Q, Q', Q''). (\\<longrightarrow>) ((\\<forall>s. P s \\<longrightarrow> Q s) \\<and> (\\<forall>s. P' s \\<longrightarrow> Q' s) \\<and> P'' \\<subseteq> Q'')) (Q, Q', Q'') \\<lbrace>P\\<rbrace> g \\<lbrace>S\\<rbrace>!",
        "step_time": 0.020723342895507812
    },
    {
        "index": 14,
        "step": "by clarsimp (metis hoare_vcg_precond_imp no_fail_pre validNF_def)",
        "output": "",
        "raw_output": "",
        "step_time": 3.7733335494995117
    },
    {
        "index": 15,
        "step": "wpc_setup \"\\<lambda>m. \\<lbrace>P\\<rbrace> m \\<lbrace>Q\\<rbrace>!\" wpc_helper_validNF",
        "output": "",
        "raw_output": "",
        "step_time": 0.0553288459777832
    },
    {
        "index": 16,
        "step": "subsection \\<open>Basic @{const validNF} theorems\\<close>",
        "output": "",
        "raw_output": "",
        "step_time": 0.0060803890228271484
    },
    {
        "index": 17,
        "step": "lemma validNF_make_schematic_post:\n  \"(\\<forall>s0. \\<lbrace> \\<lambda>s. P s0 s \\<rbrace> f \\<lbrace> \\<lambda>rv s. Q s0 rv s \\<rbrace>!) \\<Longrightarrow>\n   \\<lbrace> \\<lambda>s. \\<exists>s0. P s0 s \\<and> (\\<forall>rv s'. Q s0 rv s' \\<longrightarrow> Q' rv s') \\<rbrace> f \\<lbrace> Q' \\<rbrace>!\"",
        "output": "",
        "raw_output": "proof (prove)\ngoal (1 subgoal):\n 1. \\<forall>s0. \\<lbrace>P s0\\<rbrace> f \\<lbrace>Q s0\\<rbrace>! \\<Longrightarrow> \\<lbrace>\\<lambda>s. \\<exists>s0. P s0 s \\<and> (\\<forall>rv s'. Q s0 rv s' \\<longrightarrow> Q' rv s')\\<rbrace> f \\<lbrace>Q'\\<rbrace>!",
        "step_time": 0.014891624450683594
    },
    {
        "index": 18,
        "step": "by (auto simp: valid_def validNF_def no_fail_def\n          split: prod.splits)",
        "output": "",
        "raw_output": "",
        "step_time": 0.047875404357910156
    },
    {
        "index": 19,
        "step": "lemma validE_NF_make_schematic_post:\n  \"(\\<forall>s0. \\<lbrace> \\<lambda>s. P s0 s \\<rbrace> f \\<lbrace> \\<lambda>rv s. Q s0 rv s \\<rbrace>, \\<lbrace> \\<lambda>rv s. E s0 rv s \\<rbrace>!) \\<Longrightarrow>\n   \\<lbrace> \\<lambda>s. \\<exists>s0. P s0 s \\<and> (\\<forall>rv s'. Q s0 rv s' \\<longrightarrow> Q' rv s')\n        \\<and> (\\<forall>rv s'. E s0 rv s' \\<longrightarrow> E' rv s') \\<rbrace> f \\<lbrace> Q' \\<rbrace>, \\<lbrace> E' \\<rbrace>!\"",
        "output": "",
        "raw_output": "proof (prove)\ngoal (1 subgoal):\n 1. \\<forall>s0. \\<lbrace>P s0\\<rbrace> f \\<lbrace>Q s0\\<rbrace>, \\<lbrace>E s0\\<rbrace>! \\<Longrightarrow> \\<lbrace>\\<lambda>s. \\<exists>s0. P s0 s \\<and> (\\<forall>rv s'. Q s0 rv s' \\<longrightarrow> Q' rv s') \\<and> (\\<forall>rv s'. E s0 rv s' \\<longrightarrow> E' rv s')\\<rbrace> f \\<lbrace>Q'\\<rbrace>, \\<lbrace>E'\\<rbrace>!",
        "step_time": 0.01616501808166504
    },
    {
        "index": 20,
        "step": "by (auto simp: validE_NF_def validE_def valid_def no_fail_def\n          split: prod.splits sum.splits)",
        "output": "",
        "raw_output": "",
        "step_time": 0.11913561820983887
    },
    {
        "index": 21,
        "step": "lemma validNF_conjD1:\n  \"\\<lbrace> P \\<rbrace> f \\<lbrace> \\<lambda>rv s. Q rv s \\<and> Q' rv s \\<rbrace>! \\<Longrightarrow> \\<lbrace> P \\<rbrace> f \\<lbrace> Q \\<rbrace>!\"",
        "output": "",
        "raw_output": "proof (prove)\ngoal (1 subgoal):\n 1. \\<lbrace>P\\<rbrace> f \\<lbrace>\\<lambda>rv s. Q rv s \\<and> Q' rv s\\<rbrace>! \\<Longrightarrow> \\<lbrace>P\\<rbrace> f \\<lbrace>Q\\<rbrace>!",
        "step_time": 0.010646820068359375
    },
    {
        "index": 22,
        "step": "by (fastforce simp: validNF_def valid_def no_fail_def)",
        "output": "",
        "raw_output": "",
        "step_time": 0.021696090698242188
    },
    {
        "index": 23,
        "step": "lemma validNF_conjD2:\n  \"\\<lbrace> P \\<rbrace> f \\<lbrace> \\<lambda>rv s. Q rv s \\<and> Q' rv s \\<rbrace>! \\<Longrightarrow> \\<lbrace> P \\<rbrace> f \\<lbrace> Q' \\<rbrace>!\"",
        "output": "",
        "raw_output": "proof (prove)\ngoal (1 subgoal):\n 1. \\<lbrace>P\\<rbrace> f \\<lbrace>\\<lambda>rv s. Q rv s \\<and> Q' rv s\\<rbrace>! \\<Longrightarrow> \\<lbrace>P\\<rbrace> f \\<lbrace>Q'\\<rbrace>!",
        "step_time": 0.00930929183959961
    },
    {
        "index": 24,
        "step": "by (fastforce simp: validNF_def valid_def no_fail_def)",
        "output": "",
        "raw_output": "",
        "step_time": 0.02097320556640625
    },
    {
        "index": 25,
        "step": "lemma validNF[intro?]: (* FIXME lib: should be validNFI *)\n  \"\\<lbrakk> \\<lbrace> P \\<rbrace> f \\<lbrace> Q \\<rbrace>; no_fail P f \\<rbrakk> \\<Longrightarrow> \\<lbrace> P \\<rbrace> f \\<lbrace> Q \\<rbrace>!\"",
        "output": "",
        "raw_output": "proof (prove)\ngoal (1 subgoal):\n 1. \\<lbrakk>\\<lbrace>P\\<rbrace> f \\<lbrace>Q\\<rbrace>; no_fail P f\\<rbrakk> \\<Longrightarrow> \\<lbrace>P\\<rbrace> f \\<lbrace>Q\\<rbrace>!",
        "step_time": 0.008398771286010742
    },
    {
        "index": 26,
        "step": "by (clarsimp simp: validNF_def)",
        "output": "",
        "raw_output": "",
        "step_time": 0.010519266128540039
    },
    {
        "index": 27,
        "step": "lemma validNFE:\n  \"\\<lbrakk> \\<lbrace> P \\<rbrace> f \\<lbrace> Q \\<rbrace>!; \\<lbrakk> \\<lbrace> P \\<rbrace> f \\<lbrace> Q \\<rbrace>; no_fail P f \\<rbrakk> \\<Longrightarrow> R \\<rbrakk> \\<Longrightarrow> R\"",
        "output": "",
        "raw_output": "proof (prove)\ngoal (1 subgoal):\n 1. \\<lbrakk>\\<lbrace>P\\<rbrace> f \\<lbrace>Q\\<rbrace>!; \\<lbrakk>\\<lbrace>P\\<rbrace> f \\<lbrace>Q\\<rbrace>; no_fail P f\\<rbrakk> \\<Longrightarrow> R\\<rbrakk> \\<Longrightarrow> R",
        "step_time": 0.008938312530517578
    },
    {
        "index": 28,
        "step": "by (clarsimp simp: validNF_def)",
        "output": "",
        "raw_output": "",
        "step_time": 0.007642269134521484
    },
    {
        "index": 29,
        "step": "lemma validNF_valid:\n  \"\\<lbrakk> \\<lbrace> P \\<rbrace> f \\<lbrace> Q \\<rbrace>! \\<rbrakk> \\<Longrightarrow> \\<lbrace> P \\<rbrace> f \\<lbrace> Q \\<rbrace>\"",
        "output": "",
        "raw_output": "proof (prove)\ngoal (1 subgoal):\n 1. \\<lbrace>P\\<rbrace> f \\<lbrace>Q\\<rbrace>! \\<Longrightarrow> \\<lbrace>P\\<rbrace> f \\<lbrace>Q\\<rbrace>",
        "step_time": 0.0066890716552734375
    },
    {
        "index": 30,
        "step": "by (erule validNFE)",
        "output": "",
        "raw_output": "",
        "step_time": 0.005921840667724609
    },
    {
        "index": 31,
        "step": "lemma validNF_no_fail:\n  \"\\<lbrakk> \\<lbrace> P \\<rbrace> f \\<lbrace> Q \\<rbrace>! \\<rbrakk> \\<Longrightarrow> no_fail P f\"",
        "output": "",
        "raw_output": "proof (prove)\ngoal (1 subgoal):\n 1. \\<lbrace>P\\<rbrace> f \\<lbrace>Q\\<rbrace>! \\<Longrightarrow> no_fail P f",
        "step_time": 0.0071942806243896484
    },
    {
        "index": 32,
        "step": "by (erule validNFE)",
        "output": "",
        "raw_output": "",
        "step_time": 0.005389213562011719
    },
    {
        "index": 33,
        "step": "lemma validNF_not_failed:\n  \"\\<lbrakk> \\<lbrace> P \\<rbrace> f \\<lbrace> Q \\<rbrace>!; P s \\<rbrakk> \\<Longrightarrow> \\<not> snd (f s)\"",
        "output": "",
        "raw_output": "proof (prove)\ngoal (1 subgoal):\n 1. \\<lbrakk>\\<lbrace>P\\<rbrace> f \\<lbrace>Q\\<rbrace>!; P s\\<rbrakk> \\<Longrightarrow> \\<not> snd (f s)",
        "step_time": 0.008288383483886719
    },
    {
        "index": 34,
        "step": "by (clarsimp simp: validNF_def no_fail_def)",
        "output": "",
        "raw_output": "",
        "step_time": 0.0074901580810546875
    },
    {
        "index": 35,
        "step": "lemma use_validNF:\n  \"\\<lbrakk> (r', s') \\<in> fst (f s); \\<lbrace> P \\<rbrace> f \\<lbrace> Q \\<rbrace>!; P s \\<rbrakk> \\<Longrightarrow> Q r' s'\"",
        "output": "",
        "raw_output": "proof (prove)\ngoal (1 subgoal):\n 1. \\<lbrakk>(r', s') \\<in> fst (f s); \\<lbrace>P\\<rbrace> f \\<lbrace>Q\\<rbrace>!; P s\\<rbrakk> \\<Longrightarrow> Q r' s'",
        "step_time": 0.01006317138671875
    },
    {
        "index": 36,
        "step": "by (fastforce simp: validNF_def valid_def)",
        "output": "",
        "raw_output": "",
        "step_time": 0.015050649642944336
    },
    {
        "index": 37,
        "step": "subsection \\<open>@{const validNF} weakest precondition rules\\<close>",
        "output": "",
        "raw_output": "",
        "step_time": 0.004488706588745117
    },
    {
        "index": 38,
        "step": "lemma validNF_return[wp]:\n  \"\\<lbrace> P x \\<rbrace> return x \\<lbrace> P \\<rbrace>!\"",
        "output": "",
        "raw_output": "proof (prove)\ngoal (1 subgoal):\n 1. \\<lbrace>P x\\<rbrace> return x \\<lbrace>P\\<rbrace>!",
        "step_time": 0.006446361541748047
    },
    {
        "index": 39,
        "step": "by (wp validNF)+",
        "output": "",
        "raw_output": "",
        "step_time": 0.008840799331665039
    },
    {
        "index": 40,
        "step": "lemma validNF_get[wp]:\n  \"\\<lbrace> \\<lambda>s. P s s  \\<rbrace> get \\<lbrace> P \\<rbrace>!\"",
        "output": "",
        "raw_output": "proof (prove)\ngoal (1 subgoal):\n 1. \\<lbrace>\\<lambda>s. P s s\\<rbrace> get \\<lbrace>P\\<rbrace>!",
        "step_time": 0.007063150405883789
    },
    {
        "index": 41,
        "step": "by (wp validNF)+",
        "output": "",
        "raw_output": "",
        "step_time": 0.0076982975006103516
    },
    {
        "index": 42,
        "step": "lemma validNF_put[wp]:\n  \"\\<lbrace> \\<lambda>s. P () x  \\<rbrace> put x \\<lbrace> P \\<rbrace>!\"",
        "output": "",
        "raw_output": "proof (prove)\ngoal (1 subgoal):\n 1. \\<lbrace>\\<lambda>s. P () x\\<rbrace> put x \\<lbrace>P\\<rbrace>!",
        "step_time": 0.0072290897369384766
    },
    {
        "index": 43,
        "step": "by (wp validNF)+",
        "output": "",
        "raw_output": "",
        "step_time": 0.007127285003662109
    },
    {
        "index": 44,
        "step": "lemma validNF_K_bind[wp]:\n  \"\\<lbrace> P \\<rbrace> x \\<lbrace> Q \\<rbrace>! \\<Longrightarrow> \\<lbrace> P \\<rbrace> K_bind x f \\<lbrace> Q \\<rbrace>!\"",
        "output": "",
        "raw_output": "proof (prove)\ngoal (1 subgoal):\n 1. \\<lbrace>P\\<rbrace> x \\<lbrace>Q\\<rbrace>! \\<Longrightarrow> \\<lbrace>P\\<rbrace> K_bind x f \\<lbrace>Q\\<rbrace>!",
        "step_time": 0.007975339889526367
    },
    {
        "index": 45,
        "step": "by simp",
        "output": "",
        "raw_output": "",
        "step_time": 0.006237506866455078
    },
    {
        "index": 46,
        "step": "lemma validNF_fail[wp]:\n  \"\\<lbrace> \\<lambda>s. False \\<rbrace> fail \\<lbrace> Q \\<rbrace>!\"",
        "output": "",
        "raw_output": "proof (prove)\ngoal (1 subgoal):\n 1. \\<lbrace>\\<lambda>s. False\\<rbrace> fail \\<lbrace>Q\\<rbrace>!",
        "step_time": 0.006032466888427734
    },
    {
        "index": 47,
        "step": "by (clarsimp simp: validNF_def fail_def no_fail_def)",
        "output": "",
        "raw_output": "",
        "step_time": 0.006799221038818359
    },
    {
        "index": 48,
        "step": "lemma validNF_prop[wp_unsafe]:\n  \"\\<lbrakk> no_fail (\\<lambda>s. P) f \\<rbrakk> \\<Longrightarrow> \\<lbrace> \\<lambda>s. P \\<rbrace> f \\<lbrace> \\<lambda>rv s. P \\<rbrace>!\"",
        "output": "",
        "raw_output": "proof (prove)\ngoal (1 subgoal):\n 1. no_fail (\\<lambda>s. P) f \\<Longrightarrow> \\<lbrace>\\<lambda>s. P\\<rbrace> f \\<lbrace>\\<lambda>rv s. P\\<rbrace>!",
        "step_time": 0.007970333099365234
    },
    {
        "index": 49,
        "step": "by (wp validNF)+",
        "output": "",
        "raw_output": "",
        "step_time": 0.006085634231567383
    },
    {
        "index": 50,
        "step": "lemma validNF_post_conj[intro!]:\n  \"\\<lbrakk> \\<lbrace> P \\<rbrace> a \\<lbrace> Q \\<rbrace>!; \\<lbrace> P \\<rbrace> a \\<lbrace> R \\<rbrace>! \\<rbrakk> \\<Longrightarrow> \\<lbrace> P \\<rbrace> a \\<lbrace> Q and R \\<rbrace>!\"",
        "output": "",
        "raw_output": "proof (prove)\ngoal (1 subgoal):\n 1. \\<lbrakk>\\<lbrace>P\\<rbrace> a \\<lbrace>Q\\<rbrace>!; \\<lbrace>P\\<rbrace> a \\<lbrace>R\\<rbrace>!\\<rbrakk> \\<Longrightarrow> \\<lbrace>P\\<rbrace> a \\<lbrace>Q and R\\<rbrace>!",
        "step_time": 0.009138345718383789
    },
    {
        "index": 51,
        "step": "by (auto simp: validNF_def)",
        "output": "",
        "raw_output": "",
        "step_time": 0.00931692123413086
    },
    {
        "index": 52,
        "step": "lemma validNF_pre_disj[intro!]:\n  \"\\<lbrakk> \\<lbrace> P \\<rbrace> a \\<lbrace> R \\<rbrace>!; \\<lbrace> Q \\<rbrace> a \\<lbrace> R \\<rbrace>! \\<rbrakk> \\<Longrightarrow> \\<lbrace> P or Q \\<rbrace> a \\<lbrace> R \\<rbrace>!\"",
        "output": "",
        "raw_output": "proof (prove)\ngoal (1 subgoal):\n 1. \\<lbrakk>\\<lbrace>P\\<rbrace> a \\<lbrace>R\\<rbrace>!; \\<lbrace>Q\\<rbrace> a \\<lbrace>R\\<rbrace>!\\<rbrakk> \\<Longrightarrow> \\<lbrace>P or Q\\<rbrace> a \\<lbrace>R\\<rbrace>!",
        "step_time": 0.008411645889282227
    },
    {
        "index": 53,
        "step": "by (rule validNF) (auto dest: validNF_valid validNF_no_fail intro: no_fail_or)",
        "output": "",
        "raw_output": "",
        "step_time": 0.011162996292114258
    },
    {
        "index": 54,
        "step": "text \\<open>\n  Set up combination rules for @{method wp}, which also requires a @{text wp_trip} rule for\n  @{const validNF}.\\<close>",
        "output": "",
        "raw_output": "",
        "step_time": 0.004671335220336914
    },
    {
        "index": 55,
        "step": "definition validNF_property :: \"('a \\<Rightarrow> 's \\<Rightarrow> bool) \\<Rightarrow> 's \\<Rightarrow> ('s,'a) nondet_monad \\<Rightarrow> bool\" where\n  \"validNF_property Q s b \\<equiv> \\<not> snd (b s) \\<and> (\\<forall>(r', s') \\<in> fst (b s). Q r' s')\"",
        "output": "",
        "raw_output": "",
        "step_time": 0.019609689712524414
    },
    {
        "index": 56,
        "step": "lemma validNF_is_triple[wp_trip]:\n  \"validNF P f Q = triple_judgement P f (validNF_property Q)\"",
        "output": "",
        "raw_output": "proof (prove)\ngoal (1 subgoal):\n 1. \\<lbrace>P\\<rbrace> f \\<lbrace>Q\\<rbrace>! = triple_judgement P f (validNF_property Q)",
        "step_time": 0.007603645324707031
    },
    {
        "index": 57,
        "step": "by (auto simp: validNF_def triple_judgement_def validNF_property_def no_fail_def valid_def)",
        "output": "",
        "raw_output": "",
        "step_time": 0.025664091110229492
    },
    {
        "index": 58,
        "step": "lemma validNF_weaken_pre[wp_pre]:\n  \"\\<lbrakk>\\<lbrace>Q\\<rbrace> a \\<lbrace>R\\<rbrace>!; \\<And>s. P s \\<Longrightarrow> Q s\\<rbrakk> \\<Longrightarrow> \\<lbrace>P\\<rbrace> a \\<lbrace>R\\<rbrace>!\"",
        "output": "",
        "raw_output": "proof (prove)\ngoal (1 subgoal):\n 1. \\<lbrakk>\\<lbrace>Q\\<rbrace> a \\<lbrace>R\\<rbrace>!; \\<And>s. P s \\<Longrightarrow> Q s\\<rbrakk> \\<Longrightarrow> \\<lbrace>P\\<rbrace> a \\<lbrace>R\\<rbrace>!",
        "step_time": 0.009269952774047852
    },
    {
        "index": 59,
        "step": "by (metis hoare_pre_imp no_fail_pre validNF_def)",
        "output": "",
        "raw_output": "",
        "step_time": 3.347165107727051
    },
    {
        "index": 60,
        "step": "lemma validNF_post_comb_imp_conj:\n  \"\\<lbrakk> \\<lbrace>P'\\<rbrace> f \\<lbrace>Q\\<rbrace>!; \\<lbrace>P\\<rbrace> f \\<lbrace>Q'\\<rbrace>!; \\<And>s. P s \\<Longrightarrow> P' s \\<rbrakk> \\<Longrightarrow> \\<lbrace>P\\<rbrace> f \\<lbrace>\\<lambda>rv s. Q rv s \\<and> Q' rv s\\<rbrace>!\"",
        "output": "",
        "raw_output": "proof (prove)\ngoal (1 subgoal):\n 1. \\<lbrakk>\\<lbrace>P'\\<rbrace> f \\<lbrace>Q\\<rbrace>!; \\<lbrace>P\\<rbrace> f \\<lbrace>Q'\\<rbrace>!; \\<And>s. P s \\<Longrightarrow> P' s\\<rbrakk> \\<Longrightarrow> \\<lbrace>P\\<rbrace> f \\<lbrace>\\<lambda>rv s. Q rv s \\<and> Q' rv s\\<rbrace>!",
        "step_time": 0.015941619873046875
    },
    {
        "index": 61,
        "step": "by (fastforce simp: validNF_def valid_def)",
        "output": "",
        "raw_output": "",
        "step_time": 0.05478787422180176
    },
    {
        "index": 62,
        "step": "lemma validNF_post_comb_conj_L:\n  \"\\<lbrakk> \\<lbrace>P'\\<rbrace> f \\<lbrace>Q\\<rbrace>!; \\<lbrace>P\\<rbrace> f \\<lbrace>Q'\\<rbrace> \\<rbrakk> \\<Longrightarrow> \\<lbrace>\\<lambda>s. P s \\<and> P' s \\<rbrace> f \\<lbrace>\\<lambda>rv s. Q rv s \\<and> Q' rv s\\<rbrace>!\"",
        "output": "",
        "raw_output": "proof (prove)\ngoal (1 subgoal):\n 1. \\<lbrakk>\\<lbrace>P'\\<rbrace> f \\<lbrace>Q\\<rbrace>!; \\<lbrace>P\\<rbrace> f \\<lbrace>Q'\\<rbrace>\\<rbrakk> \\<Longrightarrow> \\<lbrace>\\<lambda>s. P s \\<and> P' s\\<rbrace> f \\<lbrace>\\<lambda>rv s. Q rv s \\<and> Q' rv s\\<rbrace>!",
        "step_time": 0.013884544372558594
    },
    {
        "index": 63,
        "step": "by (fastforce simp: validNF_def valid_def no_fail_def)",
        "output": "",
        "raw_output": "",
        "step_time": 0.04230070114135742
    },
    {
        "index": 64,
        "step": "lemma validNF_post_comb_conj_R:\n  \"\\<lbrakk> \\<lbrace>P'\\<rbrace> f \\<lbrace>Q\\<rbrace>; \\<lbrace>P\\<rbrace> f \\<lbrace>Q'\\<rbrace>! \\<rbrakk> \\<Longrightarrow> \\<lbrace>\\<lambda>s. P s \\<and> P' s \\<rbrace> f \\<lbrace>\\<lambda>rv s. Q rv s \\<and> Q' rv s\\<rbrace>!\"",
        "output": "",
        "raw_output": "proof (prove)\ngoal (1 subgoal):\n 1. \\<lbrakk>\\<lbrace>P'\\<rbrace> f \\<lbrace>Q\\<rbrace>; \\<lbrace>P\\<rbrace> f \\<lbrace>Q'\\<rbrace>!\\<rbrakk> \\<Longrightarrow> \\<lbrace>\\<lambda>s. P s \\<and> P' s\\<rbrace> f \\<lbrace>\\<lambda>rv s. Q rv s \\<and> Q' rv s\\<rbrace>!",
        "step_time": 0.014858007431030273
    },
    {
        "index": 65,
        "step": "by (fastforce simp: validNF_def valid_def no_fail_def)",
        "output": "",
        "raw_output": "",
        "step_time": 0.05830574035644531
    },
    {
        "index": 66,
        "step": "lemma validNF_post_comb_conj:\n  \"\\<lbrakk> \\<lbrace>P'\\<rbrace> f \\<lbrace>Q\\<rbrace>!; \\<lbrace>P\\<rbrace> f \\<lbrace>Q'\\<rbrace>! \\<rbrakk> \\<Longrightarrow> \\<lbrace>\\<lambda>s. P s \\<and> P' s \\<rbrace> f \\<lbrace>\\<lambda>rv s. Q rv s \\<and> Q' rv s\\<rbrace>!\"",
        "output": "",
        "raw_output": "proof (prove)\ngoal (1 subgoal):\n 1. \\<lbrakk>\\<lbrace>P'\\<rbrace> f \\<lbrace>Q\\<rbrace>!; \\<lbrace>P\\<rbrace> f \\<lbrace>Q'\\<rbrace>!\\<rbrakk> \\<Longrightarrow> \\<lbrace>\\<lambda>s. P s \\<and> P' s\\<rbrace> f \\<lbrace>\\<lambda>rv s. Q rv s \\<and> Q' rv s\\<rbrace>!",
        "step_time": 0.012598752975463867
    },
    {
        "index": 67,
        "step": "by (fastforce simp: validNF_def valid_def no_fail_def)",
        "output": "",
        "raw_output": "",
        "step_time": 0.055373191833496094
    },
    {
        "index": 68,
        "step": "lemma validNF_if_split[wp_split]:\n  \"\\<lbrakk>P \\<Longrightarrow> \\<lbrace>Q\\<rbrace> f \\<lbrace>S\\<rbrace>!; \\<not> P \\<Longrightarrow> \\<lbrace>R\\<rbrace> g \\<lbrace>S\\<rbrace>!\\<rbrakk> \\<Longrightarrow>\n   \\<lbrace>\\<lambda>s. (P \\<longrightarrow> Q s) \\<and> (\\<not> P \\<longrightarrow> R s)\\<rbrace> if P then f else g \\<lbrace>S\\<rbrace>!\"",
        "output": "",
        "raw_output": "proof (prove)\ngoal (1 subgoal):\n 1. \\<lbrakk>P \\<Longrightarrow> \\<lbrace>Q\\<rbrace> f \\<lbrace>S\\<rbrace>!; \\<not> P \\<Longrightarrow> \\<lbrace>R\\<rbrace> g \\<lbrace>S\\<rbrace>!\\<rbrakk> \\<Longrightarrow> \\<lbrace>\\<lambda>s. (P \\<longrightarrow> Q s) \\<and> (\\<not> P \\<longrightarrow> R s)\\<rbrace> if P then f else g \\<lbrace>S\\<rbrace>!",
        "step_time": 0.012978792190551758
    },
    {
        "index": 69,
        "step": "by simp",
        "output": "",
        "raw_output": "",
        "step_time": 0.011385440826416016
    },
    {
        "index": 70,
        "step": "lemma validNF_vcg_conj_lift:\n  \"\\<lbrakk> \\<lbrace>P\\<rbrace> f \\<lbrace>Q\\<rbrace>!; \\<lbrace>P'\\<rbrace> f \\<lbrace>Q'\\<rbrace>! \\<rbrakk> \\<Longrightarrow> \\<lbrace>\\<lambda>s. P s \\<and> P' s\\<rbrace> f \\<lbrace>\\<lambda>rv s. Q rv s \\<and> Q' rv s\\<rbrace>!\"",
        "output": "",
        "raw_output": "proof (prove)\ngoal (1 subgoal):\n 1. \\<lbrakk>\\<lbrace>P\\<rbrace> f \\<lbrace>Q\\<rbrace>!; \\<lbrace>P'\\<rbrace> f \\<lbrace>Q'\\<rbrace>!\\<rbrakk> \\<Longrightarrow> \\<lbrace>\\<lambda>s. P s \\<and> P' s\\<rbrace> f \\<lbrace>\\<lambda>rv s. Q rv s \\<and> Q' rv s\\<rbrace>!",
        "step_time": 0.013003349304199219
    },
    {
        "index": 71,
        "step": "by (fastforce intro!: validNF_post_conj[unfolded pred_conj_def] intro: validNF_weaken_pre)",
        "output": "",
        "raw_output": "",
        "step_time": 0.022996902465820312
    },
    {
        "index": 72,
        "step": "lemma validNF_vcg_disj_lift:\n  \"\\<lbrakk> \\<lbrace>P\\<rbrace> f \\<lbrace>Q\\<rbrace>!; \\<lbrace>P'\\<rbrace> f \\<lbrace>Q'\\<rbrace>! \\<rbrakk> \\<Longrightarrow> \\<lbrace>\\<lambda>s. P s \\<or> P' s\\<rbrace> f \\<lbrace>\\<lambda>rv s. Q rv s \\<or> Q' rv s\\<rbrace>!\"",
        "output": "",
        "raw_output": "proof (prove)\ngoal (1 subgoal):\n 1. \\<lbrakk>\\<lbrace>P\\<rbrace> f \\<lbrace>Q\\<rbrace>!; \\<lbrace>P'\\<rbrace> f \\<lbrace>Q'\\<rbrace>!\\<rbrakk> \\<Longrightarrow> \\<lbrace>\\<lambda>s. P s \\<or> P' s\\<rbrace> f \\<lbrace>\\<lambda>rv s. Q rv s \\<or> Q' rv s\\<rbrace>!",
        "step_time": 0.011995315551757812
    },
    {
        "index": 73,
        "step": "by (auto  simp: validNF_def no_fail_def intro!: hoare_vcg_disj_lift)",
        "output": "",
        "raw_output": "",
        "step_time": 0.015114307403564453
    },
    {
        "index": 74,
        "step": "lemma validNF_vcg_all_lift[wp]:\n  \"\\<lbrakk> \\<And>x. \\<lbrace>P x\\<rbrace> f \\<lbrace>Q x\\<rbrace>! \\<rbrakk> \\<Longrightarrow> \\<lbrace>\\<lambda>s. \\<forall>x. P x s\\<rbrace> f \\<lbrace>\\<lambda>rv s. \\<forall>x. Q x rv s\\<rbrace>!\"",
        "output": "",
        "raw_output": "proof (prove)\ngoal (1 subgoal):\n 1. (\\<And>x. \\<lbrace>P x\\<rbrace> f \\<lbrace>Q x\\<rbrace>!) \\<Longrightarrow> \\<lbrace>\\<lambda>s. \\<forall>x. P x s\\<rbrace> f \\<lbrace>\\<lambda>rv s. \\<forall>x. Q x rv s\\<rbrace>!",
        "step_time": 0.011714696884155273
    },
    {
        "index": 75,
        "step": "by (auto simp: validNF_def no_fail_def intro!: hoare_vcg_all_lift)",
        "output": "",
        "raw_output": "",
        "step_time": 0.01215362548828125
    },
    {
        "index": 76,
        "step": "lemma validNF_bind[wp_split]:\n  \"\\<lbrakk> \\<And>x. \\<lbrace>B x\\<rbrace> g x \\<lbrace>C\\<rbrace>!; \\<lbrace>A\\<rbrace> f \\<lbrace>B\\<rbrace>! \\<rbrakk> \\<Longrightarrow> \\<lbrace>A\\<rbrace> do x \\<leftarrow> f; g x od \\<lbrace>C\\<rbrace>!\"",
        "output": "",
        "raw_output": "proof (prove)\ngoal (1 subgoal):\n 1. \\<lbrakk>\\<And>x. \\<lbrace>B x\\<rbrace> g x \\<lbrace>C\\<rbrace>!; \\<lbrace>A\\<rbrace> f \\<lbrace>B\\<rbrace>!\\<rbrakk> \\<Longrightarrow> \\<lbrace>A\\<rbrace> f >>= g \\<lbrace>C\\<rbrace>!",
        "step_time": 0.011149883270263672
    },
    {
        "index": 77,
        "step": "unfolding validNF_def",
        "output": "",
        "raw_output": "proof (prove)\ngoal (1 subgoal):\n 1. \\<lbrakk>\\<And>x. \\<lbrace>B x\\<rbrace> g x \\<lbrace>C\\<rbrace> \\<and> no_fail (B x) (g x); \\<lbrace>A\\<rbrace> f \\<lbrace>B\\<rbrace> \\<and> no_fail A f\\<rbrakk> \\<Longrightarrow> \\<lbrace>A\\<rbrace> f >>= g \\<lbrace>C\\<rbrace> \\<and> no_fail A (f >>= g)",
        "step_time": 0.006154298782348633
    },
    {
        "index": 78,
        "step": "by (auto intro: hoare_seq_ext no_fail_bind[where P=Q and Q=Q for Q, simplified])",
        "output": "",
        "raw_output": "",
        "step_time": 0.013822078704833984
    },
    {
        "index": 79,
        "step": "lemmas validNF_seq_ext = validNF_bind",
        "output": "",
        "raw_output": "",
        "step_time": 0.006591320037841797
    },
    {
        "index": 80,
        "step": "subsection \"validNF compound rules\"",
        "output": "",
        "raw_output": "",
        "step_time": 0.004692792892456055
    },
    {
        "index": 81,
        "step": "lemma validNF_state_assert[wp]:\n  \"\\<lbrace> \\<lambda>s. P () s \\<and> G s  \\<rbrace> state_assert G \\<lbrace> P \\<rbrace>!\"",
        "output": "",
        "raw_output": "proof (prove)\ngoal (1 subgoal):\n 1. \\<lbrace>\\<lambda>s. P () s \\<and> G s\\<rbrace> state_assert G \\<lbrace>P\\<rbrace>!",
        "step_time": 0.008198976516723633
    },
    {
        "index": 82,
        "step": "by (rule validNF; wpsimp)",
        "output": "",
        "raw_output": "",
        "step_time": 0.016368865966796875
    },
    {
        "index": 83,
        "step": "lemma validNF_modify[wp]:\n  \"\\<lbrace> \\<lambda>s. P () (f s) \\<rbrace> modify f \\<lbrace> P \\<rbrace>!\"",
        "output": "",
        "raw_output": "proof (prove)\ngoal (1 subgoal):\n 1. \\<lbrace>\\<lambda>s. P () (f s)\\<rbrace> modify f \\<lbrace>P\\<rbrace>!",
        "step_time": 0.007457733154296875
    },
    {
        "index": 84,
        "step": "by (rule validNF; wpsimp)",
        "output": "",
        "raw_output": "",
        "step_time": 0.01085352897644043
    },
    {
        "index": 85,
        "step": "lemma validNF_gets[wp]:\n  \"\\<lbrace>\\<lambda>s. P (f s) s\\<rbrace> gets f \\<lbrace>P\\<rbrace>!\"",
        "output": "",
        "raw_output": "proof (prove)\ngoal (1 subgoal):\n 1. \\<lbrace>\\<lambda>s. P (f s) s\\<rbrace> gets f \\<lbrace>P\\<rbrace>!",
        "step_time": 0.007264614105224609
    },
    {
        "index": 86,
        "step": "by (rule validNF; wpsimp)",
        "output": "",
        "raw_output": "",
        "step_time": 0.009937763214111328
    },
    {
        "index": 87,
        "step": "lemma validNF_condition[wp]:\n  \"\\<lbrakk> \\<lbrace> Q \\<rbrace> A \\<lbrace>P\\<rbrace>!; \\<lbrace> R \\<rbrace> B \\<lbrace>P\\<rbrace>!\\<rbrakk> \\<Longrightarrow> \\<lbrace>\\<lambda>s. if C s then Q s else R s\\<rbrace> condition C A B \\<lbrace>P\\<rbrace>!\"",
        "output": "",
        "raw_output": "proof (prove)\ngoal (1 subgoal):\n 1. \\<lbrakk>\\<lbrace>Q\\<rbrace> A \\<lbrace>P\\<rbrace>!; \\<lbrace>R\\<rbrace> B \\<lbrace>P\\<rbrace>!\\<rbrakk> \\<Longrightarrow> \\<lbrace>\\<lambda>s. if C s then Q s else R s\\<rbrace> condition C\n  A\n  B \\<lbrace>P\\<rbrace>!",
        "step_time": 0.010968923568725586
    },
    {
        "index": 88,
        "step": "by (erule validNFE)+\n     (rule validNF; wpsimp)",
        "output": "",
        "raw_output": "",
        "step_time": 0.0176241397857666
    },
    {
        "index": 89,
        "step": "lemma validNF_assert[wp]:\n  \"\\<lbrace> (\\<lambda>s. P) and (R ()) \\<rbrace> assert P \\<lbrace> R \\<rbrace>!\"",
        "output": "",
        "raw_output": "proof (prove)\ngoal (1 subgoal):\n 1. \\<lbrace>(\\<lambda>s. P) and R ()\\<rbrace> assert P \\<lbrace>R\\<rbrace>!",
        "step_time": 0.00738525390625
    },
    {
        "index": 90,
        "step": "by (rule validNF; wpsimp)",
        "output": "",
        "raw_output": "",
        "step_time": 0.014319419860839844
    },
    {
        "index": 91,
        "step": "lemma validNF_false_pre:\n  \"\\<lbrace> \\<lambda>_. False \\<rbrace> P \\<lbrace> Q \\<rbrace>!\"",
        "output": "",
        "raw_output": "proof (prove)\ngoal (1 subgoal):\n 1. \\<lbrace>\\<lambda>_. False\\<rbrace> P \\<lbrace>Q\\<rbrace>!",
        "step_time": 0.004904747009277344
    },
    {
        "index": 92,
        "step": "by (rule validNF; wpsimp)",
        "output": "",
        "raw_output": "",
        "step_time": 0.011242151260375977
    },
    {
        "index": 93,
        "step": "lemma validNF_chain:\n   \"\\<lbrakk>\\<lbrace>P'\\<rbrace> a \\<lbrace>R'\\<rbrace>!; \\<And>s. P s \\<Longrightarrow> P' s; \\<And>r s. R' r s \\<Longrightarrow> R r s\\<rbrakk> \\<Longrightarrow> \\<lbrace>P\\<rbrace> a \\<lbrace>R\\<rbrace>!\"",
        "output": "",
        "raw_output": "proof (prove)\ngoal (1 subgoal):\n 1. \\<lbrakk>\\<lbrace>P'\\<rbrace> a \\<lbrace>R'\\<rbrace>!; \\<And>s. P s \\<Longrightarrow> P' s; \\<And>r s. R' r s \\<Longrightarrow> R r s\\<rbrakk> \\<Longrightarrow> \\<lbrace>P\\<rbrace> a \\<lbrace>R\\<rbrace>!",
        "step_time": 0.010551691055297852
    },
    {
        "index": 94,
        "step": "by (fastforce simp: validNF_def valid_def no_fail_def Ball_def)",
        "output": "",
        "raw_output": "",
        "step_time": 0.033713579177856445
    },
    {
        "index": 95,
        "step": "lemma validNF_case_prod[wp]:\n  \"\\<lbrakk>\\<And>x y. \\<lbrace>P x y\\<rbrace> B x y \\<lbrace>Q\\<rbrace>!\\<rbrakk> \\<Longrightarrow> \\<lbrace>case v of (x, y) \\<Rightarrow> P x y\\<rbrace> case v of (x, y) \\<Rightarrow> B x y \\<lbrace>Q\\<rbrace>!\"",
        "output": "",
        "raw_output": "proof (prove)\ngoal (1 subgoal):\n 1. (\\<And>x y. \\<lbrace>P x y\\<rbrace> B x y \\<lbrace>Q\\<rbrace>!) \\<Longrightarrow> \\<lbrace>case v of (x, y) \\<Rightarrow> P x y\\<rbrace> case v of (x, y) \\<Rightarrow> B x y \\<lbrace>Q\\<rbrace>!",
        "step_time": 0.009323596954345703
    },
    {
        "index": 96,
        "step": "by (metis prod.exhaust split_conv)",
        "output": "",
        "raw_output": "",
        "step_time": 0.05490756034851074
    },
    {
        "index": 97,
        "step": "lemma validE_NF_case_prod[wp]:\n  \"\\<lbrakk> \\<And>a b. \\<lbrace>P a b\\<rbrace> f a b \\<lbrace>Q\\<rbrace>, \\<lbrace>E\\<rbrace>! \\<rbrakk> \\<Longrightarrow>\n   \\<lbrace>case x of (a, b) \\<Rightarrow> P a b\\<rbrace> case x of (a, b) \\<Rightarrow> f a b \\<lbrace>Q\\<rbrace>, \\<lbrace>E\\<rbrace>!\"",
        "output": "",
        "raw_output": "proof (prove)\ngoal (1 subgoal):\n 1. (\\<And>a b. \\<lbrace>P a b\\<rbrace> f a b \\<lbrace>Q\\<rbrace>, \\<lbrace>E\\<rbrace>!) \\<Longrightarrow> \\<lbrace>case x of (a, b) \\<Rightarrow> P a b\\<rbrace> case x of (a, b) \\<Rightarrow> f a b \\<lbrace>Q\\<rbrace>, \\<lbrace>E\\<rbrace>!",
        "step_time": 0.015484094619750977
    },
    {
        "index": 98,
        "step": "unfolding validE_NF_alt_def",
        "output": "",
        "raw_output": "proof (prove)\ngoal (1 subgoal):\n 1. (\\<And>a b. \\<lbrace>P a b\\<rbrace> f a b \\<lbrace>\\<lambda>v s. case v of Inl e \\<Rightarrow> E e s | Inr r \\<Rightarrow> Q r s\\<rbrace>!) \\<Longrightarrow> \\<lbrace>case x of (x, xa) \\<Rightarrow> P x xa\\<rbrace> case x of (x, xa) \\<Rightarrow> f x xa \\<lbrace>\\<lambda>v s. case v of Inl e \\<Rightarrow> E e s | Inr r \\<Rightarrow> Q r s\\<rbrace>!",
        "step_time": 0.0057315826416015625
    },
    {
        "index": 99,
        "step": "by (erule validNF_case_prod)",
        "output": "",
        "raw_output": "",
        "step_time": 0.0063703060150146484
    },
    {
        "index": 100,
        "step": "lemma no_fail_is_validNF_True:\n  \"no_fail P s = (\\<lbrace> P \\<rbrace> s \\<lbrace> \\<lambda>_ _. True \\<rbrace>!)\"",
        "output": "",
        "raw_output": "proof (prove)\ngoal (1 subgoal):\n 1. no_fail P s = \\<lbrace>P\\<rbrace> s \\<lbrace>\\<lambda>_ _. True\\<rbrace>!",
        "step_time": 0.007297992706298828
    },
    {
        "index": 101,
        "step": "by (clarsimp simp: no_fail_def validNF_def valid_def)",
        "output": "",
        "raw_output": "",
        "step_time": 0.010205984115600586
    },
    {
        "index": 102,
        "step": "subsection \\<open>@{const validNF} reasoning in the exception monad\\<close>",
        "output": "",
        "raw_output": "",
        "step_time": 0.004853963851928711
    },
    {
        "index": 103,
        "step": "lemma validE_NF[intro?]: (* FIXME lib: should be validE_NFI *)\n  \"\\<lbrakk> \\<lbrace> P \\<rbrace> f \\<lbrace> Q \\<rbrace>,\\<lbrace> E \\<rbrace>; no_fail P f \\<rbrakk> \\<Longrightarrow> \\<lbrace> P \\<rbrace> f \\<lbrace> Q \\<rbrace>,\\<lbrace> E \\<rbrace>!\"",
        "output": "",
        "raw_output": "proof (prove)\ngoal (1 subgoal):\n 1. \\<lbrakk>\\<lbrace>P\\<rbrace> f \\<lbrace>Q\\<rbrace>, \\<lbrace>E\\<rbrace>; no_fail P f\\<rbrakk> \\<Longrightarrow> \\<lbrace>P\\<rbrace> f \\<lbrace>Q\\<rbrace>, \\<lbrace>E\\<rbrace>!",
        "step_time": 0.009702444076538086
    },
    {
        "index": 104,
        "step": "by (clarsimp simp: validE_NF_def)",
        "output": "",
        "raw_output": "",
        "step_time": 0.008956193923950195
    },
    {
        "index": 105,
        "step": "lemma validE_NFE:\n  \"\\<lbrakk> \\<lbrace> P \\<rbrace> f \\<lbrace> Q \\<rbrace>,\\<lbrace> E \\<rbrace>!; \\<lbrakk> \\<lbrace> P \\<rbrace> f \\<lbrace> Q \\<rbrace>,\\<lbrace> E \\<rbrace>; no_fail P f \\<rbrakk> \\<Longrightarrow> R \\<rbrakk> \\<Longrightarrow> R\"",
        "output": "",
        "raw_output": "proof (prove)\ngoal (1 subgoal):\n 1. \\<lbrakk>\\<lbrace>P\\<rbrace> f \\<lbrace>Q\\<rbrace>, \\<lbrace>E\\<rbrace>!; \\<lbrakk>\\<lbrace>P\\<rbrace> f \\<lbrace>Q\\<rbrace>, \\<lbrace>E\\<rbrace>; no_fail P f\\<rbrakk> \\<Longrightarrow> R\\<rbrakk> \\<Longrightarrow> R",
        "step_time": 0.008571624755859375
    },
    {
        "index": 106,
        "step": "by (clarsimp simp: validE_NF_def)",
        "output": "",
        "raw_output": "",
        "step_time": 0.00712895393371582
    },
    {
        "index": 107,
        "step": "lemma validE_NF_valid:\n  \"\\<lbrakk> \\<lbrace> P \\<rbrace> f \\<lbrace> Q \\<rbrace>,\\<lbrace> E \\<rbrace>! \\<rbrakk> \\<Longrightarrow> \\<lbrace> P \\<rbrace> f \\<lbrace> Q \\<rbrace>,\\<lbrace> E \\<rbrace>\"",
        "output": "",
        "raw_output": "proof (prove)\ngoal (1 subgoal):\n 1. \\<lbrace>P\\<rbrace> f \\<lbrace>Q\\<rbrace>, \\<lbrace>E\\<rbrace>! \\<Longrightarrow> \\<lbrace>P\\<rbrace> f \\<lbrace>Q\\<rbrace>, \\<lbrace>E\\<rbrace>",
        "step_time": 0.0068743228912353516
    },
    {
        "index": 108,
        "step": "by (rule validE_NFE)",
        "output": "",
        "raw_output": "",
        "step_time": 0.006237030029296875
    },
    {
        "index": 109,
        "step": "lemma validE_NF_no_fail:\n  \"\\<lbrakk> \\<lbrace> P \\<rbrace> f \\<lbrace> Q \\<rbrace>,\\<lbrace> E \\<rbrace>! \\<rbrakk> \\<Longrightarrow> no_fail P f\"",
        "output": "",
        "raw_output": "proof (prove)\ngoal (1 subgoal):\n 1. \\<lbrace>P\\<rbrace> f \\<lbrace>Q\\<rbrace>, \\<lbrace>E\\<rbrace>! \\<Longrightarrow> no_fail P f",
        "step_time": 0.007503986358642578
    },
    {
        "index": 110,
        "step": "by (rule validE_NFE)",
        "output": "",
        "raw_output": "",
        "step_time": 0.0056111812591552734
    },
    {
        "index": 111,
        "step": "lemma validE_NF_weaken_pre[wp_pre]:\n  \"\\<lbrakk>\\<lbrace>Q\\<rbrace> a \\<lbrace>R\\<rbrace>,\\<lbrace>E\\<rbrace>!; \\<And>s. P s \\<Longrightarrow> Q s\\<rbrakk> \\<Longrightarrow> \\<lbrace>P\\<rbrace> a \\<lbrace>R\\<rbrace>,\\<lbrace>E\\<rbrace>!\"",
        "output": "",
        "raw_output": "proof (prove)\ngoal (1 subgoal):\n 1. \\<lbrakk>\\<lbrace>Q\\<rbrace> a \\<lbrace>R\\<rbrace>, \\<lbrace>E\\<rbrace>!; \\<And>s. P s \\<Longrightarrow> Q s\\<rbrakk> \\<Longrightarrow> \\<lbrace>P\\<rbrace> a \\<lbrace>R\\<rbrace>, \\<lbrace>E\\<rbrace>!",
        "step_time": 0.007368564605712891
    },
    {
        "index": 112,
        "step": "by (simp add: validE_NF_alt_def validNF_weaken_pre)",
        "output": "",
        "raw_output": "",
        "step_time": 0.061705589294433594
    },
    {
        "index": 113,
        "step": "lemma validE_NF_post_comb_conj_L:\n  \"\\<lbrakk> \\<lbrace>P\\<rbrace> f \\<lbrace>Q\\<rbrace>, \\<lbrace>E\\<rbrace>!; \\<lbrace>P'\\<rbrace> f \\<lbrace>Q'\\<rbrace>, \\<lbrace>\\<lambda>_ _. True\\<rbrace> \\<rbrakk> \\<Longrightarrow>\n   \\<lbrace>\\<lambda>s. P s \\<and> P' s\\<rbrace> f \\<lbrace>\\<lambda>rv s. Q rv s \\<and> Q' rv s\\<rbrace>, \\<lbrace>E\\<rbrace>!\"",
        "output": "",
        "raw_output": "proof (prove)\ngoal (1 subgoal):\n 1. \\<lbrakk>\\<lbrace>P\\<rbrace> f \\<lbrace>Q\\<rbrace>, \\<lbrace>E\\<rbrace>!; \\<lbrace>P'\\<rbrace> f \\<lbrace>Q'\\<rbrace>, \\<lbrace>\\<lambda>_ _. True\\<rbrace>\\<rbrakk> \\<Longrightarrow> \\<lbrace>\\<lambda>s. P s \\<and> P' s\\<rbrace> f \\<lbrace>\\<lambda>rv s. Q rv s \\<and> Q' rv s\\<rbrace>, \\<lbrace>E\\<rbrace>!",
        "step_time": 0.011823892593383789
    },
    {
        "index": 114,
        "step": "unfolding validE_NF_alt_def",
        "output": "",
        "raw_output": "proof (prove)\ngoal (1 subgoal):\n 1. \\<lbrakk>\\<lbrace>P\\<rbrace> f \\<lbrace>\\<lambda>v s. case v of Inl e \\<Rightarrow> E e s | Inr r \\<Rightarrow> Q r s\\<rbrace>!; \\<lbrace>P'\\<rbrace> f \\<lbrace>Q'\\<rbrace>, \\<lbrace>\\<lambda>_ _. True\\<rbrace>\\<rbrakk> \\<Longrightarrow> \\<lbrace>\\<lambda>s. P s \\<and> P' s\\<rbrace> f \\<lbrace>\\<lambda>v s. case v of Inl e \\<Rightarrow> E e s | Inr r \\<Rightarrow> Q r s \\<and> Q' r s\\<rbrace>!",
        "step_time": 0.006908416748046875
    },
    {
        "index": 115,
        "step": "by (fastforce simp: validE_def validNF_def valid_def no_fail_def split: sum.splits)",
        "output": "",
        "raw_output": "",
        "step_time": 0.13119721412658691
    },
    {
        "index": 116,
        "step": "lemma validE_NF_post_comb_conj_R:\n  \"\\<lbrakk> \\<lbrace>P\\<rbrace> f \\<lbrace>Q\\<rbrace>, \\<lbrace>\\<lambda>_ _. True\\<rbrace>; \\<lbrace>P'\\<rbrace> f \\<lbrace>Q'\\<rbrace>, \\<lbrace>E\\<rbrace>! \\<rbrakk> \\<Longrightarrow>\n   \\<lbrace>\\<lambda>s. P s \\<and> P' s\\<rbrace> f \\<lbrace>\\<lambda>rv s. Q rv s \\<and> Q' rv s\\<rbrace>, \\<lbrace>E\\<rbrace>!\"",
        "output": "",
        "raw_output": "proof (prove)\ngoal (1 subgoal):\n 1. \\<lbrakk>\\<lbrace>P\\<rbrace> f \\<lbrace>Q\\<rbrace>, \\<lbrace>\\<lambda>_ _. True\\<rbrace>; \\<lbrace>P'\\<rbrace> f \\<lbrace>Q'\\<rbrace>, \\<lbrace>E\\<rbrace>!\\<rbrakk> \\<Longrightarrow> \\<lbrace>\\<lambda>s. P s \\<and> P' s\\<rbrace> f \\<lbrace>\\<lambda>rv s. Q rv s \\<and> Q' rv s\\<rbrace>, \\<lbrace>E\\<rbrace>!",
        "step_time": 0.014929056167602539
    },
    {
        "index": 117,
        "step": "unfolding validE_NF_alt_def validE_def validNF_def valid_def no_fail_def",
        "output": "",
        "raw_output": "proof (prove)\ngoal (1 subgoal):\n 1. \\<lbrakk>\\<forall>s. P s \\<longrightarrow> (\\<forall>(r, s')\\<in>fst (f s). case r of Inl e \\<Rightarrow> True | Inr r \\<Rightarrow> Q r s'); (\\<forall>s. P' s \\<longrightarrow> (\\<forall>(r, s')\\<in>fst (f s). case r of Inl e \\<Rightarrow> E e s' | Inr r \\<Rightarrow> Q' r s')) \\<and> (\\<forall>s. P' s \\<longrightarrow> \\<not> snd (f s))\\<rbrakk> \\<Longrightarrow> (\\<forall>s. P s \\<and> P' s \\<longrightarrow> (\\<forall>(r, s')\\<in>fst (f s). case r of Inl e \\<Rightarrow> E e s' | Inr r \\<Rightarrow> Q r s' \\<and> Q' r s')) \\<and> (\\<forall>s. P s \\<and> P' s \\<longrightarrow> \\<not> snd (f s))",
        "step_time": 0.010928630828857422
    },
    {
        "index": 118,
        "step": "by (fastforce split: sum.splits)",
        "output": "",
        "raw_output": "",
        "step_time": 0.1329948902130127
    },
    {
        "index": 119,
        "step": "lemma validE_NF_post_comb_conj:\n  \"\\<lbrakk> \\<lbrace>P\\<rbrace> f \\<lbrace>Q\\<rbrace>, \\<lbrace>E\\<rbrace>!; \\<lbrace>P'\\<rbrace> f \\<lbrace>Q'\\<rbrace>, \\<lbrace>E\\<rbrace>! \\<rbrakk> \\<Longrightarrow> \\<lbrace>\\<lambda>s. P s \\<and> P' s\\<rbrace> f \\<lbrace>\\<lambda>rv s. Q rv s \\<and> Q' rv s\\<rbrace>, \\<lbrace>E\\<rbrace>!\"",
        "output": "",
        "raw_output": "proof (prove)\ngoal (1 subgoal):\n 1. \\<lbrakk>\\<lbrace>P\\<rbrace> f \\<lbrace>Q\\<rbrace>, \\<lbrace>E\\<rbrace>!; \\<lbrace>P'\\<rbrace> f \\<lbrace>Q'\\<rbrace>, \\<lbrace>E\\<rbrace>!\\<rbrakk> \\<Longrightarrow> \\<lbrace>\\<lambda>s. P s \\<and> P' s\\<rbrace> f \\<lbrace>\\<lambda>rv s. Q rv s \\<and> Q' rv s\\<rbrace>, \\<lbrace>E\\<rbrace>!",
        "step_time": 0.01369476318359375
    },
    {
        "index": 120,
        "step": "unfolding validE_NF_alt_def validE_def validNF_def valid_def no_fail_def",
        "output": "",
        "raw_output": "proof (prove)\ngoal (1 subgoal):\n 1. \\<lbrakk>(\\<forall>s. P s \\<longrightarrow> (\\<forall>(r, s')\\<in>fst (f s). case r of Inl e \\<Rightarrow> E e s' | Inr r \\<Rightarrow> Q r s')) \\<and> (\\<forall>s. P s \\<longrightarrow> \\<not> snd (f s)); (\\<forall>s. P' s \\<longrightarrow> (\\<forall>(r, s')\\<in>fst (f s). case r of Inl e \\<Rightarrow> E e s' | Inr r \\<Rightarrow> Q' r s')) \\<and> (\\<forall>s. P' s \\<longrightarrow> \\<not> snd (f s))\\<rbrakk> \\<Longrightarrow> (\\<forall>s. P s \\<and> P' s \\<longrightarrow> (\\<forall>(r, s')\\<in>fst (f s). case r of Inl e \\<Rightarrow> E e s' | Inr r \\<Rightarrow> Q r s' \\<and> Q' r s')) \\<and> (\\<forall>s. P s \\<and> P' s \\<longrightarrow> \\<not> snd (f s))",
        "step_time": 0.010228157043457031
    },
    {
        "index": 121,
        "step": "by (fastforce split: sum.splits)",
        "output": "",
        "raw_output": "",
        "step_time": 0.19114375114440918
    },
    {
        "index": 122,
        "step": "lemma validE_NF_chain:\n  \"\\<lbrakk> \\<lbrace>P'\\<rbrace> a \\<lbrace>R'\\<rbrace>,\\<lbrace>E'\\<rbrace>!; \\<And>s. P s \\<Longrightarrow> P' s; \\<And>r' s'. R' r' s' \\<Longrightarrow> R r' s';\n     \\<And>r'' s''. E' r'' s'' \\<Longrightarrow> E r'' s''\\<rbrakk> \\<Longrightarrow>\n   \\<lbrace>\\<lambda>s. P s \\<rbrace> a \\<lbrace>\\<lambda>r' s'. R r' s'\\<rbrace>,\\<lbrace>\\<lambda>r'' s''. E r'' s''\\<rbrace>!\"",
        "output": "",
        "raw_output": "proof (prove)\ngoal (1 subgoal):\n 1. \\<lbrakk>\\<lbrace>P'\\<rbrace> a \\<lbrace>R'\\<rbrace>, \\<lbrace>E'\\<rbrace>!; \\<And>s. P s \\<Longrightarrow> P' s; \\<And>r' s'. R' r' s' \\<Longrightarrow> R r' s'; \\<And>r'' s''. E' r'' s'' \\<Longrightarrow> E r'' s''\\<rbrakk> \\<Longrightarrow> \\<lbrace>P\\<rbrace> a \\<lbrace>R\\<rbrace>, \\<lbrace>E\\<rbrace>!",
        "step_time": 0.018294572830200195
    },
    {
        "index": 123,
        "step": "by (fastforce simp: validE_NF_def validE_def2 no_fail_def Ball_def split: sum.splits)",
        "output": "",
        "raw_output": "",
        "step_time": 0.11623001098632812
    },
    {
        "index": 124,
        "step": "lemma validE_NF_bind_wp[wp]:\n  \"\\<lbrakk>\\<And>x. \\<lbrace>B x\\<rbrace> g x \\<lbrace>C\\<rbrace>, \\<lbrace>E\\<rbrace>!; \\<lbrace>A\\<rbrace> f \\<lbrace>B\\<rbrace>, \\<lbrace>E\\<rbrace>!\\<rbrakk> \\<Longrightarrow> \\<lbrace>A\\<rbrace> f >>=E (\\<lambda>x. g x) \\<lbrace>C\\<rbrace>, \\<lbrace>E\\<rbrace>!\"",
        "output": "",
        "raw_output": "proof (prove)\ngoal (1 subgoal):\n 1. \\<lbrakk>\\<And>x. \\<lbrace>B x\\<rbrace> g x \\<lbrace>C\\<rbrace>, \\<lbrace>E\\<rbrace>!; \\<lbrace>A\\<rbrace> f \\<lbrace>B\\<rbrace>, \\<lbrace>E\\<rbrace>!\\<rbrakk> \\<Longrightarrow> \\<lbrace>A\\<rbrace> f >>=E g \\<lbrace>C\\<rbrace>, \\<lbrace>E\\<rbrace>!",
        "step_time": 0.012662649154663086
    },
    {
        "index": 125,
        "step": "by (blast intro: validE_NF hoare_vcg_seqE no_fail_pre no_fail_bindE validE_validE_R validE_weaken\n            elim!: validE_NFE)",
        "output": "",
        "raw_output": "",
        "step_time": 0.021315813064575195
    },
    {
        "index": 126,
        "step": "lemma validNF_catch[wp]:\n  \"\\<lbrakk>\\<And>x. \\<lbrace>E x\\<rbrace> handler x \\<lbrace>Q\\<rbrace>!; \\<lbrace>P\\<rbrace> f \\<lbrace>Q\\<rbrace>, \\<lbrace>E\\<rbrace>!\\<rbrakk> \\<Longrightarrow> \\<lbrace>P\\<rbrace> f <catch> (\\<lambda>x. handler x) \\<lbrace>Q\\<rbrace>!\"",
        "output": "",
        "raw_output": "proof (prove)\ngoal (1 subgoal):\n 1. \\<lbrakk>\\<And>x. \\<lbrace>E x\\<rbrace> handler x \\<lbrace>Q\\<rbrace>!; \\<lbrace>P\\<rbrace> f \\<lbrace>Q\\<rbrace>, \\<lbrace>E\\<rbrace>!\\<rbrakk> \\<Longrightarrow> \\<lbrace>P\\<rbrace> f <catch> handler \\<lbrace>Q\\<rbrace>!",
        "step_time": 0.007928848266601562
    },
    {
        "index": 127,
        "step": "unfolding validE_NF_alt_def catch_def lift_def throwError_def",
        "output": "",
        "raw_output": "proof (prove)\ngoal (1 subgoal):\n 1. \\<lbrakk>\\<And>x. \\<lbrace>E x\\<rbrace> handler x \\<lbrace>Q\\<rbrace>!; \\<lbrace>P\\<rbrace> f \\<lbrace>\\<lambda>v s. case v of Inl e \\<Rightarrow> E e s | Inr r \\<Rightarrow> Q r s\\<rbrace>!\\<rbrakk> \\<Longrightarrow> \\<lbrace>P\\<rbrace> do x <- f;\ncase x of Inl e \\<Rightarrow> handler e | Inr b \\<Rightarrow> return b\nod \\<lbrace>Q\\<rbrace>!",
        "step_time": 0.007592439651489258
    },
    {
        "index": 128,
        "step": "by (clarsimp simp: validNF_return split: sum.splits elim!: validNF_bind[rotated])",
        "output": "",
        "raw_output": "",
        "step_time": 0.019023418426513672
    },
    {
        "index": 129,
        "step": "lemma validNF_throwError[wp]:\n  \"\\<lbrace>E e\\<rbrace> throwError e \\<lbrace>P\\<rbrace>, \\<lbrace>E\\<rbrace>!\"",
        "output": "",
        "raw_output": "proof (prove)\ngoal (1 subgoal):\n 1. \\<lbrace>E e\\<rbrace> throwError e \\<lbrace>P\\<rbrace>, \\<lbrace>E\\<rbrace>!",
        "step_time": 0.007071733474731445
    },
    {
        "index": 130,
        "step": "by (unfold validE_NF_alt_def throwError_def o_def) wpsimp",
        "output": "",
        "raw_output": "",
        "step_time": 0.01350855827331543
    },
    {
        "index": 131,
        "step": "lemma validNF_returnOk[wp]:\n  \"\\<lbrace>P e\\<rbrace> returnOk e \\<lbrace>P\\<rbrace>, \\<lbrace>E\\<rbrace>!\"",
        "output": "",
        "raw_output": "proof (prove)\ngoal (1 subgoal):\n 1. \\<lbrace>P e\\<rbrace> returnOk e \\<lbrace>P\\<rbrace>, \\<lbrace>E\\<rbrace>!",
        "step_time": 0.007184505462646484
    },
    {
        "index": 132,
        "step": "by (clarsimp simp: validE_NF_alt_def returnOk_def) wpsimp",
        "output": "",
        "raw_output": "",
        "step_time": 0.014768362045288086
    },
    {
        "index": 133,
        "step": "lemma validNF_whenE[wp]:\n  \"(P \\<Longrightarrow> \\<lbrace>Q\\<rbrace> f \\<lbrace>R\\<rbrace>, \\<lbrace>E\\<rbrace>!) \\<Longrightarrow> \\<lbrace>if P then Q else R ()\\<rbrace> whenE P f \\<lbrace>R\\<rbrace>, \\<lbrace>E\\<rbrace>!\"",
        "output": "",
        "raw_output": "proof (prove)\ngoal (1 subgoal):\n 1. (P \\<Longrightarrow> \\<lbrace>Q\\<rbrace> f \\<lbrace>R\\<rbrace>, \\<lbrace>E\\<rbrace>!) \\<Longrightarrow> \\<lbrace>if P then Q else R ()\\<rbrace> whenE P f \\<lbrace>R\\<rbrace>, \\<lbrace>E\\<rbrace>!",
        "step_time": 0.0071773529052734375
    },
    {
        "index": 134,
        "step": "unfolding whenE_def",
        "output": "",
        "raw_output": "proof (prove)\ngoal (1 subgoal):\n 1. (P \\<Longrightarrow> \\<lbrace>Q\\<rbrace> f \\<lbrace>R\\<rbrace>, \\<lbrace>E\\<rbrace>!) \\<Longrightarrow> \\<lbrace>if P then Q else R ()\\<rbrace> if P then f else returnOk () \\<lbrace>R\\<rbrace>, \\<lbrace>E\\<rbrace>!",
        "step_time": 0.0050237178802490234
    },
    {
        "index": 135,
        "step": "by wpsimp",
        "output": "",
        "raw_output": "",
        "step_time": 0.019908428192138672
    },
    {
        "index": 136,
        "step": "lemma validNF_nobindE[wp]:\n  \"\\<lbrakk> \\<lbrace>B\\<rbrace> g \\<lbrace>C\\<rbrace>,\\<lbrace>E\\<rbrace>!; \\<lbrace>A\\<rbrace> f \\<lbrace>\\<lambda>r s. B s\\<rbrace>,\\<lbrace>E\\<rbrace>! \\<rbrakk> \\<Longrightarrow> \\<lbrace>A\\<rbrace> doE f; g odE \\<lbrace>C\\<rbrace>,\\<lbrace>E\\<rbrace>!\"",
        "output": "",
        "raw_output": "proof (prove)\ngoal (1 subgoal):\n 1. \\<lbrakk>\\<lbrace>B\\<rbrace> g \\<lbrace>C\\<rbrace>, \\<lbrace>E\\<rbrace>!; \\<lbrace>A\\<rbrace> f \\<lbrace>\\<lambda>r. B\\<rbrace>, \\<lbrace>E\\<rbrace>!\\<rbrakk> \\<Longrightarrow> \\<lbrace>A\\<rbrace> doE f;\ng\nodE \\<lbrace>C\\<rbrace>, \\<lbrace>E\\<rbrace>!",
        "step_time": 0.011589288711547852
    },
    {
        "index": 137,
        "step": "by wpsimp",
        "output": "",
        "raw_output": "",
        "step_time": 0.017771482467651367
    },
    {
        "index": 138,
        "step": "text \\<open>\n  Set up triple rules for @{term validE_NF} so that we can use @{method wp} combinator rules.\\<close>",
        "output": "",
        "raw_output": "",
        "step_time": 0.013927459716796875
    },
    {
        "index": 139,
        "step": "definition validE_NF_property ::\n  \"('a \\<Rightarrow> 's \\<Rightarrow> bool) \\<Rightarrow> ('c \\<Rightarrow> 's \\<Rightarrow> bool) \\<Rightarrow> 's \\<Rightarrow> ('s, 'c+'a) nondet_monad \\<Rightarrow> bool\"\n  where\n  \"validE_NF_property Q E s b \\<equiv>\n   \\<not> snd (b s) \\<and> (\\<forall>(r', s') \\<in> fst (b s). case r' of Inl x \\<Rightarrow> E x s' | Inr x \\<Rightarrow> Q x s')\"",
        "output": "",
        "raw_output": "",
        "step_time": 0.017313241958618164
    },
    {
        "index": 140,
        "step": "lemma validE_NF_is_triple[wp_trip]:\n  \"validE_NF P f Q E = triple_judgement P f (validE_NF_property Q E)\"",
        "output": "",
        "raw_output": "proof (prove)\ngoal (1 subgoal):\n 1. \\<lbrace>P\\<rbrace> f \\<lbrace>Q\\<rbrace>, \\<lbrace>E\\<rbrace>! = triple_judgement P f (validE_NF_property Q E)",
        "step_time": 0.010297060012817383
    },
    {
        "index": 141,
        "step": "by (fastforce simp: validE_NF_def validE_def2 no_fail_def triple_judgement_def\n                      validE_NF_property_def\n                split: sum.splits)",
        "output": "",
        "raw_output": "",
        "step_time": 0.029017925262451172
    },
    {
        "index": 142,
        "step": "lemma validNF_cong:\n  \"\\<lbrakk> \\<And>s. P s = P' s; \\<And>s. P s \\<Longrightarrow> m s = m' s;\n     \\<And>r' s' s. \\<lbrakk> P s; (r', s') \\<in> fst (m s) \\<rbrakk> \\<Longrightarrow> Q r' s' = Q' r' s' \\<rbrakk> \\<Longrightarrow>\n   (\\<lbrace>P\\<rbrace> m \\<lbrace>Q\\<rbrace>!) = (\\<lbrace>P'\\<rbrace> m' \\<lbrace>Q'\\<rbrace>!)\"",
        "output": "",
        "raw_output": "proof (prove)\ngoal (1 subgoal):\n 1. \\<lbrakk>\\<And>s. P s = P' s; \\<And>s. P s \\<Longrightarrow> m s = m' s; \\<And>r' s' s. \\<lbrakk>P s; (r', s') \\<in> fst (m s)\\<rbrakk> \\<Longrightarrow> Q r' s' = Q' r' s'\\<rbrakk> \\<Longrightarrow> \\<lbrace>P\\<rbrace> m \\<lbrace>Q\\<rbrace>! = \\<lbrace>P'\\<rbrace> m' \\<lbrace>Q'\\<rbrace>!",
        "step_time": 0.015377283096313477
    },
    {
        "index": 143,
        "step": "by (fastforce simp: validNF_alt_def)",
        "output": "",
        "raw_output": "",
        "step_time": 0.08537721633911133
    },
    {
        "index": 144,
        "step": "lemma validE_NF_liftE[wp]:\n  \"\\<lbrace>P\\<rbrace> f \\<lbrace>Q\\<rbrace>! \\<Longrightarrow> \\<lbrace>P\\<rbrace> liftE f \\<lbrace>Q\\<rbrace>,\\<lbrace>E\\<rbrace>!\"",
        "output": "",
        "raw_output": "proof (prove)\ngoal (1 subgoal):\n 1. \\<lbrace>P\\<rbrace> f \\<lbrace>Q\\<rbrace>! \\<Longrightarrow> \\<lbrace>P\\<rbrace> liftE f \\<lbrace>Q\\<rbrace>, \\<lbrace>E\\<rbrace>!",
        "step_time": 0.009330272674560547
    },
    {
        "index": 145,
        "step": "by (wpsimp simp: validE_NF_alt_def liftE_def)",
        "output": "",
        "raw_output": "",
        "step_time": 0.02112436294555664
    },
    {
        "index": 146,
        "step": "lemma validE_NF_handleE'[wp]:\n  \"\\<lbrakk> \\<And>x. \\<lbrace>F x\\<rbrace> handler x \\<lbrace>Q\\<rbrace>,\\<lbrace>E\\<rbrace>!; \\<lbrace>P\\<rbrace> f \\<lbrace>Q\\<rbrace>,\\<lbrace>F\\<rbrace>! \\<rbrakk> \\<Longrightarrow>\n   \\<lbrace>P\\<rbrace> f <handle2> (\\<lambda>x. handler x) \\<lbrace>Q\\<rbrace>,\\<lbrace>E\\<rbrace>!\"",
        "output": "",
        "raw_output": "proof (prove)\ngoal (1 subgoal):\n 1. \\<lbrakk>\\<And>x. \\<lbrace>F x\\<rbrace> handler x \\<lbrace>Q\\<rbrace>, \\<lbrace>E\\<rbrace>!; \\<lbrace>P\\<rbrace> f \\<lbrace>Q\\<rbrace>, \\<lbrace>F\\<rbrace>!\\<rbrakk> \\<Longrightarrow> \\<lbrace>P\\<rbrace> f <handle2> handler \\<lbrace>Q\\<rbrace>, \\<lbrace>E\\<rbrace>!",
        "step_time": 0.012111186981201172
    },
    {
        "index": 147,
        "step": "unfolding validE_NF_alt_def handleE'_def",
        "output": "",
        "raw_output": "proof (prove)\ngoal (1 subgoal):\n 1. \\<lbrakk>\\<And>x. \\<lbrace>F x\\<rbrace> handler x \\<lbrace>\\<lambda>v s. case v of Inl e \\<Rightarrow> E e s | Inr r \\<Rightarrow> Q r s\\<rbrace>!; \\<lbrace>P\\<rbrace> f \\<lbrace>\\<lambda>v s. case v of Inl e \\<Rightarrow> F e s | Inr r \\<Rightarrow> Q r s\\<rbrace>!\\<rbrakk> \\<Longrightarrow> \\<lbrace>P\\<rbrace> f >>= case_sum handler (\\<lambda>v'. return (Inr v')) \\<lbrace>\\<lambda>v s. case v of Inl e \\<Rightarrow> E e s | Inr r \\<Rightarrow> Q r s\\<rbrace>!",
        "step_time": 0.0083465576171875
    },
    {
        "index": 148,
        "step": "apply (erule validNF_bind[rotated])",
        "output": "",
        "raw_output": "proof (prove)\ngoal (1 subgoal):\n 1. \\<And>x. (\\<And>x. \\<lbrace>F x\\<rbrace> handler x \\<lbrace>\\<lambda>v s. case v of Inl e \\<Rightarrow> E e s | Inr r \\<Rightarrow> Q r s\\<rbrace>!) \\<Longrightarrow> \\<lbrace>\\<lambda>s. case x of Inl e \\<Rightarrow> F e s | Inr r \\<Rightarrow> Q r s\\<rbrace> case x of Inl x \\<Rightarrow> handler x | Inr v' \\<Rightarrow> return (Inr v') \\<lbrace>\\<lambda>v s. case v of Inl e \\<Rightarrow> E e s | Inr r \\<Rightarrow> Q r s\\<rbrace>!",
        "step_time": 0.006826639175415039
    },
    {
        "index": 149,
        "step": "apply (clarsimp split: sum.splits)",
        "output": "",
        "raw_output": "proof (prove)\ngoal (1 subgoal):\n 1. \\<And>x2. (\\<And>x. \\<lbrace>F x\\<rbrace> handler x \\<lbrace>\\<lambda>v s. case v of Inl e \\<Rightarrow> E e s | Inr r \\<Rightarrow> Q r s\\<rbrace>!) \\<Longrightarrow> \\<lbrace>Q x2\\<rbrace> return (Inr x2) \\<lbrace>\\<lambda>v s. (\\<forall>x1. v = Inl x1 \\<longrightarrow> E x1 s) \\<and> (\\<forall>x2. v = Inr x2 \\<longrightarrow> Q x2 s)\\<rbrace>!",
        "step_time": 0.01804804801940918
    },
    {
        "index": 150,
        "step": "apply wpsimp",
        "output": "",
        "raw_output": "proof (prove)\ngoal:\nNo subgoals!",
        "step_time": 0.013899803161621094
    },
    {
        "index": 151,
        "step": "done",
        "output": "",
        "raw_output": "",
        "step_time": 0.006482601165771484
    },
    {
        "index": 152,
        "step": "lemma validE_NF_handleE[wp]:\n  \"\\<lbrakk> \\<And>x. \\<lbrace>F x\\<rbrace> handler x \\<lbrace>Q\\<rbrace>,\\<lbrace>E\\<rbrace>!; \\<lbrace>P\\<rbrace> f \\<lbrace>Q\\<rbrace>,\\<lbrace>F\\<rbrace>! \\<rbrakk> \\<Longrightarrow>\n   \\<lbrace>P\\<rbrace> f <handle> handler \\<lbrace>Q\\<rbrace>,\\<lbrace>E\\<rbrace>!\"",
        "output": "",
        "raw_output": "proof (prove)\ngoal (1 subgoal):\n 1. \\<lbrakk>\\<And>x. \\<lbrace>F x\\<rbrace> handler x \\<lbrace>Q\\<rbrace>, \\<lbrace>E\\<rbrace>!; \\<lbrace>P\\<rbrace> f \\<lbrace>Q\\<rbrace>, \\<lbrace>F\\<rbrace>!\\<rbrakk> \\<Longrightarrow> \\<lbrace>P\\<rbrace> f <handle> handler \\<lbrace>Q\\<rbrace>, \\<lbrace>E\\<rbrace>!",
        "step_time": 0.010819673538208008
    },
    {
        "index": 153,
        "step": "unfolding handleE_def",
        "output": "",
        "raw_output": "proof (prove)\ngoal (1 subgoal):\n 1. \\<lbrakk>\\<And>x. \\<lbrace>F x\\<rbrace> handler x \\<lbrace>Q\\<rbrace>, \\<lbrace>E\\<rbrace>!; \\<lbrace>P\\<rbrace> f \\<lbrace>Q\\<rbrace>, \\<lbrace>F\\<rbrace>!\\<rbrakk> \\<Longrightarrow> \\<lbrace>P\\<rbrace> f <handle2> handler \\<lbrace>Q\\<rbrace>, \\<lbrace>E\\<rbrace>!",
        "step_time": 0.005427360534667969
    },
    {
        "index": 154,
        "step": "by (metis validE_NF_handleE')",
        "output": "",
        "raw_output": "",
        "step_time": 0.02394413948059082
    },
    {
        "index": 155,
        "step": "lemma validE_NF_condition[wp]:\n  \"\\<lbrakk> \\<lbrace> Q \\<rbrace> A \\<lbrace>P\\<rbrace>,\\<lbrace> E \\<rbrace>!; \\<lbrace> R \\<rbrace> B \\<lbrace>P\\<rbrace>,\\<lbrace> E \\<rbrace>! \\<rbrakk> \\<Longrightarrow>\n   \\<lbrace>\\<lambda>s. if C s then Q s else R s\\<rbrace> condition C A B \\<lbrace>P\\<rbrace>,\\<lbrace> E \\<rbrace>!\"",
        "output": "",
        "raw_output": "proof (prove)\ngoal (1 subgoal):\n 1. \\<lbrakk>\\<lbrace>Q\\<rbrace> A \\<lbrace>P\\<rbrace>, \\<lbrace>E\\<rbrace>!; \\<lbrace>R\\<rbrace> B \\<lbrace>P\\<rbrace>, \\<lbrace>E\\<rbrace>!\\<rbrakk> \\<Longrightarrow> \\<lbrace>\\<lambda>s. if C s then Q s else R s\\<rbrace> condition C\n  A\n  B \\<lbrace>P\\<rbrace>, \\<lbrace>E\\<rbrace>!",
        "step_time": 0.009914875030517578
    },
    {
        "index": 156,
        "step": "by (erule validE_NFE)+ (wpsimp wp: validE_NF)",
        "output": "",
        "raw_output": "",
        "step_time": 0.02817058563232422
    },
    {
        "index": 157,
        "step": "lemma hoare_assume_preNF:\n  \"(\\<And>s. P s \\<Longrightarrow> \\<lbrace>P\\<rbrace> f \\<lbrace>Q\\<rbrace>!) \\<Longrightarrow> \\<lbrace>P\\<rbrace> f \\<lbrace>Q\\<rbrace>!\"",
        "output": "",
        "raw_output": "proof (prove)\ngoal (1 subgoal):\n 1. (\\<And>s. P s \\<Longrightarrow> \\<lbrace>P\\<rbrace> f \\<lbrace>Q\\<rbrace>!) \\<Longrightarrow> \\<lbrace>P\\<rbrace> f \\<lbrace>Q\\<rbrace>!",
        "step_time": 0.006860494613647461
    },
    {
        "index": 158,
        "step": "by (simp add: validNF_alt_def)",
        "output": "",
        "raw_output": "",
        "step_time": 0.012819051742553711
    },
    {
        "index": 159,
        "step": "end",
        "output": "",
        "raw_output": "",
        "step_time": 0.006444692611694336
    }
]