[
    {
        "index": 0,
        "step": "(*\n * Copyright 2023, Proofcraft Pty Ltd\n * Copyright 2020, Data61, CSIRO (ABN 41 687 119 230)\n *\n * SPDX-License-Identifier: BSD-2-Clause\n *)\n\n",
        "output": "",
        "raw_output": "",
        "step_time": 0.006890058517456055
    },
    {
        "index": 1,
        "step": "theory Nondet_Empty_Fail\n  imports\n    Nondet_Monad\n    WPSimp\nbegin",
        "output": "",
        "raw_output": "",
        "step_time": 0.0058689117431640625
    },
    {
        "index": 2,
        "step": "section \\<open>Monads that are wellformed w.r.t. failure\\<close>",
        "output": "",
        "raw_output": "",
        "step_time": 0.007508277893066406
    },
    {
        "index": 3,
        "step": "text \\<open>\n  Usually, well-formed monads constructed from the primitives in @{text Nondet_Monad} will have the following\n  property: if they return an empty set of results, they will have the failure flag set.\\<close>",
        "output": "",
        "raw_output": "",
        "step_time": 0.006085395812988281
    },
    {
        "index": 4,
        "step": "definition empty_fail :: \"('s,'a) nondet_monad \\<Rightarrow> bool\" where\n  \"empty_fail m \\<equiv> \\<forall>s. fst (m s) = {} \\<longrightarrow> snd (m s)\"",
        "output": "",
        "raw_output": "",
        "step_time": 0.08553433418273926
    },
    {
        "index": 5,
        "step": "text \\<open>Useful in forcing otherwise unknown executions to have the @{const empty_fail} property.\\<close>",
        "output": "",
        "raw_output": "",
        "step_time": 0.008743524551391602
    },
    {
        "index": 6,
        "step": "definition mk_ef :: \"'a set \\<times> bool \\<Rightarrow> 'a set \\<times> bool\" where\n  \"mk_ef S \\<equiv> (fst S, fst S = {} \\<or> snd S)\"",
        "output": "",
        "raw_output": "",
        "step_time": 0.0220487117767334
    },
    {
        "index": 7,
        "step": "subsection \\<open>WPC setup\\<close>",
        "output": "",
        "raw_output": "",
        "step_time": 0.010574817657470703
    },
    {
        "index": 8,
        "step": "lemma wpc_helper_empty_fail_final:\n  \"empty_fail f \\<Longrightarrow> wpc_helper (P, P', P'') (Q, Q', Q'') (empty_fail f)\"",
        "output": "",
        "raw_output": "proof (prove)\ngoal (1 subgoal):\n 1. empty_fail f \\<Longrightarrow> wpc_helper (P, P', P'') (Q, Q', Q'') (empty_fail f)",
        "step_time": 0.0172884464263916
    },
    {
        "index": 9,
        "step": "by (clarsimp simp: wpc_helper_def)",
        "output": "",
        "raw_output": "",
        "step_time": 0.023447275161743164
    },
    {
        "index": 10,
        "step": "wpc_setup \"\\<lambda>m. empty_fail m\" wpc_helper_empty_fail_final",
        "output": "",
        "raw_output": "",
        "step_time": 0.009836435317993164
    },
    {
        "index": 11,
        "step": "subsection \\<open>@{const empty_fail} intro/dest rules\\<close>",
        "output": "",
        "raw_output": "",
        "step_time": 0.007574319839477539
    },
    {
        "index": 12,
        "step": "lemma empty_failI:\n  \"(\\<And>s. fst (m s) = {} \\<Longrightarrow> snd (m s)) \\<Longrightarrow> empty_fail m\"",
        "output": "",
        "raw_output": "proof (prove)\ngoal (1 subgoal):\n 1. (\\<And>s. fst (m s) = {} \\<Longrightarrow> snd (m s)) \\<Longrightarrow> empty_fail m",
        "step_time": 0.012709856033325195
    },
    {
        "index": 13,
        "step": "by (simp add: empty_fail_def)",
        "output": "",
        "raw_output": "",
        "step_time": 0.009360551834106445
    },
    {
        "index": 14,
        "step": "lemma empty_failD:\n  \"\\<lbrakk> empty_fail m; fst (m s) = {} \\<rbrakk> \\<Longrightarrow> snd (m s)\"",
        "output": "",
        "raw_output": "proof (prove)\ngoal (1 subgoal):\n 1. \\<lbrakk>empty_fail m; fst (m s) = {}\\<rbrakk> \\<Longrightarrow> snd (m s)",
        "step_time": 0.010091066360473633
    },
    {
        "index": 15,
        "step": "by (simp add: empty_fail_def)",
        "output": "",
        "raw_output": "",
        "step_time": 0.009485244750976562
    },
    {
        "index": 16,
        "step": "lemma empty_fail_not_snd:\n  \"\\<lbrakk> \\<not> snd (m s); empty_fail m \\<rbrakk> \\<Longrightarrow> \\<exists>v. v \\<in> fst (m s)\"",
        "output": "",
        "raw_output": "proof (prove)\ngoal (1 subgoal):\n 1. \\<lbrakk>\\<not> snd (m s); empty_fail m\\<rbrakk> \\<Longrightarrow> \\<exists>v. v \\<in> fst (m s)",
        "step_time": 0.010568380355834961
    },
    {
        "index": 17,
        "step": "by (fastforce simp: empty_fail_def)",
        "output": "",
        "raw_output": "",
        "step_time": 0.02164435386657715
    },
    {
        "index": 18,
        "step": "lemmas empty_failD2 = empty_fail_not_snd[rotated]",
        "output": "",
        "raw_output": "",
        "step_time": 0.006490468978881836
    },
    {
        "index": 19,
        "step": "lemma empty_failD3:\n  \"\\<lbrakk> empty_fail f; \\<not> snd (f s) \\<rbrakk> \\<Longrightarrow> fst (f s) \\<noteq> {}\"",
        "output": "",
        "raw_output": "proof (prove)\ngoal (1 subgoal):\n 1. \\<lbrakk>empty_fail f; \\<not> snd (f s)\\<rbrakk> \\<Longrightarrow> fst (f s) \\<noteq> {}",
        "step_time": 0.01038050651550293
    },
    {
        "index": 20,
        "step": "by (drule(1) empty_failD2, clarsimp)",
        "output": "",
        "raw_output": "",
        "step_time": 0.0101165771484375
    },
    {
        "index": 21,
        "step": "lemma empty_fail_bindD1:\n  \"empty_fail (a >>= b) \\<Longrightarrow> empty_fail a\"",
        "output": "",
        "raw_output": "proof (prove)\ngoal (1 subgoal):\n 1. empty_fail (a >>= b) \\<Longrightarrow> empty_fail a",
        "step_time": 0.008450508117675781
    },
    {
        "index": 22,
        "step": "unfolding empty_fail_def bind_def",
        "output": "",
        "raw_output": "proof (prove)\ngoal (1 subgoal):\n 1. \\<forall>s. fst (\\<Union> (fst ` (\\<lambda>(x, y). b x y) ` fst (a s)), True \\<in> snd ` (\\<lambda>(x, y). b x y) ` fst (a s) \\<or> snd (a s)) = {} \\<longrightarrow> snd (\\<Union> (fst ` (\\<lambda>(x, y). b x y) ` fst (a s)), True \\<in> snd ` (\\<lambda>(x, y). b x y) ` fst (a s) \\<or> snd (a s)) \\<Longrightarrow> \\<forall>s. fst (a s) = {} \\<longrightarrow> snd (a s)",
        "step_time": 0.008440256118774414
    },
    {
        "index": 23,
        "step": "by (fastforce simp: split_def image_image)",
        "output": "",
        "raw_output": "",
        "step_time": 0.0417330265045166
    },
    {
        "index": 24,
        "step": "subsection \\<open>Wellformed monads\\<close>",
        "output": "",
        "raw_output": "",
        "step_time": 0.0062253475189208984
    },
    {
        "index": 25,
        "step": "\n\n(*\n  Collect generic empty_fail lemmas here:\n   - naming convention is empty_fail_NAME.\n   - add lemmas with assumptions to [empty_fail_cond] set\n   - add lemmas without assumption to [empty_fail_term] set\n*)\n\n",
        "output": "",
        "raw_output": "",
        "step_time": 0.006888151168823242
    },
    {
        "index": 26,
        "step": "named_theorems empty_fail_term",
        "output": "",
        "raw_output": "",
        "step_time": 0.14343738555908203
    },
    {
        "index": 27,
        "step": "named_theorems empty_fail_cond",
        "output": "",
        "raw_output": "",
        "step_time": 0.15274453163146973
    },
    {
        "index": 28,
        "step": "lemma empty_fail_K_bind[empty_fail_cond]:\n  \"empty_fail f \\<Longrightarrow> empty_fail (K_bind f x)\"",
        "output": "",
        "raw_output": "proof (prove)\ngoal (1 subgoal):\n 1. empty_fail f \\<Longrightarrow> empty_fail (K_bind f x)",
        "step_time": 0.01024007797241211
    },
    {
        "index": 29,
        "step": "by simp",
        "output": "",
        "raw_output": "",
        "step_time": 0.007755279541015625
    },
    {
        "index": 30,
        "step": "lemma empty_fail_fun_app[empty_fail_cond]:\n  \"empty_fail (f x) \\<Longrightarrow> empty_fail (f $ x)\"",
        "output": "",
        "raw_output": "proof (prove)\ngoal (1 subgoal):\n 1. empty_fail (f x) \\<Longrightarrow> empty_fail (f $ x)",
        "step_time": 0.00963592529296875
    },
    {
        "index": 31,
        "step": "by simp",
        "output": "",
        "raw_output": "",
        "step_time": 0.00818324089050293
    },
    {
        "index": 32,
        "step": "\n\n(* empty_fail as such does not need context, but empty_fail_select_f does, so we need to build\n   up context in other rules *)\n",
        "output": "",
        "raw_output": "",
        "step_time": 0.006734609603881836
    },
    {
        "index": 33,
        "step": "lemma empty_fail_If[empty_fail_cond]:\n  \"\\<lbrakk> P \\<Longrightarrow> empty_fail f; \\<not>P \\<Longrightarrow> empty_fail g \\<rbrakk> \\<Longrightarrow> empty_fail (if P then f else g)\"",
        "output": "",
        "raw_output": "proof (prove)\ngoal (1 subgoal):\n 1. \\<lbrakk>P \\<Longrightarrow> empty_fail f; \\<not> P \\<Longrightarrow> empty_fail g\\<rbrakk> \\<Longrightarrow> empty_fail (if P then f else g)",
        "step_time": 0.01139974594116211
    },
    {
        "index": 34,
        "step": "by (simp split: if_split)",
        "output": "",
        "raw_output": "",
        "step_time": 0.012036323547363281
    },
    {
        "index": 35,
        "step": "lemma empty_fail_If_applied[empty_fail_cond]:\n  \"\\<lbrakk> P \\<Longrightarrow> empty_fail (f x); \\<not>P \\<Longrightarrow> empty_fail (g x) \\<rbrakk> \\<Longrightarrow> empty_fail ((if P then f else g) x)\"",
        "output": "",
        "raw_output": "proof (prove)\ngoal (1 subgoal):\n 1. \\<lbrakk>P \\<Longrightarrow> empty_fail (f x); \\<not> P \\<Longrightarrow> empty_fail (g x)\\<rbrakk> \\<Longrightarrow> empty_fail ((if P then f else g) x)",
        "step_time": 0.013996601104736328
    },
    {
        "index": 36,
        "step": "by simp",
        "output": "",
        "raw_output": "",
        "step_time": 0.01291513442993164
    },
    {
        "index": 37,
        "step": "lemma empty_fail_put[empty_fail_term]:\n  \"empty_fail (put f)\"",
        "output": "",
        "raw_output": "proof (prove)\ngoal (1 subgoal):\n 1. empty_fail (put f)",
        "step_time": 0.007761478424072266
    },
    {
        "index": 38,
        "step": "by (simp add: put_def empty_fail_def)",
        "output": "",
        "raw_output": "",
        "step_time": 0.008772611618041992
    },
    {
        "index": 39,
        "step": "lemma empty_fail_modify[empty_fail_term]:\n  \"empty_fail (modify f)\"",
        "output": "",
        "raw_output": "proof (prove)\ngoal (1 subgoal):\n 1. empty_fail (modify f)",
        "step_time": 0.008050918579101562
    },
    {
        "index": 40,
        "step": "by (simp add: empty_fail_def simpler_modify_def)",
        "output": "",
        "raw_output": "",
        "step_time": 0.008656740188598633
    },
    {
        "index": 41,
        "step": "lemma empty_fail_gets[empty_fail_term]:\n  \"empty_fail (gets f)\"",
        "output": "",
        "raw_output": "proof (prove)\ngoal (1 subgoal):\n 1. empty_fail (gets f)",
        "step_time": 0.007678985595703125
    },
    {
        "index": 42,
        "step": "by (simp add: empty_fail_def simpler_gets_def)",
        "output": "",
        "raw_output": "",
        "step_time": 0.008411645889282227
    },
    {
        "index": 43,
        "step": "lemma empty_fail_select[empty_fail_cond]:\n  \"S \\<noteq> {} \\<Longrightarrow> empty_fail (select S)\"",
        "output": "",
        "raw_output": "proof (prove)\ngoal (1 subgoal):\n 1. S \\<noteq> {} \\<Longrightarrow> empty_fail (select S)",
        "step_time": 0.007977485656738281
    },
    {
        "index": 44,
        "step": "by (simp add: empty_fail_def select_def)",
        "output": "",
        "raw_output": "",
        "step_time": 0.008158683776855469
    },
    {
        "index": 45,
        "step": "lemma empty_fail_select_f[empty_fail_cond]:\n  assumes ef: \"fst S = {} \\<Longrightarrow> snd S\"\n  shows \"empty_fail (select_f S)\"",
        "output": "",
        "raw_output": "proof (prove)\ngoal (1 subgoal):\n 1. empty_fail (select_f S)",
        "step_time": 0.008912801742553711
    },
    {
        "index": 46,
        "step": "by (fastforce simp add: empty_fail_def select_f_def intro: ef)",
        "output": "",
        "raw_output": "",
        "step_time": 0.011379718780517578
    },
    {
        "index": 47,
        "step": "lemma empty_fail_bind[empty_fail_cond]:\n  \"\\<lbrakk> empty_fail a; \\<And>x. empty_fail (b x) \\<rbrakk> \\<Longrightarrow> empty_fail (a >>= b)\"",
        "output": "",
        "raw_output": "proof (prove)\ngoal (1 subgoal):\n 1. \\<lbrakk>empty_fail a; \\<And>x. empty_fail (b x)\\<rbrakk> \\<Longrightarrow> empty_fail (a >>= b)",
        "step_time": 0.010065078735351562
    },
    {
        "index": 48,
        "step": "by (fastforce simp: bind_def empty_fail_def split_def)",
        "output": "",
        "raw_output": "",
        "step_time": 0.03696012496948242
    },
    {
        "index": 49,
        "step": "lemma empty_fail_return[empty_fail_term]:\n  \"empty_fail (return x)\"",
        "output": "",
        "raw_output": "proof (prove)\ngoal (1 subgoal):\n 1. empty_fail (return x)",
        "step_time": 0.007880210876464844
    },
    {
        "index": 50,
        "step": "by (simp add: empty_fail_def return_def)",
        "output": "",
        "raw_output": "",
        "step_time": 0.008197546005249023
    },
    {
        "index": 51,
        "step": "lemma empty_fail_returnOk[empty_fail_term]:\n  \"empty_fail (returnOk v)\"",
        "output": "",
        "raw_output": "proof (prove)\ngoal (1 subgoal):\n 1. empty_fail (returnOk v)",
        "step_time": 0.008152246475219727
    },
    {
        "index": 52,
        "step": "by (fastforce simp: returnOk_def empty_fail_term)",
        "output": "",
        "raw_output": "",
        "step_time": 0.008021354675292969
    },
    {
        "index": 53,
        "step": "lemma empty_fail_throwError[empty_fail_term]:\n  \"empty_fail (throwError v)\"",
        "output": "",
        "raw_output": "proof (prove)\ngoal (1 subgoal):\n 1. empty_fail (throwError v)",
        "step_time": 0.0077059268951416016
    },
    {
        "index": 54,
        "step": "by (fastforce simp: throwError_def empty_fail_term)",
        "output": "",
        "raw_output": "",
        "step_time": 0.00853729248046875
    },
    {
        "index": 55,
        "step": "lemma empty_fail_lift[empty_fail_cond]:\n  \"\\<lbrakk> \\<And>x. empty_fail (f x) \\<rbrakk> \\<Longrightarrow> empty_fail (lift f x)\"",
        "output": "",
        "raw_output": "proof (prove)\ngoal (1 subgoal):\n 1. (\\<And>x. empty_fail (f x)) \\<Longrightarrow> empty_fail (lift f x)",
        "step_time": 0.00970911979675293
    },
    {
        "index": 56,
        "step": "unfolding lift_def",
        "output": "",
        "raw_output": "proof (prove)\ngoal (1 subgoal):\n 1. (\\<And>x. empty_fail (f x)) \\<Longrightarrow> empty_fail (case x of Inl e \\<Rightarrow> throwError e | Inr v' \\<Rightarrow> f v')",
        "step_time": 0.007812023162841797
    },
    {
        "index": 57,
        "step": "by (auto simp: empty_fail_term split: sum.split)",
        "output": "",
        "raw_output": "",
        "step_time": 0.01189875602722168
    },
    {
        "index": 58,
        "step": "lemma empty_fail_liftE[empty_fail_cond]:\n  \"empty_fail f \\<Longrightarrow> empty_fail (liftE f)\"",
        "output": "",
        "raw_output": "proof (prove)\ngoal (1 subgoal):\n 1. empty_fail f \\<Longrightarrow> empty_fail (liftE f)",
        "step_time": 0.009612321853637695
    },
    {
        "index": 59,
        "step": "by (simp add: liftE_def empty_fail_cond empty_fail_term)",
        "output": "",
        "raw_output": "",
        "step_time": 0.009595632553100586
    },
    {
        "index": 60,
        "step": "lemma empty_fail_bindE[empty_fail_cond]:\n  \"\\<lbrakk> empty_fail f; \\<And>rv. empty_fail (g rv) \\<rbrakk> \\<Longrightarrow> empty_fail (f >>=E g)\"",
        "output": "",
        "raw_output": "proof (prove)\ngoal (1 subgoal):\n 1. \\<lbrakk>empty_fail f; \\<And>rv. empty_fail (g rv)\\<rbrakk> \\<Longrightarrow> empty_fail (f >>=E g)",
        "step_time": 0.010227203369140625
    },
    {
        "index": 61,
        "step": "by (simp add: bindE_def empty_fail_cond)",
        "output": "",
        "raw_output": "",
        "step_time": 0.008808135986328125
    },
    {
        "index": 62,
        "step": "lemma empty_fail_mapM[empty_fail_cond]:\n  assumes m: \"\\<And>x. x \\<in> set xs \\<Longrightarrow> empty_fail (m x)\"\n  shows \"empty_fail (mapM m xs)\"",
        "output": "",
        "raw_output": "proof (prove)\ngoal (1 subgoal):\n 1. empty_fail (mapM m xs)",
        "step_time": 0.010851383209228516
    },
    {
        "index": 63,
        "step": "using m",
        "output": "",
        "raw_output": "proof (prove)\nusing this:\n?x \\<in> set xs \\<Longrightarrow> empty_fail (m ?x)\n\ngoal (1 subgoal):\n 1. empty_fail (mapM m xs)",
        "step_time": 0.006058216094970703
    },
    {
        "index": 64,
        "step": "proof (induct xs)",
        "output": "",
        "raw_output": "proof (state)\ngoal (2 subgoals):\n 1. (\\<And>x. x \\<in> set [] \\<Longrightarrow> empty_fail (m x)) \\<Longrightarrow> empty_fail (mapM m [])\n 2. \\<And>a xs. \\<lbrakk>(\\<And>x. x \\<in> set xs \\<Longrightarrow> empty_fail (m x)) \\<Longrightarrow> empty_fail (mapM m xs); \\<And>x. x \\<in> set (a # xs) \\<Longrightarrow> empty_fail (m x)\\<rbrakk> \\<Longrightarrow> empty_fail (mapM m (a # xs))",
        "step_time": 0.00983738899230957
    },
    {
        "index": 65,
        "step": "case Nil",
        "output": "",
        "raw_output": "proof (state)\nthis:\n?x \\<in> set [] \\<Longrightarrow> empty_fail (m ?x)\n\ngoal (2 subgoals):\n 1. (\\<And>x. x \\<in> set [] \\<Longrightarrow> empty_fail (m x)) \\<Longrightarrow> empty_fail (mapM m [])\n 2. \\<And>a xs. \\<lbrakk>(\\<And>x. x \\<in> set xs \\<Longrightarrow> empty_fail (m x)) \\<Longrightarrow> empty_fail (mapM m xs); \\<And>x. x \\<in> set (a # xs) \\<Longrightarrow> empty_fail (m x)\\<rbrakk> \\<Longrightarrow> empty_fail (mapM m (a # xs))",
        "step_time": 0.008179664611816406
    },
    {
        "index": 66,
        "step": "thus ?case",
        "output": "",
        "raw_output": "proof (prove)\nusing this:\n?x \\<in> set [] \\<Longrightarrow> empty_fail (m ?x)\n\ngoal (1 subgoal):\n 1. empty_fail (mapM m [])",
        "step_time": 0.00796651840209961
    },
    {
        "index": 67,
        "step": "by (simp add: mapM_def sequence_def empty_fail_term)",
        "output": "",
        "raw_output": "proof (state)\nthis:\nempty_fail (mapM m [])\n\ngoal (1 subgoal):\n 1. \\<And>a xs. \\<lbrakk>(\\<And>x. x \\<in> set xs \\<Longrightarrow> empty_fail (m x)) \\<Longrightarrow> empty_fail (mapM m xs); \\<And>x. x \\<in> set (a # xs) \\<Longrightarrow> empty_fail (m x)\\<rbrakk> \\<Longrightarrow> empty_fail (mapM m (a # xs))",
        "step_time": 0.011356592178344727
    },
    {
        "index": 68,
        "step": "next",
        "output": "",
        "raw_output": "proof (state)\ngoal (1 subgoal):\n 1. \\<And>a xs. \\<lbrakk>(\\<And>x. x \\<in> set xs \\<Longrightarrow> empty_fail (m x)) \\<Longrightarrow> empty_fail (mapM m xs); \\<And>x. x \\<in> set (a # xs) \\<Longrightarrow> empty_fail (m x)\\<rbrakk> \\<Longrightarrow> empty_fail (mapM m (a # xs))",
        "step_time": 0.006205081939697266
    },
    {
        "index": 69,
        "step": "case Cons",
        "output": "",
        "raw_output": "proof (state)\nthis:\n(\\<And>x. x \\<in> set xs_ \\<Longrightarrow> empty_fail (m x)) \\<Longrightarrow> empty_fail (mapM m xs_)\n?x \\<in> set (a_ # xs_) \\<Longrightarrow> empty_fail (m ?x)\n\ngoal (1 subgoal):\n 1. \\<And>a xs. \\<lbrakk>(\\<And>x. x \\<in> set xs \\<Longrightarrow> empty_fail (m x)) \\<Longrightarrow> empty_fail (mapM m xs); \\<And>x. x \\<in> set (a # xs) \\<Longrightarrow> empty_fail (m x)\\<rbrakk> \\<Longrightarrow> empty_fail (mapM m (a # xs))",
        "step_time": 0.008516311645507812
    },
    {
        "index": 70,
        "step": "have P: \"\\<And>m x xs. mapM m (x # xs) = (do y \\<leftarrow> m x; ys \\<leftarrow> (mapM m xs); return (y # ys) od)\"",
        "output": "",
        "raw_output": "proof (prove)\ngoal (1 subgoal):\n 1. \\<And>m x xs. mapM m (x # xs) = do y <- m x;\nys <- mapM m xs;\nreturn (y # ys)\nod",
        "step_time": 0.012417316436767578
    },
    {
        "index": 71,
        "step": "by (simp add: mapM_def sequence_def Let_def)",
        "output": "",
        "raw_output": "proof (state)\nthis:\nmapM ?m (?x # ?xs) = do y <- ?m ?x;\nys <- mapM ?m ?xs;\nreturn (y # ys)\nod\n\ngoal (1 subgoal):\n 1. \\<And>a xs. \\<lbrakk>(\\<And>x. x \\<in> set xs \\<Longrightarrow> empty_fail (m x)) \\<Longrightarrow> empty_fail (mapM m xs); \\<And>x. x \\<in> set (a # xs) \\<Longrightarrow> empty_fail (m x)\\<rbrakk> \\<Longrightarrow> empty_fail (mapM m (a # xs))",
        "step_time": 0.012154340744018555
    },
    {
        "index": 72,
        "step": "from Cons",
        "output": "",
        "raw_output": "proof (chain)\npicking this:\n(\\<And>x. x \\<in> set xs_ \\<Longrightarrow> empty_fail (m x)) \\<Longrightarrow> empty_fail (mapM m xs_)\n?x \\<in> set (a_ # xs_) \\<Longrightarrow> empty_fail (m ?x)",
        "step_time": 0.007709026336669922
    },
    {
        "index": 73,
        "step": "show ?case",
        "output": "",
        "raw_output": "proof (prove)\nusing this:\n(\\<And>x. x \\<in> set xs_ \\<Longrightarrow> empty_fail (m x)) \\<Longrightarrow> empty_fail (mapM m xs_)\n?x \\<in> set (a_ # xs_) \\<Longrightarrow> empty_fail (m ?x)\n\ngoal (1 subgoal):\n 1. empty_fail (mapM m (a_ # xs_))",
        "step_time": 0.0090179443359375
    },
    {
        "index": 74,
        "step": "by (simp add: P m empty_fail_cond empty_fail_term)",
        "output": "",
        "raw_output": "proof (state)\nthis:\nempty_fail (mapM m (a_ # xs_))\n\ngoal:\nNo subgoals!",
        "step_time": 0.01581573486328125
    },
    {
        "index": 75,
        "step": "qed",
        "output": "",
        "raw_output": "",
        "step_time": 0.0064160823822021484
    },
    {
        "index": 76,
        "step": "lemma empty_fail_fail[empty_fail_term]:\n  \"empty_fail fail\"",
        "output": "",
        "raw_output": "proof (prove)\ngoal (1 subgoal):\n 1. empty_fail fail",
        "step_time": 0.0062677860260009766
    },
    {
        "index": 77,
        "step": "by (simp add: fail_def empty_fail_def)",
        "output": "",
        "raw_output": "",
        "step_time": 0.006797075271606445
    },
    {
        "index": 78,
        "step": "lemma empty_fail_assert[empty_fail_term]:\n  \"empty_fail (assert P)\"",
        "output": "",
        "raw_output": "proof (prove)\ngoal (1 subgoal):\n 1. empty_fail (assert P)",
        "step_time": 0.006564140319824219
    },
    {
        "index": 79,
        "step": "unfolding assert_def",
        "output": "",
        "raw_output": "proof (prove)\ngoal (1 subgoal):\n 1. empty_fail (if P then return () else fail)",
        "step_time": 0.007762432098388672
    },
    {
        "index": 80,
        "step": "by (simp add: empty_fail_term)",
        "output": "",
        "raw_output": "",
        "step_time": 0.008345603942871094
    },
    {
        "index": 81,
        "step": "lemma empty_fail_assert_opt[empty_fail_term]:\n  \"empty_fail (assert_opt x)\"",
        "output": "",
        "raw_output": "proof (prove)\ngoal (1 subgoal):\n 1. empty_fail (assert_opt x)",
        "step_time": 0.006426811218261719
    },
    {
        "index": 82,
        "step": "by (simp add: assert_opt_def empty_fail_term split: option.splits)",
        "output": "",
        "raw_output": "",
        "step_time": 0.00956416130065918
    },
    {
        "index": 83,
        "step": "lemma empty_fail_mk_ef[empty_fail_term]:\n  \"empty_fail (mk_ef o m)\"",
        "output": "",
        "raw_output": "proof (prove)\ngoal (1 subgoal):\n 1. empty_fail (mk_ef \\<circ> m)",
        "step_time": 0.007454872131347656
    },
    {
        "index": 84,
        "step": "by (simp add: empty_fail_def mk_ef_def)",
        "output": "",
        "raw_output": "",
        "step_time": 0.0088348388671875
    },
    {
        "index": 85,
        "step": "lemma empty_fail_gets_the[empty_fail_term]:\n  \"empty_fail (gets_the f)\"",
        "output": "",
        "raw_output": "proof (prove)\ngoal (1 subgoal):\n 1. empty_fail (gets_the f)",
        "step_time": 0.007402181625366211
    },
    {
        "index": 86,
        "step": "unfolding gets_the_def",
        "output": "",
        "raw_output": "proof (prove)\ngoal (1 subgoal):\n 1. empty_fail (gets f >>= assert_opt)",
        "step_time": 0.005981922149658203
    },
    {
        "index": 87,
        "step": "by (simp add: empty_fail_cond empty_fail_term)",
        "output": "",
        "raw_output": "",
        "step_time": 0.009435653686523438
    },
    {
        "index": 88,
        "step": "lemma empty_fail_gets_map[empty_fail_term]:\n  \"empty_fail (gets_map f p)\"",
        "output": "",
        "raw_output": "proof (prove)\ngoal (1 subgoal):\n 1. empty_fail (gets_map f p)",
        "step_time": 0.007135152816772461
    },
    {
        "index": 89,
        "step": "unfolding gets_map_def",
        "output": "",
        "raw_output": "proof (prove)\ngoal (1 subgoal):\n 1. empty_fail (do m <- gets f;\nassert_opt (m p)\nod)",
        "step_time": 0.005739927291870117
    },
    {
        "index": 90,
        "step": "by (simp add: empty_fail_term empty_fail_cond)",
        "output": "",
        "raw_output": "",
        "step_time": 0.009815216064453125
    },
    {
        "index": 91,
        "step": "lemma empty_fail_whenEs[empty_fail_cond]:\n  \"(P \\<Longrightarrow> empty_fail f) \\<Longrightarrow> empty_fail (whenE P f)\"\n  \"(\\<not>P \\<Longrightarrow> empty_fail f) \\<Longrightarrow> empty_fail (unlessE P f)\"",
        "output": "",
        "raw_output": "proof (prove)\ngoal (1 subgoal):\n 1. ((P \\<Longrightarrow> empty_fail f) \\<Longrightarrow> empty_fail (whenE P f)) &&& ((\\<not> P \\<Longrightarrow> empty_fail f) \\<Longrightarrow> empty_fail (unlessE P f))",
        "step_time": 0.008748769760131836
    },
    {
        "index": 92,
        "step": "by (auto simp add: whenE_def unlessE_def empty_fail_term)",
        "output": "",
        "raw_output": "",
        "step_time": 0.01079106330871582
    },
    {
        "index": 93,
        "step": "lemma empty_fail_assertE[empty_fail_term]:\n  \"empty_fail (assertE P)\"",
        "output": "",
        "raw_output": "proof (prove)\ngoal (1 subgoal):\n 1. empty_fail (assertE P)",
        "step_time": 0.007016181945800781
    },
    {
        "index": 94,
        "step": "by (simp add: assertE_def empty_fail_term)",
        "output": "",
        "raw_output": "",
        "step_time": 0.00891566276550293
    },
    {
        "index": 95,
        "step": "lemma empty_fail_get[empty_fail_term]:\n  \"empty_fail get\"",
        "output": "",
        "raw_output": "proof (prove)\ngoal (1 subgoal):\n 1. empty_fail get",
        "step_time": 0.006243705749511719
    },
    {
        "index": 96,
        "step": "by (simp add: empty_fail_def get_def)",
        "output": "",
        "raw_output": "",
        "step_time": 0.006262063980102539
    },
    {
        "index": 97,
        "step": "lemma empty_fail_catch[empty_fail_cond]:\n  \"\\<lbrakk> empty_fail f; \\<And>x. empty_fail (g x) \\<rbrakk> \\<Longrightarrow> empty_fail (catch f g)\"",
        "output": "",
        "raw_output": "proof (prove)\ngoal (1 subgoal):\n 1. \\<lbrakk>empty_fail f; \\<And>x. empty_fail (g x)\\<rbrakk> \\<Longrightarrow> empty_fail (f <catch> g)",
        "step_time": 0.009169578552246094
    },
    {
        "index": 98,
        "step": "by (simp add: catch_def empty_fail_cond empty_fail_term split: sum.split)",
        "output": "",
        "raw_output": "",
        "step_time": 0.01217508316040039
    },
    {
        "index": 99,
        "step": "lemma empty_fail_guard[empty_fail_term]:\n  \"empty_fail (state_assert G)\"",
        "output": "",
        "raw_output": "proof (prove)\ngoal (1 subgoal):\n 1. empty_fail (state_assert G)",
        "step_time": 0.008901119232177734
    },
    {
        "index": 100,
        "step": "by (clarsimp simp: state_assert_def empty_fail_cond empty_fail_term)",
        "output": "",
        "raw_output": "",
        "step_time": 0.011780261993408203
    },
    {
        "index": 101,
        "step": "lemma empty_fail_spec[empty_fail_term]:\n  \"empty_fail (state_select F)\"",
        "output": "",
        "raw_output": "proof (prove)\ngoal (1 subgoal):\n 1. empty_fail (state_select F)",
        "step_time": 0.0071010589599609375
    },
    {
        "index": 102,
        "step": "by (clarsimp simp: state_select_def empty_fail_def)",
        "output": "",
        "raw_output": "",
        "step_time": 0.009033441543579102
    },
    {
        "index": 103,
        "step": "lemma empty_fail_when[empty_fail_cond]:\n  \"(P \\<Longrightarrow> empty_fail x) \\<Longrightarrow> empty_fail (when P x)\"",
        "output": "",
        "raw_output": "proof (prove)\ngoal (1 subgoal):\n 1. (P \\<Longrightarrow> empty_fail x) \\<Longrightarrow> empty_fail (when P x)",
        "step_time": 0.007557868957519531
    },
    {
        "index": 104,
        "step": "unfolding when_def",
        "output": "",
        "raw_output": "proof (prove)\ngoal (1 subgoal):\n 1. (P \\<Longrightarrow> empty_fail x) \\<Longrightarrow> empty_fail (if P then x else return ())",
        "step_time": 0.005705595016479492
    },
    {
        "index": 105,
        "step": "by (simp add: empty_fail_term)",
        "output": "",
        "raw_output": "",
        "step_time": 0.008078813552856445
    },
    {
        "index": 106,
        "step": "lemma empty_fail_unless[empty_fail_cond]:\n  \"(\\<not>P \\<Longrightarrow> empty_fail f) \\<Longrightarrow> empty_fail (unless P f)\"",
        "output": "",
        "raw_output": "proof (prove)\ngoal (1 subgoal):\n 1. (\\<not> P \\<Longrightarrow> empty_fail f) \\<Longrightarrow> empty_fail (unless P f)",
        "step_time": 0.007704734802246094
    },
    {
        "index": 107,
        "step": "unfolding unless_def",
        "output": "",
        "raw_output": "proof (prove)\ngoal (1 subgoal):\n 1. (\\<not> P \\<Longrightarrow> empty_fail f) \\<Longrightarrow> empty_fail (when (\\<not> P) f)",
        "step_time": 0.005537986755371094
    },
    {
        "index": 108,
        "step": "by (simp add: empty_fail_cond)",
        "output": "",
        "raw_output": "",
        "step_time": 0.00928044319152832
    },
    {
        "index": 109,
        "step": "lemma empty_fail_liftM[empty_fail_cond]:\n  \"empty_fail m \\<Longrightarrow> empty_fail (liftM f m)\"",
        "output": "",
        "raw_output": "proof (prove)\ngoal (1 subgoal):\n 1. empty_fail m \\<Longrightarrow> empty_fail (liftM f m)",
        "step_time": 0.007589101791381836
    },
    {
        "index": 110,
        "step": "unfolding liftM_def",
        "output": "",
        "raw_output": "proof (prove)\ngoal (1 subgoal):\n 1. empty_fail m \\<Longrightarrow> empty_fail (do x <- m;\nreturn (f x)\nod)",
        "step_time": 0.00525212287902832
    },
    {
        "index": 111,
        "step": "by (fastforce simp: empty_fail_term empty_fail_cond)",
        "output": "",
        "raw_output": "",
        "step_time": 0.009487628936767578
    },
    {
        "index": 112,
        "step": "lemma empty_fail_liftME[empty_fail_cond]:\n  \"empty_fail m \\<Longrightarrow> empty_fail (liftME f m)\"",
        "output": "",
        "raw_output": "proof (prove)\ngoal (1 subgoal):\n 1. empty_fail m \\<Longrightarrow> empty_fail (liftME f m)",
        "step_time": 0.008042097091674805
    },
    {
        "index": 113,
        "step": "unfolding liftME_def",
        "output": "",
        "raw_output": "proof (prove)\ngoal (1 subgoal):\n 1. empty_fail m \\<Longrightarrow> empty_fail (doE x <- m;\nreturnOk (f x)\nodE)",
        "step_time": 0.005607128143310547
    },
    {
        "index": 114,
        "step": "by (simp add: empty_fail_term empty_fail_cond)",
        "output": "",
        "raw_output": "",
        "step_time": 0.010399580001831055
    },
    {
        "index": 115,
        "step": "lemma empty_fail_handleE[empty_fail_cond]:\n  \"\\<lbrakk> empty_fail L; \\<And>r. empty_fail (R r) \\<rbrakk> \\<Longrightarrow> empty_fail (L <handle> R)\"",
        "output": "",
        "raw_output": "proof (prove)\ngoal (1 subgoal):\n 1. \\<lbrakk>empty_fail L; \\<And>r. empty_fail (R r)\\<rbrakk> \\<Longrightarrow> empty_fail (L <handle> R)",
        "step_time": 0.00874018669128418
    },
    {
        "index": 116,
        "step": "by (clarsimp simp: handleE_def handleE'_def empty_fail_term empty_fail_cond split: sum.splits)",
        "output": "",
        "raw_output": "",
        "step_time": 0.012371540069580078
    },
    {
        "index": 117,
        "step": "lemma empty_fail_handle'[empty_fail_cond]:\n  \"\\<lbrakk>empty_fail f; \\<And>e. empty_fail (handler e)\\<rbrakk> \\<Longrightarrow> empty_fail (f <handle2> handler)\"",
        "output": "",
        "raw_output": "proof (prove)\ngoal (1 subgoal):\n 1. \\<lbrakk>empty_fail f; \\<And>e. empty_fail (handler e)\\<rbrakk> \\<Longrightarrow> empty_fail (f <handle2> handler)",
        "step_time": 0.009163618087768555
    },
    {
        "index": 118,
        "step": "unfolding handleE'_def",
        "output": "",
        "raw_output": "proof (prove)\ngoal (1 subgoal):\n 1. \\<lbrakk>empty_fail f; \\<And>e. empty_fail (handler e)\\<rbrakk> \\<Longrightarrow> empty_fail (do v <- f;\ncase v of Inl e \\<Rightarrow> handler e | Inr v' \\<Rightarrow> return (Inr v')\nod)",
        "step_time": 0.00620722770690918
    },
    {
        "index": 119,
        "step": "by (fastforce simp: empty_fail_term empty_fail_cond split: sum.splits)",
        "output": "",
        "raw_output": "",
        "step_time": 0.013921976089477539
    },
    {
        "index": 120,
        "step": "lemma empty_fail_sequence[empty_fail_cond]:\n  \"(\\<And>m. m \\<in> set ms \\<Longrightarrow> empty_fail m) \\<Longrightarrow> empty_fail (sequence ms)\"",
        "output": "",
        "raw_output": "proof (prove)\ngoal (1 subgoal):\n 1. (\\<And>m. m \\<in> set ms \\<Longrightarrow> empty_fail m) \\<Longrightarrow> empty_fail (sequence ms)",
        "step_time": 0.009505510330200195
    },
    {
        "index": 121,
        "step": "unfolding sequence_def",
        "output": "",
        "raw_output": "proof (prove)\ngoal (1 subgoal):\n 1. (\\<And>m. m \\<in> set ms \\<Longrightarrow> empty_fail m) \\<Longrightarrow> empty_fail (let mcons = \\<lambda>p q. do x <- p;\ny <- q;\nreturn (x # y)\nod in foldr mcons ms (return []))",
        "step_time": 0.006986141204833984
    },
    {
        "index": 122,
        "step": "by (induct ms; simp add: empty_fail_term empty_fail_cond)",
        "output": "",
        "raw_output": "",
        "step_time": 0.023482799530029297
    },
    {
        "index": 123,
        "step": "lemma empty_fail_sequence_x[empty_fail_cond]:\n  \"(\\<And>m. m \\<in> set ms \\<Longrightarrow> empty_fail m) \\<Longrightarrow> empty_fail (sequence_x ms)\"",
        "output": "",
        "raw_output": "proof (prove)\ngoal (1 subgoal):\n 1. (\\<And>m. m \\<in> set ms \\<Longrightarrow> empty_fail m) \\<Longrightarrow> empty_fail (sequence_x ms)",
        "step_time": 0.008027791976928711
    },
    {
        "index": 124,
        "step": "unfolding sequence_x_def",
        "output": "",
        "raw_output": "proof (prove)\ngoal (1 subgoal):\n 1. (\\<And>m. m \\<in> set ms \\<Longrightarrow> empty_fail m) \\<Longrightarrow> empty_fail (foldr (\\<lambda>x y. do _ <- x;\ny\nod) ms (return ()))",
        "step_time": 0.005574941635131836
    },
    {
        "index": 125,
        "step": "by (induct ms; simp add: empty_fail_term empty_fail_cond)",
        "output": "",
        "raw_output": "",
        "step_time": 0.017533063888549805
    },
    {
        "index": 126,
        "step": "lemma empty_fail_sequenceE[empty_fail_cond]:\n  \"(\\<And>m. m \\<in> set ms \\<Longrightarrow> empty_fail m) \\<Longrightarrow> empty_fail (sequenceE ms)\"",
        "output": "",
        "raw_output": "proof (prove)\ngoal (1 subgoal):\n 1. (\\<And>m. m \\<in> set ms \\<Longrightarrow> empty_fail m) \\<Longrightarrow> empty_fail (sequenceE ms)",
        "step_time": 0.010480880737304688
    },
    {
        "index": 127,
        "step": "unfolding sequenceE_def",
        "output": "",
        "raw_output": "proof (prove)\ngoal (1 subgoal):\n 1. (\\<And>m. m \\<in> set ms \\<Longrightarrow> empty_fail m) \\<Longrightarrow> empty_fail (let mcons = \\<lambda>p q. doE x <- p;\ny <- q;\nreturnOk (x # y)\nodE in foldr mcons ms (returnOk []))",
        "step_time": 0.006810903549194336
    },
    {
        "index": 128,
        "step": "by (induct ms; simp add: empty_fail_term empty_fail_cond)",
        "output": "",
        "raw_output": "",
        "step_time": 0.020571231842041016
    },
    {
        "index": 129,
        "step": "lemma empty_fail_sequenceE_x[empty_fail_cond]:\n  \"(\\<And>m. m \\<in> set ms \\<Longrightarrow> empty_fail m) \\<Longrightarrow> empty_fail (sequenceE_x ms)\"",
        "output": "",
        "raw_output": "proof (prove)\ngoal (1 subgoal):\n 1. (\\<And>m. m \\<in> set ms \\<Longrightarrow> empty_fail m) \\<Longrightarrow> empty_fail (sequenceE_x ms)",
        "step_time": 0.009482622146606445
    },
    {
        "index": 130,
        "step": "unfolding sequenceE_x_def",
        "output": "",
        "raw_output": "proof (prove)\ngoal (1 subgoal):\n 1. (\\<And>m. m \\<in> set ms \\<Longrightarrow> empty_fail m) \\<Longrightarrow> empty_fail (foldr (\\<lambda>x y. doE _ <- x;\ny\nodE) ms (returnOk ()))",
        "step_time": 0.006800174713134766
    },
    {
        "index": 131,
        "step": "by (induct ms; simp add: empty_fail_term empty_fail_cond)",
        "output": "",
        "raw_output": "",
        "step_time": 0.016621828079223633
    },
    {
        "index": 132,
        "step": "lemma empty_fail_mapM_x[empty_fail_cond]:\n  \"(\\<And>m. m \\<in> f ` set ms \\<Longrightarrow> empty_fail m) \\<Longrightarrow> empty_fail (mapM_x f ms)\"",
        "output": "",
        "raw_output": "proof (prove)\ngoal (1 subgoal):\n 1. (\\<And>m. m \\<in> f ` set ms \\<Longrightarrow> empty_fail m) \\<Longrightarrow> empty_fail (mapM_x f ms)",
        "step_time": 0.008502721786499023
    },
    {
        "index": 133,
        "step": "unfolding mapM_x_def",
        "output": "",
        "raw_output": "proof (prove)\ngoal (1 subgoal):\n 1. (\\<And>m. m \\<in> f ` set ms \\<Longrightarrow> empty_fail m) \\<Longrightarrow> empty_fail (sequence_x (map f ms))",
        "step_time": 0.006360769271850586
    },
    {
        "index": 134,
        "step": "by (fastforce intro: empty_fail_term empty_fail_cond)",
        "output": "",
        "raw_output": "",
        "step_time": 0.0241091251373291
    },
    {
        "index": 135,
        "step": "lemma empty_fail_mapME[empty_fail_cond]:\n  \"(\\<And>m. m \\<in> f ` set xs \\<Longrightarrow> empty_fail m) \\<Longrightarrow> empty_fail (mapME f xs)\"",
        "output": "",
        "raw_output": "proof (prove)\ngoal (1 subgoal):\n 1. (\\<And>m. m \\<in> f ` set xs \\<Longrightarrow> empty_fail m) \\<Longrightarrow> empty_fail (mapME f xs)",
        "step_time": 0.01076197624206543
    },
    {
        "index": 136,
        "step": "unfolding mapME_def",
        "output": "",
        "raw_output": "proof (prove)\ngoal (1 subgoal):\n 1. (\\<And>m. m \\<in> f ` set xs \\<Longrightarrow> empty_fail m) \\<Longrightarrow> empty_fail (sequenceE (map f xs))",
        "step_time": 0.006696462631225586
    },
    {
        "index": 137,
        "step": "by (fastforce intro: empty_fail_term empty_fail_cond)",
        "output": "",
        "raw_output": "",
        "step_time": 0.030220508575439453
    },
    {
        "index": 138,
        "step": "lemma empty_fail_mapME_x[empty_fail_cond]:\n  \"(\\<And>m'. m' \\<in> f ` set xs \\<Longrightarrow> empty_fail m') \\<Longrightarrow> empty_fail (mapME_x f xs)\"",
        "output": "",
        "raw_output": "proof (prove)\ngoal (1 subgoal):\n 1. (\\<And>m'. m' \\<in> f ` set xs \\<Longrightarrow> empty_fail m') \\<Longrightarrow> empty_fail (mapME_x f xs)",
        "step_time": 0.010183572769165039
    },
    {
        "index": 139,
        "step": "unfolding mapME_x_def",
        "output": "",
        "raw_output": "proof (prove)\ngoal (1 subgoal):\n 1. (\\<And>m'. m' \\<in> f ` set xs \\<Longrightarrow> empty_fail m') \\<Longrightarrow> empty_fail (sequenceE_x (map f xs))",
        "step_time": 0.006583452224731445
    },
    {
        "index": 140,
        "step": "by (fastforce intro: empty_fail_term empty_fail_cond)",
        "output": "",
        "raw_output": "",
        "step_time": 0.0242917537689209
    },
    {
        "index": 141,
        "step": "lemma empty_fail_filterM[empty_fail_cond]:\n  \"(\\<And>m. m \\<in> set ms \\<Longrightarrow> empty_fail (P m)) \\<Longrightarrow> empty_fail (filterM P ms)\"",
        "output": "",
        "raw_output": "proof (prove)\ngoal (1 subgoal):\n 1. (\\<And>m. m \\<in> set ms \\<Longrightarrow> empty_fail (P m)) \\<Longrightarrow> empty_fail (filterM P ms)",
        "step_time": 0.009949922561645508
    },
    {
        "index": 142,
        "step": "by (induct ms; simp add: empty_fail_term empty_fail_cond)",
        "output": "",
        "raw_output": "",
        "step_time": 0.018348217010498047
    },
    {
        "index": 143,
        "step": "lemma empty_fail_zipWithM_x[empty_fail_cond]:\n  \"(\\<And>x y. empty_fail (f x y)) \\<Longrightarrow> empty_fail (zipWithM_x f xs ys)\"",
        "output": "",
        "raw_output": "proof (prove)\ngoal (1 subgoal):\n 1. (\\<And>x y. empty_fail (f x y)) \\<Longrightarrow> empty_fail (zipWithM_x f xs ys)",
        "step_time": 0.009435892105102539
    },
    {
        "index": 144,
        "step": "unfolding zipWithM_x_def zipWith_def",
        "output": "",
        "raw_output": "proof (prove)\ngoal (1 subgoal):\n 1. (\\<And>x y. empty_fail (f x y)) \\<Longrightarrow> empty_fail (sequence_x (map2 f xs ys))",
        "step_time": 0.007796287536621094
    },
    {
        "index": 145,
        "step": "by (fastforce intro: empty_fail_term empty_fail_cond)",
        "output": "",
        "raw_output": "",
        "step_time": 0.025095701217651367
    },
    {
        "index": 146,
        "step": "lemma empty_fail_zipWithM[empty_fail_cond]:\n  \"(\\<And>x y. empty_fail (f x y)) \\<Longrightarrow> empty_fail (zipWithM f xs ys)\"",
        "output": "",
        "raw_output": "proof (prove)\ngoal (1 subgoal):\n 1. (\\<And>x y. empty_fail (f x y)) \\<Longrightarrow> empty_fail (zipWithM f xs ys)",
        "step_time": 0.010593891143798828
    },
    {
        "index": 147,
        "step": "unfolding zipWithM_def zipWith_def",
        "output": "",
        "raw_output": "proof (prove)\ngoal (1 subgoal):\n 1. (\\<And>x y. empty_fail (f x y)) \\<Longrightarrow> empty_fail (sequence (map2 f xs ys))",
        "step_time": 0.0063018798828125
    },
    {
        "index": 148,
        "step": "by (fastforce intro: empty_fail_term empty_fail_cond)",
        "output": "",
        "raw_output": "",
        "step_time": 0.024659395217895508
    },
    {
        "index": 149,
        "step": "lemma empty_fail_maybeM[empty_fail_cond]:\n  \"\\<forall>x. empty_fail (f x) \\<Longrightarrow> empty_fail (maybeM f t)\"",
        "output": "",
        "raw_output": "proof (prove)\ngoal (1 subgoal):\n 1. \\<forall>x. empty_fail (f x) \\<Longrightarrow> empty_fail (maybeM f t)",
        "step_time": 0.00879669189453125
    },
    {
        "index": 150,
        "step": "unfolding maybeM_def",
        "output": "",
        "raw_output": "proof (prove)\ngoal (1 subgoal):\n 1. \\<forall>x. empty_fail (f x) \\<Longrightarrow> empty_fail (case t of None \\<Rightarrow> return () | Some x \\<Rightarrow> f x)",
        "step_time": 0.006756305694580078
    },
    {
        "index": 151,
        "step": "by (fastforce intro: empty_fail_term split: option.splits)",
        "output": "",
        "raw_output": "",
        "step_time": 0.013782024383544922
    },
    {
        "index": 152,
        "step": "lemma empty_fail_ifM[empty_fail_cond]:\n  \"\\<lbrakk> empty_fail P; empty_fail a; empty_fail b \\<rbrakk> \\<Longrightarrow> empty_fail (ifM P a b)\"",
        "output": "",
        "raw_output": "proof (prove)\ngoal (1 subgoal):\n 1. \\<lbrakk>empty_fail P; empty_fail a; empty_fail b\\<rbrakk> \\<Longrightarrow> empty_fail (ifM P a b)",
        "step_time": 0.009503364562988281
    },
    {
        "index": 153,
        "step": "by (simp add: ifM_def empty_fail_cond)",
        "output": "",
        "raw_output": "",
        "step_time": 0.012578725814819336
    },
    {
        "index": 154,
        "step": "lemma empty_fail_ifME[empty_fail_cond]:\n  \"\\<lbrakk> empty_fail P; empty_fail a; empty_fail b \\<rbrakk> \\<Longrightarrow> empty_fail (ifME P a b)\"",
        "output": "",
        "raw_output": "proof (prove)\ngoal (1 subgoal):\n 1. \\<lbrakk>empty_fail P; empty_fail a; empty_fail b\\<rbrakk> \\<Longrightarrow> empty_fail (ifME P a b)",
        "step_time": 0.00923466682434082
    },
    {
        "index": 155,
        "step": "by (simp add: ifME_def empty_fail_cond)",
        "output": "",
        "raw_output": "",
        "step_time": 0.013347625732421875
    },
    {
        "index": 156,
        "step": "lemma empty_fail_whenM[empty_fail_cond]:\n  \"\\<lbrakk> empty_fail P; empty_fail f \\<rbrakk> \\<Longrightarrow> empty_fail (whenM P f)\"",
        "output": "",
        "raw_output": "proof (prove)\ngoal (1 subgoal):\n 1. \\<lbrakk>empty_fail P; empty_fail f\\<rbrakk> \\<Longrightarrow> empty_fail (whenM P f)",
        "step_time": 0.008547306060791016
    },
    {
        "index": 157,
        "step": "by (simp add: whenM_def empty_fail_term empty_fail_cond)",
        "output": "",
        "raw_output": "",
        "step_time": 0.013549327850341797
    },
    {
        "index": 158,
        "step": "lemma empty_fail_andM[empty_fail_cond]:\n  \"\\<lbrakk> empty_fail A; empty_fail B \\<rbrakk> \\<Longrightarrow> empty_fail (andM A B)\"",
        "output": "",
        "raw_output": "proof (prove)\ngoal (1 subgoal):\n 1. \\<lbrakk>empty_fail A; empty_fail B\\<rbrakk> \\<Longrightarrow> empty_fail (andM A B)",
        "step_time": 0.00847172737121582
    },
    {
        "index": 159,
        "step": "by (simp add: andM_def empty_fail_term empty_fail_cond)",
        "output": "",
        "raw_output": "",
        "step_time": 0.014412403106689453
    },
    {
        "index": 160,
        "step": "lemma empty_fail_orM[empty_fail_cond]:\n  \"\\<lbrakk> empty_fail A; empty_fail B \\<rbrakk> \\<Longrightarrow> empty_fail (orM A B)\"",
        "output": "",
        "raw_output": "proof (prove)\ngoal (1 subgoal):\n 1. \\<lbrakk>empty_fail A; empty_fail B\\<rbrakk> \\<Longrightarrow> empty_fail (orM A B)",
        "step_time": 0.008091449737548828
    },
    {
        "index": 161,
        "step": "by (simp add: orM_def empty_fail_term empty_fail_cond)",
        "output": "",
        "raw_output": "",
        "step_time": 0.013241052627563477
    },
    {
        "index": 162,
        "step": "lemma empty_fail_notM[empty_fail_cond]:\n  \"empty_fail A \\<Longrightarrow> empty_fail (notM A)\"",
        "output": "",
        "raw_output": "proof (prove)\ngoal (1 subgoal):\n 1. empty_fail A \\<Longrightarrow> empty_fail (notM A)",
        "step_time": 0.0071218013763427734
    },
    {
        "index": 163,
        "step": "by (simp add: notM_def empty_fail_term empty_fail_cond)",
        "output": "",
        "raw_output": "",
        "step_time": 0.014047622680664062
    },
    {
        "index": 164,
        "step": "\n\n(* not everything [simp] by default, because side conditions can slow down simp a lot *)\n",
        "output": "",
        "raw_output": "",
        "step_time": 0.0047910213470458984
    },
    {
        "index": 165,
        "step": "lemmas empty_fail[wp, intro!] = empty_fail_term empty_fail_cond",
        "output": "",
        "raw_output": "",
        "step_time": 0.027109384536743164
    },
    {
        "index": 166,
        "step": "lemmas [simp] = empty_fail_term",
        "output": "",
        "raw_output": "",
        "step_time": 0.01136636734008789
    },
    {
        "index": 167,
        "step": "subsection \\<open>Equations and legacy names\\<close>",
        "output": "",
        "raw_output": "",
        "step_time": 0.00484919548034668
    },
    {
        "index": 168,
        "step": "lemma empty_fail_select_eq[simp]:\n  \"empty_fail (select V) = (V \\<noteq> {})\"",
        "output": "",
        "raw_output": "proof (prove)\ngoal (1 subgoal):\n 1. empty_fail (select V) = (V \\<noteq> {})",
        "step_time": 0.008070945739746094
    },
    {
        "index": 169,
        "step": "by (clarsimp simp: select_def empty_fail_def)",
        "output": "",
        "raw_output": "",
        "step_time": 0.008261442184448242
    },
    {
        "index": 170,
        "step": "lemma empty_fail_liftM_eq[simp]:\n  \"empty_fail (liftM f m) = empty_fail m\"",
        "output": "",
        "raw_output": "proof (prove)\ngoal (1 subgoal):\n 1. empty_fail (liftM f m) = empty_fail m",
        "step_time": 0.006540775299072266
    },
    {
        "index": 171,
        "step": "unfolding liftM_def",
        "output": "",
        "raw_output": "proof (prove)\ngoal (1 subgoal):\n 1. empty_fail (do x <- m;\nreturn (f x)\nod) = empty_fail m",
        "step_time": 0.005694866180419922
    },
    {
        "index": 172,
        "step": "by (fastforce dest: empty_fail_bindD1)",
        "output": "",
        "raw_output": "",
        "step_time": 0.008747577667236328
    },
    {
        "index": 173,
        "step": "lemma empty_fail_liftE_eq[simp]:\n  \"empty_fail (liftE f) = empty_fail f\"",
        "output": "",
        "raw_output": "proof (prove)\ngoal (1 subgoal):\n 1. empty_fail (liftE f) = empty_fail f",
        "step_time": 0.0072422027587890625
    },
    {
        "index": 174,
        "step": "by (fastforce simp: liftE_def empty_fail_def bind_def)",
        "output": "",
        "raw_output": "",
        "step_time": 0.03489279747009277
    },
    {
        "index": 175,
        "step": "lemma liftME_empty_fail_eq[simp]:\n  \"empty_fail (liftME f m) = empty_fail m\"",
        "output": "",
        "raw_output": "proof (prove)\ngoal (1 subgoal):\n 1. empty_fail (liftME f m) = empty_fail m",
        "step_time": 0.00881338119506836
    },
    {
        "index": 176,
        "step": "unfolding liftME_def",
        "output": "",
        "raw_output": "proof (prove)\ngoal (1 subgoal):\n 1. empty_fail (doE x <- m;\nreturnOk (f x)\nodE) = empty_fail m",
        "step_time": 0.005650758743286133
    },
    {
        "index": 177,
        "step": "by (fastforce dest: empty_fail_bindD1 simp: bindE_def)",
        "output": "",
        "raw_output": "",
        "step_time": 0.011537790298461914
    },
    {
        "index": 178,
        "step": "\n\n(* legacy name binding *)\n",
        "output": "",
        "raw_output": "",
        "step_time": 0.004589080810546875
    },
    {
        "index": 179,
        "step": "lemmas empty_fail_error_bits = empty_fail_returnOk empty_fail_throwError empty_fail_liftE_eq",
        "output": "",
        "raw_output": "",
        "step_time": 0.006296873092651367
    },
    {
        "index": 180,
        "step": "end",
        "output": "",
        "raw_output": "",
        "step_time": 0.0062105655670166016
    }
]