[
    {
        "index": 0,
        "step": "(*\n * Copyright 2023, Proofcraft Pty Ltd\n * Copyright 2020, Data61, CSIRO (ABN 41 687 119 230)\n *\n * SPDX-License-Identifier: BSD-2-Clause\n *)\n\n(* Lemmas that support the monad_eq method. Either things that go into the[monad_eq] set\n   or that are needed for such lemmas. Usually about \"snd (f s)\" or \"x \\<in> fst (f s)\" where f\n   is a nondet monad.\n\n   If you are planning to use the monad_eq method, this is the theory you should import.\n\n   See Nondet_MonadEq.thy for definition and description of the method. *)\n\n",
        "output": "",
        "raw_output": "",
        "step_time": 0.004743814468383789
    },
    {
        "index": 1,
        "step": "theory Nondet_MonadEq_Lemmas\n  imports Nondet_MonadEq\nbegin",
        "output": "",
        "raw_output": "",
        "step_time": 0.004024028778076172
    },
    {
        "index": 2,
        "step": "lemma snd_return[monad_eq]:\n  \"\\<not> snd (return a b)\"",
        "output": "",
        "raw_output": "proof (prove)\ngoal (1 subgoal):\n 1. \\<not> snd (return a b)",
        "step_time": 0.05967283248901367
    },
    {
        "index": 3,
        "step": "unfolding return_def",
        "output": "",
        "raw_output": "proof (prove)\ngoal (1 subgoal):\n 1. \\<not> snd ({(a, b)}, False)",
        "step_time": 0.004830360412597656
    },
    {
        "index": 4,
        "step": "by simp",
        "output": "",
        "raw_output": "",
        "step_time": 0.005219697952270508
    },
    {
        "index": 5,
        "step": "lemma snd_throwError[monad_eq]:\n  \"\\<not> snd (throwError e s)\"",
        "output": "",
        "raw_output": "proof (prove)\ngoal (1 subgoal):\n 1. \\<not> snd (throwError e s)",
        "step_time": 0.0056743621826171875
    },
    {
        "index": 6,
        "step": "unfolding throwError_def",
        "output": "",
        "raw_output": "proof (prove)\ngoal (1 subgoal):\n 1. \\<not> snd ((return \\<circ> Inl) e s)",
        "step_time": 0.004100322723388672
    },
    {
        "index": 7,
        "step": "by (simp add: snd_return)",
        "output": "",
        "raw_output": "",
        "step_time": 0.005465269088745117
    },
    {
        "index": 8,
        "step": "lemma snd_lift_Inr[monad_eq]:\n  \"snd (lift b (Inr r) t) = snd (b r t)\"",
        "output": "",
        "raw_output": "proof (prove)\ngoal (1 subgoal):\n 1. snd (lift b (Inr r) t) = snd (b r t)",
        "step_time": 0.009167671203613281
    },
    {
        "index": 9,
        "step": "unfolding lift_def",
        "output": "",
        "raw_output": "proof (prove)\ngoal (1 subgoal):\n 1. snd ((case Inr r of Inl e \\<Rightarrow> throwError e | Inr v' \\<Rightarrow> b v') t) = snd (b r t)",
        "step_time": 0.004949092864990234
    },
    {
        "index": 10,
        "step": "by simp",
        "output": "",
        "raw_output": "",
        "step_time": 0.005581855773925781
    },
    {
        "index": 11,
        "step": "lemma snd_lift_Inl[monad_eq]:\n  \"\\<not> snd (lift b (Inl r) t)\"",
        "output": "",
        "raw_output": "proof (prove)\ngoal (1 subgoal):\n 1. \\<not> snd (lift b (Inl r) t)",
        "step_time": 0.007125377655029297
    },
    {
        "index": 12,
        "step": "unfolding lift_def",
        "output": "",
        "raw_output": "proof (prove)\ngoal (1 subgoal):\n 1. \\<not> snd ((case Inl r of Inl e \\<Rightarrow> throwError e | Inr v' \\<Rightarrow> b v') t)",
        "step_time": 0.004465579986572266
    },
    {
        "index": 13,
        "step": "by (simp add: snd_throwError)",
        "output": "",
        "raw_output": "",
        "step_time": 0.0050296783447265625
    },
    {
        "index": 14,
        "step": "lemma snd_fail[monad_eq]:\n  \"snd (fail s)\"",
        "output": "",
        "raw_output": "proof (prove)\ngoal (1 subgoal):\n 1. snd (fail s)",
        "step_time": 0.0050199031829833984
    },
    {
        "index": 15,
        "step": "by (clarsimp simp: fail_def)",
        "output": "",
        "raw_output": "",
        "step_time": 0.0051953792572021484
    },
    {
        "index": 16,
        "step": "lemma not_snd_bindD:\n  \"\\<lbrakk> \\<not> snd ((a >>= b) s); (rv, s') \\<in> fst (a s) \\<rbrakk> \\<Longrightarrow> \\<not> snd (a s) \\<and> \\<not> snd (b rv s')\"",
        "output": "",
        "raw_output": "proof (prove)\ngoal (1 subgoal):\n 1. \\<lbrakk>\\<not> snd ((a >>= b) s); (rv, s') \\<in> fst (a s)\\<rbrakk> \\<Longrightarrow> \\<not> snd (a s) \\<and> \\<not> snd (b rv s')",
        "step_time": 0.008828163146972656
    },
    {
        "index": 17,
        "step": "by (fastforce simp: bind_def)",
        "output": "",
        "raw_output": "",
        "step_time": 0.03116321563720703
    },
    {
        "index": 18,
        "step": "lemma not_snd_bindI1:\n  \"\\<not> snd ((a >>= b) s) \\<Longrightarrow> \\<not> snd (a s)\"",
        "output": "",
        "raw_output": "proof (prove)\ngoal (1 subgoal):\n 1. \\<not> snd ((a >>= b) s) \\<Longrightarrow> \\<not> snd (a s)",
        "step_time": 0.006212472915649414
    },
    {
        "index": 19,
        "step": "by (fastforce simp: bind_def)",
        "output": "",
        "raw_output": "",
        "step_time": 0.012889623641967773
    },
    {
        "index": 20,
        "step": "lemma not_snd_bindI2:\n  \"\\<lbrakk> \\<not> snd ((a >>= b) s); (rv, s') \\<in> fst (a s) \\<rbrakk> \\<Longrightarrow> \\<not> snd (b rv s')\"",
        "output": "",
        "raw_output": "proof (prove)\ngoal (1 subgoal):\n 1. \\<lbrakk>\\<not> snd ((a >>= b) s); (rv, s') \\<in> fst (a s)\\<rbrakk> \\<Longrightarrow> \\<not> snd (b rv s')",
        "step_time": 0.010858774185180664
    },
    {
        "index": 21,
        "step": "by (fastforce simp: bind_def)",
        "output": "",
        "raw_output": "",
        "step_time": 0.021305561065673828
    },
    {
        "index": 22,
        "step": "lemma in_returns[monad_eq]:\n  \"(r, s) \\<in> fst (return r s)\"\n  \"(Inr r, s) \\<in> fst (returnOk r s)\"",
        "output": "",
        "raw_output": "proof (prove)\ngoal (1 subgoal):\n 1. (r, s) \\<in> fst (return r s) &&& (Inr r, s) \\<in> fst (returnOk r s)",
        "step_time": 0.007685661315917969
    },
    {
        "index": 23,
        "step": "by (simp add: in_monad)+",
        "output": "",
        "raw_output": "",
        "step_time": 0.011570930480957031
    },
    {
        "index": 24,
        "step": "lemma fst_return:\n  \"fst (return v s) = {(v, s)}\"",
        "output": "",
        "raw_output": "proof (prove)\ngoal (1 subgoal):\n 1. fst (return v s) = {(v, s)}",
        "step_time": 0.006575107574462891
    },
    {
        "index": 25,
        "step": "by (simp add: return_def)",
        "output": "",
        "raw_output": "",
        "step_time": 0.005225181579589844
    },
    {
        "index": 26,
        "step": "lemma in_bind_split[monad_eq]:\n  \"(rv \\<in> fst ((f >>= g) s)) = (\\<exists>rv'. rv' \\<in> fst (f s) \\<and> rv \\<in> fst (g (fst rv') (snd rv')))\"",
        "output": "",
        "raw_output": "proof (prove)\ngoal (1 subgoal):\n 1. (rv \\<in> fst ((f >>= g) s)) = (\\<exists>rv'. rv' \\<in> fst (f s) \\<and> rv \\<in> fst (g (fst rv') (snd rv')))",
        "step_time": 0.010271787643432617
    },
    {
        "index": 27,
        "step": "by (cases rv) (fastforce simp: in_bind)",
        "output": "",
        "raw_output": "",
        "step_time": 0.027500391006469727
    },
    {
        "index": 28,
        "step": "lemma Inr_in_liftE_simp[monad_eq]:\n  \"((Inr rv, x) \\<in> fst (liftE fn s)) = ((rv, x) \\<in> fst (fn s))\"",
        "output": "",
        "raw_output": "proof (prove)\ngoal (1 subgoal):\n 1. ((Inr rv, x) \\<in> fst (liftE fn s)) = ((rv, x) \\<in> fst (fn s))",
        "step_time": 0.008839130401611328
    },
    {
        "index": 29,
        "step": "by (simp add: in_monad)",
        "output": "",
        "raw_output": "",
        "step_time": 0.011973857879638672
    },
    {
        "index": 30,
        "step": "lemma gets_the_member:\n  \"(x, s') \\<in> fst (gets_the f s) = (f s = Some x \\<and> s' = s)\"",
        "output": "",
        "raw_output": "proof (prove)\ngoal (1 subgoal):\n 1. ((x, s') \\<in> fst (gets_the f s)) = (f s = Some x \\<and> s' = s)",
        "step_time": 0.008356332778930664
    },
    {
        "index": 31,
        "step": "by (cases \"f s\"; simp add: gets_the_def simpler_gets_def bind_def in_assert_opt)",
        "output": "",
        "raw_output": "",
        "step_time": 0.018936872482299805
    },
    {
        "index": 32,
        "step": "lemma fst_throwError_returnOk:\n  \"fst (throwError e s) = {(Inl e, s)}\"\n  \"fst (returnOk v s) = {(Inr v, s)}\"",
        "output": "",
        "raw_output": "proof (prove)\ngoal (1 subgoal):\n 1. fst (throwError e s) = {(Inl e, s)} &&& fst (returnOk v s) = {(Inr v, s)}",
        "step_time": 0.01025533676147461
    },
    {
        "index": 33,
        "step": "by (simp add: throwError_def returnOk_def return_def)+",
        "output": "",
        "raw_output": "",
        "step_time": 0.007382631301879883
    },
    {
        "index": 34,
        "step": "lemma not_snd_bindE_I1:\n  \"\\<not> snd ((a >>=E b) s) \\<Longrightarrow> \\<not> snd (a s)\"",
        "output": "",
        "raw_output": "proof (prove)\ngoal (1 subgoal):\n 1. \\<not> snd ((a >>=E b) s) \\<Longrightarrow> \\<not> snd (a s)",
        "step_time": 0.007394552230834961
    },
    {
        "index": 35,
        "step": "unfolding bindE_def",
        "output": "",
        "raw_output": "proof (prove)\ngoal (1 subgoal):\n 1. \\<not> snd ((a >>= lift b) s) \\<Longrightarrow> \\<not> snd (a s)",
        "step_time": 0.00453948974609375
    },
    {
        "index": 36,
        "step": "by (erule not_snd_bindI1)",
        "output": "",
        "raw_output": "",
        "step_time": 0.004951000213623047
    },
    {
        "index": 37,
        "step": "lemma snd_assert[monad_eq]:\n  \"snd (assert P s) = (\\<not> P)\"",
        "output": "",
        "raw_output": "proof (prove)\ngoal (1 subgoal):\n 1. snd (assert P s) = (\\<not> P)",
        "step_time": 0.006521701812744141
    },
    {
        "index": 38,
        "step": "by (clarsimp simp: fail_def return_def assert_def)",
        "output": "",
        "raw_output": "",
        "step_time": 0.00684046745300293
    },
    {
        "index": 39,
        "step": "lemma not_snd_assert :\n  \"(\\<not> snd (assert P s)) = P\"",
        "output": "",
        "raw_output": "proof (prove)\ngoal (1 subgoal):\n 1. (\\<not> snd (assert P s)) = P",
        "step_time": 0.0056688785552978516
    },
    {
        "index": 40,
        "step": "by (metis snd_assert)",
        "output": "",
        "raw_output": "",
        "step_time": 0.013236045837402344
    },
    {
        "index": 41,
        "step": "lemma snd_assert_opt[monad_eq]:\n  \"snd (assert_opt f s) = (f = None)\"",
        "output": "",
        "raw_output": "proof (prove)\ngoal (1 subgoal):\n 1. snd (assert_opt f s) = (f = None)",
        "step_time": 0.00579524040222168
    },
    {
        "index": 42,
        "step": "by (monad_eq simp: assert_opt_def split: option.splits)",
        "output": "",
        "raw_output": "",
        "step_time": 0.014037370681762695
    },
    {
        "index": 43,
        "step": "declare in_assert_opt[monad_eq]",
        "output": "",
        "raw_output": "",
        "step_time": 0.004335880279541016
    },
    {
        "index": 44,
        "step": "lemma not_snd_bindD':\n  \"\\<lbrakk>\\<not> snd ((a >>= b) s); \\<not> snd (a s) \\<Longrightarrow> (rv, s') \\<in> fst (a s)\\<rbrakk> \\<Longrightarrow> \\<not> snd (a s) \\<and> \\<not> snd (b rv s')\"",
        "output": "",
        "raw_output": "proof (prove)\ngoal (1 subgoal):\n 1. \\<lbrakk>\\<not> snd ((a >>= b) s); \\<not> snd (a s) \\<Longrightarrow> (rv, s') \\<in> fst (a s)\\<rbrakk> \\<Longrightarrow> \\<not> snd (a s) \\<and> \\<not> snd (b rv s')",
        "step_time": 0.01167917251586914
    },
    {
        "index": 45,
        "step": "by (metis not_snd_bindI1 not_snd_bindI2)",
        "output": "",
        "raw_output": "",
        "step_time": 0.02478933334350586
    },
    {
        "index": 46,
        "step": "lemma snd_bind[monad_eq]:\n  \"snd ((a >>= b) s) = (snd (a s) \\<or> (\\<exists>r s'. (r, s') \\<in> fst (a s) \\<and> snd (b r s')))\"",
        "output": "",
        "raw_output": "proof (prove)\ngoal (1 subgoal):\n 1. snd ((a >>= b) s) = (snd (a s) \\<or> (\\<exists>r s'. (r, s') \\<in> fst (a s) \\<and> snd (b r s')))",
        "step_time": 0.01156163215637207
    },
    {
        "index": 47,
        "step": "apply (clarsimp simp add: bind_def Bex_def image_def)",
        "output": "",
        "raw_output": "proof (prove)\ngoal (1 subgoal):\n 1. ((\\<exists>aa ab ba. (ab, ba) \\<in> fst (a s) \\<and> (aa, True) = b ab ba) \\<or> snd (a s)) = (snd (a s) \\<or> (\\<exists>r s'. (r, s') \\<in> fst (a s) \\<and> snd (b r s')))",
        "step_time": 0.02285456657409668
    },
    {
        "index": 48,
        "step": "apply (subst surjective_pairing, subst prod.inject, force)",
        "output": "",
        "raw_output": "proof (prove)\ngoal:\nNo subgoals!",
        "step_time": 0.01091313362121582
    },
    {
        "index": 49,
        "step": "done",
        "output": "",
        "raw_output": "",
        "step_time": 0.006410837173461914
    },
    {
        "index": 50,
        "step": "lemma in_lift[monad_eq]:\n  \"(rv, s') \\<in> fst (lift M v s) =\n   (case v of Inl x \\<Rightarrow> rv = Inl x \\<and> s' = s\n            | Inr x \\<Rightarrow> (rv, s') \\<in> fst (M x s))\"",
        "output": "",
        "raw_output": "proof (prove)\ngoal (1 subgoal):\n 1. ((rv, s') \\<in> fst (lift M v s)) = (case v of Inl x \\<Rightarrow> rv = Inl x \\<and> s' = s | Inr x \\<Rightarrow> (rv, s') \\<in> fst (M x s))",
        "step_time": 0.014822721481323242
    },
    {
        "index": 51,
        "step": "by (clarsimp simp: lift_def throwError_def return_def split: sum.splits)",
        "output": "",
        "raw_output": "",
        "step_time": 0.00887608528137207
    },
    {
        "index": 52,
        "step": "lemma snd_lift[monad_eq]:\n  \"snd (lift M a b) = (\\<exists>x. a = Inr x \\<and> snd (M x b))\"",
        "output": "",
        "raw_output": "proof (prove)\ngoal (1 subgoal):\n 1. snd (lift M a b) = (\\<exists>x. a = Inr x \\<and> snd (M x b))",
        "step_time": 0.009905576705932617
    },
    {
        "index": 53,
        "step": "by (clarsimp simp: lift_def throwError_def return_def split: sum.splits)",
        "output": "",
        "raw_output": "",
        "step_time": 0.009510993957519531
    },
    {
        "index": 54,
        "step": "lemma snd_bindE[monad_eq]:\n  \"snd ((a >>=E b) s) = (snd (a s) \\<or> (\\<exists>r s'. (r, s') \\<in> fst (a s) \\<and> (\\<exists>a. r = Inr a \\<and> snd (b a s'))))\"",
        "output": "",
        "raw_output": "proof (prove)\ngoal (1 subgoal):\n 1. snd ((a >>=E b) s) = (snd (a s) \\<or> (\\<exists>r s'. (r, s') \\<in> fst (a s) \\<and> (\\<exists>a. r = Inr a \\<and> snd (b a s'))))",
        "step_time": 0.013211727142333984
    },
    {
        "index": 55,
        "step": "unfolding bindE_def",
        "output": "",
        "raw_output": "proof (prove)\ngoal (1 subgoal):\n 1. snd ((a >>= lift b) s) = (snd (a s) \\<or> (\\<exists>r s'. (r, s') \\<in> fst (a s) \\<and> (\\<exists>a. r = Inr a \\<and> snd (b a s'))))",
        "step_time": 0.005593776702880859
    },
    {
        "index": 56,
        "step": "by monad_eq",
        "output": "",
        "raw_output": "",
        "step_time": 0.0182645320892334
    },
    {
        "index": 57,
        "step": "lemma snd_get[monad_eq]:\n  \"snd (get s) = False\"",
        "output": "",
        "raw_output": "proof (prove)\ngoal (1 subgoal):\n 1. snd (get s) = False",
        "step_time": 0.006569862365722656
    },
    {
        "index": 58,
        "step": "by (simp add: get_def)",
        "output": "",
        "raw_output": "",
        "step_time": 0.005938291549682617
    },
    {
        "index": 59,
        "step": "lemma snd_gets[monad_eq]:\n  \"snd (gets f s) = False\"",
        "output": "",
        "raw_output": "proof (prove)\ngoal (1 subgoal):\n 1. snd (gets f s) = False",
        "step_time": 0.005873918533325195
    },
    {
        "index": 60,
        "step": "by (simp add: gets_def snd_bind snd_get snd_return)",
        "output": "",
        "raw_output": "",
        "step_time": 0.0068514347076416016
    },
    {
        "index": 61,
        "step": "lemma in_handleE'[monad_eq]:\n  \"((rv, s') \\<in> fst ((f <handle2> g) s)) =\n    ((\\<exists>ex. rv = Inr ex \\<and> (Inr ex, s') \\<in> fst (f s)) \\<or>\n     (\\<exists>rv' s''. (rv, s') \\<in> fst (g rv' s'') \\<and> (Inl rv', s'') \\<in> fst (f s)))\"",
        "output": "",
        "raw_output": "proof (prove)\ngoal (1 subgoal):\n 1. ((rv, s') \\<in> fst ((f <handle2> g) s)) = ((\\<exists>ex. rv = Inr ex \\<and> (Inr ex, s') \\<in> fst (f s)) \\<or> (\\<exists>rv' s''. (rv, s') \\<in> fst (g rv' s'') \\<and> (Inl rv', s'') \\<in> fst (f s)))",
        "step_time": 0.01743769645690918
    },
    {
        "index": 62,
        "step": "unfolding handleE'_def return_def",
        "output": "",
        "raw_output": "proof (prove)\ngoal (1 subgoal):\n 1. ((rv, s') \\<in> fst ((do v <- f;\ncase v of Inl e \\<Rightarrow> g e | Inr v' \\<Rightarrow> \\<lambda>s. ({(Inr v', s)}, False)\nod) s)) = ((\\<exists>ex. rv = Inr ex \\<and> (Inr ex, s') \\<in> fst (f s)) \\<or> (\\<exists>rv' s''. (rv, s') \\<in> fst (g rv' s'') \\<and> (Inl rv', s'') \\<in> fst (f s)))",
        "step_time": 0.007982254028320312
    },
    {
        "index": 63,
        "step": "by (simp add: in_bind_split) (fastforce split: sum.splits)",
        "output": "",
        "raw_output": "",
        "step_time": 0.07507538795471191
    },
    {
        "index": 64,
        "step": "lemma in_handleE[monad_eq]:\n  \"(a, b) \\<in> fst ((A <handle> B) s) =\n    ((\\<exists>x. a = Inr x \\<and> (Inr x, b) \\<in> fst (A s)) \\<or>\n     (\\<exists>r t. (Inl r, t) \\<in> fst (A s) \\<and> (a, b) \\<in> fst (B r t)))\"",
        "output": "",
        "raw_output": "proof (prove)\ngoal (1 subgoal):\n 1. ((a, b) \\<in> fst ((A <handle> B) s)) = ((\\<exists>x. a = Inr x \\<and> (Inr x, b) \\<in> fst (A s)) \\<or> (\\<exists>r t. (Inl r, t) \\<in> fst (A s) \\<and> (a, b) \\<in> fst (B r t)))",
        "step_time": 0.012097597122192383
    },
    {
        "index": 65,
        "step": "unfolding handleE_def",
        "output": "",
        "raw_output": "proof (prove)\ngoal (1 subgoal):\n 1. ((a, b) \\<in> fst ((A <handle2> B) s)) = ((\\<exists>x. a = Inr x \\<and> (Inr x, b) \\<in> fst (A s)) \\<or> (\\<exists>r t. (Inl r, t) \\<in> fst (A s) \\<and> (a, b) \\<in> fst (B r t)))",
        "step_time": 0.005887508392333984
    },
    {
        "index": 66,
        "step": "by (monad_eq split: sum.splits) blast",
        "output": "",
        "raw_output": "",
        "step_time": 0.020991086959838867
    },
    {
        "index": 67,
        "step": "lemma snd_handleE'[monad_eq]:\n  \"snd ((A <handle2> B) s) = (snd (A s) \\<or> (\\<exists>r s'. (r, s')\\<in>fst (A s) \\<and> (\\<exists>a. r = Inl a \\<and> snd (B a s'))))\"",
        "output": "",
        "raw_output": "proof (prove)\ngoal (1 subgoal):\n 1. snd ((A <handle2> B) s) = (snd (A s) \\<or> (\\<exists>r s'. (r, s') \\<in> fst (A s) \\<and> (\\<exists>a. r = Inl a \\<and> snd (B a s'))))",
        "step_time": 0.009280204772949219
    },
    {
        "index": 68,
        "step": "unfolding handleE'_def",
        "output": "",
        "raw_output": "proof (prove)\ngoal (1 subgoal):\n 1. snd ((do v <- A;\ncase v of Inl e \\<Rightarrow> B e | Inr v' \\<Rightarrow> return (Inr v')\nod) s) = (snd (A s) \\<or> (\\<exists>r s'. (r, s') \\<in> fst (A s) \\<and> (\\<exists>a. r = Inl a \\<and> snd (B a s'))))",
        "step_time": 0.0060024261474609375
    },
    {
        "index": 69,
        "step": "by (monad_eq simp: Bex_def split: sum.splits) fastforce",
        "output": "",
        "raw_output": "",
        "step_time": 0.04616355895996094
    },
    {
        "index": 70,
        "step": "lemma snd_handleE[monad_eq]:\n  \"snd ((A <handle> B) s) = (snd (A s) \\<or> (\\<exists>r s'. (r, s')\\<in>fst (A s) \\<and> (\\<exists>a. r = Inl a \\<and> snd (B a s'))))\"",
        "output": "",
        "raw_output": "proof (prove)\ngoal (1 subgoal):\n 1. snd ((A <handle> B) s) = (snd (A s) \\<or> (\\<exists>r s'. (r, s') \\<in> fst (A s) \\<and> (\\<exists>a. r = Inl a \\<and> snd (B a s'))))",
        "step_time": 0.012319564819335938
    },
    {
        "index": 71,
        "step": "unfolding handleE_def",
        "output": "",
        "raw_output": "proof (prove)\ngoal (1 subgoal):\n 1. snd ((A <handle2> B) s) = (snd (A s) \\<or> (\\<exists>r s'. (r, s') \\<in> fst (A s) \\<and> (\\<exists>a. r = Inl a \\<and> snd (B a s'))))",
        "step_time": 0.005110502243041992
    },
    {
        "index": 72,
        "step": "by (rule snd_handleE')",
        "output": "",
        "raw_output": "",
        "step_time": 0.005849123001098633
    },
    {
        "index": 73,
        "step": "lemma snd_liftM[monad_eq, simp]:\n  \"snd (liftM t f s) = snd (f s)\"",
        "output": "",
        "raw_output": "proof (prove)\ngoal (1 subgoal):\n 1. snd (liftM t f s) = snd (f s)",
        "step_time": 0.008143186569213867
    },
    {
        "index": 74,
        "step": "by (auto simp: liftM_def bind_def return_def)",
        "output": "",
        "raw_output": "",
        "step_time": 0.020853281021118164
    },
    {
        "index": 75,
        "step": "declare in_liftE[monad_eq]",
        "output": "",
        "raw_output": "",
        "step_time": 0.006078243255615234
    },
    {
        "index": 76,
        "step": "lemma snd_liftE[monad_eq]:\n  \"snd ((liftE x) s) = snd (x s)\"",
        "output": "",
        "raw_output": "proof (prove)\ngoal (1 subgoal):\n 1. snd (liftE x s) = snd (x s)",
        "step_time": 0.007685661315917969
    },
    {
        "index": 77,
        "step": "by (clarsimp simp: liftE_def snd_bind snd_return)",
        "output": "",
        "raw_output": "",
        "step_time": 0.006189584732055664
    },
    {
        "index": 78,
        "step": "lemma snd_returnOk[monad_eq]:\n  \"\\<not> snd (returnOk x s)\"",
        "output": "",
        "raw_output": "proof (prove)\ngoal (1 subgoal):\n 1. \\<not> snd (returnOk x s)",
        "step_time": 0.00639033317565918
    },
    {
        "index": 79,
        "step": "by (clarsimp simp: returnOk_def return_def)",
        "output": "",
        "raw_output": "",
        "step_time": 0.0066640377044677734
    },
    {
        "index": 80,
        "step": "lemma snd_when[monad_eq]:\n  \"snd (when P M s) = (P \\<and> snd (M s))\"",
        "output": "",
        "raw_output": "proof (prove)\ngoal (1 subgoal):\n 1. snd (when P M s) = (P \\<and> snd (M s))",
        "step_time": 0.007959365844726562
    },
    {
        "index": 81,
        "step": "by (clarsimp simp: when_def return_def)",
        "output": "",
        "raw_output": "",
        "step_time": 0.006993770599365234
    },
    {
        "index": 82,
        "step": "lemma in_condition[monad_eq]:\n  \"(a, b) \\<in> fst (condition C L R s) = ((C s \\<longrightarrow> (a, b) \\<in> fst (L s)) \\<and> (\\<not>C s \\<longrightarrow> (a, b) \\<in> fst (R s)))\"",
        "output": "",
        "raw_output": "proof (prove)\ngoal (1 subgoal):\n 1. ((a, b) \\<in> fst (condition C\n  L\n  R s)) = ((C s \\<longrightarrow> (a, b) \\<in> fst (L s)) \\<and> (\\<not> C s \\<longrightarrow> (a, b) \\<in> fst (R s)))",
        "step_time": 0.01080012321472168
    },
    {
        "index": 83,
        "step": "by (rule condition_split)",
        "output": "",
        "raw_output": "",
        "step_time": 0.0054361820220947266
    },
    {
        "index": 84,
        "step": "lemma snd_condition[monad_eq]:\n  \"snd (condition C L R s) = ((C s \\<longrightarrow> snd (L s)) \\<and> (\\<not>C s \\<longrightarrow> snd (R s)))\"",
        "output": "",
        "raw_output": "proof (prove)\ngoal (1 subgoal):\n 1. snd (condition C\n  L\n  R s) = ((C s \\<longrightarrow> snd (L s)) \\<and> (\\<not> C s \\<longrightarrow> snd (R s)))",
        "step_time": 0.008683919906616211
    },
    {
        "index": 85,
        "step": "by (rule condition_split)",
        "output": "",
        "raw_output": "",
        "step_time": 0.00464630126953125
    },
    {
        "index": 86,
        "step": "declare snd_fail [simp]",
        "output": "",
        "raw_output": "",
        "step_time": 0.0047550201416015625
    },
    {
        "index": 87,
        "step": "declare snd_returnOk [simp, monad_eq]",
        "output": "",
        "raw_output": "",
        "step_time": 0.004871368408203125
    },
    {
        "index": 88,
        "step": "lemma in_catch[monad_eq]:\n  \"(r, t) \\<in> fst ((M <catch> E) s)\n     = ((Inr r, t) \\<in> fst (M s) \\<or> (\\<exists>r' s'. ((Inl r', s') \\<in> fst (M s)) \\<and> (r, t) \\<in> fst (E r' s')))\"",
        "output": "",
        "raw_output": "proof (prove)\ngoal (1 subgoal):\n 1. ((r, t) \\<in> fst ((M <catch> E) s)) = ((Inr r, t) \\<in> fst (M s) \\<or> (\\<exists>r' s'. (Inl r', s') \\<in> fst (M s) \\<and> (r, t) \\<in> fst (E r' s')))",
        "step_time": 0.014881372451782227
    },
    {
        "index": 89,
        "step": "apply (rule iffI; clarsimp simp: catch_def in_bind in_return split: sum.splits)",
        "output": "",
        "raw_output": "proof (prove)\ngoal (2 subgoals):\n 1. \\<And>s'' x. \\<lbrakk>\\<forall>x1. x = Inl x1 \\<longrightarrow> (Inl x1, s'') \\<in> fst (M s) \\<and> (r, t) \\<in> fst (E x1 s''); \\<forall>x2. x = Inr x2 \\<longrightarrow> r = x2 \\<and> (Inr x2, s'') \\<in> fst (M s) \\<and> t = s''; \\<forall>r' s'. (Inl r', s') \\<in> fst (M s) \\<longrightarrow> (r, t) \\<notin> fst (E r' s')\\<rbrakk> \\<Longrightarrow> (Inr r, t) \\<in> fst (M s)\n 2. (Inr r, t) \\<in> fst (M s) \\<or> (\\<exists>r' s'. (Inl r', s') \\<in> fst (M s) \\<and> (r, t) \\<in> fst (E r' s')) \\<Longrightarrow> \\<exists>s'' x. (\\<forall>x1. x = Inl x1 \\<longrightarrow> (Inl x1, s'') \\<in> fst (M s) \\<and> (r, t) \\<in> fst (E x1 s'')) \\<and> (\\<forall>x2. x = Inr x2 \\<longrightarrow> (Inr x2, s'') \\<in> fst (M s) \\<and> r = x2 \\<and> t = s'')",
        "step_time": 0.03539299964904785
    },
    {
        "index": 90,
        "step": "apply (metis sumE)",
        "output": "",
        "raw_output": "proof (prove)\ngoal (1 subgoal):\n 1. (Inr r, t) \\<in> fst (M s) \\<or> (\\<exists>r' s'. (Inl r', s') \\<in> fst (M s) \\<and> (r, t) \\<in> fst (E r' s')) \\<Longrightarrow> \\<exists>s'' x. (\\<forall>x1. x = Inl x1 \\<longrightarrow> (Inl x1, s'') \\<in> fst (M s) \\<and> (r, t) \\<in> fst (E x1 s'')) \\<and> (\\<forall>x2. x = Inr x2 \\<longrightarrow> (Inr x2, s'') \\<in> fst (M s) \\<and> r = x2 \\<and> t = s'')",
        "step_time": 0.059422969818115234
    },
    {
        "index": 91,
        "step": "apply fastforce",
        "output": "",
        "raw_output": "proof (prove)\ngoal:\nNo subgoals!",
        "step_time": 0.03102874755859375
    },
    {
        "index": 92,
        "step": "done",
        "output": "",
        "raw_output": "",
        "step_time": 0.0069620609283447266
    },
    {
        "index": 93,
        "step": "lemma snd_catch[monad_eq]:\n  \"snd ((M <catch> E) s)\n     = (snd (M s) \\<or> (\\<exists>r' s'. ((Inl r', s') \\<in> fst (M s)) \\<and> snd (E r' s')))\"",
        "output": "",
        "raw_output": "proof (prove)\ngoal (1 subgoal):\n 1. snd ((M <catch> E) s) = (snd (M s) \\<or> (\\<exists>r' s'. (Inl r', s') \\<in> fst (M s) \\<and> snd (E r' s')))",
        "step_time": 0.011237144470214844
    },
    {
        "index": 94,
        "step": "by (force simp: catch_def snd_bind snd_return split: sum.splits)",
        "output": "",
        "raw_output": "",
        "step_time": 0.03706502914428711
    },
    {
        "index": 95,
        "step": "declare in_get[monad_eq]",
        "output": "",
        "raw_output": "",
        "step_time": 0.00632023811340332
    },
    {
        "index": 96,
        "step": "lemma returnOk_cong:\n  \"\\<lbrakk> \\<And>s. B a s = B' a s \\<rbrakk> \\<Longrightarrow> ((returnOk a) >>=E B) = ((returnOk a) >>=E B')\"",
        "output": "",
        "raw_output": "proof (prove)\ngoal (1 subgoal):\n 1. (\\<And>s. B a s = B' a s) \\<Longrightarrow> returnOk a >>=E B = returnOk a >>=E B'",
        "step_time": 0.011776208877563477
    },
    {
        "index": 97,
        "step": "by monad_eq",
        "output": "",
        "raw_output": "",
        "step_time": 0.04409623146057129
    },
    {
        "index": 98,
        "step": "lemma in_state_assert [monad_eq, simp]:\n  \"(rv, s') \\<in> fst (state_assert P s) = (rv = () \\<and> s' = s \\<and> P s)\"",
        "output": "",
        "raw_output": "proof (prove)\ngoal (1 subgoal):\n 1. ((rv, s') \\<in> fst (state_assert P s)) = (rv = () \\<and> s' = s \\<and> P s)",
        "step_time": 0.008028745651245117
    },
    {
        "index": 99,
        "step": "by (monad_eq simp: state_assert_def)\n     metis",
        "output": "",
        "raw_output": "",
        "step_time": 0.025051355361938477
    },
    {
        "index": 100,
        "step": "lemma snd_state_assert[monad_eq]:\n  \"snd (state_assert P s) = (\\<not> P s)\"",
        "output": "",
        "raw_output": "proof (prove)\ngoal (1 subgoal):\n 1. snd (state_assert P s) = (\\<not> P s)",
        "step_time": 0.006894826889038086
    },
    {
        "index": 101,
        "step": "by (monad_eq simp: state_assert_def Bex_def)",
        "output": "",
        "raw_output": "",
        "step_time": 0.015605926513671875
    },
    {
        "index": 102,
        "step": "lemma in_select[monad_eq]:\n  \"(rv, s') \\<in> fst (select S s) = (s' = s \\<and> rv \\<in> S)\"",
        "output": "",
        "raw_output": "proof (prove)\ngoal (1 subgoal):\n 1. ((rv, s') \\<in> fst (select S s)) = (s' = s \\<and> rv \\<in> S)",
        "step_time": 0.008351325988769531
    },
    {
        "index": 103,
        "step": "by (fastforce simp: select_def)",
        "output": "",
        "raw_output": "",
        "step_time": 0.010067939758300781
    },
    {
        "index": 104,
        "step": "lemma snd_select[monad_eq]:\n  \"\\<not> snd (select S s)\"",
        "output": "",
        "raw_output": "proof (prove)\ngoal (1 subgoal):\n 1. \\<not> snd (select S s)",
        "step_time": 0.007934093475341797
    },
    {
        "index": 105,
        "step": "by (clarsimp simp: select_def)",
        "output": "",
        "raw_output": "",
        "step_time": 0.007103919982910156
    },
    {
        "index": 106,
        "step": "lemma snd_put[monad_eq]:\n  \"\\<not> snd (put t s)\"",
        "output": "",
        "raw_output": "proof (prove)\ngoal (1 subgoal):\n 1. \\<not> snd (put t s)",
        "step_time": 0.006751060485839844
    },
    {
        "index": 107,
        "step": "by (clarsimp simp: put_def)",
        "output": "",
        "raw_output": "",
        "step_time": 0.006264925003051758
    },
    {
        "index": 108,
        "step": "lemma snd_modify[monad_eq]:\n  \"\\<not> snd (modify t s)\"",
        "output": "",
        "raw_output": "proof (prove)\ngoal (1 subgoal):\n 1. \\<not> snd (modify t s)",
        "step_time": 0.006070375442504883
    },
    {
        "index": 109,
        "step": "by (clarsimp simp: modify_def put_def get_def bind_def)",
        "output": "",
        "raw_output": "",
        "step_time": 0.016693592071533203
    },
    {
        "index": 110,
        "step": "lemma snd_gets_the[monad_eq]:\n  \"snd (gets_the X s) = (X s = None)\"",
        "output": "",
        "raw_output": "proof (prove)\ngoal (1 subgoal):\n 1. snd (gets_the X s) = (X s = None)",
        "step_time": 0.007225751876831055
    },
    {
        "index": 111,
        "step": "by (monad_eq simp: gets_the_def gets_def get_def)",
        "output": "",
        "raw_output": "",
        "step_time": 0.01846146583557129
    },
    {
        "index": 112,
        "step": "end",
        "output": "",
        "raw_output": "",
        "step_time": 0.005166053771972656
    }
]