[
    {
        "index": 0,
        "step": "(*\n * Copyright 2023, Proofcraft Pty Ltd\n * Copyright 2020, Data61, CSIRO (ABN 41 687 119 230)\n *\n * SPDX-License-Identifier: BSD-2-Clause\n *)\n\n(* Equations between monads. Conclusions of the form \"f = g\" where f and g are monads.\n   Should not be Hoare triples (those go into a different theory). *)\n\n",
        "output": "",
        "raw_output": "",
        "step_time": 0.004288196563720703
    },
    {
        "index": 1,
        "step": "theory Nondet_Monad_Equations\n  imports\n    Nondet_Empty_Fail\n    Nondet_No_Fail\n    Nondet_MonadEq_Lemmas\nbegin",
        "output": "",
        "raw_output": "",
        "step_time": 0.003999471664428711
    },
    {
        "index": 2,
        "step": "lemmas assertE_assert = assertE_liftE",
        "output": "",
        "raw_output": "",
        "step_time": 0.005169391632080078
    },
    {
        "index": 3,
        "step": "lemma assert_def2:\n  \"assert v = assert_opt (if v then Some () else None)\"",
        "output": "",
        "raw_output": "proof (prove)\ngoal (1 subgoal):\n 1. assert v = assert_opt (if v then Some () else None)",
        "step_time": 0.06724357604980469
    },
    {
        "index": 4,
        "step": "by (cases v; simp add: assert_def assert_opt_def)",
        "output": "",
        "raw_output": "",
        "step_time": 0.010090112686157227
    },
    {
        "index": 5,
        "step": "lemma return_returnOk:\n  \"return (Inr x) = returnOk x\"",
        "output": "",
        "raw_output": "proof (prove)\ngoal (1 subgoal):\n 1. return (Inr x) = returnOk x",
        "step_time": 0.007187604904174805
    },
    {
        "index": 6,
        "step": "unfolding returnOk_def",
        "output": "",
        "raw_output": "proof (prove)\ngoal (1 subgoal):\n 1. return (Inr x) = (return \\<circ> Inr) x",
        "step_time": 0.004338979721069336
    },
    {
        "index": 7,
        "step": "by simp",
        "output": "",
        "raw_output": "",
        "step_time": 0.004705667495727539
    },
    {
        "index": 8,
        "step": "lemma exec_modify:\n  \"(modify f >>= g) s = g () (f s)\"",
        "output": "",
        "raw_output": "proof (prove)\ngoal (1 subgoal):\n 1. (modify f >>= g) s = g () (f s)",
        "step_time": 0.008523225784301758
    },
    {
        "index": 9,
        "step": "by (simp add: bind_def simpler_modify_def)",
        "output": "",
        "raw_output": "",
        "step_time": 0.013424158096313477
    },
    {
        "index": 10,
        "step": "lemma bind_return_eq:\n  \"(a >>= return) = (b >>= return) \\<Longrightarrow> a = b\"",
        "output": "",
        "raw_output": "proof (prove)\ngoal (1 subgoal):\n 1. a >>= return = b >>= return \\<Longrightarrow> a = b",
        "step_time": 0.00846099853515625
    },
    {
        "index": 11,
        "step": "by clarsimp",
        "output": "",
        "raw_output": "",
        "step_time": 0.005782127380371094
    },
    {
        "index": 12,
        "step": "lemmas bind_then_eq = arg_cong2[where f=bind, OF _ refl]",
        "output": "",
        "raw_output": "",
        "step_time": 0.008610010147094727
    },
    {
        "index": 13,
        "step": "lemma bindE_bind_linearise:\n  \"((f >>=E g) >>= h) =\n   (f >>= case_sum (h o Inl) (\\<lambda>rv. g rv >>= h))\"",
        "output": "",
        "raw_output": "proof (prove)\ngoal (1 subgoal):\n 1. f >>=E g >>= h = f >>= case_sum (h \\<circ> Inl) (\\<lambda>rv. g rv >>= h)",
        "step_time": 0.010028839111328125
    },
    {
        "index": 14,
        "step": "apply (simp add: bindE_def bind_assoc)",
        "output": "",
        "raw_output": "proof (prove)\ngoal (1 subgoal):\n 1. do x <- f;\nlift g x >>= h\nod = f >>= case_sum (h \\<circ> Inl) (\\<lambda>rv. g rv >>= h)",
        "step_time": 0.007262229919433594
    },
    {
        "index": 15,
        "step": "apply (rule ext, rule bind_apply_cong, rule refl)",
        "output": "",
        "raw_output": "proof (prove)\ngoal (1 subgoal):\n 1. \\<And>x rv st. (rv, st) \\<in> fst (f x) \\<Longrightarrow> (lift g rv >>= h) st = (case rv of Inl x \\<Rightarrow> (h \\<circ> Inl) x | Inr rv \\<Rightarrow> g rv >>= h) st",
        "step_time": 0.005071163177490234
    },
    {
        "index": 16,
        "step": "apply (simp add: lift_def throwError_def split: sum.split)",
        "output": "",
        "raw_output": "proof (prove)\ngoal:\nNo subgoals!",
        "step_time": 0.009585857391357422
    },
    {
        "index": 17,
        "step": "done",
        "output": "",
        "raw_output": "",
        "step_time": 0.008383750915527344
    },
    {
        "index": 18,
        "step": "lemma throwError_bind:\n  \"(throwError e >>= f) = (f (Inl e))\"",
        "output": "",
        "raw_output": "proof (prove)\ngoal (1 subgoal):\n 1. throwError e >>= f = f (Inl e)",
        "step_time": 0.008341312408447266
    },
    {
        "index": 19,
        "step": "by (simp add: throwError_def)",
        "output": "",
        "raw_output": "",
        "step_time": 0.006134510040283203
    },
    {
        "index": 20,
        "step": "lemma bind_bindE_assoc:\n  \"((f >>= g) >>=E h)\n   = f >>= (\\<lambda>rv. g rv >>=E h)\"",
        "output": "",
        "raw_output": "proof (prove)\ngoal (1 subgoal):\n 1. f >>= g >>=E h = do rv <- f;\ng rv >>=E h\nod",
        "step_time": 0.02088022232055664
    },
    {
        "index": 21,
        "step": "by (simp add: bindE_def bind_assoc)",
        "output": "",
        "raw_output": "",
        "step_time": 0.006758213043212891
    },
    {
        "index": 22,
        "step": "lemma returnOk_bind:\n  \"returnOk v >>= f = (f (Inr v))\"",
        "output": "",
        "raw_output": "proof (prove)\ngoal (1 subgoal):\n 1. returnOk v >>= f = f (Inr v)",
        "step_time": 0.005843400955200195
    },
    {
        "index": 23,
        "step": "by (simp add: returnOk_def)",
        "output": "",
        "raw_output": "",
        "step_time": 0.005692958831787109
    },
    {
        "index": 24,
        "step": "lemma liftE_bind:\n  \"(liftE m >>= m') = (m >>= (\\<lambda>rv. m' (Inr rv)))\"",
        "output": "",
        "raw_output": "proof (prove)\ngoal (1 subgoal):\n 1. liftE m >>= m' = do rv <- m;\nm' (Inr rv)\nod",
        "step_time": 0.00800633430480957
    },
    {
        "index": 25,
        "step": "by (simp add: liftE_def)",
        "output": "",
        "raw_output": "",
        "step_time": 0.005034923553466797
    },
    {
        "index": 26,
        "step": "lemma catch_throwError: \"catch (throwError ft) g = g ft\"",
        "output": "",
        "raw_output": "proof (prove)\ngoal (1 subgoal):\n 1. (throwError ft <catch> g) = g ft",
        "step_time": 0.006239414215087891
    },
    {
        "index": 27,
        "step": "by (simp add: catch_def throwError_bind)",
        "output": "",
        "raw_output": "",
        "step_time": 0.006142616271972656
    },
    {
        "index": 28,
        "step": "lemma cart_singleton_image:\n  \"S \\<times> {s} = (\\<lambda>v. (v, s)) ` S\"",
        "output": "",
        "raw_output": "proof (prove)\ngoal (1 subgoal):\n 1. S \\<times> {s} = (\\<lambda>v. (v, s)) ` S",
        "step_time": 0.005961418151855469
    },
    {
        "index": 29,
        "step": "by auto",
        "output": "",
        "raw_output": "",
        "step_time": 0.0077707767486572266
    },
    {
        "index": 30,
        "step": "lemma select_bind_eq2:\n  \"\\<lbrakk> v = v'; \\<And>x. x \\<in> fst v \\<Longrightarrow> f x s = g x s' \\<rbrakk> \\<Longrightarrow>\n    (select_f v >>= f) s = (select_f v' >>= g) s'\"",
        "output": "",
        "raw_output": "proof (prove)\ngoal (1 subgoal):\n 1. \\<lbrakk>v = v'; \\<And>x. x \\<in> fst v \\<Longrightarrow> f x s = g x s'\\<rbrakk> \\<Longrightarrow> (select_f v >>= f) s = (select_f v' >>= g) s'",
        "step_time": 0.012161970138549805
    },
    {
        "index": 31,
        "step": "by (simp add: select_f_def bind_def split_def\n                cart_singleton_image image_image\n          cong: image_cong)",
        "output": "",
        "raw_output": "",
        "step_time": 0.02327561378479004
    },
    {
        "index": 32,
        "step": "lemmas select_bind_eq = select_bind_eq2[OF refl]",
        "output": "",
        "raw_output": "",
        "step_time": 0.004525661468505859
    },
    {
        "index": 33,
        "step": "lemma select_f_singleton_return:\n  \"select_f ({v}, False) = return v\"",
        "output": "",
        "raw_output": "proof (prove)\ngoal (1 subgoal):\n 1. select_f ({v}, False) = return v",
        "step_time": 0.006085395812988281
    },
    {
        "index": 34,
        "step": "by (simp add: select_f_def return_def)",
        "output": "",
        "raw_output": "",
        "step_time": 0.005876779556274414
    },
    {
        "index": 35,
        "step": "lemma select_f_returns:\n  \"select_f (return v s) = return (v, s)\"\n  \"select_f (get s) = return (s, s)\"\n  \"select_f (gets f s) = return (f s, s)\"\n  \"select_f (modify g s) = return ((), g s)\"",
        "output": "",
        "raw_output": "proof (prove)\ngoal (1 subgoal):\n 1. (select_f (return v s) = return (v, s) &&& select_f (get s) = return (s, s)) &&& select_f (gets f s) = return (f s, s) &&& select_f (modify g s) = return ((), g s)",
        "step_time": 0.014138460159301758
    },
    {
        "index": 36,
        "step": "by (simp add: select_f_def return_def get_def\n                simpler_gets_def simpler_modify_def)+",
        "output": "",
        "raw_output": "",
        "step_time": 0.012241363525390625
    },
    {
        "index": 37,
        "step": "lemma select_eq_select_f:\n  \"select S = select_f (S, False)\"",
        "output": "",
        "raw_output": "proof (prove)\ngoal (1 subgoal):\n 1. select S = select_f (S, False)",
        "step_time": 0.006048679351806641
    },
    {
        "index": 38,
        "step": "by (simp add: select_def select_f_def)",
        "output": "",
        "raw_output": "",
        "step_time": 0.005712032318115234
    },
    {
        "index": 39,
        "step": "lemma select_f_select_f:\n  \"select_f (select_f v s) = liftM (swp Pair s) (select_f v)\"",
        "output": "",
        "raw_output": "proof (prove)\ngoal (1 subgoal):\n 1. select_f (select_f v s) = liftM (swp Pair s) (select_f v)",
        "step_time": 0.008241415023803711
    },
    {
        "index": 40,
        "step": "apply (rule ext)",
        "output": "",
        "raw_output": "proof (prove)\ngoal (1 subgoal):\n 1. \\<And>x. select_f (select_f v s) x = liftM (swp Pair s) (select_f v) x",
        "step_time": 0.004157543182373047
    },
    {
        "index": 41,
        "step": "apply (simp add: select_f_def liftM_def swp_def\n                   bind_def return_def split_def\n                   image_image image_constant_conv)",
        "output": "",
        "raw_output": "proof (prove)\ngoal (1 subgoal):\n 1. \\<And>x. fst v \\<noteq> {} \\<longrightarrow> (fst v \\<times> {s}) \\<times> {x} = (\\<Union>x\\<in>fst v \\<times> {x}. {((fst x, s), snd x)})",
        "step_time": 0.02260875701904297
    },
    {
        "index": 42,
        "step": "apply fastforce",
        "output": "",
        "raw_output": "proof (prove)\ngoal:\nNo subgoals!",
        "step_time": 0.02311563491821289
    },
    {
        "index": 43,
        "step": "done",
        "output": "",
        "raw_output": "",
        "step_time": 0.00495600700378418
    },
    {
        "index": 44,
        "step": "lemma select_f_select:\n  \"select_f (select S s) = liftM (swp Pair s) (select S)\"",
        "output": "",
        "raw_output": "proof (prove)\ngoal (1 subgoal):\n 1. select_f (select S s) = liftM (swp Pair s) (select S)",
        "step_time": 0.008415460586547852
    },
    {
        "index": 45,
        "step": "unfolding select_eq_select_f",
        "output": "",
        "raw_output": "proof (prove)\ngoal (1 subgoal):\n 1. select_f (select_f (S, False) s) = liftM (swp Pair s) (select_f (S, False))",
        "step_time": 0.004487276077270508
    },
    {
        "index": 46,
        "step": "by (rule select_f_select_f)",
        "output": "",
        "raw_output": "",
        "step_time": 0.0047626495361328125
    },
    {
        "index": 47,
        "step": "lemmas select_f_selects = select_f_select_f select_f_select",
        "output": "",
        "raw_output": "",
        "step_time": 0.00579071044921875
    },
    {
        "index": 48,
        "step": "lemma select_f_asserts:\n  \"select_f (fail s) = fail\"\n  \"select_f (assert P s) = do assert P; return ((), s) od\"\n  \"select_f (assert_opt v s) = do v' \\<leftarrow> assert_opt v; return (v', s) od\"",
        "output": "",
        "raw_output": "proof (prove)\ngoal (1 subgoal):\n 1. select_f (fail s) = fail &&& select_f (assert P s) = do assert P;\nreturn ((), s)\nod &&& select_f (assert_opt v s) = do v' <- assert_opt v;\nreturn (v', s)\nod",
        "step_time": 0.013704538345336914
    },
    {
        "index": 49,
        "step": "by (simp add: select_f_def fail_def assert_def return_def bind_def\n                assert_opt_def split: if_split option.split)+",
        "output": "",
        "raw_output": "",
        "step_time": 0.04335212707519531
    },
    {
        "index": 50,
        "step": "lemma liftE_bindE_handle:\n  \"((liftE f >>=E (\\<lambda>x. g x)) <handle> h)\n   = f >>= (\\<lambda>x. g x <handle> h)\"",
        "output": "",
        "raw_output": "proof (prove)\ngoal (1 subgoal):\n 1. (liftE f >>=E g <handle> h) = do x <- f;\ng x <handle> h\nod",
        "step_time": 0.011541604995727539
    },
    {
        "index": 51,
        "step": "by (simp add: liftE_bindE handleE_def handleE'_def\n                bind_assoc)",
        "output": "",
        "raw_output": "",
        "step_time": 0.00903010368347168
    },
    {
        "index": 52,
        "step": "lemma catch_liftE:\n  \"catch (liftE g) h = g\"",
        "output": "",
        "raw_output": "proof (prove)\ngoal (1 subgoal):\n 1. (liftE g <catch> h) = g",
        "step_time": 0.006855964660644531
    },
    {
        "index": 53,
        "step": "by (simp add: catch_def liftE_def)",
        "output": "",
        "raw_output": "",
        "step_time": 0.006139516830444336
    },
    {
        "index": 54,
        "step": "lemma catch_liftE_bindE:\n  \"catch (liftE g >>=E (\\<lambda>x. f x)) h = g >>= (\\<lambda>x. catch (f x) h)\"",
        "output": "",
        "raw_output": "proof (prove)\ngoal (1 subgoal):\n 1. (liftE g >>=E f <catch> h) = do x <- g;\nf x <catch> h\nod",
        "step_time": 0.01006460189819336
    },
    {
        "index": 55,
        "step": "by (simp add: liftE_bindE catch_def bind_assoc)",
        "output": "",
        "raw_output": "",
        "step_time": 0.007984399795532227
    },
    {
        "index": 56,
        "step": "lemma returnOk_catch_bind:\n  \"catch (returnOk v) h >>= g = g v\"",
        "output": "",
        "raw_output": "proof (prove)\ngoal (1 subgoal):\n 1. (returnOk v <catch> h) >>= g = g v",
        "step_time": 0.007596015930175781
    },
    {
        "index": 57,
        "step": "by (simp add: returnOk_liftE catch_liftE)",
        "output": "",
        "raw_output": "",
        "step_time": 0.005465507507324219
    },
    {
        "index": 58,
        "step": "lemma liftE_bindE_assoc:\n  \"(liftE f >>=E g) >>= h = f >>= (\\<lambda>x. g x >>= h)\"",
        "output": "",
        "raw_output": "proof (prove)\ngoal (1 subgoal):\n 1. liftE f >>=E g >>= h = do x <- f;\ng x >>= h\nod",
        "step_time": 0.007933378219604492
    },
    {
        "index": 59,
        "step": "by (simp add: liftE_bindE bind_assoc)",
        "output": "",
        "raw_output": "",
        "step_time": 0.006850242614746094
    },
    {
        "index": 60,
        "step": "lemma unlessE_throw_catch_If:\n  \"catch (unlessE P (throwError e) >>=E f) g\n   = (if P then catch (f ()) g else g e)\"",
        "output": "",
        "raw_output": "proof (prove)\ngoal (1 subgoal):\n 1. (unlessE P (throwError e) >>=E f <catch> g) = (if P then f () <catch> g else g e)",
        "step_time": 0.010517120361328125
    },
    {
        "index": 61,
        "step": "by (simp add: unlessE_def catch_throwError split: if_split)",
        "output": "",
        "raw_output": "",
        "step_time": 0.008354663848876953
    },
    {
        "index": 62,
        "step": "lemma whenE_bindE_throwError_to_if:\n  \"whenE P (throwError e) >>=E (\\<lambda>_. b) = (if P then (throwError e) else b)\"",
        "output": "",
        "raw_output": "proof (prove)\ngoal (1 subgoal):\n 1. doE _ <- whenE P (throwError e);\nb\nodE = (if P then throwError e else b)",
        "step_time": 0.0077092647552490234
    },
    {
        "index": 63,
        "step": "unfolding whenE_def bindE_def",
        "output": "",
        "raw_output": "proof (prove)\ngoal (1 subgoal):\n 1. (if P then throwError e else returnOk ()) >>= lift (\\<lambda>_. b) = (if P then throwError e else b)",
        "step_time": 0.004919528961181641
    },
    {
        "index": 64,
        "step": "by (auto simp: lift_def throwError_def returnOk_def)",
        "output": "",
        "raw_output": "",
        "step_time": 0.009402751922607422
    },
    {
        "index": 65,
        "step": "lemma alternative_liftE_returnOk:\n  \"(liftE m \\<sqinter> returnOk v) = liftE (m \\<sqinter> return v)\"",
        "output": "",
        "raw_output": "proof (prove)\ngoal (1 subgoal):\n 1. (liftE m \\<sqinter> returnOk v) = liftE (m \\<sqinter> return v)",
        "step_time": 0.008849620819091797
    },
    {
        "index": 66,
        "step": "by (simp add: liftE_def alternative_def returnOk_def bind_def return_def)",
        "output": "",
        "raw_output": "",
        "step_time": 0.03690791130065918
    },
    {
        "index": 67,
        "step": "lemma alternative_left_readonly_bind:\n  \"\\<lbrakk> \\<lbrace>(=) s\\<rbrace> f \\<lbrace>\\<lambda>rv. (=) s\\<rbrace>; fst (f s) \\<noteq> {} \\<rbrakk>\n   \\<Longrightarrow> alternative (f >>= (\\<lambda>x. g x)) h s\n       = (f >>= (\\<lambda>x. alternative (g x) h)) s\"",
        "output": "",
        "raw_output": "proof (prove)\ngoal (1 subgoal):\n 1. \\<lbrakk>\\<lbrace>(=) s\\<rbrace> f \\<lbrace>\\<lambda>rv. (=) s\\<rbrace>; fst (f s) \\<noteq> {}\\<rbrakk> \\<Longrightarrow> (f >>= g \\<sqinter> h) s = (do x <- f;\ng x \\<sqinter> h\nod) s",
        "step_time": 0.015196561813354492
    },
    {
        "index": 68,
        "step": "apply (subgoal_tac \"\\<forall>x \\<in> fst (f s). snd x = s\")",
        "output": "",
        "raw_output": "proof (prove)\ngoal (2 subgoals):\n 1. \\<lbrakk>\\<lbrace>(=) s\\<rbrace> f \\<lbrace>\\<lambda>rv. (=) s\\<rbrace>; fst (f s) \\<noteq> {}; \\<forall>x\\<in>fst (f s). snd x = s\\<rbrakk> \\<Longrightarrow> (f >>= g \\<sqinter> h) s = (do x <- f;\ng x \\<sqinter> h\nod) s\n 2. \\<lbrakk>\\<lbrace>(=) s\\<rbrace> f \\<lbrace>\\<lambda>rv. (=) s\\<rbrace>; fst (f s) \\<noteq> {}\\<rbrakk> \\<Longrightarrow> \\<forall>x\\<in>fst (f s). snd x = s",
        "step_time": 0.008946418762207031
    },
    {
        "index": 69,
        "step": "apply (clarsimp simp: alternative_def bind_def split_def)",
        "output": "",
        "raw_output": "proof (prove)\ngoal (2 subgoals):\n 1. \\<lbrakk>\\<lbrace>(=) s\\<rbrace> f \\<lbrace>\\<lambda>rv. (=) s\\<rbrace>; fst (f s) \\<noteq> {}; \\<forall>x\\<in>fst (f s). snd x = s\\<rbrakk> \\<Longrightarrow> ((\\<exists>x\\<in>fst (f s). snd (g (fst x) s)) \\<or> snd (f s) \\<or> snd (h s)) = ((\\<exists>x\\<in>fst (f s). snd (g (fst x) s) \\<or> snd (h s)) \\<or> snd (f s))\n 2. \\<lbrakk>\\<lbrace>(=) s\\<rbrace> f \\<lbrace>\\<lambda>rv. (=) s\\<rbrace>; fst (f s) \\<noteq> {}\\<rbrakk> \\<Longrightarrow> \\<forall>x\\<in>fst (f s). snd x = s",
        "step_time": 0.05986189842224121
    },
    {
        "index": 70,
        "step": "apply fastforce",
        "output": "",
        "raw_output": "proof (prove)\ngoal (1 subgoal):\n 1. \\<lbrakk>\\<lbrace>(=) s\\<rbrace> f \\<lbrace>\\<lambda>rv. (=) s\\<rbrace>; fst (f s) \\<noteq> {}\\<rbrakk> \\<Longrightarrow> \\<forall>x\\<in>fst (f s). snd x = s",
        "step_time": 0.05425667762756348
    },
    {
        "index": 71,
        "step": "apply clarsimp",
        "output": "",
        "raw_output": "proof (prove)\ngoal (1 subgoal):\n 1. \\<And>a b. \\<lbrakk>\\<lbrace>(=) s\\<rbrace> f \\<lbrace>\\<lambda>rv. (=) s\\<rbrace>; fst (f s) \\<noteq> {}; (a, b) \\<in> fst (f s)\\<rbrakk> \\<Longrightarrow> b = s",
        "step_time": 0.008063793182373047
    },
    {
        "index": 72,
        "step": "apply (drule(1) use_valid, simp_all)",
        "output": "",
        "raw_output": "proof (prove)\ngoal:\nNo subgoals!",
        "step_time": 0.00735783576965332
    },
    {
        "index": 73,
        "step": "done",
        "output": "",
        "raw_output": "",
        "step_time": 0.008508443832397461
    },
    {
        "index": 74,
        "step": "lemma gets_the_return:\n  \"(return x = gets_the f) = (\\<forall>s. f s = Some x)\"",
        "output": "",
        "raw_output": "proof (prove)\ngoal (1 subgoal):\n 1. (return x = gets_the f) = (\\<forall>s. f s = Some x)",
        "step_time": 0.007996082305908203
    },
    {
        "index": 75,
        "step": "apply (subst fun_eq_iff)",
        "output": "",
        "raw_output": "proof (prove)\ngoal (1 subgoal):\n 1. (\\<forall>xa. return x xa = gets_the f xa) = (\\<forall>s. f s = Some x)",
        "step_time": 0.0051190853118896484
    },
    {
        "index": 76,
        "step": "apply (simp add: return_def gets_the_def exec_gets\n                   assert_opt_def fail_def\n            split: option.split)",
        "output": "",
        "raw_output": "proof (prove)\ngoal (1 subgoal):\n 1. (\\<forall>xa. (\\<exists>y. f xa = Some y) \\<and> (\\<forall>x2. f xa = Some x2 \\<longrightarrow> x = x2)) = (\\<forall>s. f s = Some x)",
        "step_time": 0.010722875595092773
    },
    {
        "index": 77,
        "step": "apply auto",
        "output": "",
        "raw_output": "proof (prove)\ngoal:\nNo subgoals!",
        "step_time": 0.009261846542358398
    },
    {
        "index": 78,
        "step": "done",
        "output": "",
        "raw_output": "",
        "step_time": 0.0052564144134521484
    },
    {
        "index": 79,
        "step": "lemma gets_the_returns:\n  \"(return x = gets_the f) = (\\<forall>s. f s = Some x)\"\n  \"(returnOk x = gets_the g) = (\\<forall>s. g s = Some (Inr x))\"\n  \"(throwError x = gets_the h) = (\\<forall>s. h s = Some (Inl x))\"",
        "output": "",
        "raw_output": "proof (prove)\ngoal (1 subgoal):\n 1. (return x = gets_the f) = (\\<forall>s. f s = Some x) &&& (returnOk x = gets_the g) = (\\<forall>s. g s = Some (Inr x)) &&& (throwError x = gets_the h) = (\\<forall>s. h s = Some (Inl x))",
        "step_time": 0.015033483505249023
    },
    {
        "index": 80,
        "step": "by (simp_all add: returnOk_def throwError_def\n                    gets_the_return)",
        "output": "",
        "raw_output": "",
        "step_time": 0.009267091751098633
    },
    {
        "index": 81,
        "step": "lemma gets_the_eq_bind:\n  \"\\<lbrakk> f = gets_the (fn_f o fn'); \\<And>rv. g rv = gets_the (fn_g rv o fn') \\<rbrakk>\n   \\<Longrightarrow> \\<exists>fn. (f >>= g) = gets_the (fn o fn')\"",
        "output": "",
        "raw_output": "proof (prove)\ngoal (1 subgoal):\n 1. \\<lbrakk>f = gets_the (fn_f \\<circ> fn'); \\<And>rv. g rv = gets_the (fn_g rv \\<circ> fn')\\<rbrakk> \\<Longrightarrow> \\<exists>fn. f >>= g = gets_the (fn \\<circ> fn')",
        "step_time": 0.012033700942993164
    },
    {
        "index": 82,
        "step": "apply clarsimp",
        "output": "",
        "raw_output": "proof (prove)\ngoal (1 subgoal):\n 1. \\<lbrakk>f = gets_the (fn_f \\<circ> fn'); \\<And>rv. g rv = gets_the (fn_g rv \\<circ> fn')\\<rbrakk> \\<Longrightarrow> \\<exists>fn. gets_the (fn_f \\<circ> fn') >>= g = gets_the (fn \\<circ> fn')",
        "step_time": 0.007655620574951172
    },
    {
        "index": 83,
        "step": "apply (rule exI[where x=\"\\<lambda>s. case (fn_f s) of None \\<Rightarrow> None | Some v \\<Rightarrow> fn_g v s\"])",
        "output": "",
        "raw_output": "proof (prove)\ngoal (1 subgoal):\n 1. \\<lbrakk>f = gets_the (fn_f \\<circ> fn'); \\<And>rv. g rv = gets_the (fn_g rv \\<circ> fn')\\<rbrakk> \\<Longrightarrow> gets_the (fn_f \\<circ> fn') >>= g = gets_the ((\\<lambda>s. case fn_f s of None \\<Rightarrow> None | Some v \\<Rightarrow> fn_g v s) \\<circ> fn')",
        "step_time": 0.008556365966796875
    },
    {
        "index": 84,
        "step": "apply (simp add: gets_the_def bind_assoc exec_gets\n                   assert_opt_def fun_eq_iff\n            split: option.split)",
        "output": "",
        "raw_output": "proof (prove)\ngoal:\nNo subgoals!",
        "step_time": 0.01834726333618164
    },
    {
        "index": 85,
        "step": "done",
        "output": "",
        "raw_output": "",
        "step_time": 0.006653785705566406
    },
    {
        "index": 86,
        "step": "lemma gets_the_eq_bindE:\n  \"\\<lbrakk> f = gets_the (fn_f o fn'); \\<And>rv. g rv = gets_the (fn_g rv o fn') \\<rbrakk>\n   \\<Longrightarrow> \\<exists>fn. (f >>=E g) = gets_the (fn o fn')\"",
        "output": "",
        "raw_output": "proof (prove)\ngoal (1 subgoal):\n 1. \\<lbrakk>f = gets_the (fn_f \\<circ> fn'); \\<And>rv. g rv = gets_the (fn_g rv \\<circ> fn')\\<rbrakk> \\<Longrightarrow> \\<exists>fn. f >>=E g = gets_the (fn \\<circ> fn')",
        "step_time": 0.013016700744628906
    },
    {
        "index": 87,
        "step": "unfolding bindE_def",
        "output": "",
        "raw_output": "proof (prove)\ngoal (1 subgoal):\n 1. \\<lbrakk>f = gets_the (fn_f \\<circ> fn'); \\<And>rv. g rv = gets_the (fn_g rv \\<circ> fn')\\<rbrakk> \\<Longrightarrow> \\<exists>fn. f >>= lift g = gets_the (fn \\<circ> fn')",
        "step_time": 0.005982398986816406
    },
    {
        "index": 88,
        "step": "apply (erule gets_the_eq_bind[where fn_g=\"\\<lambda>rv s. case rv of Inl e \\<Rightarrow> Some (Inl e) | Inr v \\<Rightarrow> fn_g v s\"])",
        "output": "",
        "raw_output": "proof (prove)\ngoal (1 subgoal):\n 1. \\<And>rv. (\\<And>rv. g rv = gets_the (fn_g rv \\<circ> fn')) \\<Longrightarrow> lift g rv = gets_the ((\\<lambda>s. case rv of Inl e \\<Rightarrow> Some (Inl e) | Inr v \\<Rightarrow> fn_g v s) \\<circ> fn')",
        "step_time": 0.010212898254394531
    },
    {
        "index": 89,
        "step": "apply (simp add: lift_def gets_the_returns split: sum.split)",
        "output": "",
        "raw_output": "proof (prove)\ngoal:\nNo subgoals!",
        "step_time": 0.010656595230102539
    },
    {
        "index": 90,
        "step": "done",
        "output": "",
        "raw_output": "",
        "step_time": 0.006374359130859375
    },
    {
        "index": 91,
        "step": "lemma gets_the_fail:\n  \"(fail = gets_the f) = (\\<forall>s. f s = None)\"",
        "output": "",
        "raw_output": "proof (prove)\ngoal (1 subgoal):\n 1. (fail = gets_the f) = (\\<forall>s. f s = None)",
        "step_time": 0.007826805114746094
    },
    {
        "index": 92,
        "step": "by (simp add: gets_the_def exec_gets assert_opt_def\n                fail_def return_def fun_eq_iff\n         split: option.split)",
        "output": "",
        "raw_output": "",
        "step_time": 0.018726110458374023
    },
    {
        "index": 93,
        "step": "lemma gets_the_asserts:\n  \"(fail = gets_the f) = (\\<forall>s. f s = None)\"\n  \"(assert P = gets_the g) = (\\<forall>s. g s = (if P then Some () else None))\"\n  \"(assertE P = gets_the h) = (\\<forall>s. h s = (if P then Some (Inr ()) else None))\"",
        "output": "",
        "raw_output": "proof (prove)\ngoal (1 subgoal):\n 1. (fail = gets_the f) = (\\<forall>s. f s = None) &&& (assert P = gets_the g) = (\\<forall>s. g s = (if P then Some () else None)) &&& (assertE P = gets_the h) = (\\<forall>s. h s = (if P then Some (Inr ()) else None))",
        "step_time": 0.014966011047363281
    },
    {
        "index": 94,
        "step": "by (simp add: assert_def assertE_def gets_the_fail gets_the_returns\n         split: if_split)+",
        "output": "",
        "raw_output": "",
        "step_time": 0.013700008392333984
    },
    {
        "index": 95,
        "step": "lemma ex_const_function:\n  \"\\<exists>f. \\<forall>s. f (f' s) = v\"",
        "output": "",
        "raw_output": "proof (prove)\ngoal (1 subgoal):\n 1. \\<exists>f. \\<forall>s. f (f' s) = v",
        "step_time": 0.0065801143646240234
    },
    {
        "index": 96,
        "step": "by force",
        "output": "",
        "raw_output": "",
        "step_time": 0.006825923919677734
    },
    {
        "index": 97,
        "step": "lemma gets_the_condsE:\n  \"(\\<exists>fn. whenE P f = gets_the (fn o fn'))\n   = (P \\<longrightarrow> (\\<exists>fn. f = gets_the (fn o fn')))\"\n  \"(\\<exists>fn. unlessE P g = gets_the (fn o fn'))\n   = (\\<not> P \\<longrightarrow> (\\<exists>fn. g = gets_the (fn o fn')))\"",
        "output": "",
        "raw_output": "proof (prove)\ngoal (1 subgoal):\n 1. (\\<exists>fn. whenE P f = gets_the (fn \\<circ> fn')) = (P \\<longrightarrow> (\\<exists>fn. f = gets_the (fn \\<circ> fn'))) &&& (\\<exists>fn. unlessE P g = gets_the (fn \\<circ> fn')) = (\\<not> P \\<longrightarrow> (\\<exists>fn. g = gets_the (fn \\<circ> fn')))",
        "step_time": 0.012212276458740234
    },
    {
        "index": 98,
        "step": "by (simp add: whenE_def unlessE_def gets_the_returns ex_const_function\n         split: if_split)+",
        "output": "",
        "raw_output": "",
        "step_time": 0.014804363250732422
    },
    {
        "index": 99,
        "step": "lemma let_into_return:\n  \"(let f = x in m f) = (do f \\<leftarrow> return x; m f od)\"",
        "output": "",
        "raw_output": "proof (prove)\ngoal (1 subgoal):\n 1. Let x m = return x >>= m",
        "step_time": 0.007733583450317383
    },
    {
        "index": 100,
        "step": "by simp",
        "output": "",
        "raw_output": "",
        "step_time": 0.005867719650268555
    },
    {
        "index": 101,
        "step": "lemma liftME_return:\n  \"liftME f (returnOk v) = returnOk (f v)\"",
        "output": "",
        "raw_output": "proof (prove)\ngoal (1 subgoal):\n 1. liftME f (returnOk v) = returnOk (f v)",
        "step_time": 0.007279396057128906
    },
    {
        "index": 102,
        "step": "by (simp add: liftME_def)",
        "output": "",
        "raw_output": "",
        "step_time": 0.005873680114746094
    },
    {
        "index": 103,
        "step": "lemma fold_bindE_into_list_case:\n  \"(doE v \\<leftarrow> f; case_list (g v) (h v) x odE)\n   = (case_list (doE v \\<leftarrow> f; g v odE) (\\<lambda>x xs. doE v \\<leftarrow> f; h v x xs odE) x)\"",
        "output": "",
        "raw_output": "proof (prove)\ngoal (1 subgoal):\n 1. doE v <- f;\ncase x of [] \\<Rightarrow> g v | x # xa \\<Rightarrow> h v x xa\nodE = (case x of [] \\<Rightarrow> f >>=E g | x # xs \\<Rightarrow> doE v <- f;\nh v x xs\nodE)",
        "step_time": 0.014653205871582031
    },
    {
        "index": 104,
        "step": "by (simp split: list.split)",
        "output": "",
        "raw_output": "",
        "step_time": 0.010911941528320312
    },
    {
        "index": 105,
        "step": "lemma whenE_liftE:\n  \"whenE P (liftE f) = liftE (when P f)\"",
        "output": "",
        "raw_output": "proof (prove)\ngoal (1 subgoal):\n 1. whenE P (liftE f) = liftE (when P f)",
        "step_time": 0.008171319961547852
    },
    {
        "index": 106,
        "step": "by (simp add: whenE_def when_def returnOk_liftE)",
        "output": "",
        "raw_output": "",
        "step_time": 0.008526325225830078
    },
    {
        "index": 107,
        "step": "lemma whenE_whenE_body:\n  \"whenE P (throwError f) >>=E (\\<lambda>_. whenE Q (throwError f) >>=E r) = whenE (P \\<or> Q) (throwError f) >>=E r\"",
        "output": "",
        "raw_output": "proof (prove)\ngoal (1 subgoal):\n 1. doE _ <- whenE P (throwError f);\nwhenE Q (throwError f) >>=E r\nodE = whenE (P \\<or> Q) (throwError f) >>=E r",
        "step_time": 0.011323690414428711
    },
    {
        "index": 108,
        "step": "apply (cases P)",
        "output": "",
        "raw_output": "proof (prove)\ngoal (2 subgoals):\n 1. P \\<Longrightarrow> doE _ <- whenE P (throwError f);\nwhenE Q (throwError f) >>=E r\nodE = whenE (P \\<or> Q) (throwError f) >>=E r\n 2. \\<not> P \\<Longrightarrow> doE _ <- whenE P (throwError f);\nwhenE Q (throwError f) >>=E r\nodE = whenE (P \\<or> Q) (throwError f) >>=E r",
        "step_time": 0.006100893020629883
    },
    {
        "index": 109,
        "step": "apply (simp add: whenE_def)",
        "output": "",
        "raw_output": "proof (prove)\ngoal (1 subgoal):\n 1. \\<not> P \\<Longrightarrow> doE _ <- whenE P (throwError f);\nwhenE Q (throwError f) >>=E r\nodE = whenE (P \\<or> Q) (throwError f) >>=E r",
        "step_time": 0.006760835647583008
    },
    {
        "index": 110,
        "step": "apply simp",
        "output": "",
        "raw_output": "proof (prove)\ngoal:\nNo subgoals!",
        "step_time": 0.004755973815917969
    },
    {
        "index": 111,
        "step": "done",
        "output": "",
        "raw_output": "",
        "step_time": 0.005614042282104492
    },
    {
        "index": 112,
        "step": "lemma whenE_whenE_same:\n  \"whenE P (throwError f) >>=E (\\<lambda>_. whenE P (throwError g) >>=E r) = whenE P (throwError f) >>=E r\"",
        "output": "",
        "raw_output": "proof (prove)\ngoal (1 subgoal):\n 1. doE _ <- whenE P (throwError f);\nwhenE P (throwError g) >>=E r\nodE = whenE P (throwError f) >>=E r",
        "step_time": 0.009412527084350586
    },
    {
        "index": 113,
        "step": "apply (cases P)",
        "output": "",
        "raw_output": "proof (prove)\ngoal (2 subgoals):\n 1. P \\<Longrightarrow> doE _ <- whenE P (throwError f);\nwhenE P (throwError g) >>=E r\nodE = whenE P (throwError f) >>=E r\n 2. \\<not> P \\<Longrightarrow> doE _ <- whenE P (throwError f);\nwhenE P (throwError g) >>=E r\nodE = whenE P (throwError f) >>=E r",
        "step_time": 0.005906820297241211
    },
    {
        "index": 114,
        "step": "apply (simp add: whenE_def)",
        "output": "",
        "raw_output": "proof (prove)\ngoal (1 subgoal):\n 1. \\<not> P \\<Longrightarrow> doE _ <- whenE P (throwError f);\nwhenE P (throwError g) >>=E r\nodE = whenE P (throwError f) >>=E r",
        "step_time": 0.0062274932861328125
    },
    {
        "index": 115,
        "step": "apply simp",
        "output": "",
        "raw_output": "proof (prove)\ngoal:\nNo subgoals!",
        "step_time": 0.005365133285522461
    },
    {
        "index": 116,
        "step": "done",
        "output": "",
        "raw_output": "",
        "step_time": 0.0071544647216796875
    },
    {
        "index": 117,
        "step": "lemma exec_select_f_singleton:\n  \"(select_f ({v},False) >>= f) = f v\"",
        "output": "",
        "raw_output": "proof (prove)\ngoal (1 subgoal):\n 1. select_f ({v}, False) >>= f = f v",
        "step_time": 0.008267641067504883
    },
    {
        "index": 118,
        "step": "by (simp add: select_f_def bind_def)",
        "output": "",
        "raw_output": "",
        "step_time": 0.014104604721069336
    },
    {
        "index": 119,
        "step": "lemma maybe_fail_bind_fail:\n  \"unless P fail >>= (\\<lambda>_. fail) = fail\"\n  \"when P fail >>= (\\<lambda>_. fail) = fail\"",
        "output": "",
        "raw_output": "proof (prove)\ngoal (1 subgoal):\n 1. do _ <- unless P fail;\nfail\nod = fail &&& do _ <- when P fail;\nfail\nod = fail",
        "step_time": 0.008672237396240234
    },
    {
        "index": 120,
        "step": "by (clarsimp simp: bind_def fail_def return_def\n                     unless_def when_def)+",
        "output": "",
        "raw_output": "",
        "step_time": 0.029134750366210938
    },
    {
        "index": 121,
        "step": "lemma select_singleton[simp]:\n  \"select {x} = return x\"",
        "output": "",
        "raw_output": "proof (prove)\ngoal (1 subgoal):\n 1. select {x} = return x",
        "step_time": 0.006029367446899414
    },
    {
        "index": 122,
        "step": "by (simp add: select_def return_def)",
        "output": "",
        "raw_output": "",
        "step_time": 0.006319284439086914
    },
    {
        "index": 123,
        "step": "lemma return_modify:\n  \"return () = modify id\"",
        "output": "",
        "raw_output": "proof (prove)\ngoal (1 subgoal):\n 1. return () = modify id",
        "step_time": 0.006181478500366211
    },
    {
        "index": 124,
        "step": "by (simp add: return_def simpler_modify_def)",
        "output": "",
        "raw_output": "",
        "step_time": 0.006096601486206055
    },
    {
        "index": 125,
        "step": "lemma liftE_liftM_liftME:\n  \"liftE (liftM f m) = liftME f (liftE m)\"",
        "output": "",
        "raw_output": "proof (prove)\ngoal (1 subgoal):\n 1. liftE (liftM f m) = liftME f (liftE m)",
        "step_time": 0.007995367050170898
    },
    {
        "index": 126,
        "step": "by (simp add: liftE_liftM liftME_liftM liftM_def)",
        "output": "",
        "raw_output": "",
        "step_time": 0.008327484130859375
    },
    {
        "index": 127,
        "step": "lemma bind_return_unit:\n  \"f = (f >>= (\\<lambda>x. return ()))\"",
        "output": "",
        "raw_output": "proof (prove)\ngoal (1 subgoal):\n 1. f = do x <- f;\nreturn ()\nod",
        "step_time": 0.007233381271362305
    },
    {
        "index": 128,
        "step": "by simp",
        "output": "",
        "raw_output": "",
        "step_time": 0.006430625915527344
    },
    {
        "index": 129,
        "step": "lemma modify_id_return:\n \"modify id = return ()\"",
        "output": "",
        "raw_output": "proof (prove)\ngoal (1 subgoal):\n 1. modify id = return ()",
        "step_time": 0.005735158920288086
    },
    {
        "index": 130,
        "step": "by (simp add: simpler_modify_def return_def)",
        "output": "",
        "raw_output": "",
        "step_time": 0.0066182613372802734
    },
    {
        "index": 131,
        "step": "lemma liftE_bind_return_bindE_returnOk:\n  \"liftE (v >>= (\\<lambda>rv. return (f rv)))\n   = (liftE v >>=E (\\<lambda>rv. returnOk (f rv)))\"",
        "output": "",
        "raw_output": "proof (prove)\ngoal (1 subgoal):\n 1. liftE (do rv <- v;\nreturn (f rv)\nod) = doE rv <- liftE v;\nreturnOk (f rv)\nodE",
        "step_time": 0.00989389419555664
    },
    {
        "index": 132,
        "step": "by (simp add: liftE_bindE, simp add: liftE_def returnOk_def)",
        "output": "",
        "raw_output": "",
        "step_time": 0.0077762603759765625
    },
    {
        "index": 133,
        "step": "lemma bind_eqI:\n  \"g = g' \\<Longrightarrow> f >>= g = f >>= g'\"",
        "output": "",
        "raw_output": "proof (prove)\ngoal (1 subgoal):\n 1. g = g' \\<Longrightarrow> f >>= g = f >>= g'",
        "step_time": 0.007151365280151367
    },
    {
        "index": 134,
        "step": "by simp",
        "output": "",
        "raw_output": "",
        "step_time": 0.0067729949951171875
    },
    {
        "index": 135,
        "step": "lemma unlessE_throwError_returnOk:\n  \"(if P then returnOk v else throwError x)\n   = (unlessE P (throwError x) >>=E (\\<lambda>_. returnOk v))\"",
        "output": "",
        "raw_output": "proof (prove)\ngoal (1 subgoal):\n 1. (if P then returnOk v else throwError x) = doE _ <- unlessE P (throwError x);\nreturnOk v\nodE",
        "step_time": 0.011482715606689453
    },
    {
        "index": 136,
        "step": "by (cases P, simp_all add: unlessE_def)",
        "output": "",
        "raw_output": "",
        "step_time": 0.009059667587280273
    },
    {
        "index": 137,
        "step": "lemma gets_the_bind_eq:\n  \"\\<lbrakk> f s = Some x; g x s = h s \\<rbrakk>\n   \\<Longrightarrow> (gets_the f >>= g) s = h s\"",
        "output": "",
        "raw_output": "proof (prove)\ngoal (1 subgoal):\n 1. \\<lbrakk>f s = Some x; g x s = h s\\<rbrakk> \\<Longrightarrow> (gets_the f >>= g) s = h s",
        "step_time": 0.010697126388549805
    },
    {
        "index": 138,
        "step": "by (simp add: gets_the_def bind_assoc exec_gets assert_opt_def)",
        "output": "",
        "raw_output": "",
        "step_time": 0.008964300155639648
    },
    {
        "index": 139,
        "step": "lemma zipWithM_x_modify:\n  \"zipWithM_x (\\<lambda>a b. modify (f a b)) as bs\n   = modify (\\<lambda>s. foldl (\\<lambda>s (a, b). f a b s) s (zip as bs))\"",
        "output": "",
        "raw_output": "proof (prove)\ngoal (1 subgoal):\n 1. zipWithM_x (\\<lambda>a b. modify (f a b)) as bs = modify (\\<lambda>s. foldl (\\<lambda>s (a, b). f a b s) s (zip as bs))",
        "step_time": 0.011249303817749023
    },
    {
        "index": 140,
        "step": "apply (simp add: zipWithM_x_def zipWith_def sequence_x_def)",
        "output": "",
        "raw_output": "proof (prove)\ngoal (1 subgoal):\n 1. foldr (\\<lambda>x y. do _ <- x;\ny\nod) (map2 (\\<lambda>a b. modify (f a b)) as bs) (return ()) = modify (\\<lambda>s. foldl (\\<lambda>s (a, b). f a b s) s (zip as bs))",
        "step_time": 0.0065572261810302734
    },
    {
        "index": 141,
        "step": "apply (induct (\"zip as bs\"))",
        "output": "",
        "raw_output": "proof (prove)\ngoal (2 subgoals):\n 1. foldr (\\<lambda>x y. do _ <- x;\ny\nod) (map (\\<lambda>a. case a of (a, b) \\<Rightarrow> modify (f a b)) []) (return ()) = modify (\\<lambda>s. foldl (\\<lambda>s a. case a of (a, b) \\<Rightarrow> f a b s) s [])\n 2. \\<And>a list. foldr (\\<lambda>x y. do _ <- x;\ny\nod) (map (\\<lambda>a. case a of (a, b) \\<Rightarrow> modify (f a b)) list) (return ()) = modify (\\<lambda>s. foldl (\\<lambda>s a. case a of (a, b) \\<Rightarrow> f a b s) s list) \\<Longrightarrow> foldr (\\<lambda>x y. do _ <- x;\ny\nod) (map (\\<lambda>a. case a of (a, b) \\<Rightarrow> modify (f a b)) (a # list)) (return ()) = modify (\\<lambda>s. foldl (\\<lambda>s a. case a of (a, b) \\<Rightarrow> f a b s) s (a # list))",
        "step_time": 0.01891326904296875
    },
    {
        "index": 142,
        "step": "apply (simp add: simpler_modify_def return_def)",
        "output": "",
        "raw_output": "proof (prove)\ngoal (1 subgoal):\n 1. \\<And>a list. foldr (\\<lambda>x y. do _ <- x;\ny\nod) (map (\\<lambda>a. case a of (a, b) \\<Rightarrow> modify (f a b)) list) (return ()) = modify (\\<lambda>s. foldl (\\<lambda>s a. case a of (a, b) \\<Rightarrow> f a b s) s list) \\<Longrightarrow> foldr (\\<lambda>x y. do _ <- x;\ny\nod) (map (\\<lambda>a. case a of (a, b) \\<Rightarrow> modify (f a b)) (a # list)) (return ()) = modify (\\<lambda>s. foldl (\\<lambda>s a. case a of (a, b) \\<Rightarrow> f a b s) s (a # list))",
        "step_time": 0.014255762100219727
    },
    {
        "index": 143,
        "step": "apply (rule ext)",
        "output": "",
        "raw_output": "proof (prove)\ngoal (1 subgoal):\n 1. \\<And>a list x. foldr (\\<lambda>x y. do _ <- x;\ny\nod) (map (\\<lambda>a. case a of (a, b) \\<Rightarrow> modify (f a b)) list) (return ()) = modify (\\<lambda>s. foldl (\\<lambda>s a. case a of (a, b) \\<Rightarrow> f a b s) s list) \\<Longrightarrow> foldr (\\<lambda>x y. do _ <- x;\ny\nod) (map (\\<lambda>a. case a of (a, b) \\<Rightarrow> modify (f a b)) (a # list)) (return ()) x = modify (\\<lambda>s. foldl (\\<lambda>s a. case a of (a, b) \\<Rightarrow> f a b s) s (a # list)) x",
        "step_time": 0.010797977447509766
    },
    {
        "index": 144,
        "step": "apply (simp add: simpler_modify_def bind_def split_def)",
        "output": "",
        "raw_output": "proof (prove)\ngoal:\nNo subgoals!",
        "step_time": 0.03493833541870117
    },
    {
        "index": 145,
        "step": "done",
        "output": "",
        "raw_output": "",
        "step_time": 0.006540775299072266
    },
    {
        "index": 146,
        "step": "lemma bind_return_subst:\n  assumes r: \"\\<And>r. \\<lbrace>\\<lambda>s. P x = r\\<rbrace> f x \\<lbrace>\\<lambda>rv s. Q rv = r\\<rbrace>\"\n  shows\n  \"do a \\<leftarrow> f x;\n      g (Q a)\n   od =\n   do _ \\<leftarrow> f x;\n      g (P x)\n   od\"",
        "output": "",
        "raw_output": "proof (prove)\ngoal (1 subgoal):\n 1. do a <- f x;\ng (Q a)\nod = do _ <- f x;\ng (P x)\nod",
        "step_time": 0.013389348983764648
    },
    {
        "index": 147,
        "step": "proof -",
        "output": "",
        "raw_output": "proof (state)\ngoal (1 subgoal):\n 1. do a <- f x;\ng (Q a)\nod = do _ <- f x;\ng (P x)\nod",
        "step_time": 0.0059092044830322266
    },
    {
        "index": 148,
        "step": "have \"do a \\<leftarrow> f x;\n           return (Q a)\n        od =\n        do _ \\<leftarrow> f x;\n           return (P x)\n        od\"",
        "output": "",
        "raw_output": "proof (prove)\ngoal (1 subgoal):\n 1. do a <- f x;\nreturn (Q a)\nod = do _ <- f x;\nreturn (P x)\nod",
        "step_time": 0.008738279342651367
    },
    {
        "index": 149,
        "step": "using r",
        "output": "",
        "raw_output": "proof (prove)\nusing this:\n\\<lbrace>\\<lambda>s. P x = ?r\\<rbrace> f x \\<lbrace>\\<lambda>rv s. Q rv = ?r\\<rbrace>\n\ngoal (1 subgoal):\n 1. do a <- f x;\nreturn (Q a)\nod = do _ <- f x;\nreturn (P x)\nod",
        "step_time": 0.004921913146972656
    },
    {
        "index": 150,
        "step": "apply (subst fun_eq_iff)",
        "output": "",
        "raw_output": "proof (prove)\ngoal (1 subgoal):\n 1. (\\<And>r. \\<lbrace>\\<lambda>s. P x = r\\<rbrace> f x \\<lbrace>\\<lambda>rv s. Q rv = r\\<rbrace>) \\<Longrightarrow> \\<forall>xa. (do a <- f x;\nreturn (Q a)\nod) xa = (do _ <- f x;\nreturn (P x)\nod) xa",
        "step_time": 0.005949258804321289
    },
    {
        "index": 151,
        "step": "apply (fastforce simp: bind_def valid_def return_def)",
        "output": "",
        "raw_output": "proof (prove)\ngoal:\nNo subgoals!",
        "step_time": 0.47823095321655273
    },
    {
        "index": 152,
        "step": "done",
        "output": "",
        "raw_output": "proof (state)\nthis:\ndo a <- f x;\nreturn (Q a)\nod = do _ <- f x;\nreturn (P x)\nod\n\ngoal (1 subgoal):\n 1. do a <- f x;\ng (Q a)\nod = do _ <- f x;\ng (P x)\nod",
        "step_time": 0.007593631744384766
    },
    {
        "index": 153,
        "step": "hence \"do a \\<leftarrow> f x;\n            return (Q a)\n         od >>= g =\n         do _ \\<leftarrow> f x;\n            return (P x)\n         od >>= g\"",
        "output": "",
        "raw_output": "proof (prove)\nusing this:\ndo a <- f x;\nreturn (Q a)\nod = do _ <- f x;\nreturn (P x)\nod\n\ngoal (1 subgoal):\n 1. do a <- f x;\nreturn (Q a)\nod >>= g = do _ <- f x;\nreturn (P x)\nod >>= g",
        "step_time": 0.012391805648803711
    },
    {
        "index": 154,
        "step": "by (rule bind_cong, simp)",
        "output": "",
        "raw_output": "proof (state)\nthis:\ndo a <- f x;\nreturn (Q a)\nod >>= g = do _ <- f x;\nreturn (P x)\nod >>= g\n\ngoal (1 subgoal):\n 1. do a <- f x;\ng (Q a)\nod = do _ <- f x;\ng (P x)\nod",
        "step_time": 0.009029388427734375
    },
    {
        "index": 155,
        "step": "thus ?thesis",
        "output": "",
        "raw_output": "proof (prove)\nusing this:\ndo a <- f x;\nreturn (Q a)\nod >>= g = do _ <- f x;\nreturn (P x)\nod >>= g\n\ngoal (1 subgoal):\n 1. do a <- f x;\ng (Q a)\nod = do _ <- f x;\ng (P x)\nod",
        "step_time": 0.008410453796386719
    },
    {
        "index": 156,
        "step": "by simp",
        "output": "",
        "raw_output": "proof (state)\nthis:\ndo a <- f x;\ng (Q a)\nod = do _ <- f x;\ng (P x)\nod\n\ngoal:\nNo subgoals!",
        "step_time": 0.00825810432434082
    },
    {
        "index": 157,
        "step": "qed",
        "output": "",
        "raw_output": "",
        "step_time": 0.006582975387573242
    },
    {
        "index": 158,
        "step": "lemma assert2:\n  \"(do v1 \\<leftarrow> assert P; v2 \\<leftarrow> assert Q; c od)\n   = (do v \\<leftarrow> assert (P \\<and> Q); c od)\"",
        "output": "",
        "raw_output": "proof (prove)\ngoal (1 subgoal):\n 1. do v1 <- assert P;\nv2 <- assert Q;\nc\nod = do v <- assert (P \\<and> Q);\nc\nod",
        "step_time": 0.00893712043762207
    },
    {
        "index": 159,
        "step": "by (simp add: assert_def split: if_split)",
        "output": "",
        "raw_output": "",
        "step_time": 0.014592647552490234
    },
    {
        "index": 160,
        "step": "lemma assert_opt_def2:\n  \"assert_opt v = (do assert (v \\<noteq> None); return (the v) od)\"",
        "output": "",
        "raw_output": "proof (prove)\ngoal (1 subgoal):\n 1. assert_opt v = do assert (v \\<noteq> None);\nreturn (the v)\nod",
        "step_time": 0.007678031921386719
    },
    {
        "index": 161,
        "step": "by (simp add: assert_opt_def split: option.split)",
        "output": "",
        "raw_output": "",
        "step_time": 0.007959604263305664
    },
    {
        "index": 162,
        "step": "lemma gets_assert:\n  \"(do v1 \\<leftarrow> assert v; v2 \\<leftarrow> gets f; c v1 v2 od)\n   = (do v2 \\<leftarrow> gets f; v1 \\<leftarrow> assert v; c v1 v2 od)\"",
        "output": "",
        "raw_output": "proof (prove)\ngoal (1 subgoal):\n 1. do v1 <- assert v;\ngets f >>= c v1\nod = do v2 <- gets f;\nv1 <- assert v;\nc v1 v2\nod",
        "step_time": 0.011354446411132812
    },
    {
        "index": 163,
        "step": "by (simp add: simpler_gets_def return_def assert_def fail_def bind_def\n         split: if_split)",
        "output": "",
        "raw_output": "",
        "step_time": 0.07158756256103516
    },
    {
        "index": 164,
        "step": "lemma modify_assert:\n  \"(do v2 \\<leftarrow> modify f; v1 \\<leftarrow> assert v; c v1 od)\n   = (do v1 \\<leftarrow> assert v; v2 \\<leftarrow> modify f; c v1 od)\"",
        "output": "",
        "raw_output": "proof (prove)\ngoal (1 subgoal):\n 1. do v2 <- modify f;\nassert v >>= c\nod = do v1 <- assert v;\nv2 <- modify f;\nc v1\nod",
        "step_time": 0.010359048843383789
    },
    {
        "index": 165,
        "step": "by (simp add: simpler_modify_def return_def assert_def fail_def bind_def\n         split: if_split)",
        "output": "",
        "raw_output": "",
        "step_time": 0.06939339637756348
    },
    {
        "index": 166,
        "step": "lemma gets_fold_into_modify:\n  \"do x \\<leftarrow> gets f; modify (g x) od = modify (\\<lambda>s. g (f s) s)\"\n  \"do x \\<leftarrow> gets f; _ \\<leftarrow> modify (g x); h od\n   = do modify (\\<lambda>s. g (f s) s); h od\"",
        "output": "",
        "raw_output": "proof (prove)\ngoal (1 subgoal):\n 1. do x <- gets f;\nmodify (g x)\nod = modify (\\<lambda>s. g (f s) s) &&& do x <- gets f;\n_ <- modify (g x);\nh\nod = do modify (\\<lambda>s. g (f s) s);\nh\nod",
        "step_time": 0.015176534652709961
    },
    {
        "index": 167,
        "step": "by (simp_all add: fun_eq_iff modify_def bind_assoc exec_gets\n                    exec_get exec_put)",
        "output": "",
        "raw_output": "",
        "step_time": 0.021647930145263672
    },
    {
        "index": 168,
        "step": "lemma gets_return_gets_eq:\n  \"gets f >>= (\\<lambda>g. return (h g)) = gets (\\<lambda>s. h (f s))\"",
        "output": "",
        "raw_output": "proof (prove)\ngoal (1 subgoal):\n 1. do g <- gets f;\nreturn (h g)\nod = gets (\\<lambda>s. h (f s))",
        "step_time": 0.009953737258911133
    },
    {
        "index": 169,
        "step": "by (simp add: simpler_gets_def bind_def return_def)",
        "output": "",
        "raw_output": "",
        "step_time": 0.016237258911132812
    },
    {
        "index": 170,
        "step": "lemma gets_prod_comp:\n  \"gets (case x of (a, b) \\<Rightarrow> f a b) = (case x of (a, b) \\<Rightarrow> gets (f a b))\"",
        "output": "",
        "raw_output": "proof (prove)\ngoal (1 subgoal):\n 1. gets (case x of (a, b) \\<Rightarrow> f a b) = (case x of (a, b) \\<Rightarrow> gets (f a b))",
        "step_time": 0.012370824813842773
    },
    {
        "index": 171,
        "step": "by (auto simp: split_def)",
        "output": "",
        "raw_output": "",
        "step_time": 0.008330106735229492
    },
    {
        "index": 172,
        "step": "lemma bind_assoc2:\n  \"(do x \\<leftarrow> a; _ \\<leftarrow> b; c x od) = (do x \\<leftarrow> (do x' \\<leftarrow> a; _ \\<leftarrow> b; return x' od); c x od)\"",
        "output": "",
        "raw_output": "proof (prove)\ngoal (1 subgoal):\n 1. do x <- a;\n_ <- b;\nc x\nod = do x' <- a;\n_ <- b;\nreturn x'\nod >>= c",
        "step_time": 0.011312246322631836
    },
    {
        "index": 173,
        "step": "by (simp add: bind_assoc)",
        "output": "",
        "raw_output": "",
        "step_time": 0.007859945297241211
    },
    {
        "index": 174,
        "step": "lemma bind_assoc_return_reverse:\n  \"do x \\<leftarrow> f;\n      _ \\<leftarrow> g x;\n      h x\n   od =\n   do x \\<leftarrow> do x \\<leftarrow> f;\n              _ \\<leftarrow> g x;\n              return x\n           od;\n      h x\n   od\"",
        "output": "",
        "raw_output": "proof (prove)\ngoal (1 subgoal):\n 1. do x <- f;\n_ <- g x;\nh x\nod = do x <- f;\n_ <- g x;\nreturn x\nod >>= h",
        "step_time": 0.011632204055786133
    },
    {
        "index": 175,
        "step": "by (simp only: bind_assoc return_bind)",
        "output": "",
        "raw_output": "",
        "step_time": 0.007947683334350586
    },
    {
        "index": 176,
        "step": "lemma if_bind:\n  \"(if P then (a >>= (\\<lambda>_. b)) else return ()) =\n   (if P then a else return ()) >>= (\\<lambda>_. if P then b else return ())\"",
        "output": "",
        "raw_output": "proof (prove)\ngoal (1 subgoal):\n 1. (if P then do _ <- a;\nb\nod else return ()) = do _ <- if P then a else return ();\nif P then b else return ()\nod",
        "step_time": 0.008883476257324219
    },
    {
        "index": 177,
        "step": "by (cases P; simp)",
        "output": "",
        "raw_output": "",
        "step_time": 0.009671688079833984
    },
    {
        "index": 178,
        "step": "lemma bind_liftE_distrib: \"(liftE (A >>= (\\<lambda>x. B x))) = (liftE A >>=E (\\<lambda>x. liftE (\\<lambda>s. B x s)))\"",
        "output": "",
        "raw_output": "proof (prove)\ngoal (1 subgoal):\n 1. liftE (A >>= B) = doE x <- liftE A;\nliftE (B x)\nodE",
        "step_time": 0.00986790657043457
    },
    {
        "index": 179,
        "step": "by (clarsimp simp: liftE_def bindE_def lift_def bind_assoc)",
        "output": "",
        "raw_output": "",
        "step_time": 0.00955963134765625
    },
    {
        "index": 180,
        "step": "lemma condition_apply_cong:\n  \"\\<lbrakk> c s = c' s'; s = s'; \\<And>s. c' s \\<Longrightarrow> l s = l' s  ; \\<And>s. \\<not> c' s \\<Longrightarrow> r s = r' s  \\<rbrakk> \\<Longrightarrow>  condition c l r s = condition c' l' r' s'\"",
        "output": "",
        "raw_output": "proof (prove)\ngoal (1 subgoal):\n 1. \\<lbrakk>c s = c' s'; s = s'; \\<And>s. c' s \\<Longrightarrow> l s = l' s; \\<And>s. \\<not> c' s \\<Longrightarrow> r s = r' s\\<rbrakk> \\<Longrightarrow> condition c\n  l\n  r s = condition c'\n  l'\n  r' s'",
        "step_time": 0.015540361404418945
    },
    {
        "index": 181,
        "step": "by monad_eq",
        "output": "",
        "raw_output": "",
        "step_time": 0.10666060447692871
    },
    {
        "index": 182,
        "step": "lemma condition_cong [cong, fundef_cong]:\n  \"\\<lbrakk> c = c'; \\<And>s. c' s \\<Longrightarrow> l s = l' s; \\<And>s. \\<not> c' s \\<Longrightarrow> r s = r' s \\<rbrakk> \\<Longrightarrow> condition c l r = condition c' l' r'\"",
        "output": "",
        "raw_output": "proof (prove)\ngoal (1 subgoal):\n 1. \\<lbrakk>c = c'; \\<And>s. c' s \\<Longrightarrow> l s = l' s; \\<And>s. \\<not> c' s \\<Longrightarrow> r s = r' s\\<rbrakk> \\<Longrightarrow> condition c\n  l\n  r = condition c'\n  l'\n  r'",
        "step_time": 0.012662172317504883
    },
    {
        "index": 183,
        "step": "by monad_eq",
        "output": "",
        "raw_output": "",
        "step_time": 0.1034691333770752
    },
    {
        "index": 184,
        "step": "lemma lift_Inr [simp]: \"(lift X (Inr r)) = (X r)\"",
        "output": "",
        "raw_output": "proof (prove)\ngoal (1 subgoal):\n 1. lift X (Inr r) = X r",
        "step_time": 0.009876251220703125
    },
    {
        "index": 185,
        "step": "by monad_eq",
        "output": "",
        "raw_output": "",
        "step_time": 0.02097487449645996
    },
    {
        "index": 186,
        "step": "lemma lift_Inl [simp]: \"lift C (Inl a) = throwError a\"",
        "output": "",
        "raw_output": "proof (prove)\ngoal (1 subgoal):\n 1. lift C (Inl a) = throwError a",
        "step_time": 0.008566617965698242
    },
    {
        "index": 187,
        "step": "by monad_eq",
        "output": "",
        "raw_output": "",
        "step_time": 0.02096080780029297
    },
    {
        "index": 188,
        "step": "lemma returnOk_def2:  \"returnOk a = return (Inr a)\"",
        "output": "",
        "raw_output": "proof (prove)\ngoal (1 subgoal):\n 1. returnOk a = return (Inr a)",
        "step_time": 0.0070590972900390625
    },
    {
        "index": 189,
        "step": "by monad_eq",
        "output": "",
        "raw_output": "",
        "step_time": 0.019077301025390625
    },
    {
        "index": 190,
        "step": "lemma liftE_fail[simp]: \"liftE fail = fail\"",
        "output": "",
        "raw_output": "proof (prove)\ngoal (1 subgoal):\n 1. liftE fail = fail",
        "step_time": 0.007044315338134766
    },
    {
        "index": 191,
        "step": "by monad_eq",
        "output": "",
        "raw_output": "",
        "step_time": 0.020302295684814453
    },
    {
        "index": 192,
        "step": "lemma catch_bind_distrib:\n  \"do _ <- m <catch> h; f od = (doE m; liftE f odE <catch> (\\<lambda>x. do h x; f od))\"",
        "output": "",
        "raw_output": "proof (prove)\ngoal (1 subgoal):\n 1. do _ <- m <catch> h;\nf\nod = (doE m;\nliftE f\nodE <catch> (\\<lambda>x. do h x;\nf\nod))",
        "step_time": 0.011380195617675781
    },
    {
        "index": 193,
        "step": "by (force simp: catch_def bindE_def bind_assoc liftE_def lift_def bind_def\n                  split_def return_def throwError_def\n            split: sum.splits)",
        "output": "",
        "raw_output": "",
        "step_time": 3.2936501502990723
    },
    {
        "index": 194,
        "step": "lemma if_catch_distrib:\n  \"((if P then f else g) <catch> h) = (if P then f <catch> h else g <catch> h)\"",
        "output": "",
        "raw_output": "proof (prove)\ngoal (1 subgoal):\n 1. ((if P then f else g) <catch> h) = (if P then f <catch> h else g <catch> h)",
        "step_time": 0.05548548698425293
    },
    {
        "index": 195,
        "step": "by (simp split: if_split)",
        "output": "",
        "raw_output": "",
        "step_time": 0.00939631462097168
    },
    {
        "index": 196,
        "step": "lemma will_throw_and_catch:\n  \"f = throwError e \\<Longrightarrow> (f <catch> (\\<lambda>_. g)) = g\"",
        "output": "",
        "raw_output": "proof (prove)\ngoal (1 subgoal):\n 1. f = throwError e \\<Longrightarrow> (f <catch> (\\<lambda>_. g)) = g",
        "step_time": 0.010639190673828125
    },
    {
        "index": 197,
        "step": "by (simp add: catch_def throwError_def)",
        "output": "",
        "raw_output": "",
        "step_time": 0.008614063262939453
    },
    {
        "index": 198,
        "step": "lemma catch_is_if:\n  \"(doE x <- f; g x odE <catch> h) =\n   do\n     rv <- f;\n     if sum.isl rv then h (projl rv) else g (projr rv) <catch> h\n   od\"",
        "output": "",
        "raw_output": "proof (prove)\ngoal (1 subgoal):\n 1. (f >>=E g <catch> h) = do rv <- f;\nif isl rv then h (projl rv) else g (projr rv) <catch> h\nod",
        "step_time": 0.01365041732788086
    },
    {
        "index": 199,
        "step": "apply (simp add: bindE_def catch_def bind_assoc cong: if_cong)",
        "output": "",
        "raw_output": "proof (prove)\ngoal (1 subgoal):\n 1. do x <- f;\nlift g x >>= case_sum h return\nod = do rv <- f;\nif isl rv then h (projl rv) else do x <- g (projr rv);\ncase x of Inl e \\<Rightarrow> h e | Inr b \\<Rightarrow> return b\nod\nod",
        "step_time": 0.010546207427978516
    },
    {
        "index": 200,
        "step": "apply (rule bind_cong, rule refl)",
        "output": "",
        "raw_output": "proof (prove)\ngoal (1 subgoal):\n 1. \\<And>v s s'. (v, s') \\<in> fst (f s) \\<Longrightarrow> (lift g v >>= case_sum h return) s' = (if isl v then h (projl v) else do x <- g (projr v);\ncase x of Inl e \\<Rightarrow> h e | Inr b \\<Rightarrow> return b\nod) s'",
        "step_time": 0.007870197296142578
    },
    {
        "index": 201,
        "step": "apply (clarsimp simp: lift_def throwError_def split: sum.splits)",
        "output": "",
        "raw_output": "proof (prove)\ngoal:\nNo subgoals!",
        "step_time": 0.015450477600097656
    },
    {
        "index": 202,
        "step": "done",
        "output": "",
        "raw_output": "",
        "step_time": 0.007363319396972656
    },
    {
        "index": 203,
        "step": "lemma liftE_K_bind: \"liftE ((K_bind (\\<lambda>s. A s)) x) = K_bind (liftE (\\<lambda>s. A s)) x\"",
        "output": "",
        "raw_output": "proof (prove)\ngoal (1 subgoal):\n 1. liftE (K_bind A x) = K_bind (liftE A) x",
        "step_time": 0.009913921356201172
    },
    {
        "index": 204,
        "step": "by clarsimp",
        "output": "",
        "raw_output": "",
        "step_time": 0.006873369216918945
    },
    {
        "index": 205,
        "step": "lemma monad_eq_split:\n  assumes \"\\<And>r s. Q r s \\<Longrightarrow> f r s = f' r s\"\n          \"\\<lbrace>P\\<rbrace> g \\<lbrace>\\<lambda>r s. Q r s\\<rbrace>\"\n          \"P s\"\n  shows \"(g >>= f) s = (g >>= f') s\"",
        "output": "",
        "raw_output": "proof (prove)\ngoal (1 subgoal):\n 1. (g >>= f) s = (g >>= f') s",
        "step_time": 0.013527393341064453
    },
    {
        "index": 206,
        "step": "proof -",
        "output": "",
        "raw_output": "proof (state)\ngoal (1 subgoal):\n 1. (g >>= f) s = (g >>= f') s",
        "step_time": 0.005314826965332031
    },
    {
        "index": 207,
        "step": "have pre: \"\\<And>rv s'. \\<lbrakk>(rv, s') \\<in> fst (g s)\\<rbrakk> \\<Longrightarrow> f rv s' = f' rv s'\"",
        "output": "",
        "raw_output": "proof (prove)\ngoal (1 subgoal):\n 1. \\<And>rv s'. (rv, s') \\<in> fst (g s) \\<Longrightarrow> f rv s' = f' rv s'",
        "step_time": 0.009057283401489258
    },
    {
        "index": 208,
        "step": "using assms",
        "output": "",
        "raw_output": "proof (prove)\nusing this:\nQ ?r ?s \\<Longrightarrow> f ?r ?s = f' ?r ?s\n\\<lbrace>P\\<rbrace> g \\<lbrace>Q\\<rbrace>\nP s\n\ngoal (1 subgoal):\n 1. \\<And>rv s'. (rv, s') \\<in> fst (g s) \\<Longrightarrow> f rv s' = f' rv s'",
        "step_time": 0.0062389373779296875
    },
    {
        "index": 209,
        "step": "unfolding valid_def",
        "output": "",
        "raw_output": "proof (prove)\nusing this:\nQ ?r ?s \\<Longrightarrow> f ?r ?s = f' ?r ?s\n\\<forall>s. P s \\<longrightarrow> (\\<forall>(r, s')\\<in>fst (g s). Q r s')\nP s\n\ngoal (1 subgoal):\n 1. \\<And>rv s'. (rv, s') \\<in> fst (g s) \\<Longrightarrow> f rv s' = f' rv s'",
        "step_time": 0.006991863250732422
    },
    {
        "index": 210,
        "step": "apply -",
        "output": "",
        "raw_output": "proof (prove)\ngoal (1 subgoal):\n 1. \\<And>rv s'. \\<lbrakk>(rv, s') \\<in> fst (g s); \\<And>r s. Q r s \\<Longrightarrow> f r s = f' r s; \\<forall>s. P s \\<longrightarrow> (\\<forall>(r, s')\\<in>fst (g s). Q r s'); P s\\<rbrakk> \\<Longrightarrow> f rv s' = f' rv s'",
        "step_time": 0.006127357482910156
    },
    {
        "index": 211,
        "step": "by (erule allE[where x=s]) auto",
        "output": "",
        "raw_output": "proof (state)\nthis:\n(?rv, ?s') \\<in> fst (g s) \\<Longrightarrow> f ?rv ?s' = f' ?rv ?s'\n\ngoal (1 subgoal):\n 1. (g >>= f) s = (g >>= f') s",
        "step_time": 0.013907909393310547
    },
    {
        "index": 212,
        "step": "show ?thesis",
        "output": "",
        "raw_output": "proof (prove)\ngoal (1 subgoal):\n 1. (g >>= f) s = (g >>= f') s",
        "step_time": 0.007038593292236328
    },
    {
        "index": 213,
        "step": "by (simp add: bind_def image_def case_prod_unfold pre)",
        "output": "",
        "raw_output": "proof (state)\nthis:\n(g >>= f) s = (g >>= f') s\n\ngoal:\nNo subgoals!",
        "step_time": 0.04804658889770508
    },
    {
        "index": 214,
        "step": "qed",
        "output": "",
        "raw_output": "",
        "step_time": 0.0069997310638427734
    },
    {
        "index": 215,
        "step": "lemma monad_eq_split2:\n  assumes eq: \" g' s = g s\"\n  assumes tail:\"\\<And>r s. Q r s \\<Longrightarrow> f r s = f' r s\"\n  and hoare:   \"\\<lbrace>P\\<rbrace> g \\<lbrace>\\<lambda>r s. Q r s\\<rbrace>\" \"P s\"\n  shows \"(g >>= f) s = (g' >>= f') s\"",
        "output": "",
        "raw_output": "proof (prove)\ngoal (1 subgoal):\n 1. (g >>= f) s = (g' >>= f') s",
        "step_time": 0.015373468399047852
    },
    {
        "index": 216,
        "step": "proof -",
        "output": "",
        "raw_output": "proof (state)\ngoal (1 subgoal):\n 1. (g >>= f) s = (g' >>= f') s",
        "step_time": 0.004906892776489258
    },
    {
        "index": 217,
        "step": "have pre: \"\\<And>aa bb. \\<lbrakk>(aa, bb) \\<in> fst (g s)\\<rbrakk> \\<Longrightarrow> Q aa bb\"",
        "output": "",
        "raw_output": "proof (prove)\ngoal (1 subgoal):\n 1. \\<And>aa bb. (aa, bb) \\<in> fst (g s) \\<Longrightarrow> Q aa bb",
        "step_time": 0.00811004638671875
    },
    {
        "index": 218,
        "step": "using hoare",
        "output": "",
        "raw_output": "proof (prove)\nusing this:\n\\<lbrace>P\\<rbrace> g \\<lbrace>Q\\<rbrace>\nP s\n\ngoal (1 subgoal):\n 1. \\<And>aa bb. (aa, bb) \\<in> fst (g s) \\<Longrightarrow> Q aa bb",
        "step_time": 0.0051116943359375
    },
    {
        "index": 219,
        "step": "by (auto simp: valid_def)",
        "output": "",
        "raw_output": "proof (state)\nthis:\n(?aa, ?bb) \\<in> fst (g s) \\<Longrightarrow> Q ?aa ?bb\n\ngoal (1 subgoal):\n 1. (g >>= f) s = (g' >>= f') s",
        "step_time": 0.010287761688232422
    },
    {
        "index": 220,
        "step": "show ?thesis",
        "output": "",
        "raw_output": "proof (prove)\ngoal (1 subgoal):\n 1. (g >>= f) s = (g' >>= f') s",
        "step_time": 0.0066375732421875
    },
    {
        "index": 221,
        "step": "by (simp add:bind_def eq image_def case_prod_unfold pre surjective_pairing tail)",
        "output": "",
        "raw_output": "proof (state)\nthis:\n(g >>= f) s = (g' >>= f') s\n\ngoal:\nNo subgoals!",
        "step_time": 0.05608487129211426
    },
    {
        "index": 222,
        "step": "qed",
        "output": "",
        "raw_output": "",
        "step_time": 0.008072137832641602
    },
    {
        "index": 223,
        "step": "lemma monad_eq_split_tail:\n  \"\\<lbrakk>f = g; a s = b s\\<rbrakk> \\<Longrightarrow> (a >>= f) s = ((b >>= g) s)\"",
        "output": "",
        "raw_output": "proof (prove)\ngoal (1 subgoal):\n 1. \\<lbrakk>f = g; a s = b s\\<rbrakk> \\<Longrightarrow> (a >>= f) s = (b >>= g) s",
        "step_time": 0.010975122451782227
    },
    {
        "index": 224,
        "step": "by (simp add:bind_def)",
        "output": "",
        "raw_output": "",
        "step_time": 0.027657032012939453
    },
    {
        "index": 225,
        "step": "lemma double_gets_drop_regets:\n  \"(do x \\<leftarrow> gets f;\n       xa \\<leftarrow> gets f;\n       m xa x\n    od) =\n   (do xa \\<leftarrow> gets f;\n       m xa xa\n    od)\"",
        "output": "",
        "raw_output": "proof (prove)\ngoal (1 subgoal):\n 1. do x <- gets f;\nxa <- gets f;\nm xa x\nod = do xa <- gets f;\nm xa xa\nod",
        "step_time": 0.01097869873046875
    },
    {
        "index": 226,
        "step": "by monad_eq",
        "output": "",
        "raw_output": "",
        "step_time": 0.025155067443847656
    },
    {
        "index": 227,
        "step": "lemma bind_inv_inv_comm_weak:\n  \"\\<lbrakk> \\<And>s. \\<lbrace>(=) s\\<rbrace> f \\<lbrace>\\<lambda>_. (=) s\\<rbrace>; \\<And>s. \\<lbrace>(=) s\\<rbrace> g \\<lbrace>\\<lambda>_. (=) s\\<rbrace>;\n     empty_fail f; empty_fail g \\<rbrakk> \\<Longrightarrow>\n   do x \\<leftarrow> f; y \\<leftarrow> g; n od = do y \\<leftarrow> g; x \\<leftarrow> f; n od\"",
        "output": "",
        "raw_output": "proof (prove)\ngoal (1 subgoal):\n 1. \\<lbrakk>\\<And>s. \\<lbrace>(=) s\\<rbrace> f \\<lbrace>\\<lambda>_. (=) s\\<rbrace>; \\<And>s. \\<lbrace>(=) s\\<rbrace> g \\<lbrace>\\<lambda>_. (=) s\\<rbrace>; empty_fail f; empty_fail g\\<rbrakk> \\<Longrightarrow> do x <- f;\ny <- g;\nn\nod = do y <- g;\nx <- f;\nn\nod",
        "step_time": 0.016711950302124023
    },
    {
        "index": 228,
        "step": "apply (rule ext)",
        "output": "",
        "raw_output": "proof (prove)\ngoal (1 subgoal):\n 1. \\<And>x. \\<lbrakk>\\<And>s. \\<lbrace>(=) s\\<rbrace> f \\<lbrace>\\<lambda>_. (=) s\\<rbrace>; \\<And>s. \\<lbrace>(=) s\\<rbrace> g \\<lbrace>\\<lambda>_. (=) s\\<rbrace>; empty_fail f; empty_fail g\\<rbrakk> \\<Longrightarrow> (do x <- f;\ny <- g;\nn\nod) x = (do y <- g;\nx <- f;\nn\nod) x",
        "step_time": 0.006888628005981445
    },
    {
        "index": 229,
        "step": "apply (fastforce simp: bind_def valid_def empty_fail_def split_def image_def)",
        "output": "",
        "raw_output": "proof (prove)\ngoal:\nNo subgoals!",
        "step_time": 0.5397374629974365
    },
    {
        "index": 230,
        "step": "done",
        "output": "",
        "raw_output": "",
        "step_time": 0.008624553680419922
    },
    {
        "index": 231,
        "step": "lemma state_assert_false[simp]: \"state_assert (\\<lambda>_. False) = fail\"",
        "output": "",
        "raw_output": "proof (prove)\ngoal (1 subgoal):\n 1. state_assert (\\<lambda>_. False) = fail",
        "step_time": 0.008142948150634766
    },
    {
        "index": 232,
        "step": "by monad_eq",
        "output": "",
        "raw_output": "",
        "step_time": 0.020360708236694336
    },
    {
        "index": 233,
        "step": "lemma condition_fail_rhs: \"condition C X fail = (state_assert C >>= (\\<lambda>_. X))\"",
        "output": "",
        "raw_output": "proof (prove)\ngoal (1 subgoal):\n 1. condition C\n  X\n  fail = do _ <- state_assert C;\nX\nod",
        "step_time": 0.009959220886230469
    },
    {
        "index": 234,
        "step": "by (monad_eq simp: Bex_def)",
        "output": "",
        "raw_output": "",
        "step_time": 0.02413487434387207
    },
    {
        "index": 235,
        "step": "lemma condition_swap: \"condition C A B = condition (\\<lambda>s. \\<not> C s) B A\"",
        "output": "",
        "raw_output": "proof (prove)\ngoal (1 subgoal):\n 1. condition C\n  A\n  B = condition (\\<lambda>s. \\<not> C s)\n  B\n  A",
        "step_time": 0.007808685302734375
    },
    {
        "index": 236,
        "step": "by monad_eq auto",
        "output": "",
        "raw_output": "",
        "step_time": 0.02756500244140625
    },
    {
        "index": 237,
        "step": "lemma condition_fail_lhs: \"condition C fail X = (state_assert (\\<lambda>s. \\<not> C s) >>= (\\<lambda>_. X))\"",
        "output": "",
        "raw_output": "proof (prove)\ngoal (1 subgoal):\n 1. condition C\n  fail\n  X = do _ <- state_assert (\\<lambda>s. \\<not> C s);\nX\nod",
        "step_time": 0.008502006530761719
    },
    {
        "index": 238,
        "step": "by (metis condition_fail_rhs condition_swap)",
        "output": "",
        "raw_output": "",
        "step_time": 0.027029991149902344
    },
    {
        "index": 239,
        "step": "lemma condition_bind_fail[simp]:\n    \"(condition C A B >>= (\\<lambda>_. fail)) = condition C (A >>= (\\<lambda>_. fail)) (B >>= (\\<lambda>_. fail))\"",
        "output": "",
        "raw_output": "proof (prove)\ngoal (1 subgoal):\n 1. do _ <- condition C\n  A\n  B;\nfail\nod = condition C\n  (do _ <- A;\nfail\nod)\n  (do _ <- B;\nfail\nod)",
        "step_time": 0.011576652526855469
    },
    {
        "index": 240,
        "step": "by monad_eq blast",
        "output": "",
        "raw_output": "",
        "step_time": 0.03551912307739258
    },
    {
        "index": 241,
        "step": "lemma bind_fail_propagates:\n  \"empty_fail A \\<Longrightarrow> A >>= (\\<lambda>_. fail) = fail\"",
        "output": "",
        "raw_output": "proof (prove)\ngoal (1 subgoal):\n 1. empty_fail A \\<Longrightarrow> do _ <- A;\nfail\nod = fail",
        "step_time": 0.009190082550048828
    },
    {
        "index": 242,
        "step": "by (monad_eq simp: empty_fail_def) fastforce",
        "output": "",
        "raw_output": "",
        "step_time": 0.03078603744506836
    },
    {
        "index": 243,
        "step": "lemma simple_bind_fail [simp]:\n  \"(state_assert X >>= (\\<lambda>_. fail)) = fail\"\n  \"(modify M >>= (\\<lambda>_. fail)) = fail\"\n  \"(return X >>= (\\<lambda>_. fail)) = fail\"\n  \"(gets X >>= (\\<lambda>_. fail)) = fail\"",
        "output": "",
        "raw_output": "proof (prove)\ngoal (1 subgoal):\n 1. (do _ <- state_assert X;\nfail\nod = fail &&& do _ <- modify M;\nfail\nod = fail) &&& do _ <- return X;\nfail\nod = fail &&& do _ <- gets X;\nfail\nod = fail",
        "step_time": 0.013821840286254883
    },
    {
        "index": 244,
        "step": "by (auto intro!: bind_fail_propagates)",
        "output": "",
        "raw_output": "",
        "step_time": 0.012777090072631836
    },
    {
        "index": 245,
        "step": "lemma bind_inv_inv_comm:\n  \"\\<lbrakk> \\<And>P. \\<lbrace>P\\<rbrace> f \\<lbrace>\\<lambda>_. P\\<rbrace>; \\<And>P. \\<lbrace>P\\<rbrace> g \\<lbrace>\\<lambda>_. P\\<rbrace>;\n     empty_fail f; empty_fail g \\<rbrakk> \\<Longrightarrow>\n   do x \\<leftarrow> f; y \\<leftarrow> g; n x y od = do y \\<leftarrow> g; x \\<leftarrow> f; n x y od\"",
        "output": "",
        "raw_output": "proof (prove)\ngoal (1 subgoal):\n 1. \\<lbrakk>\\<And>P. \\<lbrace>P\\<rbrace> f \\<lbrace>\\<lambda>_. P\\<rbrace>; \\<And>P. \\<lbrace>P\\<rbrace> g \\<lbrace>\\<lambda>_. P\\<rbrace>; empty_fail f; empty_fail g\\<rbrakk> \\<Longrightarrow> do x <- f;\ng >>= n x\nod = do y <- g;\nx <- f;\nn x y\nod",
        "step_time": 0.01670551300048828
    },
    {
        "index": 246,
        "step": "apply (rule ext)",
        "output": "",
        "raw_output": "proof (prove)\ngoal (1 subgoal):\n 1. \\<And>x. \\<lbrakk>\\<And>P. \\<lbrace>P\\<rbrace> f \\<lbrace>\\<lambda>_. P\\<rbrace>; \\<And>P. \\<lbrace>P\\<rbrace> g \\<lbrace>\\<lambda>_. P\\<rbrace>; empty_fail f; empty_fail g\\<rbrakk> \\<Longrightarrow> (do x <- f;\ng >>= n x\nod) x = (do y <- g;\nx <- f;\nn x y\nod) x",
        "step_time": 0.0061681270599365234
    },
    {
        "index": 247,
        "step": "apply (rule trans[where s=\"(do (x, y) \\<leftarrow> do x \\<leftarrow> f; y \\<leftarrow> (\\<lambda>_. g s) ; (\\<lambda>_. return (x, y) s) od;\n                                 n x y od) s\" for s])",
        "output": "",
        "raw_output": "proof (prove)\ngoal (2 subgoals):\n 1. \\<And>x. \\<lbrakk>\\<And>P. \\<lbrace>P\\<rbrace> f \\<lbrace>\\<lambda>_. P\\<rbrace>; \\<And>P. \\<lbrace>P\\<rbrace> g \\<lbrace>\\<lambda>_. P\\<rbrace>; empty_fail f; empty_fail g\\<rbrakk> \\<Longrightarrow> (do x <- f;\ng >>= n x\nod) x = (do (x, y) <- do xa <- f;\ny <- \\<lambda>_. g (?s5 x);\n\\<lambda>_. return (xa, y) (?s5 x)\nod;\nn x y\nod) (?s5 x)\n 2. \\<And>x. \\<lbrakk>\\<And>P. \\<lbrace>P\\<rbrace> f \\<lbrace>\\<lambda>_. P\\<rbrace>; \\<And>P. \\<lbrace>P\\<rbrace> g \\<lbrace>\\<lambda>_. P\\<rbrace>; empty_fail f; empty_fail g\\<rbrakk> \\<Longrightarrow> (do (x, y) <- do xa <- f;\ny <- \\<lambda>_. g (?s5 x);\n\\<lambda>_. return (xa, y) (?s5 x)\nod;\nn x y\nod) (?s5 x) = (do y <- g;\nx <- f;\nn x y\nod) x",
        "step_time": 0.014631509780883789
    },
    {
        "index": 248,
        "step": "apply (simp add: bind_assoc)",
        "output": "",
        "raw_output": "proof (prove)\ngoal (2 subgoals):\n 1. \\<And>x. \\<lbrakk>\\<And>P. \\<lbrace>P\\<rbrace> f \\<lbrace>\\<lambda>_. P\\<rbrace>; \\<And>P. \\<lbrace>P\\<rbrace> g \\<lbrace>\\<lambda>_. P\\<rbrace>; empty_fail f; empty_fail g\\<rbrakk> \\<Longrightarrow> (do x <- f;\ng >>= n x\nod) x = (do xa <- f;\nxb <- \\<lambda>_. g (?s5 x);\n(x, y) <- \\<lambda>_. return (xa, xb) (?s5 x);\nn x y\nod) (?s5 x)\n 2. \\<And>x. \\<lbrakk>\\<And>P. \\<lbrace>P\\<rbrace> f \\<lbrace>\\<lambda>_. P\\<rbrace>; \\<And>P. \\<lbrace>P\\<rbrace> g \\<lbrace>\\<lambda>_. P\\<rbrace>; empty_fail f; empty_fail g\\<rbrakk> \\<Longrightarrow> (do (x, y) <- do xa <- f;\ny <- \\<lambda>_. g (?s5 x);\n\\<lambda>_. return (xa, y) (?s5 x)\nod;\nn x y\nod) (?s5 x) = (do y <- g;\nx <- f;\nn x y\nod) x",
        "step_time": 0.013180971145629883
    },
    {
        "index": 249,
        "step": "apply (intro bind_apply_cong, simp_all)[1]",
        "output": "",
        "raw_output": "proof (prove)\ngoal (3 subgoals):\n 1. \\<And>x rv st. \\<lbrakk>\\<And>P. \\<lbrace>P\\<rbrace> f \\<lbrace>\\<lambda>_. P\\<rbrace>; \\<And>P. \\<lbrace>P\\<rbrace> g \\<lbrace>\\<lambda>_. P\\<rbrace>; empty_fail f; empty_fail g; (rv, st) \\<in> fst (f x)\\<rbrakk> \\<Longrightarrow> g st = g x\n 2. \\<And>x rv st rva sta. \\<lbrakk>\\<And>P. \\<lbrace>P\\<rbrace> f \\<lbrace>\\<lambda>_. P\\<rbrace>; \\<And>P. \\<lbrace>P\\<rbrace> g \\<lbrace>\\<lambda>_. P\\<rbrace>; empty_fail f; empty_fail g; (rv, st) \\<in> fst (f x); (rva, sta) \\<in> fst (g x)\\<rbrakk> \\<Longrightarrow> n rv rva sta = (do (x, y) <- \\<lambda>_. return (rv, rva) x;\nn x y\nod) sta\n 3. \\<And>x. \\<lbrakk>\\<And>P. \\<lbrace>P\\<rbrace> f \\<lbrace>\\<lambda>_. P\\<rbrace>; \\<And>P. \\<lbrace>P\\<rbrace> g \\<lbrace>\\<lambda>_. P\\<rbrace>; empty_fail f; empty_fail g\\<rbrakk> \\<Longrightarrow> (do (x, y) <- do xa <- f;\ny <- \\<lambda>_. g x;\n\\<lambda>_. return (xa, y) x\nod;\nn x y\nod) x = (do y <- g;\nx <- f;\nn x y\nod) x",
        "step_time": 0.01484990119934082
    },
    {
        "index": 250,
        "step": "apply (metis in_inv_by_hoareD)",
        "output": "",
        "raw_output": "proof (prove)\ngoal (2 subgoals):\n 1. \\<And>x rv st rva sta. \\<lbrakk>\\<And>P. \\<lbrace>P\\<rbrace> f \\<lbrace>\\<lambda>_. P\\<rbrace>; \\<And>P. \\<lbrace>P\\<rbrace> g \\<lbrace>\\<lambda>_. P\\<rbrace>; empty_fail f; empty_fail g; (rv, st) \\<in> fst (f x); (rva, sta) \\<in> fst (g x)\\<rbrakk> \\<Longrightarrow> n rv rva sta = (do (x, y) <- \\<lambda>_. return (rv, rva) x;\nn x y\nod) sta\n 2. \\<And>x. \\<lbrakk>\\<And>P. \\<lbrace>P\\<rbrace> f \\<lbrace>\\<lambda>_. P\\<rbrace>; \\<And>P. \\<lbrace>P\\<rbrace> g \\<lbrace>\\<lambda>_. P\\<rbrace>; empty_fail f; empty_fail g\\<rbrakk> \\<Longrightarrow> (do (x, y) <- do xa <- f;\ny <- \\<lambda>_. g x;\n\\<lambda>_. return (xa, y) x\nod;\nn x y\nod) x = (do y <- g;\nx <- f;\nn x y\nod) x",
        "step_time": 0.026853322982788086
    },
    {
        "index": 251,
        "step": "apply (simp add: return_def bind_def)",
        "output": "",
        "raw_output": "proof (prove)\ngoal (2 subgoals):\n 1. \\<And>x rv st rva sta. \\<lbrakk>\\<And>P. \\<lbrace>P\\<rbrace> f \\<lbrace>\\<lambda>_. P\\<rbrace>; \\<And>P. \\<lbrace>P\\<rbrace> g \\<lbrace>\\<lambda>_. P\\<rbrace>; empty_fail f; empty_fail g; (rv, st) \\<in> fst (f x); (rva, sta) \\<in> fst (g x)\\<rbrakk> \\<Longrightarrow> n rv rva sta = n rv rva x\n 2. \\<And>x. \\<lbrakk>\\<And>P. \\<lbrace>P\\<rbrace> f \\<lbrace>\\<lambda>_. P\\<rbrace>; \\<And>P. \\<lbrace>P\\<rbrace> g \\<lbrace>\\<lambda>_. P\\<rbrace>; empty_fail f; empty_fail g\\<rbrakk> \\<Longrightarrow> (do (x, y) <- do xa <- f;\ny <- \\<lambda>_. g x;\n\\<lambda>_. return (xa, y) x\nod;\nn x y\nod) x = (do y <- g;\nx <- f;\nn x y\nod) x",
        "step_time": 0.018219947814941406
    },
    {
        "index": 252,
        "step": "apply (metis in_inv_by_hoareD)",
        "output": "",
        "raw_output": "proof (prove)\ngoal (1 subgoal):\n 1. \\<And>x. \\<lbrakk>\\<And>P. \\<lbrace>P\\<rbrace> f \\<lbrace>\\<lambda>_. P\\<rbrace>; \\<And>P. \\<lbrace>P\\<rbrace> g \\<lbrace>\\<lambda>_. P\\<rbrace>; empty_fail f; empty_fail g\\<rbrakk> \\<Longrightarrow> (do (x, y) <- do xa <- f;\ny <- \\<lambda>_. g x;\n\\<lambda>_. return (xa, y) x\nod;\nn x y\nod) x = (do y <- g;\nx <- f;\nn x y\nod) x",
        "step_time": 0.03230881690979004
    },
    {
        "index": 253,
        "step": "apply (rule trans[where s=\"(do (x, y) \\<leftarrow> do y \\<leftarrow> g; x \\<leftarrow> (\\<lambda>_. f s) ; (\\<lambda>_. return (x, y) s) od;\n                                 n x y od) s\" for s, rotated])",
        "output": "",
        "raw_output": "proof (prove)\ngoal (2 subgoals):\n 1. \\<And>x. \\<lbrakk>\\<And>P. \\<lbrace>P\\<rbrace> f \\<lbrace>\\<lambda>_. P\\<rbrace>; \\<And>P. \\<lbrace>P\\<rbrace> g \\<lbrace>\\<lambda>_. P\\<rbrace>; empty_fail f; empty_fail g\\<rbrakk> \\<Longrightarrow> (do (x, y) <- do y <- g;\nxa <- \\<lambda>_. f (?s22 x);\n\\<lambda>_. return (xa, y) (?s22 x)\nod;\nn x y\nod) (?s22 x) = (do y <- g;\nx <- f;\nn x y\nod) x\n 2. \\<And>x. \\<lbrakk>\\<And>P. \\<lbrace>P\\<rbrace> f \\<lbrace>\\<lambda>_. P\\<rbrace>; \\<And>P. \\<lbrace>P\\<rbrace> g \\<lbrace>\\<lambda>_. P\\<rbrace>; empty_fail f; empty_fail g\\<rbrakk> \\<Longrightarrow> (do (x, y) <- do xa <- f;\ny <- \\<lambda>_. g x;\n\\<lambda>_. return (xa, y) x\nod;\nn x y\nod) x = (do (x, y) <- do y <- g;\nxa <- \\<lambda>_. f (?s22 x);\n\\<lambda>_. return (xa, y) (?s22 x)\nod;\nn x y\nod) (?s22 x)",
        "step_time": 0.012906789779663086
    },
    {
        "index": 254,
        "step": "apply (simp add: bind_assoc)",
        "output": "",
        "raw_output": "proof (prove)\ngoal (2 subgoals):\n 1. \\<And>x. \\<lbrakk>\\<And>P. \\<lbrace>P\\<rbrace> f \\<lbrace>\\<lambda>_. P\\<rbrace>; \\<And>P. \\<lbrace>P\\<rbrace> g \\<lbrace>\\<lambda>_. P\\<rbrace>; empty_fail f; empty_fail g\\<rbrakk> \\<Longrightarrow> (do xa <- g;\nxb <- \\<lambda>_. f (?s22 x);\n(x, y) <- \\<lambda>_. return (xb, xa) (?s22 x);\nn x y\nod) (?s22 x) = (do y <- g;\nx <- f;\nn x y\nod) x\n 2. \\<And>x. \\<lbrakk>\\<And>P. \\<lbrace>P\\<rbrace> f \\<lbrace>\\<lambda>_. P\\<rbrace>; \\<And>P. \\<lbrace>P\\<rbrace> g \\<lbrace>\\<lambda>_. P\\<rbrace>; empty_fail f; empty_fail g\\<rbrakk> \\<Longrightarrow> (do (x, y) <- do xa <- f;\ny <- \\<lambda>_. g x;\n\\<lambda>_. return (xa, y) x\nod;\nn x y\nod) x = (do (x, y) <- do y <- g;\nxa <- \\<lambda>_. f (?s22 x);\n\\<lambda>_. return (xa, y) (?s22 x)\nod;\nn x y\nod) (?s22 x)",
        "step_time": 0.02407073974609375
    },
    {
        "index": 255,
        "step": "apply (intro bind_apply_cong, simp_all)[1]",
        "output": "",
        "raw_output": "proof (prove)\ngoal (3 subgoals):\n 1. \\<And>x rv st. \\<lbrakk>\\<And>P. \\<lbrace>P\\<rbrace> f \\<lbrace>\\<lambda>_. P\\<rbrace>; \\<And>P. \\<lbrace>P\\<rbrace> g \\<lbrace>\\<lambda>_. P\\<rbrace>; empty_fail f; empty_fail g; (rv, st) \\<in> fst (g x)\\<rbrakk> \\<Longrightarrow> f x = f st\n 2. \\<And>x rv st rva sta. \\<lbrakk>\\<And>P. \\<lbrace>P\\<rbrace> f \\<lbrace>\\<lambda>_. P\\<rbrace>; \\<And>P. \\<lbrace>P\\<rbrace> g \\<lbrace>\\<lambda>_. P\\<rbrace>; empty_fail f; empty_fail g; (rv, st) \\<in> fst (g x); (rva, sta) \\<in> fst (f st)\\<rbrakk> \\<Longrightarrow> (do (x, y) <- \\<lambda>_. return (rva, rv) x;\nn x y\nod) sta = n rva rv sta\n 3. \\<And>x. \\<lbrakk>\\<And>P. \\<lbrace>P\\<rbrace> f \\<lbrace>\\<lambda>_. P\\<rbrace>; \\<And>P. \\<lbrace>P\\<rbrace> g \\<lbrace>\\<lambda>_. P\\<rbrace>; empty_fail f; empty_fail g\\<rbrakk> \\<Longrightarrow> (do (x, y) <- do xa <- f;\ny <- \\<lambda>_. g x;\n\\<lambda>_. return (xa, y) x\nod;\nn x y\nod) x = (do (x, y) <- do y <- g;\nxa <- \\<lambda>_. f x;\n\\<lambda>_. return (xa, y) x\nod;\nn x y\nod) x",
        "step_time": 0.015194177627563477
    },
    {
        "index": 256,
        "step": "apply (metis in_inv_by_hoareD)",
        "output": "",
        "raw_output": "proof (prove)\ngoal (2 subgoals):\n 1. \\<And>x rv st rva sta. \\<lbrakk>\\<And>P. \\<lbrace>P\\<rbrace> f \\<lbrace>\\<lambda>_. P\\<rbrace>; \\<And>P. \\<lbrace>P\\<rbrace> g \\<lbrace>\\<lambda>_. P\\<rbrace>; empty_fail f; empty_fail g; (rv, st) \\<in> fst (g x); (rva, sta) \\<in> fst (f st)\\<rbrakk> \\<Longrightarrow> (do (x, y) <- \\<lambda>_. return (rva, rv) x;\nn x y\nod) sta = n rva rv sta\n 2. \\<And>x. \\<lbrakk>\\<And>P. \\<lbrace>P\\<rbrace> f \\<lbrace>\\<lambda>_. P\\<rbrace>; \\<And>P. \\<lbrace>P\\<rbrace> g \\<lbrace>\\<lambda>_. P\\<rbrace>; empty_fail f; empty_fail g\\<rbrakk> \\<Longrightarrow> (do (x, y) <- do xa <- f;\ny <- \\<lambda>_. g x;\n\\<lambda>_. return (xa, y) x\nod;\nn x y\nod) x = (do (x, y) <- do y <- g;\nxa <- \\<lambda>_. f x;\n\\<lambda>_. return (xa, y) x\nod;\nn x y\nod) x",
        "step_time": 0.028038740158081055
    },
    {
        "index": 257,
        "step": "apply (simp add: return_def bind_def)",
        "output": "",
        "raw_output": "proof (prove)\ngoal (2 subgoals):\n 1. \\<And>x rv st rva sta. \\<lbrakk>\\<And>P. \\<lbrace>P\\<rbrace> f \\<lbrace>\\<lambda>_. P\\<rbrace>; \\<And>P. \\<lbrace>P\\<rbrace> g \\<lbrace>\\<lambda>_. P\\<rbrace>; empty_fail f; empty_fail g; (rv, st) \\<in> fst (g x); (rva, sta) \\<in> fst (f st)\\<rbrakk> \\<Longrightarrow> n rva rv x = n rva rv sta\n 2. \\<And>x. \\<lbrakk>\\<And>P. \\<lbrace>P\\<rbrace> f \\<lbrace>\\<lambda>_. P\\<rbrace>; \\<And>P. \\<lbrace>P\\<rbrace> g \\<lbrace>\\<lambda>_. P\\<rbrace>; empty_fail f; empty_fail g\\<rbrakk> \\<Longrightarrow> (do (x, y) <- do xa <- f;\ny <- \\<lambda>_. g x;\n\\<lambda>_. return (xa, y) x\nod;\nn x y\nod) x = (do (x, y) <- do y <- g;\nxa <- \\<lambda>_. f x;\n\\<lambda>_. return (xa, y) x\nod;\nn x y\nod) x",
        "step_time": 0.01944589614868164
    },
    {
        "index": 258,
        "step": "apply (metis in_inv_by_hoareD)",
        "output": "",
        "raw_output": "proof (prove)\ngoal (1 subgoal):\n 1. \\<And>x. \\<lbrakk>\\<And>P. \\<lbrace>P\\<rbrace> f \\<lbrace>\\<lambda>_. P\\<rbrace>; \\<And>P. \\<lbrace>P\\<rbrace> g \\<lbrace>\\<lambda>_. P\\<rbrace>; empty_fail f; empty_fail g\\<rbrakk> \\<Longrightarrow> (do (x, y) <- do xa <- f;\ny <- \\<lambda>_. g x;\n\\<lambda>_. return (xa, y) x\nod;\nn x y\nod) x = (do (x, y) <- do y <- g;\nxa <- \\<lambda>_. f x;\n\\<lambda>_. return (xa, y) x\nod;\nn x y\nod) x",
        "step_time": 0.03311300277709961
    },
    {
        "index": 259,
        "step": "apply (rule bind_apply_cong, simp_all)",
        "output": "",
        "raw_output": "proof (prove)\ngoal (1 subgoal):\n 1. \\<And>x. \\<lbrakk>\\<And>P. \\<lbrace>P\\<rbrace> f \\<lbrace>\\<lambda>_. P\\<rbrace>; \\<And>P. \\<lbrace>P\\<rbrace> g \\<lbrace>\\<lambda>_. P\\<rbrace>; empty_fail f; empty_fail g\\<rbrakk> \\<Longrightarrow> (do xa <- f;\ny <- \\<lambda>_. g x;\n\\<lambda>_. return (xa, y) x\nod) x = (do y <- g;\nxa <- \\<lambda>_. f x;\n\\<lambda>_. return (xa, y) x\nod) x",
        "step_time": 0.008887290954589844
    },
    {
        "index": 260,
        "step": "apply (clarsimp simp: bind_def split_def return_def)",
        "output": "",
        "raw_output": "proof (prove)\ngoal (1 subgoal):\n 1. \\<And>x. \\<lbrakk>\\<And>P. \\<lbrace>P\\<rbrace> f \\<lbrace>\\<lambda>_. P\\<rbrace>; \\<And>P. \\<lbrace>P\\<rbrace> g \\<lbrace>\\<lambda>_. P\\<rbrace>; empty_fail f; empty_fail g\\<rbrakk> \\<Longrightarrow> (\\<Union>xa\\<in>fst (f x). \\<Union>xb\\<in>fst (g x). {((fst xa, fst xb), x)}) = (\\<Union>xa\\<in>fst (g x). \\<Union>xb\\<in>fst (f x). {((fst xb, fst xa), x)}) \\<and> ((\\<exists>a b. (a, b) \\<in> fst (f x)) \\<and> snd (g x) \\<or> snd (f x)) = ((\\<exists>a b. (a, b) \\<in> fst (g x)) \\<and> snd (f x) \\<or> snd (g x))",
        "step_time": 0.06594419479370117
    },
    {
        "index": 261,
        "step": "apply (auto | drule(1) empty_failD3)+",
        "output": "",
        "raw_output": "proof (prove)\ngoal:\nNo subgoals!",
        "step_time": 0.05256772041320801
    },
    {
        "index": 262,
        "step": "done",
        "output": "",
        "raw_output": "",
        "step_time": 0.00816798210144043
    },
    {
        "index": 263,
        "step": "lemma bind_known_operation_eq:\n  \"\\<lbrakk> no_fail P f; \\<lbrace>Q\\<rbrace> f \\<lbrace>\\<lambda>rv s. rv = x \\<and> s = t\\<rbrace>; P s; Q s; empty_fail f \\<rbrakk>\n     \\<Longrightarrow> (f >>= g) s = g x t\"",
        "output": "",
        "raw_output": "proof (prove)\ngoal (1 subgoal):\n 1. \\<lbrakk>no_fail P f; \\<lbrace>Q\\<rbrace> f \\<lbrace>\\<lambda>rv s. rv = x \\<and> s = t\\<rbrace>; P s; Q s; empty_fail f\\<rbrakk> \\<Longrightarrow> (f >>= g) s = g x t",
        "step_time": 0.013544559478759766
    },
    {
        "index": 264,
        "step": "apply (drule(1) no_failD)",
        "output": "",
        "raw_output": "proof (prove)\ngoal (1 subgoal):\n 1. \\<lbrakk>\\<lbrace>Q\\<rbrace> f \\<lbrace>\\<lambda>rv s. rv = x \\<and> s = t\\<rbrace>; P s; Q s; empty_fail f; \\<not> snd (f s)\\<rbrakk> \\<Longrightarrow> (f >>= g) s = g x t",
        "step_time": 0.006571054458618164
    },
    {
        "index": 265,
        "step": "apply (subgoal_tac \"fst (f s) = {(x, t)}\")",
        "output": "",
        "raw_output": "proof (prove)\ngoal (2 subgoals):\n 1. \\<lbrakk>\\<lbrace>Q\\<rbrace> f \\<lbrace>\\<lambda>rv s. rv = x \\<and> s = t\\<rbrace>; P s; Q s; empty_fail f; \\<not> snd (f s); fst (f s) = {(x, t)}\\<rbrakk> \\<Longrightarrow> (f >>= g) s = g x t\n 2. \\<lbrakk>\\<lbrace>Q\\<rbrace> f \\<lbrace>\\<lambda>rv s. rv = x \\<and> s = t\\<rbrace>; P s; Q s; empty_fail f; \\<not> snd (f s)\\<rbrakk> \\<Longrightarrow> fst (f s) = {(x, t)}",
        "step_time": 0.009528636932373047
    },
    {
        "index": 266,
        "step": "apply (clarsimp simp: bind_def)",
        "output": "",
        "raw_output": "proof (prove)\ngoal (1 subgoal):\n 1. \\<lbrakk>\\<lbrace>Q\\<rbrace> f \\<lbrace>\\<lambda>rv s. rv = x \\<and> s = t\\<rbrace>; P s; Q s; empty_fail f; \\<not> snd (f s)\\<rbrakk> \\<Longrightarrow> fst (f s) = {(x, t)}",
        "step_time": 0.022980690002441406
    },
    {
        "index": 267,
        "step": "apply (fastforce simp: valid_def empty_fail_def)",
        "output": "",
        "raw_output": "proof (prove)\ngoal:\nNo subgoals!",
        "step_time": 0.04523134231567383
    },
    {
        "index": 268,
        "step": "done",
        "output": "",
        "raw_output": "",
        "step_time": 0.007306814193725586
    },
    {
        "index": 269,
        "step": "lemma assert_opt_If:\n  \"assert_opt v = If (v = None) fail (return (the v))\"",
        "output": "",
        "raw_output": "proof (prove)\ngoal (1 subgoal):\n 1. assert_opt v = (if v = None then fail else return (the v))",
        "step_time": 0.010345458984375
    },
    {
        "index": 270,
        "step": "by (simp add: assert_opt_def split: option.split)",
        "output": "",
        "raw_output": "",
        "step_time": 0.012238264083862305
    },
    {
        "index": 271,
        "step": "lemma if_to_top_of_bind:\n  \"(bind (If P x y) z) = If P (bind x z) (bind y z)\"",
        "output": "",
        "raw_output": "proof (prove)\ngoal (1 subgoal):\n 1. (if P then x else y) >>= z = (if P then x >>= z else y >>= z)",
        "step_time": 0.011638164520263672
    },
    {
        "index": 272,
        "step": "by (simp split: if_split)",
        "output": "",
        "raw_output": "",
        "step_time": 0.009518146514892578
    },
    {
        "index": 273,
        "step": "lemma if_to_top_of_bindE:\n  \"(bindE (If P x y) z) = If P (bindE x z) (bindE y z)\"",
        "output": "",
        "raw_output": "proof (prove)\ngoal (1 subgoal):\n 1. (if P then x else y) >>=E z = (if P then x >>=E z else y >>=E z)",
        "step_time": 0.012123584747314453
    },
    {
        "index": 274,
        "step": "by (simp split: if_split)",
        "output": "",
        "raw_output": "",
        "step_time": 0.010889768600463867
    },
    {
        "index": 275,
        "step": "lemma modify_modify:\n  \"(do x \\<leftarrow> modify f; modify (g x) od) = modify (g () o f)\"",
        "output": "",
        "raw_output": "proof (prove)\ngoal (1 subgoal):\n 1. do x <- modify f;\nmodify (g x)\nod = modify (g () \\<circ> f)",
        "step_time": 0.009360313415527344
    },
    {
        "index": 276,
        "step": "by (simp add: bind_def simpler_modify_def)",
        "output": "",
        "raw_output": "",
        "step_time": 0.017280101776123047
    },
    {
        "index": 277,
        "step": "lemmas modify_modify_bind =\n  arg_cong2[where f=bind, OF modify_modify refl, simplified bind_assoc]",
        "output": "",
        "raw_output": "",
        "step_time": 0.0077724456787109375
    },
    {
        "index": 278,
        "step": "lemma put_then_get[unfolded K_bind_def]:\n  \"do put s; get od = do put s; return s od\"",
        "output": "",
        "raw_output": "proof (prove)\ngoal (1 subgoal):\n 1. do put s;\nget\nod = do put s;\nreturn s\nod",
        "step_time": 0.009372949600219727
    },
    {
        "index": 279,
        "step": "by (simp add: put_def bind_def get_def return_def)",
        "output": "",
        "raw_output": "",
        "step_time": 0.02536749839782715
    },
    {
        "index": 280,
        "step": "lemmas put_then_get_then =\n    put_then_get[THEN bind_then_eq, simplified bind_assoc return_bind]",
        "output": "",
        "raw_output": "",
        "step_time": 0.006999969482421875
    },
    {
        "index": 281,
        "step": "lemma select_empty_bind[simp]:\n  \"select {} >>= f = select {}\"",
        "output": "",
        "raw_output": "proof (prove)\ngoal (1 subgoal):\n 1. select {} >>= f = select {}",
        "step_time": 0.007688283920288086
    },
    {
        "index": 282,
        "step": "by (simp add: select_def bind_def)",
        "output": "",
        "raw_output": "",
        "step_time": 0.011353731155395508
    },
    {
        "index": 283,
        "step": "end",
        "output": "",
        "raw_output": "",
        "step_time": 0.0063152313232421875
    }
]