[
    {
        "index": 0,
        "step": "(*\n * Copyright 2023, Proofcraft Pty Ltd\n * Copyright 2020, Data61, CSIRO (ABN 41 687 119 230)\n *\n * SPDX-License-Identifier: BSD-2-Clause\n *)\n\n",
        "output": "",
        "raw_output": "",
        "step_time": 0.006620645523071289
    },
    {
        "index": 1,
        "step": "theory Nondet_Strengthen_Setup\n  imports\n    Strengthen\n    Nondet_No_Fail\n    Nondet_VCG\nbegin",
        "output": "",
        "raw_output": "",
        "step_time": 0.005225181579589844
    },
    {
        "index": 2,
        "step": "section \\<open>Strengthen setup.\\<close>",
        "output": "",
        "raw_output": "",
        "step_time": 0.006297111511230469
    },
    {
        "index": 3,
        "step": "context strengthen_implementation begin",
        "output": "",
        "raw_output": "",
        "step_time": 0.011961936950683594
    },
    {
        "index": 4,
        "step": "lemma strengthen_hoare [strg]:\n  \"\\<lbrakk>\\<And>r s. st F (\\<longrightarrow>) (Q r s) (R r s)\\<rbrakk>\n   \\<Longrightarrow> st F (\\<longrightarrow>) (\\<lbrace>P\\<rbrace> f \\<lbrace>Q\\<rbrace>) (\\<lbrace>P\\<rbrace> f \\<lbrace>R\\<rbrace>)\"",
        "output": "",
        "raw_output": "proof (prove)\ngoal (1 subgoal):\n 1. (\\<And>r s. st F (\\<longrightarrow>) (Q r s) (R r s)) \\<Longrightarrow> st F (\\<longrightarrow>) \\<lbrace>P\\<rbrace> f \\<lbrace>Q\\<rbrace> \\<lbrace>P\\<rbrace> f \\<lbrace>R\\<rbrace>",
        "step_time": 0.06890583038330078
    },
    {
        "index": 5,
        "step": "by (cases F, auto elim: hoare_strengthen_post)",
        "output": "",
        "raw_output": "",
        "step_time": 0.020069599151611328
    },
    {
        "index": 6,
        "step": "lemma strengthen_validE_R_cong[strg]:\n  \"\\<lbrakk>\\<And>r s. st F (\\<longrightarrow>) (Q r s) (R r s)\\<rbrakk>\n   \\<Longrightarrow> st F (\\<longrightarrow>) (\\<lbrace>P\\<rbrace> f \\<lbrace>Q\\<rbrace>, -) (\\<lbrace>P\\<rbrace> f \\<lbrace>R\\<rbrace>, -)\"",
        "output": "",
        "raw_output": "proof (prove)\ngoal (1 subgoal):\n 1. (\\<And>r s. st F (\\<longrightarrow>) (Q r s) (R r s)) \\<Longrightarrow> st F (\\<longrightarrow>) \\<lbrace>P\\<rbrace> f \\<lbrace>Q\\<rbrace>, - \\<lbrace>P\\<rbrace> f \\<lbrace>R\\<rbrace>, -",
        "step_time": 0.01404571533203125
    },
    {
        "index": 7,
        "step": "by (cases F, auto intro: hoare_post_imp_R)",
        "output": "",
        "raw_output": "",
        "step_time": 0.016182422637939453
    },
    {
        "index": 8,
        "step": "lemma strengthen_validE_cong[strg]:\n  \"\\<lbrakk>\\<And>r s. st F (\\<longrightarrow>) (Q r s) (R r s); \\<And>r s. st F (\\<longrightarrow>) (S r s) (T r s)\\<rbrakk>\n   \\<Longrightarrow> st F (\\<longrightarrow>) (\\<lbrace>P\\<rbrace> f \\<lbrace>Q\\<rbrace>, \\<lbrace>S\\<rbrace>) (\\<lbrace>P\\<rbrace> f \\<lbrace>R\\<rbrace>, \\<lbrace>T\\<rbrace>)\"",
        "output": "",
        "raw_output": "proof (prove)\ngoal (1 subgoal):\n 1. \\<lbrakk>\\<And>r s. st F (\\<longrightarrow>) (Q r s) (R r s); \\<And>r s. st F (\\<longrightarrow>) (S r s) (T r s)\\<rbrakk> \\<Longrightarrow> st F (\\<longrightarrow>) \\<lbrace>P\\<rbrace> f \\<lbrace>Q\\<rbrace>, \\<lbrace>S\\<rbrace> \\<lbrace>P\\<rbrace> f \\<lbrace>R\\<rbrace>, \\<lbrace>T\\<rbrace>",
        "step_time": 0.01596975326538086
    },
    {
        "index": 9,
        "step": "by (cases F, auto elim: hoare_post_impErr)",
        "output": "",
        "raw_output": "",
        "step_time": 0.03435373306274414
    },
    {
        "index": 10,
        "step": "lemma strengthen_validE_E_cong[strg]:\n  \"\\<lbrakk>\\<And>r s. st F (\\<longrightarrow>) (S r s) (T r s)\\<rbrakk>\n   \\<Longrightarrow> st F (\\<longrightarrow>) (\\<lbrace>P\\<rbrace> f -, \\<lbrace>S\\<rbrace>) (\\<lbrace>P\\<rbrace> f -, \\<lbrace>T\\<rbrace>)\"",
        "output": "",
        "raw_output": "proof (prove)\ngoal (1 subgoal):\n 1. (\\<And>r s. st F (\\<longrightarrow>) (S r s) (T r s)) \\<Longrightarrow> st F (\\<longrightarrow>) \\<lbrace>P\\<rbrace> f -, \\<lbrace>S\\<rbrace> \\<lbrace>P\\<rbrace> f -, \\<lbrace>T\\<rbrace>",
        "step_time": 0.01217508316040039
    },
    {
        "index": 11,
        "step": "by (cases F, auto elim: hoare_post_impErr simp: validE_E_def)",
        "output": "",
        "raw_output": "",
        "step_time": 0.024033069610595703
    },
    {
        "index": 12,
        "step": "lemma wpfix_strengthen_hoare:\n  \"\\<lbrakk>\\<And>s. st (\\<not> F) (\\<longrightarrow>) (P s) (P' s); \\<And>r s. st F (\\<longrightarrow>) (Q r s) (Q' r s)\\<rbrakk>\n   \\<Longrightarrow> st F (\\<longrightarrow>) (\\<lbrace>P\\<rbrace> f \\<lbrace>Q\\<rbrace>) (\\<lbrace>P'\\<rbrace> f \\<lbrace>Q'\\<rbrace>)\"",
        "output": "",
        "raw_output": "proof (prove)\ngoal (1 subgoal):\n 1. \\<lbrakk>\\<And>s. st (\\<not> F) (\\<longrightarrow>) (P s) (P' s); \\<And>r s. st F (\\<longrightarrow>) (Q r s) (Q' r s)\\<rbrakk> \\<Longrightarrow> st F (\\<longrightarrow>) \\<lbrace>P\\<rbrace> f \\<lbrace>Q\\<rbrace> \\<lbrace>P'\\<rbrace> f \\<lbrace>Q'\\<rbrace>",
        "step_time": 0.015602350234985352
    },
    {
        "index": 13,
        "step": "by (cases F, auto elim: hoare_chain)",
        "output": "",
        "raw_output": "",
        "step_time": 0.030021190643310547
    },
    {
        "index": 14,
        "step": "lemma wpfix_strengthen_validE_R_cong:\n  \"\\<lbrakk>\\<And>s. st (\\<not> F) (\\<longrightarrow>) (P s) (P' s); \\<And>r s. st F (\\<longrightarrow>) (Q r s) (Q' r s)\\<rbrakk>\n   \\<Longrightarrow> st F (\\<longrightarrow>) (\\<lbrace>P\\<rbrace> f \\<lbrace>Q\\<rbrace>, -) (\\<lbrace>P'\\<rbrace> f \\<lbrace>Q'\\<rbrace>, -)\"",
        "output": "",
        "raw_output": "proof (prove)\ngoal (1 subgoal):\n 1. \\<lbrakk>\\<And>s. st (\\<not> F) (\\<longrightarrow>) (P s) (P' s); \\<And>r s. st F (\\<longrightarrow>) (Q r s) (Q' r s)\\<rbrakk> \\<Longrightarrow> st F (\\<longrightarrow>) \\<lbrace>P\\<rbrace> f \\<lbrace>Q\\<rbrace>, - \\<lbrace>P'\\<rbrace> f \\<lbrace>Q'\\<rbrace>, -",
        "step_time": 0.01674795150756836
    },
    {
        "index": 15,
        "step": "by (cases F, auto elim: hoare_chainE simp: validE_R_def)",
        "output": "",
        "raw_output": "",
        "step_time": 0.03060293197631836
    },
    {
        "index": 16,
        "step": "lemma wpfix_strengthen_validE_cong:\n  \"\\<lbrakk>\\<And>s. st (\\<not> F) (\\<longrightarrow>) (P s) (P' s); \\<And>r s. st F (\\<longrightarrow>) (Q r s) (R r s);\n    \\<And>r s. st F (\\<longrightarrow>) (S r s) (T r s)\\<rbrakk>\n   \\<Longrightarrow> st F (\\<longrightarrow>) (\\<lbrace>P\\<rbrace> f \\<lbrace>Q\\<rbrace>, \\<lbrace>S\\<rbrace>) (\\<lbrace>P'\\<rbrace> f \\<lbrace>R\\<rbrace>, \\<lbrace>T\\<rbrace>)\"",
        "output": "",
        "raw_output": "proof (prove)\ngoal (1 subgoal):\n 1. \\<lbrakk>\\<And>s. st (\\<not> F) (\\<longrightarrow>) (P s) (P' s); \\<And>r s. st F (\\<longrightarrow>) (Q r s) (R r s); \\<And>r s. st F (\\<longrightarrow>) (S r s) (T r s)\\<rbrakk> \\<Longrightarrow> st F (\\<longrightarrow>) \\<lbrace>P\\<rbrace> f \\<lbrace>Q\\<rbrace>, \\<lbrace>S\\<rbrace> \\<lbrace>P'\\<rbrace> f \\<lbrace>R\\<rbrace>, \\<lbrace>T\\<rbrace>",
        "step_time": 0.018744945526123047
    },
    {
        "index": 17,
        "step": "by (cases F, auto elim: hoare_chainE)",
        "output": "",
        "raw_output": "",
        "step_time": 0.04663848876953125
    },
    {
        "index": 18,
        "step": "lemma wpfix_strengthen_validE_E_cong:\n  \"\\<lbrakk>\\<And>s. st (\\<not> F) (\\<longrightarrow>) (P s) (P' s); \\<And>r s. st F (\\<longrightarrow>) (S r s) (T r s)\\<rbrakk>\n   \\<Longrightarrow> st F (\\<longrightarrow>) (\\<lbrace>P\\<rbrace> f -, \\<lbrace>S\\<rbrace>) (\\<lbrace>P'\\<rbrace> f -, \\<lbrace>T\\<rbrace>)\"",
        "output": "",
        "raw_output": "proof (prove)\ngoal (1 subgoal):\n 1. \\<lbrakk>\\<And>s. st (\\<not> F) (\\<longrightarrow>) (P s) (P' s); \\<And>r s. st F (\\<longrightarrow>) (S r s) (T r s)\\<rbrakk> \\<Longrightarrow> st F (\\<longrightarrow>) \\<lbrace>P\\<rbrace> f -, \\<lbrace>S\\<rbrace> \\<lbrace>P'\\<rbrace> f -, \\<lbrace>T\\<rbrace>",
        "step_time": 0.01641678810119629
    },
    {
        "index": 19,
        "step": "by (cases F, auto elim: hoare_chainE simp: validE_E_def)",
        "output": "",
        "raw_output": "",
        "step_time": 0.032633066177368164
    },
    {
        "index": 20,
        "step": "lemma wpfix_no_fail_cong:\n  \"\\<lbrakk>\\<And>s. st (\\<not> F) (\\<longrightarrow>) (P s) (P' s)\\<rbrakk>\n   \\<Longrightarrow> st F (\\<longrightarrow>) (no_fail P f) (no_fail P' f)\"",
        "output": "",
        "raw_output": "proof (prove)\ngoal (1 subgoal):\n 1. (\\<And>s. st (\\<not> F) (\\<longrightarrow>) (P s) (P' s)) \\<Longrightarrow> st F (\\<longrightarrow>) (no_fail P f) (no_fail P' f)",
        "step_time": 0.012986421585083008
    },
    {
        "index": 21,
        "step": "by (cases F, auto elim: no_fail_pre)",
        "output": "",
        "raw_output": "",
        "step_time": 0.018452882766723633
    },
    {
        "index": 22,
        "step": "lemmas nondet_wpfix_strgs =\n    wpfix_strengthen_validE_R_cong\n    wpfix_strengthen_validE_E_cong\n    wpfix_strengthen_validE_cong\n    wpfix_strengthen_hoare\n    wpfix_no_fail_cong",
        "output": "",
        "raw_output": "",
        "step_time": 0.014483213424682617
    },
    {
        "index": 23,
        "step": "end",
        "output": "",
        "raw_output": "",
        "step_time": 0.007635593414306641
    },
    {
        "index": 24,
        "step": "lemmas nondet_wpfix_strgs[wp_fix_strgs]\n    = strengthen_implementation.nondet_wpfix_strgs",
        "output": "",
        "raw_output": "",
        "step_time": 0.018204927444458008
    },
    {
        "index": 25,
        "step": "end",
        "output": "",
        "raw_output": "",
        "step_time": 0.007601261138916016
    }
]