[
    {
        "index": 0,
        "step": "(*\n * Copyright 2014, General Dynamics C4 Systems\n *\n * SPDX-License-Identifier: GPL-2.0-only\n *)\n\n",
        "output": "",
        "raw_output": "",
        "step_time": 0.008563995361328125
    },
    {
        "index": 1,
        "step": "theory AInvsPre\nimports ArchVSpaceEntries_AI ADT_AI\nbegin",
        "output": "",
        "raw_output": "",
        "step_time": 0.007912635803222656
    },
    {
        "index": 2,
        "step": "locale AInvsPre =\n  fixes state_ext_type1 :: \"('a :: state_ext) itself\"\n  assumes ptable_rights_imp_frame:\n    \"\\<And> (s :: 'a state) t x y.\n     valid_state s \\<Longrightarrow>\n       ptable_rights t s x \\<noteq> {} \\<Longrightarrow>\n       ptable_lift t s x = Some (addrFromPPtr y) \\<Longrightarrow>\n         in_user_frame y s \\<or> in_device_frame y s\"",
        "output": "",
        "raw_output": "",
        "step_time": 0.11218047142028809
    },
    {
        "index": 3,
        "step": "end",
        "output": "",
        "raw_output": "",
        "step_time": 0.008901834487915039
    }
]