[
    {
        "index": 0,
        "step": "(*\n * Copyright 2014, General Dynamics C4 Systems\n *\n * SPDX-License-Identifier: GPL-2.0-only\n *)\n\n(*\nTop level architecture related proofs.\n*)\n\n",
        "output": "",
        "raw_output": "",
        "step_time": 0.006718873977661133
    },
    {
        "index": 1,
        "step": "theory Arch_AI\nimports ArchUntyped_AI ArchFinalise_AI\nbegin",
        "output": "",
        "raw_output": "",
        "step_time": 0.006158351898193359
    },
    {
        "index": 2,
        "step": "declare detype_arch_state[simp]",
        "output": "",
        "raw_output": "",
        "step_time": 0.007209300994873047
    },
    {
        "index": 3,
        "step": "lemma invs_strgs:\n  \"invs s \\<longrightarrow> valid_pspace s\"\n  \"invs s \\<longrightarrow> valid_mdb s\"\n  \"invs s \\<longrightarrow> valid_objs s\"\n  \"invs s \\<longrightarrow> pspace_aligned s\"",
        "output": "",
        "raw_output": "proof (prove)\ngoal (1 subgoal):\n 1. (invs s \\<longrightarrow> valid_pspace s &&& invs s \\<longrightarrow> valid_mdb s) &&& invs s \\<longrightarrow> valid_objs s &&& invs s \\<longrightarrow> pspace_aligned s",
        "step_time": 0.08969688415527344
    },
    {
        "index": 4,
        "step": "by auto",
        "output": "",
        "raw_output": "",
        "step_time": 0.012097358703613281
    },
    {
        "index": 5,
        "step": "lemma assocs_dom_comp:\n  \"set (map fst (filter (\\<lambda>(x,y). P x \\<and> y = None) (assocs f))) = (- dom f \\<inter> Collect P)\"",
        "output": "",
        "raw_output": "proof (prove)\ngoal (1 subgoal):\n 1. set (map fst (filter (\\<lambda>(x, y). P x \\<and> y = None) (assocs f))) = - dom f \\<inter> Collect P",
        "step_time": 0.01360177993774414
    },
    {
        "index": 6,
        "step": "apply (clarsimp simp: in_assocs_is_fun)",
        "output": "",
        "raw_output": "proof (prove)\ngoal (1 subgoal):\n 1. fst ` {x. f (fst x) = snd x \\<and> (case x of (x, y) \\<Rightarrow> P x \\<and> y = None)} = - dom f \\<inter> Collect P",
        "step_time": 0.03349733352661133
    },
    {
        "index": 7,
        "step": "apply (rule set_eqI)",
        "output": "",
        "raw_output": "proof (prove)\ngoal (1 subgoal):\n 1. \\<And>x. (x \\<in> fst ` {x. f (fst x) = snd x \\<and> (case x of (x, y) \\<Rightarrow> P x \\<and> y = None)}) = (x \\<in> - dom f \\<inter> Collect P)",
        "step_time": 0.010033130645751953
    },
    {
        "index": 8,
        "step": "apply clarsimp",
        "output": "",
        "raw_output": "proof (prove)\ngoal (1 subgoal):\n 1. \\<And>x. (x \\<in> fst ` {x. f (fst x) = snd x \\<and> (case x of (x, y) \\<Rightarrow> P x \\<and> y = None)}) = (x \\<notin> dom f \\<and> P x)",
        "step_time": 0.01911759376525879
    },
    {
        "index": 9,
        "step": "apply (rule iffI, clarsimp)",
        "output": "",
        "raw_output": "proof (prove)\ngoal (1 subgoal):\n 1. \\<And>x. x \\<notin> dom f \\<and> P x \\<Longrightarrow> x \\<in> fst ` {x. f (fst x) = snd x \\<and> (case x of (x, y) \\<Rightarrow> P x \\<and> y = None)}",
        "step_time": 0.012421846389770508
    },
    {
        "index": 10,
        "step": "apply (erule conjE)",
        "output": "",
        "raw_output": "proof (prove)\ngoal (1 subgoal):\n 1. \\<And>x. \\<lbrakk>x \\<notin> dom f; P x\\<rbrakk> \\<Longrightarrow> x \\<in> fst ` {x. f (fst x) = snd x \\<and> (case x of (x, y) \\<Rightarrow> P x \\<and> y = None)}",
        "step_time": 0.008509159088134766
    },
    {
        "index": 11,
        "step": "apply (drule not_in_domD)",
        "output": "",
        "raw_output": "proof (prove)\ngoal (1 subgoal):\n 1. \\<And>x. \\<lbrakk>P x; f x = None\\<rbrakk> \\<Longrightarrow> x \\<in> fst ` {x. f (fst x) = snd x \\<and> (case x of (x, y) \\<Rightarrow> P x \\<and> y = None)}",
        "step_time": 0.006485939025878906
    },
    {
        "index": 12,
        "step": "apply (rule_tac x=\"(x,None)\" in image_eqI)",
        "output": "",
        "raw_output": "proof (prove)\ngoal (2 subgoals):\n 1. \\<And>x. \\<lbrakk>P x; f x = None\\<rbrakk> \\<Longrightarrow> x = fst (x, None)\n 2. \\<And>x. \\<lbrakk>P x; f x = None\\<rbrakk> \\<Longrightarrow> (x, None) \\<in> {x. f (fst x) = snd x \\<and> (case x of (x, y) \\<Rightarrow> P x \\<and> y = None)}",
        "step_time": 0.007684946060180664
    },
    {
        "index": 13,
        "step": "apply simp",
        "output": "",
        "raw_output": "proof (prove)\ngoal (1 subgoal):\n 1. \\<And>x. \\<lbrakk>P x; f x = None\\<rbrakk> \\<Longrightarrow> (x, None) \\<in> {x. f (fst x) = snd x \\<and> (case x of (x, y) \\<Rightarrow> P x \\<and> y = None)}",
        "step_time": 0.006749629974365234
    },
    {
        "index": 14,
        "step": "apply simp",
        "output": "",
        "raw_output": "proof (prove)\ngoal:\nNo subgoals!",
        "step_time": 0.007140159606933594
    },
    {
        "index": 15,
        "step": "done",
        "output": "",
        "raw_output": "",
        "step_time": 0.006398916244506836
    },
    {
        "index": 16,
        "step": "lemma assocs_empty_dom_comp:\n  \"(- dom f \\<inter> Collect P = {}) = null (filter (\\<lambda>(x, y). P x \\<and> y = None) (assocs f))\"",
        "output": "",
        "raw_output": "proof (prove)\ngoal (1 subgoal):\n 1. (- dom f \\<inter> Collect P = {}) = null (filter (\\<lambda>(x, y). P x \\<and> y = None) (assocs f))",
        "step_time": 0.011580944061279297
    },
    {
        "index": 17,
        "step": "apply (subst assocs_dom_comp [symmetric])",
        "output": "",
        "raw_output": "proof (prove)\ngoal (1 subgoal):\n 1. (set (map fst (filter (\\<lambda>(x, y). P x \\<and> y = None) (assocs f))) = {}) = null (filter (\\<lambda>(x, y). P x \\<and> y = None) (assocs f))",
        "step_time": 0.005652427673339844
    },
    {
        "index": 18,
        "step": "apply (subst empty_set_is_null)",
        "output": "",
        "raw_output": "proof (prove)\ngoal (1 subgoal):\n 1. null (map fst (filter (\\<lambda>(x, y). P x \\<and> y = None) (assocs f))) = null (filter (\\<lambda>(x, y). P x \\<and> y = None) (assocs f))",
        "step_time": 0.005261659622192383
    },
    {
        "index": 19,
        "step": "apply (simp add: null_def)",
        "output": "",
        "raw_output": "proof (prove)\ngoal:\nNo subgoals!",
        "step_time": 0.04087114334106445
    },
    {
        "index": 20,
        "step": "done",
        "output": "",
        "raw_output": "",
        "step_time": 0.004970550537109375
    },
    {
        "index": 21,
        "step": "lemma dom_hd_assocsD:\n  fixes P\n  defines \"filter_assocs f \\<equiv> filter (\\<lambda>(x,y). P x \\<and> y = None) (assocs f)\"\n  assumes d: \"- dom f \\<inter> Collect P \\<noteq> {}\"\n  shows \"fst (hd (filter_assocs f)) \\<notin> dom f \\<and> P (fst (hd (filter_assocs f)))\"",
        "output": "",
        "raw_output": "proof (prove)\ngoal (1 subgoal):\n 1. fst (hd (filter_assocs f)) \\<notin> dom f \\<and> P (fst (hd (filter_assocs f)))",
        "step_time": 0.015423774719238281
    },
    {
        "index": 22,
        "step": "proof -",
        "output": "",
        "raw_output": "proof (state)\ngoal (1 subgoal):\n 1. fst (hd (filter_assocs f)) \\<notin> dom f \\<and> P (fst (hd (filter_assocs f)))",
        "step_time": 0.00500178337097168
    },
    {
        "index": 23,
        "step": "from d",
        "output": "",
        "raw_output": "proof (chain)\npicking this:\n- dom f \\<inter> Collect P \\<noteq> {}",
        "step_time": 0.004136085510253906
    },
    {
        "index": 24,
        "step": "have \"\\<not>null (filter_assocs f)\"",
        "output": "",
        "raw_output": "proof (prove)\nusing this:\n- dom f \\<inter> Collect P \\<noteq> {}\n\ngoal (1 subgoal):\n 1. \\<not> null (filter_assocs f)",
        "step_time": 0.0048525333404541016
    },
    {
        "index": 25,
        "step": "unfolding filter_assocs_def",
        "output": "",
        "raw_output": "proof (prove)\nusing this:\n- dom f \\<inter> Collect P \\<noteq> {}\n\ngoal (1 subgoal):\n 1. \\<not> null (filter (\\<lambda>(x, y). P x \\<and> y = None) (assocs f))",
        "step_time": 0.004392147064208984
    },
    {
        "index": 26,
        "step": "by (simp add: assocs_empty_dom_comp)",
        "output": "",
        "raw_output": "proof (state)\nthis:\n\\<not> null (filter_assocs f)\n\ngoal (1 subgoal):\n 1. fst (hd (filter_assocs f)) \\<notin> dom f \\<and> P (fst (hd (filter_assocs f)))",
        "step_time": 0.02407979965209961
    },
    {
        "index": 27,
        "step": "hence \"hd (filter_assocs f) \\<in> set (filter_assocs f)\"",
        "output": "",
        "raw_output": "proof (prove)\nusing this:\n\\<not> null (filter_assocs f)\n\ngoal (1 subgoal):\n 1. hd (filter_assocs f) \\<in> set (filter_assocs f)",
        "step_time": 0.005654573440551758
    },
    {
        "index": 28,
        "step": "by (clarsimp simp: null_def neq_Nil_conv)",
        "output": "",
        "raw_output": "proof (state)\nthis:\nhd (filter_assocs f) \\<in> set (filter_assocs f)\n\ngoal (1 subgoal):\n 1. fst (hd (filter_assocs f)) \\<notin> dom f \\<and> P (fst (hd (filter_assocs f)))",
        "step_time": 0.009066104888916016
    },
    {
        "index": 29,
        "step": "thus ?thesis",
        "output": "",
        "raw_output": "proof (prove)\nusing this:\nhd (filter_assocs f) \\<in> set (filter_assocs f)\n\ngoal (1 subgoal):\n 1. fst (hd (filter_assocs f)) \\<notin> dom f \\<and> P (fst (hd (filter_assocs f)))",
        "step_time": 0.005930662155151367
    },
    {
        "index": 30,
        "step": "unfolding filter_assocs_def",
        "output": "",
        "raw_output": "proof (prove)\nusing this:\nhd (filter (\\<lambda>(x, y). P x \\<and> y = None) (assocs f)) \\<in> set (filter (\\<lambda>(x, y). P x \\<and> y = None) (assocs f))\n\ngoal (1 subgoal):\n 1. fst (hd (filter (\\<lambda>(x, y). P x \\<and> y = None) (assocs f))) \\<notin> dom f \\<and> P (fst (hd (filter (\\<lambda>(x, y). P x \\<and> y = None) (assocs f))))",
        "step_time": 0.006126880645751953
    },
    {
        "index": 31,
        "step": "by (clarsimp simp: in_assocs_is_fun)",
        "output": "",
        "raw_output": "proof (state)\nthis:\nfst (hd (filter_assocs f)) \\<notin> dom f \\<and> P (fst (hd (filter_assocs f)))\n\ngoal:\nNo subgoals!",
        "step_time": 0.1112983226776123
    },
    {
        "index": 32,
        "step": "qed",
        "output": "",
        "raw_output": "",
        "step_time": 0.006804704666137695
    },
    {
        "index": 33,
        "step": "lemma ucast_assocs:\n  \"LENGTH('a) < LENGTH('b) \\<Longrightarrow>\n   assocs (fn o (ucast :: 'a :: len word \\<Rightarrow> 'b :: len word))\n     = map (\\<lambda>(x, y). (ucast x, y)) (filter (\\<lambda>(x, y). x < 2 ^ LENGTH('a)) (assocs fn))\"",
        "output": "",
        "raw_output": "proof (prove)\ngoal (1 subgoal):\n 1. LENGTH('a) < LENGTH('b) \\<Longrightarrow> assocs (fn \\<circ> UCAST('a \\<rightarrow> 'b)) = map (\\<lambda>(x, y). (UCAST('b \\<rightarrow> 'a) x, y)) (filter (\\<lambda>(x, y). x < 2 ^ LENGTH('a)) (assocs fn))",
        "step_time": 0.017223596572875977
    },
    {
        "index": 34,
        "step": "apply (simp add: assocs_def enum_word_def split_def filter_map)",
        "output": "",
        "raw_output": "proof (prove)\ngoal (1 subgoal):\n 1. LENGTH('a) < LENGTH('b) \\<Longrightarrow> map ((\\<lambda>x. (x, fn (UCAST('a \\<rightarrow> 'b) x))) \\<circ> word_of_nat) [0..<2 ^ LENGTH('a)] = map ((\\<lambda>p. (UCAST('b \\<rightarrow> 'a) (fst p), snd p)) \\<circ> ((\\<lambda>x. (x, fn x)) \\<circ> word_of_nat)) (filter ((\\<lambda>p. fst p < 2 ^ LENGTH('a)) \\<circ> ((\\<lambda>x. (x, fn x)) \\<circ> word_of_nat)) [0..<2 ^ LENGTH('b)])",
        "step_time": 0.020904541015625
    },
    {
        "index": 35,
        "step": "apply (rule map_cong)",
        "output": "",
        "raw_output": "proof (prove)\ngoal (2 subgoals):\n 1. LENGTH('a) < LENGTH('b) \\<Longrightarrow> [0..<2 ^ LENGTH('a)] = filter ((\\<lambda>p. fst p < 2 ^ LENGTH('a)) \\<circ> ((\\<lambda>x. (x, fn x)) \\<circ> word_of_nat)) [0..<2 ^ LENGTH('b)]\n 2. \\<And>x. \\<lbrakk>LENGTH('a) < LENGTH('b); x \\<in> set (filter ((\\<lambda>p. fst p < 2 ^ LENGTH('a)) \\<circ> ((\\<lambda>x. (x, fn x)) \\<circ> word_of_nat)) [0..<2 ^ LENGTH('b)])\\<rbrakk> \\<Longrightarrow> ((\\<lambda>x. (x, fn (UCAST('a \\<rightarrow> 'b) x))) \\<circ> word_of_nat) x = ((\\<lambda>p. (UCAST('b \\<rightarrow> 'a) (fst p), snd p)) \\<circ> ((\\<lambda>x. (x, fn x)) \\<circ> word_of_nat)) x",
        "step_time": 0.0076329708099365234
    },
    {
        "index": 36,
        "step": "apply (simp add: o_def)",
        "output": "",
        "raw_output": "proof (prove)\ngoal (2 subgoals):\n 1. LENGTH('a) < LENGTH('b) \\<Longrightarrow> [0..<2 ^ LENGTH('a)] = filter (\\<lambda>x. word_of_nat x < 2 ^ LENGTH('a)) [0..<2 ^ LENGTH('b)]\n 2. \\<And>x. \\<lbrakk>LENGTH('a) < LENGTH('b); x \\<in> set (filter ((\\<lambda>p. fst p < 2 ^ LENGTH('a)) \\<circ> ((\\<lambda>x. (x, fn x)) \\<circ> word_of_nat)) [0..<2 ^ LENGTH('b)])\\<rbrakk> \\<Longrightarrow> ((\\<lambda>x. (x, fn (UCAST('a \\<rightarrow> 'b) x))) \\<circ> word_of_nat) x = ((\\<lambda>p. (UCAST('b \\<rightarrow> 'a) (fst p), snd p)) \\<circ> ((\\<lambda>x. (x, fn x)) \\<circ> word_of_nat)) x",
        "step_time": 0.019033432006835938
    },
    {
        "index": 37,
        "step": "apply (rule trans [OF _ filter_cong [OF refl]],\n          rule sym, rule filter_to_shorter_upto)",
        "output": "",
        "raw_output": "proof (prove)\ngoal (3 subgoals):\n 1. LENGTH('a) < LENGTH('b) \\<Longrightarrow> 2 ^ LENGTH('a) \\<le> 2 ^ LENGTH('b)\n 2. \\<And>x. \\<lbrakk>LENGTH('a) < LENGTH('b); x \\<in> set [0..<2 ^ LENGTH('b)]\\<rbrakk> \\<Longrightarrow> (x < 2 ^ LENGTH('a)) = (word_of_nat x < 2 ^ LENGTH('a))\n 3. \\<And>x. \\<lbrakk>LENGTH('a) < LENGTH('b); x \\<in> set (filter ((\\<lambda>p. fst p < 2 ^ LENGTH('a)) \\<circ> ((\\<lambda>x. (x, fn x)) \\<circ> word_of_nat)) [0..<2 ^ LENGTH('b)])\\<rbrakk> \\<Longrightarrow> ((\\<lambda>x. (x, fn (UCAST('a \\<rightarrow> 'b) x))) \\<circ> word_of_nat) x = ((\\<lambda>p. (UCAST('b \\<rightarrow> 'a) (fst p), snd p)) \\<circ> ((\\<lambda>x. (x, fn x)) \\<circ> word_of_nat)) x",
        "step_time": 0.009903669357299805
    },
    {
        "index": 38,
        "step": "apply simp",
        "output": "",
        "raw_output": "proof (prove)\ngoal (2 subgoals):\n 1. \\<And>x. \\<lbrakk>LENGTH('a) < LENGTH('b); x \\<in> set [0..<2 ^ LENGTH('b)]\\<rbrakk> \\<Longrightarrow> (x < 2 ^ LENGTH('a)) = (word_of_nat x < 2 ^ LENGTH('a))\n 2. \\<And>x. \\<lbrakk>LENGTH('a) < LENGTH('b); x \\<in> set (filter ((\\<lambda>p. fst p < 2 ^ LENGTH('a)) \\<circ> ((\\<lambda>x. (x, fn x)) \\<circ> word_of_nat)) [0..<2 ^ LENGTH('b)])\\<rbrakk> \\<Longrightarrow> ((\\<lambda>x. (x, fn (UCAST('a \\<rightarrow> 'b) x))) \\<circ> word_of_nat) x = ((\\<lambda>p. (UCAST('b \\<rightarrow> 'a) (fst p), snd p)) \\<circ> ((\\<lambda>x. (x, fn x)) \\<circ> word_of_nat)) x",
        "step_time": 0.01342153549194336
    },
    {
        "index": 39,
        "step": "apply (rule iffI)",
        "output": "",
        "raw_output": "proof (prove)\ngoal (3 subgoals):\n 1. \\<And>x. \\<lbrakk>LENGTH('a) < LENGTH('b); x \\<in> set [0..<2 ^ LENGTH('b)]; x < 2 ^ LENGTH('a)\\<rbrakk> \\<Longrightarrow> word_of_nat x < 2 ^ LENGTH('a)\n 2. \\<And>x. \\<lbrakk>LENGTH('a) < LENGTH('b); x \\<in> set [0..<2 ^ LENGTH('b)]; word_of_nat x < 2 ^ LENGTH('a)\\<rbrakk> \\<Longrightarrow> x < 2 ^ LENGTH('a)\n 3. \\<And>x. \\<lbrakk>LENGTH('a) < LENGTH('b); x \\<in> set (filter ((\\<lambda>p. fst p < 2 ^ LENGTH('a)) \\<circ> ((\\<lambda>x. (x, fn x)) \\<circ> word_of_nat)) [0..<2 ^ LENGTH('b)])\\<rbrakk> \\<Longrightarrow> ((\\<lambda>x. (x, fn (UCAST('a \\<rightarrow> 'b) x))) \\<circ> word_of_nat) x = ((\\<lambda>p. (UCAST('b \\<rightarrow> 'a) (fst p), snd p)) \\<circ> ((\\<lambda>x. (x, fn x)) \\<circ> word_of_nat)) x",
        "step_time": 0.008992671966552734
    },
    {
        "index": 40,
        "step": "apply (subst word_unat_power, rule of_nat_mono_maybe)",
        "output": "",
        "raw_output": "proof (prove)\ngoal (4 subgoals):\n 1. \\<And>x. \\<lbrakk>LENGTH('a) < LENGTH('b); x \\<in> set [0..<2 ^ LENGTH('b)]; x < 2 ^ LENGTH('a)\\<rbrakk> \\<Longrightarrow> 2 ^ LENGTH('a) < 2 ^ LENGTH('b)\n 2. \\<And>x. \\<lbrakk>LENGTH('a) < LENGTH('b); x \\<in> set [0..<2 ^ LENGTH('b)]; x < 2 ^ LENGTH('a)\\<rbrakk> \\<Longrightarrow> x < 2 ^ LENGTH('a)\n 3. \\<And>x. \\<lbrakk>LENGTH('a) < LENGTH('b); x \\<in> set [0..<2 ^ LENGTH('b)]; word_of_nat x < 2 ^ LENGTH('a)\\<rbrakk> \\<Longrightarrow> x < 2 ^ LENGTH('a)\n 4. \\<And>x. \\<lbrakk>LENGTH('a) < LENGTH('b); x \\<in> set (filter ((\\<lambda>p. fst p < 2 ^ LENGTH('a)) \\<circ> ((\\<lambda>x. (x, fn x)) \\<circ> word_of_nat)) [0..<2 ^ LENGTH('b)])\\<rbrakk> \\<Longrightarrow> ((\\<lambda>x. (x, fn (UCAST('a \\<rightarrow> 'b) x))) \\<circ> word_of_nat) x = ((\\<lambda>p. (UCAST('b \\<rightarrow> 'a) (fst p), snd p)) \\<circ> ((\\<lambda>x. (x, fn x)) \\<circ> word_of_nat)) x",
        "step_time": 0.00955963134765625
    },
    {
        "index": 41,
        "step": "apply simp",
        "output": "",
        "raw_output": "proof (prove)\ngoal (3 subgoals):\n 1. \\<And>x. \\<lbrakk>LENGTH('a) < LENGTH('b); x \\<in> set [0..<2 ^ LENGTH('b)]; x < 2 ^ LENGTH('a)\\<rbrakk> \\<Longrightarrow> x < 2 ^ LENGTH('a)\n 2. \\<And>x. \\<lbrakk>LENGTH('a) < LENGTH('b); x \\<in> set [0..<2 ^ LENGTH('b)]; word_of_nat x < 2 ^ LENGTH('a)\\<rbrakk> \\<Longrightarrow> x < 2 ^ LENGTH('a)\n 3. \\<And>x. \\<lbrakk>LENGTH('a) < LENGTH('b); x \\<in> set (filter ((\\<lambda>p. fst p < 2 ^ LENGTH('a)) \\<circ> ((\\<lambda>x. (x, fn x)) \\<circ> word_of_nat)) [0..<2 ^ LENGTH('b)])\\<rbrakk> \\<Longrightarrow> ((\\<lambda>x. (x, fn (UCAST('a \\<rightarrow> 'b) x))) \\<circ> word_of_nat) x = ((\\<lambda>p. (UCAST('b \\<rightarrow> 'a) (fst p), snd p)) \\<circ> ((\\<lambda>x. (x, fn x)) \\<circ> word_of_nat)) x",
        "step_time": 0.015152454376220703
    },
    {
        "index": 42,
        "step": "apply assumption",
        "output": "",
        "raw_output": "proof (prove)\ngoal (2 subgoals):\n 1. \\<And>x. \\<lbrakk>LENGTH('a) < LENGTH('b); x \\<in> set [0..<2 ^ LENGTH('b)]; word_of_nat x < 2 ^ LENGTH('a)\\<rbrakk> \\<Longrightarrow> x < 2 ^ LENGTH('a)\n 2. \\<And>x. \\<lbrakk>LENGTH('a) < LENGTH('b); x \\<in> set (filter ((\\<lambda>p. fst p < 2 ^ LENGTH('a)) \\<circ> ((\\<lambda>x. (x, fn x)) \\<circ> word_of_nat)) [0..<2 ^ LENGTH('b)])\\<rbrakk> \\<Longrightarrow> ((\\<lambda>x. (x, fn (UCAST('a \\<rightarrow> 'b) x))) \\<circ> word_of_nat) x = ((\\<lambda>p. (UCAST('b \\<rightarrow> 'a) (fst p), snd p)) \\<circ> ((\\<lambda>x. (x, fn x)) \\<circ> word_of_nat)) x",
        "step_time": 0.008237361907958984
    },
    {
        "index": 43,
        "step": "apply (simp add: word_less_nat_alt word_unat.Abs_inverse unats_def)",
        "output": "",
        "raw_output": "proof (prove)\ngoal (1 subgoal):\n 1. \\<And>x. \\<lbrakk>LENGTH('a) < LENGTH('b); x \\<in> set (filter ((\\<lambda>p. fst p < 2 ^ LENGTH('a)) \\<circ> ((\\<lambda>x. (x, fn x)) \\<circ> word_of_nat)) [0..<2 ^ LENGTH('b)])\\<rbrakk> \\<Longrightarrow> ((\\<lambda>x. (x, fn (UCAST('a \\<rightarrow> 'b) x))) \\<circ> word_of_nat) x = ((\\<lambda>p. (UCAST('b \\<rightarrow> 'a) (fst p), snd p)) \\<circ> ((\\<lambda>x. (x, fn x)) \\<circ> word_of_nat)) x",
        "step_time": 0.012261152267456055
    },
    {
        "index": 44,
        "step": "apply clarsimp",
        "output": "",
        "raw_output": "proof (prove)\ngoal (1 subgoal):\n 1. \\<And>x. \\<lbrakk>LENGTH('a) < LENGTH('b); x < 2 ^ LENGTH('b); word_of_nat x < 2 ^ LENGTH('a)\\<rbrakk> \\<Longrightarrow> word_of_nat x = UCAST('b \\<rightarrow> 'a) (word_of_nat x) \\<and> fn (UCAST('a \\<rightarrow> 'b) (word_of_nat x)) = fn (word_of_nat x)",
        "step_time": 0.02189779281616211
    },
    {
        "index": 45,
        "step": "apply (simp add: word_less_nat_alt word_unat.Abs_inverse unats_def)",
        "output": "",
        "raw_output": "proof (prove)\ngoal (1 subgoal):\n 1. \\<And>x. \\<lbrakk>LENGTH('a) < LENGTH('b); x < 2 ^ LENGTH('b); x < 2 ^ LENGTH('a)\\<rbrakk> \\<Longrightarrow> word_of_nat x = UCAST('b \\<rightarrow> 'a) (word_of_nat x) \\<and> fn (UCAST('a \\<rightarrow> 'b) (word_of_nat x)) = fn (word_of_nat x)",
        "step_time": 0.011521100997924805
    },
    {
        "index": 46,
        "step": "apply (simp add: ucast_of_nat_small)",
        "output": "",
        "raw_output": "proof (prove)\ngoal:\nNo subgoals!",
        "step_time": 0.008202314376831055
    },
    {
        "index": 47,
        "step": "done",
        "output": "",
        "raw_output": "",
        "step_time": 0.012675285339355469
    },
    {
        "index": 48,
        "step": "lemma ucast_le_migrate:\n  \"\\<lbrakk> y < 2 ^ size x; size x < size y \\<rbrakk> \\<Longrightarrow> (ucast x \\<le> y) = (x \\<le> ucast y)\"\n  for x :: \"'a :: len word\" and y :: \"'b :: len word\"",
        "output": "",
        "raw_output": "proof (prove)\ngoal (1 subgoal):\n 1. \\<lbrakk>y < 2 ^ size x; size x < size y\\<rbrakk> \\<Longrightarrow> (UCAST('a \\<rightarrow> 'b) x \\<le> y) = (x \\<le> UCAST('b \\<rightarrow> 'a) y)",
        "step_time": 0.01200103759765625
    },
    {
        "index": 49,
        "step": "apply (simp add: word_le_def ucast_def del: Word.of_int_uint)",
        "output": "",
        "raw_output": "proof (prove)\ngoal (1 subgoal):\n 1. \\<lbrakk>y < 2 ^ size x; size x < size y\\<rbrakk> \\<Longrightarrow> (uint (word_of_int (uint x)) \\<le> uint y) = (uint x \\<le> uint (word_of_int (uint y)))",
        "step_time": 0.007889509201049805
    },
    {
        "index": 50,
        "step": "apply (subst word_uint.Abs_inverse)",
        "output": "",
        "raw_output": "proof (prove)\ngoal (2 subgoals):\n 1. \\<lbrakk>y < 2 ^ size x; size x < size y\\<rbrakk> \\<Longrightarrow> uint x \\<in> uints LENGTH('b)\n 2. \\<lbrakk>y < 2 ^ size x; size x < size y\\<rbrakk> \\<Longrightarrow> (uint x \\<le> uint y) = (uint x \\<le> uint (word_of_int (uint y)))",
        "step_time": 0.0063724517822265625
    },
    {
        "index": 51,
        "step": "apply (simp add: uints_num word_size)",
        "output": "",
        "raw_output": "proof (prove)\ngoal (2 subgoals):\n 1. \\<lbrakk>y < 2 ^ LENGTH('a); LENGTH('a) < LENGTH('b)\\<rbrakk> \\<Longrightarrow> uint x < 2 ^ LENGTH('b)\n 2. \\<lbrakk>y < 2 ^ size x; size x < size y\\<rbrakk> \\<Longrightarrow> (uint x \\<le> uint y) = (uint x \\<le> uint (word_of_int (uint y)))",
        "step_time": 0.009578466415405273
    },
    {
        "index": 52,
        "step": "apply (rule order_less_le_trans, rule uint_lt2p)",
        "output": "",
        "raw_output": "proof (prove)\ngoal (2 subgoals):\n 1. \\<lbrakk>y < 2 ^ LENGTH('a); LENGTH('a) < LENGTH('b)\\<rbrakk> \\<Longrightarrow> 2 ^ LENGTH('a) \\<le> 2 ^ LENGTH('b)\n 2. \\<lbrakk>y < 2 ^ size x; size x < size y\\<rbrakk> \\<Longrightarrow> (uint x \\<le> uint y) = (uint x \\<le> uint (word_of_int (uint y)))",
        "step_time": 0.005809307098388672
    },
    {
        "index": 53,
        "step": "apply simp",
        "output": "",
        "raw_output": "proof (prove)\ngoal (1 subgoal):\n 1. \\<lbrakk>y < 2 ^ size x; size x < size y\\<rbrakk> \\<Longrightarrow> (uint x \\<le> uint y) = (uint x \\<le> uint (word_of_int (uint y)))",
        "step_time": 0.01033639907836914
    },
    {
        "index": 54,
        "step": "apply (subst word_uint.Abs_inverse)",
        "output": "",
        "raw_output": "proof (prove)\ngoal (2 subgoals):\n 1. \\<lbrakk>y < 2 ^ size x; size x < size y\\<rbrakk> \\<Longrightarrow> uint y \\<in> uints LENGTH('a)\n 2. \\<lbrakk>y < 2 ^ size x; size x < size y\\<rbrakk> \\<Longrightarrow> (uint x \\<le> uint y) = (uint x \\<le> uint y)",
        "step_time": 0.006134033203125
    },
    {
        "index": 55,
        "step": "apply (simp add: uints_num word_size word_less_alt uint_2p_alt)",
        "output": "",
        "raw_output": "proof (prove)\ngoal (1 subgoal):\n 1. \\<lbrakk>y < 2 ^ size x; size x < size y\\<rbrakk> \\<Longrightarrow> (uint x \\<le> uint y) = (uint x \\<le> uint y)",
        "step_time": 0.01016378402709961
    },
    {
        "index": 56,
        "step": "apply simp",
        "output": "",
        "raw_output": "proof (prove)\ngoal:\nNo subgoals!",
        "step_time": 0.006478071212768555
    },
    {
        "index": 57,
        "step": "done",
        "output": "",
        "raw_output": "",
        "step_time": 0.005789279937744141
    },
    {
        "index": 58,
        "step": "lemma obj_at_delete_objects:\n  \"\\<lbrace>\\<lambda>s. Q (obj_at (P (interrupt_irq_node s) (arch_state s)) r s) \\<and>\n        r \\<notin> {ptr..ptr + 2 ^ bits - 1}\\<rbrace>\n   delete_objects ptr bits\n   \\<lbrace>\\<lambda>_ s. Q (obj_at (P (interrupt_irq_node s) (arch_state s)) r s)\\<rbrace>\"",
        "output": "",
        "raw_output": "proof (prove)\ngoal (1 subgoal):\n 1. \\<lbrace>\\<lambda>s. Q (obj_at (P (interrupt_irq_node s) (arch_state s)) r s) \\<and> r \\<notin> {ptr..ptr + 2 ^ bits - 1}\\<rbrace> delete_objects ptr bits \\<lbrace>\\<lambda>_ s. Q (obj_at (P (interrupt_irq_node s) (arch_state s)) r s)\\<rbrace>",
        "step_time": 0.014735221862792969
    },
    {
        "index": 59,
        "step": "apply (simp add: delete_objects_def do_machine_op_def split_def)",
        "output": "",
        "raw_output": "proof (prove)\ngoal (1 subgoal):\n 1. \\<lbrace>\\<lambda>s. Q (obj_at (P (interrupt_irq_node s) (arch_state s)) r s) \\<and> (ptr \\<le> r \\<longrightarrow> \\<not> r \\<le> ptr + 2 ^ bits - 1)\\<rbrace> do y <- do ms <- gets machine_state;\np <- select_f (freeMemory ptr bits ms);\nmodify (machine_state_update (\\<lambda>_. snd p))\nod;\nmodify (detype {ptr..ptr + 2 ^ bits - 1})\nod \\<lbrace>\\<lambda>_ s. Q (obj_at (P (interrupt_irq_node s) (arch_state s)) r s)\\<rbrace>",
        "step_time": 0.017465829849243164
    },
    {
        "index": 60,
        "step": "apply wp",
        "output": "",
        "raw_output": "proof (prove)\ngoal (1 subgoal):\n 1. \\<And>s. Q (obj_at (P (interrupt_irq_node s) (arch_state s)) r s) \\<and> (ptr \\<le> r \\<longrightarrow> \\<not> r \\<le> ptr + 2 ^ bits - 1) \\<Longrightarrow> \\<forall>x\\<in>fst (freeMemory ptr bits (machine_state s)). Q (obj_at (P (interrupt_irq_node (detype {ptr..ptr + 2 ^ bits - 1} (s\\<lparr>machine_state := snd x\\<rparr>))) (arch_state (detype {ptr..ptr + 2 ^ bits - 1} (s\\<lparr>machine_state := snd x\\<rparr>)))) r (detype {ptr..ptr + 2 ^ bits - 1} (s\\<lparr>machine_state := snd x\\<rparr>)))",
        "step_time": 0.013529777526855469
    },
    {
        "index": 61,
        "step": "apply (simp add: detype_machine_state_update_comm)",
        "output": "",
        "raw_output": "proof (prove)\ngoal:\nNo subgoals!",
        "step_time": 0.02130722999572754
    },
    {
        "index": 62,
        "step": "done",
        "output": "",
        "raw_output": "",
        "step_time": 0.006567478179931641
    },
    {
        "index": 63,
        "step": "\n\n\n(* FIXME: move *)\n",
        "output": "",
        "raw_output": "",
        "step_time": 0.0047588348388671875
    },
    {
        "index": 64,
        "step": "crunch arch [wp]: retype_region \"\\<lambda>s. P (arch_state s)\"\n  (simp: crunch_simps)",
        "output": "",
        "raw_output": "",
        "step_time": 0.0986475944519043
    },
    {
        "index": 65,
        "step": "lemma set_free_index_final_cap:\n  \"\\<lbrace>\\<lambda>s. P (is_final_cap' cap s) \\<and> cte_wp_at ((=) src_cap) src s\\<rbrace>\n   set_cap (free_index_update f src_cap) src\n   \\<lbrace>\\<lambda>rv s. P (is_final_cap' cap s) \\<rbrace>\"",
        "output": "",
        "raw_output": "proof (prove)\ngoal (1 subgoal):\n 1. \\<lbrace>\\<lambda>s. P (is_final_cap' cap s) \\<and> cte_wp_at ((=) src_cap) src s\\<rbrace> set_cap (free_index_update f src_cap) src \\<lbrace>\\<lambda>rv s. P (is_final_cap' cap s)\\<rbrace>",
        "step_time": 0.010926961898803711
    },
    {
        "index": 66,
        "step": "apply (simp add:is_final_cap'_def2)",
        "output": "",
        "raw_output": "proof (prove)\ngoal (1 subgoal):\n 1. \\<lbrace>\\<lambda>s. P (\\<exists>a b. \\<forall>aa ba. cte_wp_at (\\<lambda>c. gen_obj_refs cap \\<inter> gen_obj_refs c \\<noteq> {}) (aa, ba) s = (aa = a \\<and> ba = b)) \\<and> cte_wp_at ((=) src_cap) src s\\<rbrace> set_cap (free_index_update f src_cap) src \\<lbrace>\\<lambda>rv s. P (\\<exists>a b. \\<forall>aa ba. cte_wp_at (\\<lambda>c. gen_obj_refs cap \\<inter> gen_obj_refs c \\<noteq> {}) (aa, ba) s = (aa = a \\<and> ba = b))\\<rbrace>",
        "step_time": 0.01592397689819336
    },
    {
        "index": 67,
        "step": "apply (clarsimp simp:valid_def)",
        "output": "",
        "raw_output": "proof (prove)\ngoal (1 subgoal):\n 1. \\<And>s b. \\<lbrakk>((), b) \\<in> fst (set_cap (free_index_update f src_cap) src s); P (\\<exists>a b. \\<forall>aa ba. cte_wp_at (\\<lambda>c. gen_obj_refs cap \\<inter> gen_obj_refs c \\<noteq> {}) (aa, ba) s = (aa = a \\<and> ba = b)); cte_wp_at ((=) src_cap) src s\\<rbrakk> \\<Longrightarrow> P (\\<exists>a ba. \\<forall>aa bb. cte_wp_at (\\<lambda>c. gen_obj_refs cap \\<inter> gen_obj_refs c \\<noteq> {}) (aa, bb) b = (aa = a \\<and> bb = ba))",
        "step_time": 0.016885042190551758
    },
    {
        "index": 68,
        "step": "apply (drule set_cap_caps_of_state_monad)",
        "output": "",
        "raw_output": "proof (prove)\ngoal (1 subgoal):\n 1. \\<And>s b. \\<lbrakk>P (\\<exists>a b. \\<forall>aa ba. cte_wp_at (\\<lambda>c. gen_obj_refs cap \\<inter> gen_obj_refs c \\<noteq> {}) (aa, ba) s = (aa = a \\<and> ba = b)); cte_wp_at ((=) src_cap) src s; caps_of_state b = (caps_of_state s)(src \\<mapsto> free_index_update f src_cap)\\<rbrakk> \\<Longrightarrow> P (\\<exists>a ba. \\<forall>aa bb. cte_wp_at (\\<lambda>c. gen_obj_refs cap \\<inter> gen_obj_refs c \\<noteq> {}) (aa, bb) b = (aa = a \\<and> bb = ba))",
        "step_time": 0.007227182388305664
    },
    {
        "index": 69,
        "step": "apply (erule subst[rotated])",
        "output": "",
        "raw_output": "proof (prove)\ngoal (1 subgoal):\n 1. \\<And>s b. \\<lbrakk>cte_wp_at ((=) src_cap) src s; caps_of_state b = (caps_of_state s)(src \\<mapsto> free_index_update f src_cap)\\<rbrakk> \\<Longrightarrow> P (\\<exists>a b. \\<forall>aa ba. cte_wp_at (\\<lambda>c. gen_obj_refs cap \\<inter> gen_obj_refs c \\<noteq> {}) (aa, ba) s = (aa = a \\<and> ba = b)) = P (\\<exists>a ba. \\<forall>aa bb. cte_wp_at (\\<lambda>c. gen_obj_refs cap \\<inter> gen_obj_refs c \\<noteq> {}) (aa, bb) b = (aa = a \\<and> bb = ba))",
        "step_time": 0.00805521011352539
    },
    {
        "index": 70,
        "step": "apply (rule_tac f = P in arg_cong)",
        "output": "",
        "raw_output": "proof (prove)\ngoal (1 subgoal):\n 1. \\<And>s b. \\<lbrakk>cte_wp_at ((=) src_cap) src s; caps_of_state b = (caps_of_state s)(src \\<mapsto> free_index_update f src_cap)\\<rbrakk> \\<Longrightarrow> (\\<exists>a b. \\<forall>aa ba. cte_wp_at (\\<lambda>c. gen_obj_refs cap \\<inter> gen_obj_refs c \\<noteq> {}) (aa, ba) s = (aa = a \\<and> ba = b)) = (\\<exists>a ba. \\<forall>aa bb. cte_wp_at (\\<lambda>c. gen_obj_refs cap \\<inter> gen_obj_refs c \\<noteq> {}) (aa, bb) b = (aa = a \\<and> bb = ba))",
        "step_time": 0.008257865905761719
    },
    {
        "index": 71,
        "step": "apply (subgoal_tac \"\\<And>slot. (cte_wp_at (\\<lambda>c. gen_obj_refs cap \\<inter> gen_obj_refs c \\<noteq> {}) slot s\n          = cte_wp_at (\\<lambda>c. gen_obj_refs cap \\<inter> gen_obj_refs c \\<noteq> {}) slot b)\")",
        "output": "",
        "raw_output": "proof (prove)\ngoal (2 subgoals):\n 1. \\<And>s b. \\<lbrakk>cte_wp_at ((=) src_cap) src s; caps_of_state b = (caps_of_state s)(src \\<mapsto> free_index_update f src_cap); \\<And>slot. cte_wp_at (\\<lambda>c. gen_obj_refs cap \\<inter> gen_obj_refs c \\<noteq> {}) slot s = cte_wp_at (\\<lambda>c. gen_obj_refs cap \\<inter> gen_obj_refs c \\<noteq> {}) slot b\\<rbrakk> \\<Longrightarrow> (\\<exists>a b. \\<forall>aa ba. cte_wp_at (\\<lambda>c. gen_obj_refs cap \\<inter> gen_obj_refs c \\<noteq> {}) (aa, ba) s = (aa = a \\<and> ba = b)) = (\\<exists>a ba. \\<forall>aa bb. cte_wp_at (\\<lambda>c. gen_obj_refs cap \\<inter> gen_obj_refs c \\<noteq> {}) (aa, bb) b = (aa = a \\<and> bb = ba))\n 2. \\<And>s b slot. \\<lbrakk>cte_wp_at ((=) src_cap) src s; caps_of_state b = (caps_of_state s)(src \\<mapsto> free_index_update f src_cap)\\<rbrakk> \\<Longrightarrow> cte_wp_at (\\<lambda>c. gen_obj_refs cap \\<inter> gen_obj_refs c \\<noteq> {}) slot s = cte_wp_at (\\<lambda>c. gen_obj_refs cap \\<inter> gen_obj_refs c \\<noteq> {}) slot b",
        "step_time": 0.015129804611206055
    },
    {
        "index": 72,
        "step": "apply simp",
        "output": "",
        "raw_output": "proof (prove)\ngoal (1 subgoal):\n 1. \\<And>s b slot. \\<lbrakk>cte_wp_at ((=) src_cap) src s; caps_of_state b = (caps_of_state s)(src \\<mapsto> free_index_update f src_cap)\\<rbrakk> \\<Longrightarrow> cte_wp_at (\\<lambda>c. gen_obj_refs cap \\<inter> gen_obj_refs c \\<noteq> {}) slot s = cte_wp_at (\\<lambda>c. gen_obj_refs cap \\<inter> gen_obj_refs c \\<noteq> {}) slot b",
        "step_time": 0.010947704315185547
    },
    {
        "index": 73,
        "step": "apply (clarsimp split:cap.splits\n         simp:cte_wp_at_caps_of_state free_index_update_def\n              gen_obj_refs_def)",
        "output": "",
        "raw_output": "proof (prove)\ngoal:\nNo subgoals!",
        "step_time": 0.26990580558776855
    },
    {
        "index": 74,
        "step": "done",
        "output": "",
        "raw_output": "",
        "step_time": 0.008310317993164062
    },
    {
        "index": 75,
        "step": "lemma set_cap_orth:\n  \"\\<lbrace>\\<lambda>s. P s \\<and> Q cap' s\\<rbrace> set_cap cap src \\<lbrace>\\<lambda>rv s. Q cap' s\\<rbrace> \\<Longrightarrow>\n   \\<lbrace>\\<lambda>s. P s \\<and> src\\<noteq> dest \\<and> (cte_wp_at ((=) cap') dest s \\<longrightarrow> Q cap' s)\\<rbrace>\n   set_cap cap src\n   \\<lbrace>\\<lambda>rv s. cte_wp_at ((=) cap') dest s \\<longrightarrow> Q cap' s\\<rbrace>\"",
        "output": "",
        "raw_output": "proof (prove)\ngoal (1 subgoal):\n 1. \\<lbrace>\\<lambda>s. P s \\<and> Q cap' s\\<rbrace> set_cap cap src \\<lbrace>\\<lambda>rv. Q cap'\\<rbrace> \\<Longrightarrow> \\<lbrace>\\<lambda>s. P s \\<and> src \\<noteq> dest \\<and> (cte_wp_at ((=) cap') dest s \\<longrightarrow> Q cap' s)\\<rbrace> set_cap cap src \\<lbrace>\\<lambda>rv s. cte_wp_at ((=) cap') dest s \\<longrightarrow> Q cap' s\\<rbrace>",
        "step_time": 0.018921375274658203
    },
    {
        "index": 76,
        "step": "apply (clarsimp simp:valid_def cte_wp_at_caps_of_state)",
        "output": "",
        "raw_output": "proof (prove)\ngoal (1 subgoal):\n 1. \\<And>s b. \\<lbrakk>\\<forall>s. P s \\<and> Q cap' s \\<longrightarrow> (\\<forall>x\\<in>fst (set_cap cap src s). case x of (r, x) \\<Rightarrow> Q cap' x); ((), b) \\<in> fst (set_cap cap src s); P s; src \\<noteq> dest; caps_of_state s dest = Some cap' \\<longrightarrow> Q cap' s; caps_of_state b dest = Some cap'\\<rbrakk> \\<Longrightarrow> Q cap' b",
        "step_time": 0.02521967887878418
    },
    {
        "index": 77,
        "step": "apply (drule_tac x = s in spec)",
        "output": "",
        "raw_output": "proof (prove)\ngoal (1 subgoal):\n 1. \\<And>s b. \\<lbrakk>((), b) \\<in> fst (set_cap cap src s); P s; src \\<noteq> dest; caps_of_state s dest = Some cap' \\<longrightarrow> Q cap' s; caps_of_state b dest = Some cap'; P s \\<and> Q cap' s \\<longrightarrow> (\\<forall>x\\<in>fst (set_cap cap src s). case x of (r, x) \\<Rightarrow> Q cap' x)\\<rbrakk> \\<Longrightarrow> Q cap' b",
        "step_time": 0.009778976440429688
    },
    {
        "index": 78,
        "step": "apply (frule set_cap_caps_of_state_monad)",
        "output": "",
        "raw_output": "proof (prove)\ngoal (1 subgoal):\n 1. \\<And>s b. \\<lbrakk>((), b) \\<in> fst (set_cap cap src s); P s; src \\<noteq> dest; caps_of_state s dest = Some cap' \\<longrightarrow> Q cap' s; caps_of_state b dest = Some cap'; P s \\<and> Q cap' s \\<longrightarrow> (\\<forall>x\\<in>fst (set_cap cap src s). case x of (r, x) \\<Rightarrow> Q cap' x); caps_of_state b = (caps_of_state s)(src \\<mapsto> cap)\\<rbrakk> \\<Longrightarrow> Q cap' b",
        "step_time": 0.018520832061767578
    },
    {
        "index": 79,
        "step": "apply clarsimp",
        "output": "",
        "raw_output": "proof (prove)\ngoal (1 subgoal):\n 1. \\<And>s b. \\<lbrakk>((), b) \\<in> fst (set_cap cap src s); P s; src \\<noteq> dest; Q cap' s; caps_of_state s dest = Some cap'; \\<forall>x\\<in>fst (set_cap cap src s). case x of (r, x) \\<Rightarrow> Q cap' x; caps_of_state b = (caps_of_state s)(src \\<mapsto> cap)\\<rbrakk> \\<Longrightarrow> Q cap' b",
        "step_time": 0.020364046096801758
    },
    {
        "index": 80,
        "step": "apply (drule(1) bspec)",
        "output": "",
        "raw_output": "proof (prove)\ngoal (1 subgoal):\n 1. \\<And>s b. \\<lbrakk>((), b) \\<in> fst (set_cap cap src s); P s; src \\<noteq> dest; Q cap' s; caps_of_state s dest = Some cap'; caps_of_state b = (caps_of_state s)(src \\<mapsto> cap); case ((), b) of (r, x) \\<Rightarrow> Q cap' x\\<rbrakk> \\<Longrightarrow> Q cap' b",
        "step_time": 0.006469011306762695
    },
    {
        "index": 81,
        "step": "apply clarsimp",
        "output": "",
        "raw_output": "proof (prove)\ngoal:\nNo subgoals!",
        "step_time": 0.008372783660888672
    },
    {
        "index": 82,
        "step": "done",
        "output": "",
        "raw_output": "",
        "step_time": 0.008725166320800781
    },
    {
        "index": 83,
        "step": "lemma set_cap_empty_tables[wp]:\n  \"\\<lbrace>\\<lambda>s. P (obj_at (empty_table (set (second_level_tables (arch_state s)))) p s)\\<rbrace>\n     set_cap cap cref\n   \\<lbrace>\\<lambda>rv s. P (obj_at (empty_table (set (second_level_tables (arch_state s)))) p s)\\<rbrace>\"",
        "output": "",
        "raw_output": "proof (prove)\ngoal (1 subgoal):\n 1. \\<lbrace>\\<lambda>s. P (obj_at (empty_table (set (second_level_tables (arch_state s)))) p s)\\<rbrace> set_cap cap cref \\<lbrace>\\<lambda>rv s. P (obj_at (empty_table (set (second_level_tables (arch_state s)))) p s)\\<rbrace>",
        "step_time": 0.014023065567016602
    },
    {
        "index": 84,
        "step": "apply (rule hoare_pre)",
        "output": "",
        "raw_output": "proof (prove)\ngoal (2 subgoals):\n 1. \\<lbrace>?Q\\<rbrace> set_cap cap cref \\<lbrace>\\<lambda>rv s. P (obj_at (empty_table (set (second_level_tables (arch_state s)))) p s)\\<rbrace>\n 2. \\<And>s. P (obj_at (empty_table (set (second_level_tables (arch_state s)))) p s) \\<Longrightarrow> ?Q s",
        "step_time": 0.005469083786010742
    },
    {
        "index": 85,
        "step": "apply (rule hoare_use_eq [where f=arch_state, OF set_cap_arch])",
        "output": "",
        "raw_output": "proof (prove)\ngoal (2 subgoals):\n 1. \\<And>f. \\<lbrace>?P3 f\\<rbrace> set_cap cap cref \\<lbrace>\\<lambda>rv s. P (obj_at (empty_table (set (second_level_tables f))) p s)\\<rbrace>\n 2. \\<And>s. P (obj_at (empty_table (set (second_level_tables (arch_state s)))) p s) \\<Longrightarrow> ?P3 (arch_state s) s",
        "step_time": 0.008739471435546875
    },
    {
        "index": 86,
        "step": "apply (wp set_cap_obj_at_impossible)",
        "output": "",
        "raw_output": "proof (prove)\ngoal (1 subgoal):\n 1. \\<And>s. P (obj_at (empty_table (set (second_level_tables (arch_state s)))) p s) \\<Longrightarrow> P (obj_at (empty_table (set (second_level_tables (arch_state s)))) p s) \\<and> (\\<forall>ko. empty_table (set (second_level_tables (arch_state s))) ko \\<longrightarrow> caps_of ko = {})",
        "step_time": 0.010831594467163086
    },
    {
        "index": 87,
        "step": "apply (clarsimp simp: empty_table_caps_of)",
        "output": "",
        "raw_output": "proof (prove)\ngoal:\nNo subgoals!",
        "step_time": 0.01453089714050293
    },
    {
        "index": 88,
        "step": "done",
        "output": "",
        "raw_output": "",
        "step_time": 0.006195783615112305
    },
    {
        "index": 89,
        "step": "lemma cte_wp_at_eq_to_op_eq:\n  \"cte_wp_at (\\<lambda>c. c = cap) = cte_wp_at ((=) cap)\"",
        "output": "",
        "raw_output": "proof (prove)\ngoal (1 subgoal):\n 1. cte_wp_at (\\<lambda>c. c = cap) = cte_wp_at ((=) cap)",
        "step_time": 0.006509542465209961
    },
    {
        "index": 90,
        "step": "by (simp add: cte_wp_at_caps_of_state fun_eq_iff)",
        "output": "",
        "raw_output": "",
        "step_time": 0.011371850967407227
    },
    {
        "index": 91,
        "step": "lemma max_index_upd_caps_overlap_reserved:\n  \"\\<lbrace>\\<lambda>s. invs s \\<and> S \\<subseteq> untyped_range cap \\<and>\n       descendants_range_in S slot s \\<and> cte_wp_at ((=) cap) slot s \\<and> is_untyped_cap cap\\<rbrace>\n  set_cap (max_free_index_update cap) slot\n  \\<lbrace>\\<lambda>rv. caps_overlap_reserved S\\<rbrace>\"",
        "output": "",
        "raw_output": "proof (prove)\ngoal (1 subgoal):\n 1. \\<lbrace>\\<lambda>s. invs s \\<and> S \\<subseteq> untyped_range cap \\<and> descendants_range_in S slot s \\<and> cte_wp_at ((=) cap) slot s \\<and> is_untyped_cap cap\\<rbrace> set_cap (max_free_index_update cap) slot \\<lbrace>\\<lambda>rv. caps_overlap_reserved S\\<rbrace>",
        "step_time": 0.013551950454711914
    },
    {
        "index": 92,
        "step": "apply (rule hoare_name_pre_state)",
        "output": "",
        "raw_output": "proof (prove)\ngoal (1 subgoal):\n 1. \\<And>s. invs s \\<and> S \\<subseteq> untyped_range cap \\<and> descendants_range_in S slot s \\<and> cte_wp_at ((=) cap) slot s \\<and> is_untyped_cap cap \\<Longrightarrow> \\<lbrace>(=) s\\<rbrace> set_cap (max_free_index_update cap) slot \\<lbrace>\\<lambda>rv. caps_overlap_reserved S\\<rbrace>",
        "step_time": 0.004805326461791992
    },
    {
        "index": 93,
        "step": "apply (clarsimp simp:is_cap_simps)",
        "output": "",
        "raw_output": "proof (prove)\ngoal (1 subgoal):\n 1. \\<And>s dev r bits f. \\<lbrakk>invs s; S \\<subseteq> {r..r + 2 ^ bits - 1}; descendants_range_in S slot s; cte_wp_at ((=) (UntypedCap dev r bits f)) slot s; cap = UntypedCap dev r bits f\\<rbrakk> \\<Longrightarrow> \\<lbrace>(=) s\\<rbrace> set_cap (UntypedCap dev r bits (max_free_index bits)) slot \\<lbrace>\\<lambda>rv. caps_overlap_reserved S\\<rbrace>",
        "step_time": 0.017878293991088867
    },
    {
        "index": 94,
        "step": "apply (wp set_untyped_cap_caps_overlap_reserved)",
        "output": "",
        "raw_output": "proof (prove)\ngoal (1 subgoal):\n 1. \\<And>s dev r bits f sa. \\<lbrakk>invs s; S \\<subseteq> {r..r + 2 ^ bits - 1}; descendants_range_in S slot s; cte_wp_at ((=) (UntypedCap dev r bits f)) slot s; cap = UntypedCap dev r bits f; s = sa\\<rbrakk> \\<Longrightarrow> invs sa \\<and> S \\<subseteq> {r..r + 2 ^ bits - 1} \\<and> usable_untyped_range (UntypedCap dev r bits (max_free_index bits)) \\<inter> S = {} \\<and> descendants_range_in S slot sa \\<and> cte_wp_at ((=) (UntypedCap dev r bits (?idx13 s dev r bits f))) slot sa",
        "step_time": 0.016976356506347656
    },
    {
        "index": 95,
        "step": "apply (auto simp:cte_wp_at_caps_of_state max_free_index_def)",
        "output": "",
        "raw_output": "proof (prove)\ngoal:\nNo subgoals!",
        "step_time": 0.019194364547729492
    },
    {
        "index": 96,
        "step": "done",
        "output": "",
        "raw_output": "",
        "step_time": 0.005339145660400391
    },
    {
        "index": 97,
        "step": "lemma max_index_upd_invs_simple:\n  \"\\<lbrace>\\<lambda>s. descendants_range_in (untyped_range cap) cref s \\<and>\n         pspace_no_overlap_range_cover (obj_ref_of cap) (cap_bits cap) s \\<and>\n         invs s \\<and> cte_wp_at ((=) cap) cref s \\<and>  is_untyped_cap cap\\<rbrace>\n   set_cap  (max_free_index_update cap) cref \\<lbrace>\\<lambda>rv. invs\\<rbrace>\"",
        "output": "",
        "raw_output": "proof (prove)\ngoal (1 subgoal):\n 1. \\<lbrace>\\<lambda>s. descendants_range_in (untyped_range cap) cref s \\<and> pspace_no_overlap (up_aligned_area (obj_ref_of cap) (cap_bits cap)) s \\<and> invs s \\<and> cte_wp_at ((=) cap) cref s \\<and> is_untyped_cap cap\\<rbrace> set_cap (max_free_index_update cap) cref \\<lbrace>\\<lambda>rv. invs\\<rbrace>",
        "step_time": 0.014683723449707031
    },
    {
        "index": 98,
        "step": "apply (rule hoare_name_pre_state)",
        "output": "",
        "raw_output": "proof (prove)\ngoal (1 subgoal):\n 1. \\<And>s. descendants_range_in (untyped_range cap) cref s \\<and> pspace_no_overlap (up_aligned_area (obj_ref_of cap) (cap_bits cap)) s \\<and> invs s \\<and> cte_wp_at ((=) cap) cref s \\<and> is_untyped_cap cap \\<Longrightarrow> \\<lbrace>(=) s\\<rbrace> set_cap (max_free_index_update cap) cref \\<lbrace>\\<lambda>rv. invs\\<rbrace>",
        "step_time": 0.005257129669189453
    },
    {
        "index": 99,
        "step": "apply (clarsimp simp:is_cap_simps)",
        "output": "",
        "raw_output": "proof (prove)\ngoal (1 subgoal):\n 1. \\<And>s dev r bits f. \\<lbrakk>descendants_range_in {r..r + 2 ^ bits - 1} cref s; pspace_no_overlap (up_aligned_area r bits) s; invs s; cte_wp_at ((=) (UntypedCap dev r bits f)) cref s; cap = UntypedCap dev r bits f\\<rbrakk> \\<Longrightarrow> \\<lbrace>(=) s\\<rbrace> set_cap (UntypedCap dev r bits (max_free_index bits)) cref \\<lbrace>\\<lambda>rv. invs\\<rbrace>",
        "step_time": 0.03467893600463867
    },
    {
        "index": 100,
        "step": "apply (wp set_untyped_cap_invs_simple)",
        "output": "",
        "raw_output": "proof (prove)\ngoal (1 subgoal):\n 1. \\<And>s dev r bits f sa. \\<lbrakk>descendants_range_in {r..r + 2 ^ bits - 1} cref s; pspace_no_overlap (up_aligned_area r bits) s; invs s; cte_wp_at ((=) (UntypedCap dev r bits f)) cref s; cap = UntypedCap dev r bits f; s = sa\\<rbrakk> \\<Longrightarrow> descendants_range_in {r..r + 2 ^ bits - 1} cref sa \\<and> pspace_no_overlap (up_aligned_area r bits) sa \\<and> invs sa \\<and> cte_wp_at (\\<lambda>c. is_untyped_cap c \\<and> cap_bits c = bits \\<and> cap_is_device c = dev \\<and> obj_ref_of c = r) cref sa \\<and> max_free_index bits \\<le> 2 ^ bits",
        "step_time": 0.019065380096435547
    },
    {
        "index": 101,
        "step": "apply (auto simp:cte_wp_at_caps_of_state max_free_index_def)",
        "output": "",
        "raw_output": "proof (prove)\ngoal:\nNo subgoals!",
        "step_time": 0.05595898628234863
    },
    {
        "index": 102,
        "step": "done",
        "output": "",
        "raw_output": "",
        "step_time": 0.007567167282104492
    },
    {
        "index": 103,
        "step": "lemma sts_pspace_no_overlap [wp]:\n  \"\\<lbrace>pspace_no_overlap S\\<rbrace> set_thread_state t st \\<lbrace>\\<lambda>rv. pspace_no_overlap S\\<rbrace>\"",
        "output": "",
        "raw_output": "proof (prove)\ngoal (1 subgoal):\n 1. \\<lbrace>pspace_no_overlap S\\<rbrace> set_thread_state t st \\<lbrace>\\<lambda>rv. pspace_no_overlap S\\<rbrace>",
        "step_time": 0.008661270141601562
    },
    {
        "index": 104,
        "step": "by (wp pspace_no_overlap_typ_at_lift)",
        "output": "",
        "raw_output": "",
        "step_time": 0.012325286865234375
    },
    {
        "index": 105,
        "step": "lemma delete_objects_st_tcb_at:\n  \"\\<lbrace>pred_tcb_at proj P t and invs and K (t \\<notin> {ptr .. ptr + 2 ^ bits - 1})\\<rbrace>\n    delete_objects ptr bits\n  \\<lbrace>\\<lambda>y. pred_tcb_at proj P t\\<rbrace>\"",
        "output": "",
        "raw_output": "proof (prove)\ngoal (1 subgoal):\n 1. \\<lbrace>pred_tcb_at proj P t and invs and K (t \\<notin> {ptr..ptr + 2 ^ bits - 1})\\<rbrace> delete_objects ptr bits \\<lbrace>\\<lambda>y. pred_tcb_at proj P t\\<rbrace>",
        "step_time": 0.0138702392578125
    },
    {
        "index": 106,
        "step": "by (wp|simp add: delete_objects_def do_machine_op_def split_def)+",
        "output": "",
        "raw_output": "",
        "step_time": 0.04926443099975586
    },
    {
        "index": 107,
        "step": "end",
        "output": "",
        "raw_output": "",
        "step_time": 0.007634401321411133
    }
]