[
    {
        "index": 0,
        "step": "(*\n * Copyright 2020, Data61, CSIRO (ABN 41 687 119 230)\n *\n * SPDX-License-Identifier: GPL-2.0-only\n *)\n(*<*)\n",
        "output": "",
        "raw_output": "",
        "step_time": 0.005455970764160156
    },
    {
        "index": 1,
        "step": "theory UserDataport\nimports \"UserStubs\" GenDataportBase\nbegin",
        "output": "",
        "raw_output": "",
        "step_time": 0.005810976028442383
    },
    {
        "index": 2,
        "step": "\n\n(* Stub to expose existing static UserStubs.thy. This is to avoid having to\n * manually modify generated theories.\n *)\n\n",
        "output": "",
        "raw_output": "",
        "step_time": 0.005024909973144531
    },
    {
        "index": 3,
        "step": "end",
        "output": "",
        "raw_output": "",
        "step_time": 0.005454540252685547
    },
    {
        "index": 4,
        "step": "\n(*>*)",
        "output": "",
        "raw_output": "",
        "step_time": 0.0036263465881347656
    }
]