[
    {
        "index": 0,
        "step": "(*\n * Copyright 2020, Data61, CSIRO (ABN 41 687 119 230)\n *\n * SPDX-License-Identifier: GPL-2.0-only\n *)\n",
        "output": "",
        "raw_output": "",
        "step_time": 0.004655599594116211
    },
    {
        "index": 1,
        "step": "chapter \\<open>\\label{h:abbreviations}Convenience Definitions\\<close>",
        "output": "",
        "raw_output": "",
        "step_time": 0.0047342777252197266
    },
    {
        "index": 2,
        "step": "\n\n(*<*)\n",
        "output": "",
        "raw_output": "",
        "step_time": 0.004002094268798828
    },
    {
        "index": 3,
        "step": "theory Abbreviations\nimports Types\nbegin",
        "output": "",
        "raw_output": "",
        "step_time": 0.004267454147338867
    },
    {
        "index": 4,
        "step": "\n(*>*)\n\n",
        "output": "",
        "raw_output": "",
        "step_time": 0.0044078826904296875
    },
    {
        "index": 5,
        "step": "text \\<open>\n  This section defines static functionality that the generated glue code\n  semantics relies on. It provides the basic building blocks for the\n  \\camkes communication mechanisms. They can also be used as building blocks\n  for users describing the behaviour of trusted components.\n\\<close>",
        "output": "",
        "raw_output": "",
        "step_time": 0.00448918342590332
    },
    {
        "index": 6,
        "step": "subsection \\<open>\\label{sec:componentlocal}Local Component Operations\\<close>",
        "output": "",
        "raw_output": "",
        "step_time": 0.004488706588745117
    },
    {
        "index": 7,
        "step": "subsubsection \\<open>\\label{ssec:univc}UNIV$_c$\\<close>",
        "output": "",
        "raw_output": "",
        "step_time": 0.004128456115722656
    },
    {
        "index": 8,
        "step": "text \\<open>\n  The set of all possible states a component can be in. This is\n  essentially any local state with the exception of the states\n  representing events and shared memory.\n\\<close>",
        "output": "",
        "raw_output": "",
        "step_time": 0.0043108463287353516
    },
    {
        "index": 9,
        "step": "definition\n  UNIV\\<^sub>c :: \"'component_state local_state set\"\nwhere\n  \"UNIV\\<^sub>c \\<equiv> {x. case x of Component _ \\<Rightarrow> True | _ \\<Rightarrow> False}\"",
        "output": "",
        "raw_output": "",
        "step_time": 0.04709887504577637
    },
    {
        "index": 10,
        "step": "subsubsection \\<open>\\label{ssec:internal}Internal Step\\<close>",
        "output": "",
        "raw_output": "",
        "step_time": 0.005043506622314453
    },
    {
        "index": 11,
        "step": "text \\<open>\n  An internal step in a component that arbitrarily modifies its own local\n  state. Note that it is not possible for an event or shared memory component\n  to take this step.\n\\<close>",
        "output": "",
        "raw_output": "",
        "step_time": 0.005277156829833984
    },
    {
        "index": 12,
        "step": "definition\n  internal :: \"'component_state local_state \\<Rightarrow>\n    'component_state local_state set\"\nwhere\n  \"internal s \\<equiv> case s of Component _ \\<Rightarrow> UNIV\\<^sub>c | _ \\<Rightarrow> {}\"",
        "output": "",
        "raw_output": "",
        "step_time": 0.014646291732788086
    },
    {
        "index": 13,
        "step": "subsubsection \\<open>\\label{ssec:userstep}User Steps\\<close>",
        "output": "",
        "raw_output": "",
        "step_time": 0.028006792068481445
    },
    {
        "index": 14,
        "step": "text \\<open>\n  A representation of @{term internal} in the concurrent imperative language.\n  That is, an arbitrary local step.\n\\<close>",
        "output": "",
        "raw_output": "",
        "step_time": 0.010092496871948242
    },
    {
        "index": 15,
        "step": "definition\n  UserStep :: \"('channel, 'component_state) comp\"\nwhere\n  \"UserStep \\<equiv> LocalOp internal\"",
        "output": "",
        "raw_output": "",
        "step_time": 0.01427459716796875
    },
    {
        "index": 16,
        "step": "subsection \\<open>\\label{sec:componentcommunication}Communication Component Operations\\<close>",
        "output": "",
        "raw_output": "",
        "step_time": 0.004771709442138672
    },
    {
        "index": 17,
        "step": "subsubsection \\<open>\\label{ssec:discard}Discard Messages\\<close>",
        "output": "",
        "raw_output": "",
        "step_time": 0.0045928955078125
    },
    {
        "index": 18,
        "step": "text \\<open>\n  Receive a @{term Void} message and do nothing in reaction.\n\\<close>",
        "output": "",
        "raw_output": "",
        "step_time": 0.0048809051513671875
    },
    {
        "index": 19,
        "step": "definition\n  discard :: \"'channel answer \\<Rightarrow> 'component_state local_state \\<Rightarrow>\n    'component_state local_state set\"\nwhere\n  \"discard a s \\<equiv> if a_data a = Void then {s} else {}\"",
        "output": "",
        "raw_output": "",
        "step_time": 0.014671802520751953
    },
    {
        "index": 20,
        "step": "subsubsection \\<open>\\label{ssec:arbitraryrequest}Arbitrary Requests\\<close>",
        "output": "",
        "raw_output": "",
        "step_time": 0.0040874481201171875
    },
    {
        "index": 21,
        "step": "text \\<open>\n  Non-deterministically send any message on a given channel. This provides a\n  way of specifying unconstrained behaviour of a component given access to a\n  particular channel. The command produces the set of all messages on a given\n  channel as possible questions and receives any response with a fully\n  nondeterministic local state update.\n\\<close>",
        "output": "",
        "raw_output": "",
        "step_time": 0.0041120052337646484
    },
    {
        "index": 22,
        "step": "definition\n  ArbitraryRequest :: \"'channel \\<Rightarrow> ('channel, 'component_state) comp\"\nwhere\n  \"ArbitraryRequest c \\<equiv> Request (\\<lambda>_. {x. q_channel x = c}) (\\<lambda>_ _. UNIV\\<^sub>c)\"",
        "output": "",
        "raw_output": "",
        "step_time": 0.012650251388549805
    },
    {
        "index": 23,
        "step": "subsubsection \\<open>\\label{ssec:arbitraryresponse}Arbitrary Responses\\<close>",
        "output": "",
        "raw_output": "",
        "step_time": 0.0037517547607421875
    },
    {
        "index": 24,
        "step": "text \\<open>\n  Non-deterministically receive any message on a given channel. The\n  command receives any message, makes a nondeterministic local state\n  update, and returns the set of all possible responses @{text \\<beta>} on\n  the given channel.\n\\<close>",
        "output": "",
        "raw_output": "",
        "step_time": 0.003914356231689453
    },
    {
        "index": 25,
        "step": "definition\n  ArbitraryResponse :: \"'channel \\<Rightarrow> ('channel, 'component_state) comp\"\nwhere\n  \"ArbitraryResponse c \\<equiv>\n    Response (\\<lambda>_ _. {(s',\\<beta>). s' \\<in> UNIV\\<^sub>c \\<and> a_channel \\<beta> = c})\"",
        "output": "",
        "raw_output": "",
        "step_time": 0.014611959457397461
    },
    {
        "index": 26,
        "step": "subsubsection \\<open>\\label{ssec:eventemit}Event Emit\\<close>",
        "output": "",
        "raw_output": "",
        "step_time": 0.003745555877685547
    },
    {
        "index": 27,
        "step": "text \\<open>\n  Emit an event. The command sends the message @{const Set} on the\n  given channel and discards any response to model asynchronous behaviour\n  with respect to the event buffer components. The message is independent of\n  the local state @{text s}.\n\\<close>",
        "output": "",
        "raw_output": "",
        "step_time": 0.003987789154052734
    },
    {
        "index": 28,
        "step": "definition\n  EventEmit :: \"'channel \\<Rightarrow> ('channel, 'component_state) comp\"\nwhere\n  \"EventEmit c \\<equiv> Request (\\<lambda>s. {\\<lparr>q_channel = c, q_data = Set\\<rparr>}) discard\"",
        "output": "",
        "raw_output": "",
        "step_time": 0.014557123184204102
    },
    {
        "index": 29,
        "step": "subsubsection \\<open>\\label{ssec:eventpoll}Event Poll\\<close>",
        "output": "",
        "raw_output": "",
        "step_time": 0.003943204879760742
    },
    {
        "index": 30,
        "step": "text \\<open>\n  Poll for a pending event from an asynchronous buffer component.\n  The command sends a @{const Poll} message to the buffer component, and\n  expects a message @{term a} back that has the form @{term \"Pending b\"}\n  with a boolean payload @{term b}. This payload is embedded in the local\n  state of the component using the user-provided function @{text embed_data}.\n\\<close>",
        "output": "",
        "raw_output": "",
        "step_time": 0.004083395004272461
    },
    {
        "index": 31,
        "step": "definition\n  EventPoll :: \"'channel \\<Rightarrow>\n    ('component_state local_state \\<Rightarrow> bool \\<Rightarrow> 'component_state local_state) \\<Rightarrow>\n    ('channel, 'component_state) comp\"\nwhere\n  \"EventPoll c embed_data \\<equiv>\n    Request (\\<lambda>_. {\\<lparr>q_channel = c, q_data = Poll\\<rparr>})\n            (\\<lambda>a s. case a_data a of Pending b \\<Rightarrow> {embed_data s b} | _ \\<Rightarrow> {})\"",
        "output": "",
        "raw_output": "",
        "step_time": 0.021497726440429688
    },
    {
        "index": 32,
        "step": "subsubsection \\<open>\\label{ssec:eventwait}Event Wait\\<close>",
        "output": "",
        "raw_output": "",
        "step_time": 0.004558086395263672
    },
    {
        "index": 33,
        "step": "text \\<open>\n  Wait for a pending event. The command takes\n  a channel @{text c}, and embedding function @{text embed} (see above).\n  Because the set of target states is only non-empty when the pending bit of\n  the polled event is set, this has the effect of blocking the component's\n  execution until the event is available.\n\\<close>",
        "output": "",
        "raw_output": "",
        "step_time": 0.005009174346923828
    },
    {
        "index": 34,
        "step": "definition\n  EventWait :: \"'channel \\<Rightarrow>\n    ('component_state local_state \\<Rightarrow> bool \\<Rightarrow> 'component_state local_state) \\<Rightarrow>\n    ('channel, 'component_state) comp\"\nwhere\n  \"EventWait c embed_data \\<equiv>\n    Request (\\<lambda>_. {\\<lparr>q_channel = c, q_data = Poll\\<rparr>})\n            (\\<lambda>a s. case a_data a of Pending b \\<Rightarrow> if b then {embed_data s b} else {}\n                                  | _ \\<Rightarrow> {})\"",
        "output": "",
        "raw_output": "",
        "step_time": 0.01845526695251465
    },
    {
        "index": 35,
        "step": "subsubsection \\<open>\\label{ssec:memoryread}Memory Read\\<close>",
        "output": "",
        "raw_output": "",
        "step_time": 0.0046253204345703125
    },
    {
        "index": 36,
        "step": "text \\<open>\n  Read from a shared memory location. As mentioned above, shared memory is modelled\n  as a separate process in our glue code semantics. The command below issues\n  a @{const Read} request message to this process with a specified address, and expects\n  an immediate response of the form @{term \"Value v\"} back, which is embedded into\n  the local state with the same mechanism as above.\n\\<close>",
        "output": "",
        "raw_output": "",
        "step_time": 0.0045282840728759766
    },
    {
        "index": 37,
        "step": "definition\n  MemoryRead :: \"'channel \\<Rightarrow>\n    ('component_state local_state \\<Rightarrow> nat) \\<Rightarrow>\n    ('component_state local_state \\<Rightarrow> variable \\<Rightarrow> 'component_state local_state) \\<Rightarrow>\n    ('channel, 'component_state) comp\"\nwhere\n  \"MemoryRead c addr embed_data \\<equiv>\n    Request (\\<lambda>s. {\\<lparr>q_channel = c, q_data = Read (addr s)\\<rparr>})\n            (\\<lambda>a s. case a_data a of Value v \\<Rightarrow> {embed_data s v} | _ \\<Rightarrow> {})\"",
        "output": "",
        "raw_output": "",
        "step_time": 0.018125295639038086
    },
    {
        "index": 38,
        "step": "subsubsection \\<open>\\label{ssec:memorywrite}Memory Write\\<close>",
        "output": "",
        "raw_output": "",
        "step_time": 0.004781246185302734
    },
    {
        "index": 39,
        "step": "text \\<open>\n  Write to a shared memory location. The command sends a @{const Write} message to\n  the memory component with specified address and value (which are extracted from the local state)\n  and does not expect a response.\n\\<close>",
        "output": "",
        "raw_output": "",
        "step_time": 0.004765987396240234
    },
    {
        "index": 40,
        "step": "definition\n  MemoryWrite :: \"'channel \\<Rightarrow> ('component_state local_state \\<Rightarrow> nat) \\<Rightarrow>\n    ('component_state local_state \\<Rightarrow> variable) \\<Rightarrow>\n    ('channel, 'component_state) comp\"\nwhere\n  \"MemoryWrite c addr val \\<equiv>\n    Request (\\<lambda>s. {\\<lparr>q_channel = c, q_data = Write (addr s) (val s)\\<rparr>}) discard\"",
        "output": "",
        "raw_output": "",
        "step_time": 0.012548446655273438
    },
    {
        "index": 41,
        "step": "text \\<open>\n This concludes the list of the basic operations from which the glue code is\n composed. We now proceed to\n define the intermediate communication components for events and shared memory.\n\n\\<close>",
        "output": "",
        "raw_output": "",
        "step_time": 0.004290342330932617
    },
    {
        "index": 42,
        "step": "\n(*<*)\n",
        "output": "",
        "raw_output": "",
        "step_time": 0.0037407875061035156
    },
    {
        "index": 43,
        "step": "end",
        "output": "",
        "raw_output": "",
        "step_time": 0.006022930145263672
    },
    {
        "index": 44,
        "step": "\n(*>*)",
        "output": "",
        "raw_output": "",
        "step_time": 0.0037016868591308594
    }
]