[
    {
        "index": 0,
        "step": "(*\n * Copyright 2020, Data61, CSIRO (ABN 41 687 119 230)\n *\n * SPDX-License-Identifier: GPL-2.0-only\n *)\n",
        "output": "",
        "raw_output": "",
        "step_time": 0.006289005279541016
    },
    {
        "index": 1,
        "step": "chapter \\<open>\\label{h:procbase}Example -- Procedures\\<close>",
        "output": "",
        "raw_output": "",
        "step_time": 0.005877017974853516
    },
    {
        "index": 2,
        "step": "\n(*<*)\n(* THIS FILE IS AUTOMATICALLY GENERATED. YOUR EDITS WILL BE OVERWRITTEN. *)\n",
        "output": "",
        "raw_output": "",
        "step_time": 0.005266427993774414
    },
    {
        "index": 3,
        "step": "theory GenSimpleBase\nimports \"Types\" \"Abbreviations\" \"Connector\"\nbegin",
        "output": "",
        "raw_output": "",
        "step_time": 0.005903482437133789
    },
    {
        "index": 4,
        "step": "\n(*>*)\n\n",
        "output": "",
        "raw_output": "",
        "step_time": 0.004742145538330078
    },
    {
        "index": 5,
        "step": "text \\<open>\n  In this section we provide an example of the generated types and definitions\n  that are derived from a \\camkes procedure interface. Throughout, this\n  section uses an example system involving two components defined by the\n  following \\camkes specification:\n\n  \\camkeslisting{simple.camkes}\n\n  The system can be depicted as two components connected with a single\n  interface, in \\autoref{fig:echo}.\n\n  \\begin{figure}[h]\n    \\begin{center}\n      \\includegraphics[width=300px]{imgs/echo}\n    \\end{center}\n    \\caption{\\label{fig:echo}Hello world}\n  \\end{figure}\n\n  The types and definitions presented in this section are semantically\n  identical to those\n  generated for the system above. However, the order in which entities are\n  introduced and the white space has been modified for better readability.\n\n\\<close>",
        "output": "",
        "raw_output": "",
        "step_time": 0.0057773590087890625
    },
    {
        "index": 6,
        "step": "subsection \\<open>\\label{ssec:procbase}Generated Base Theory\\<close>",
        "output": "",
        "raw_output": "",
        "step_time": 0.00466156005859375
    },
    {
        "index": 7,
        "step": "subsubsection \\<open>\\label{sssec:procbasetypes}Types\\<close>",
        "output": "",
        "raw_output": "",
        "step_time": 0.004450798034667969
    },
    {
        "index": 8,
        "step": "text \\<open>\n  Data types are generated to enumerate the connections in the system,\n  @{term channel}, and the component instances in the system, @{term inst}. As\n  this system only has a single connection, the @{term channel} data type is\n  trivial. Note that the @{term inst} type enumerates component\n  \\emph{instances}, not component \\emph{types}.\n\\<close>",
        "output": "",
        "raw_output": "",
        "step_time": 0.004880666732788086
    },
    {
        "index": 9,
        "step": "datatype channel\n  = simple",
        "output": "",
        "raw_output": "",
        "step_time": 0.31562209129333496
    },
    {
        "index": 10,
        "step": "datatype inst\n  = client\n  | echo",
        "output": "",
        "raw_output": "",
        "step_time": 0.3115372657775879
    },
    {
        "index": 11,
        "step": "text \\<open>\n  For each component type, a data type is generated that enumerates the\n  interfaces of that component.\n\\<close>",
        "output": "",
        "raw_output": "",
        "step_time": 0.0070705413818359375
    },
    {
        "index": 12,
        "step": "datatype Client_channel\n  = Client_s",
        "output": "",
        "raw_output": "",
        "step_time": 0.2781999111175537
    },
    {
        "index": 13,
        "step": "datatype Echo_channel\n  = Echo_s",
        "output": "",
        "raw_output": "",
        "step_time": 0.30149054527282715
    },
    {
        "index": 14,
        "step": "text \\<open>\n  This type does not indicate whether the\n  interfaces are outgoing or incoming, or what type of interface they\n  represent. All component type definitions are parameterised with a mapping\n  from this type to @{term channel}. When a component type is instantiated,\n  this mapping must be specified to describe the architecture of the system. In\n  this example system, both component instances each have their single\n  interface mapped to the only connection, @{term simple}.\n\\<close>",
        "output": "",
        "raw_output": "",
        "step_time": 0.00468754768371582
    },
    {
        "index": 15,
        "step": "subsubsection \\<open>\\label{sssec:procbaseprim}Interface Primitives\\<close>",
        "output": "",
        "raw_output": "",
        "step_time": 0.004827737808227539
    },
    {
        "index": 16,
        "step": "text \\<open>\n  This section describes the glue code specifications generated for each\n  interface of each component type. For\n  an outgoing procedure interface, a definition is generated for each method\n  in that interface, prefixed by ``Call'', the component name and the interface\n  name. These can be composed with each other and user-provided steps to form\n  a process that describes the execution of the component.\n\n  The interface in this example has three methods, @{term echo_string},\n  @{term echo_int} and @{term echo_parameter}, hence three separate call\n  definitions are generated. These functions take a sequence of embedding and\n  projection functions into and out of the component's local state. The types\n  of these functions are derived from the parameter types of the method and are\n  used for marshalling arguments.\n\n  For example, @{term echo_string} takes a\n  @{term smallstring} input parameter, @{term s}, which necessitates a\n  projection function, @{term s\\<^sub>P}, as a parameter to\n  @{term Call_Client_s_echo_string}. Conversely, the method returns a\n  @{term smallstring} parameter, necessitating an embedding function,\n  @{term embed} as a parameter. In general, an input parameter requires a\n  projection, an output parameter or return value requires an\n  embedding and an input/output parameter requires both.\n\\<close>",
        "output": "",
        "raw_output": "",
        "step_time": 0.00545048713684082
    },
    {
        "index": 17,
        "step": "definition\n  Call_Client_s_echo_string :: \"(Client_channel \\<Rightarrow> channel) \\<Rightarrow>\n    ('cs local_state \\<Rightarrow> string) \\<Rightarrow>\n    ('cs local_state \\<Rightarrow> string \\<Rightarrow> 'cs local_state) \\<Rightarrow>\n    (channel, 'cs) comp\"\nwhere\n  \"Call_Client_s_echo_string ch s\\<^sub>P embed_data \\<equiv>\n    Request (\\<lambda>s. {\\<lparr>q_channel = ch Client_s,\n      q_data = Call 0 (String (s\\<^sub>P s) # [])\\<rparr>}) discard ;;\n    Response (\\<lambda>q s. case q_data q of Return xs \\<Rightarrow>\n      {(embed_data s (case hd xs of String v \\<Rightarrow> v),\n      \\<lparr>a_channel = ch Client_s, a_data = Void\\<rparr>)} | _ \\<Rightarrow> {})\"",
        "output": "",
        "raw_output": "",
        "step_time": 0.025624990463256836
    },
    {
        "index": 18,
        "step": "definition\n  Call_Client_s_echo_int :: \"(Client_channel \\<Rightarrow> channel) \\<Rightarrow>\n    ('cs local_state \\<Rightarrow> int) \\<Rightarrow>\n    ('cs local_state \\<Rightarrow> int \\<Rightarrow> 'cs local_state) \\<Rightarrow>\n    (channel, 'cs) comp\"\nwhere\n  \"Call_Client_s_echo_int ch i\\<^sub>P embed_data \\<equiv>\n    Request (\\<lambda>s. {\\<lparr>q_channel = ch Client_s,\n      q_data = Call 1 (Integer (i\\<^sub>P s) # [])\\<rparr>}) discard ;;\n    Response (\\<lambda>q s. case q_data q of Return xs \\<Rightarrow>\n      {(embed_data s (case hd xs of Integer v \\<Rightarrow> v),\n      \\<lparr>a_channel = ch Client_s, a_data = Void\\<rparr>)} | _ \\<Rightarrow> {})\"",
        "output": "",
        "raw_output": "",
        "step_time": 0.020717144012451172
    },
    {
        "index": 19,
        "step": "definition\n  Call_Client_s_echo_parameter :: \"(Client_channel \\<Rightarrow> channel) \\<Rightarrow>\n    ('cs local_state \\<Rightarrow> int) \\<Rightarrow>\n    ('cs local_state \\<Rightarrow> int \\<Rightarrow> int \\<Rightarrow> 'cs local_state) \\<Rightarrow>\n    (channel, 'cs) comp\"\nwhere\n  \"Call_Client_s_echo_parameter ch pin\\<^sub>P embed_data \\<equiv>\n    Request (\\<lambda>s. {\\<lparr>q_channel = ch Client_s,\n      q_data = Call 2 (Integer (pin\\<^sub>P s) # [])\\<rparr>}) discard ;;\n    Response (\\<lambda>q s. case q_data q of Return xs \\<Rightarrow>\n      {(embed_data s (case hd xs of Integer v \\<Rightarrow> v) (case xs ! 1 of Integer v \\<Rightarrow> v),\n      \\<lparr>a_channel = ch Client_s, a_data = Void\\<rparr>)} | _ \\<Rightarrow> {})\"",
        "output": "",
        "raw_output": "",
        "step_time": 0.022276878356933594
    },
    {
        "index": 20,
        "step": "text \\<open>\n  For an incoming procedure interface, a single definition is generated with\n  the prefix ``Recv'', the component's name and the interface name. There is a\n  single defintion on the incoming side, rather than one per interface, to\n  match the semantics of the implementation. That is, the blocking receive\n  followed by method dispatch are captured in this definition. Projection and\n  embedding functions are again necessitated, but their roles are reversed.\n\n  Each receive definition is also parameterised with a process for each method\n  representing the user-provided implementation of this method. For example, in\n  the definition below, the @{term Echo_s_echo_string} parameter is expected to\n  be the\n  user's implementation of the @{term echo_string} method.\n\\<close>",
        "output": "",
        "raw_output": "",
        "step_time": 0.0058214664459228516
    },
    {
        "index": 21,
        "step": "definition\n  Recv_Echo_s :: \"(Echo_channel \\<Rightarrow> channel) \\<Rightarrow>\n    ('cs local_state \\<Rightarrow> string \\<Rightarrow> 'cs local_state) \\<Rightarrow>\n    (channel, 'cs) comp \\<Rightarrow> ('cs local_state \\<Rightarrow> string) \\<Rightarrow>\n    ('cs local_state \\<Rightarrow> int \\<Rightarrow> 'cs local_state) \\<Rightarrow>\n    (channel, 'cs) comp \\<Rightarrow> ('cs local_state \\<Rightarrow> int) \\<Rightarrow>\n    ('cs local_state \\<Rightarrow> int \\<Rightarrow> 'cs local_state) \\<Rightarrow> (channel, 'cs) comp \\<Rightarrow>\n    ('cs local_state \\<Rightarrow> int) \\<Rightarrow> ('cs local_state \\<Rightarrow> int) \\<Rightarrow>\n    (channel, 'cs) comp\"\nwhere\n  \"Recv_Echo_s ch echo_string\\<^sub>E Echo_s_echo_string echo_string_return\\<^sub>P\n     echo_int\\<^sub>E Echo_s_echo_int echo_int_return\\<^sub>P echo_parameter\\<^sub>E\n     Echo_s_echo_parameter echo_parameter_return\\<^sub>P echo_parameter_pout\\<^sub>P \\<equiv>\n    (Response (\\<lambda>q s. case q_data q of Call n xs \\<Rightarrow>\n      (if n = 0 then {(echo_string\\<^sub>E s (case xs ! 0 of String v \\<Rightarrow> v),\n        \\<lparr>a_channel = ch Echo_s, a_data = Void\\<rparr>)} else {}) | _ \\<Rightarrow> {}) ;;\n     Echo_s_echo_string ;;\n     Request (\\<lambda>s. {\\<lparr>q_channel = ch Echo_s,\n       q_data = Return (String (echo_string_return\\<^sub>P s) # [])\\<rparr>}) discard)\n    \\<squnion>\n    (Response (\\<lambda>q s. case q_data q of Call n xs \\<Rightarrow>\n      (if n = 1 then {(echo_int\\<^sub>E s (case xs ! 0 of Integer v \\<Rightarrow> v),\n        \\<lparr>a_channel = ch Echo_s, a_data = Void\\<rparr>)} else {}) | _ \\<Rightarrow> {}) ;;\n     Echo_s_echo_int ;;\n     Request (\\<lambda>s. {\\<lparr>q_channel = ch Echo_s,\n       q_data = Return (Integer (echo_int_return\\<^sub>P s) # [])\\<rparr>}) discard)\n    \\<squnion>\n    (Response (\\<lambda>q s. case q_data q of Call n xs \\<Rightarrow>\n      (if n = 2 then {(echo_parameter\\<^sub>E s (case xs ! 0 of Integer v \\<Rightarrow> v),\n        \\<lparr>a_channel = ch Echo_s, a_data = Void\\<rparr>)} else {}) | _ \\<Rightarrow> {}) ;;\n     Echo_s_echo_parameter ;;\n     Request (\\<lambda>s. {\\<lparr>q_channel = ch Echo_s,\n       q_data = Return (Integer (echo_parameter_return\\<^sub>P s) #\n                        Integer (echo_parameter_pout\\<^sub>P s) # [])\\<rparr>}) discard)\"",
        "output": "",
        "raw_output": "",
        "step_time": 0.04750490188598633
    },
    {
        "index": 22,
        "step": "subsubsection \\<open>\\label{sssec:procbaseinst}Instantiations of Primitives\\<close>",
        "output": "",
        "raw_output": "",
        "step_time": 0.005357027053833008
    },
    {
        "index": 23,
        "step": "text \\<open>\n  With the component type definitions in place, the definitions of component\n  instance primitives  are much simpler as they are partial applications of the\n  component\n  type definitions. A call definition is generated for each method in each\n  outgoing interface in each\n  component instance that partially applies the call definitions described in\n  \\autoref{sssec:procbaseprim} with a mapping from the component's interface to\n  the system connection.\n\n  The parameter used to specialise the component primitives, a function from\n  that component's channel type to the system channel type, is derived from the\n  architecture of the system. In this example the instance @{term client} has\n  its interface @{term s} connected to the connection @{term simple}. Thus its\n  primitives are expressed using a function that maps its channel type\n  @{term Client_s} to the corresponding system channel, @{term simple}. In the\n  case of this example where the @{term client} instance has a single\n  interface, the function could be given as @{term \"\\<lambda>_. simple\"}, but for\n  simplicity the generator does not make this optimisation.\n\\<close>",
        "output": "",
        "raw_output": "",
        "step_time": 0.004622459411621094
    },
    {
        "index": 24,
        "step": "definition\n  Call_client_s_echo_string :: \"('cs local_state \\<Rightarrow> string) \\<Rightarrow>\n    ('cs local_state \\<Rightarrow> string \\<Rightarrow> 'cs local_state) \\<Rightarrow>\n    (channel, 'cs) comp\"\nwhere\n  \"Call_client_s_echo_string \\<equiv>\n    Call_Client_s_echo_string (\\<lambda>c. case c of Client_s \\<Rightarrow> simple)\"",
        "output": "",
        "raw_output": "",
        "step_time": 0.013738155364990234
    },
    {
        "index": 25,
        "step": "definition\n  Call_client_s_echo_int :: \"('cs local_state \\<Rightarrow> int) \\<Rightarrow>\n    ('cs local_state \\<Rightarrow> int \\<Rightarrow> 'cs local_state) \\<Rightarrow>\n    (channel, 'cs) comp\"\nwhere\n  \"Call_client_s_echo_int \\<equiv>\n    Call_Client_s_echo_int (\\<lambda>c. case c of Client_s \\<Rightarrow> simple)\"",
        "output": "",
        "raw_output": "",
        "step_time": 0.013522624969482422
    },
    {
        "index": 26,
        "step": "definition\n  Call_client_s_echo_parameter :: \"('cs local_state \\<Rightarrow> int) \\<Rightarrow>\n    ('cs local_state \\<Rightarrow> int \\<Rightarrow> int \\<Rightarrow> 'cs local_state) \\<Rightarrow>\n    (channel, 'cs) comp\"\nwhere\n  \"Call_client_s_echo_parameter \\<equiv>\n    Call_Client_s_echo_parameter (\\<lambda>c. case c of Client_s \\<Rightarrow> simple)\"",
        "output": "",
        "raw_output": "",
        "step_time": 0.014857292175292969
    },
    {
        "index": 27,
        "step": "text \\<open>\n  Similarly, a receive definition is generated for each\n  incoming interface in each component instance.\n\\<close>",
        "output": "",
        "raw_output": "",
        "step_time": 0.004582405090332031
    },
    {
        "index": 28,
        "step": "definition\n  Recv_echo_s :: \"('cs local_state \\<Rightarrow> string \\<Rightarrow> 'cs local_state) \\<Rightarrow>\n    (channel, 'cs) comp \\<Rightarrow> ('cs local_state \\<Rightarrow> string) \\<Rightarrow>\n    ('cs local_state \\<Rightarrow> int \\<Rightarrow> 'cs local_state) \\<Rightarrow>\n    (channel, 'cs) comp \\<Rightarrow> ('cs local_state \\<Rightarrow> int) \\<Rightarrow>\n    ('cs local_state \\<Rightarrow> int \\<Rightarrow> 'cs local_state) \\<Rightarrow>\n    (channel, 'cs) comp \\<Rightarrow> ('cs local_state \\<Rightarrow> int) \\<Rightarrow>\n    ('cs local_state \\<Rightarrow> int) \\<Rightarrow> (channel, 'cs) comp\"\nwhere\n  \"Recv_echo_s \\<equiv> Recv_Echo_s (\\<lambda>c. case c of Echo_s \\<Rightarrow> simple)\"",
        "output": "",
        "raw_output": "",
        "step_time": 0.01686716079711914
    },
    {
        "index": 29,
        "step": "\n\n(*<*)\n",
        "output": "",
        "raw_output": "",
        "step_time": 0.004120826721191406
    },
    {
        "index": 30,
        "step": "end",
        "output": "",
        "raw_output": "",
        "step_time": 0.005845785140991211
    },
    {
        "index": 31,
        "step": "\n(*>*)",
        "output": "",
        "raw_output": "",
        "step_time": 0.0040547847747802734
    }
]