[
    {
        "index": 0,
        "step": "(*\n * Copyright 2020, Data61, CSIRO (ABN 41 687 119 230)\n *\n * SPDX-License-Identifier: GPL-2.0-only\n *)\n\n",
        "output": "",
        "raw_output": "",
        "step_time": 0.006607770919799805
    },
    {
        "index": 1,
        "step": "theory ArchSEL4SimplExport\nimports \"AsmRefine.SimplExport\" \"CSpec.Substitute\"\nbegin",
        "output": "",
        "raw_output": "",
        "step_time": 0.006142139434814453
    },
    {
        "index": 2,
        "step": "context kernel_all_substitute begin",
        "output": "",
        "raw_output": "",
        "step_time": 0.13115715980529785
    },
    {
        "index": 3,
        "step": "lemma ctzl_body_refines:\n  \"simple_simpl_refines \\<Gamma> (Guard ImpossibleSpec \\<lbrace>\\<acute>x___unsigned_long \\<noteq> 0\\<rbrace>\n    (\\<acute>ret__long :== ucast (bv_ctz (\\<acute>x___unsigned_long)))) ctzl_body\"",
        "output": "",
        "raw_output": "proof (prove)\ngoal (1 subgoal):\n 1. simple_simpl_refines \\<Gamma> (Guard ImpossibleSpec \\<lbrace>\\<acute>x___unsigned_long \\<noteq> 0\\<rbrace> (\\<acute>ret__long :== UCAST(32 \\<rightarrow> 32 signed) (bv_ctz \\<acute>x___unsigned_long))) kernel_all_global_addresses.ctzl_body",
        "step_time": 0.2186746597290039
    },
    {
        "index": 4,
        "step": "apply (simp add: ctzl_body_def)",
        "output": "",
        "raw_output": "proof (prove)\ngoal (1 subgoal):\n 1. simple_simpl_refines \\<Gamma> (Guard ImpossibleSpec \\<lbrace>0 < \\<acute>x___unsigned_long\\<rbrace> (\\<acute>ret__long :== UCAST(32 \\<rightarrow> 32 signed) (bv_ctz \\<acute>x___unsigned_long))) (guarded_spec_body ImpossibleSpec ({(s', t). (0 < x___unsigned_long_' s' \\<longrightarrow> ret__long_' t = word_of_nat (word_ctz (x___unsigned_long_' s'))) \\<and> 0 < x___unsigned_long_' s'} \\<inter> {(s, t). t may_not_modify_globals s}))",
        "step_time": 0.10148406028747559
    },
    {
        "index": 5,
        "step": "apply (rule simple_simpl_refines_guarded_Basic_guarded_spec_body)",
        "output": "",
        "raw_output": "proof (prove)\ngoal (1 subgoal):\n 1. \\<forall>s s'. (s, s') \\<in> {(s', t). (0 < x___unsigned_long_' s' \\<longrightarrow> ret__long_' t = word_of_nat (word_ctz (x___unsigned_long_' s'))) \\<and> 0 < x___unsigned_long_' s'} \\<inter> {(s, t). t may_not_modify_globals s} \\<longrightarrow> s \\<in> \\<lbrace>0 < \\<acute>x___unsigned_long\\<rbrace> \\<and> (s, s\\<lparr>ret__long_' := UCAST(32 \\<rightarrow> 32 signed) (bv_ctz (x___unsigned_long_' s))\\<rparr>) \\<in> {(s', t). (0 < x___unsigned_long_' s' \\<longrightarrow> ret__long_' t = word_of_nat (word_ctz (x___unsigned_long_' s'))) \\<and> 0 < x___unsigned_long_' s'} \\<inter> {(s, t). t may_not_modify_globals s}",
        "step_time": 0.010529756546020508
    },
    {
        "index": 6,
        "step": "apply (clarsimp simp: bv_ctz_def meq_def)",
        "output": "",
        "raw_output": "proof (prove)\ngoal:\nNo subgoals!",
        "step_time": 0.029436111450195312
    },
    {
        "index": 7,
        "step": "done",
        "output": "",
        "raw_output": "",
        "step_time": 0.02004218101501465
    },
    {
        "index": 8,
        "step": "lemma clzl_body_refines:\n  \"simple_simpl_refines \\<Gamma> (Guard ImpossibleSpec \\<lbrace>\\<acute>x___unsigned_long \\<noteq> 0\\<rbrace>\n    (\\<acute>ret__long :== ucast (bv_clz (\\<acute>x___unsigned_long)))) clzl_body\"",
        "output": "",
        "raw_output": "proof (prove)\ngoal (1 subgoal):\n 1. simple_simpl_refines \\<Gamma> (Guard ImpossibleSpec \\<lbrace>\\<acute>x___unsigned_long \\<noteq> 0\\<rbrace> (\\<acute>ret__long :== UCAST(32 \\<rightarrow> 32 signed) (bv_clz \\<acute>x___unsigned_long))) kernel_all_global_addresses.clzl_body",
        "step_time": 0.04676675796508789
    },
    {
        "index": 9,
        "step": "apply (simp add: clzl_body_def)",
        "output": "",
        "raw_output": "proof (prove)\ngoal (1 subgoal):\n 1. simple_simpl_refines \\<Gamma> (Guard ImpossibleSpec \\<lbrace>0 < \\<acute>x___unsigned_long\\<rbrace> (\\<acute>ret__long :== UCAST(32 \\<rightarrow> 32 signed) (bv_clz \\<acute>x___unsigned_long))) (guarded_spec_body ImpossibleSpec ({(s', t). (0 < x___unsigned_long_' s' \\<longrightarrow> ret__long_' t = word_of_nat (word_clz (x___unsigned_long_' s'))) \\<and> 0 < x___unsigned_long_' s'} \\<inter> {(s, t). t may_not_modify_globals s}))",
        "step_time": 0.07595539093017578
    },
    {
        "index": 10,
        "step": "apply (rule simple_simpl_refines_guarded_Basic_guarded_spec_body)",
        "output": "",
        "raw_output": "proof (prove)\ngoal (1 subgoal):\n 1. \\<forall>s s'. (s, s') \\<in> {(s', t). (0 < x___unsigned_long_' s' \\<longrightarrow> ret__long_' t = word_of_nat (word_clz (x___unsigned_long_' s'))) \\<and> 0 < x___unsigned_long_' s'} \\<inter> {(s, t). t may_not_modify_globals s} \\<longrightarrow> s \\<in> \\<lbrace>0 < \\<acute>x___unsigned_long\\<rbrace> \\<and> (s, s\\<lparr>ret__long_' := UCAST(32 \\<rightarrow> 32 signed) (bv_clz (x___unsigned_long_' s))\\<rparr>) \\<in> {(s', t). (0 < x___unsigned_long_' s' \\<longrightarrow> ret__long_' t = word_of_nat (word_clz (x___unsigned_long_' s'))) \\<and> 0 < x___unsigned_long_' s'} \\<inter> {(s, t). t may_not_modify_globals s}",
        "step_time": 0.007953882217407227
    },
    {
        "index": 11,
        "step": "apply (clarsimp simp: bv_clz_def meq_def)",
        "output": "",
        "raw_output": "proof (prove)\ngoal:\nNo subgoals!",
        "step_time": 0.025751590728759766
    },
    {
        "index": 12,
        "step": "done",
        "output": "",
        "raw_output": "",
        "step_time": 0.016364574432373047
    },
    {
        "index": 13,
        "step": "end",
        "output": "",
        "raw_output": "",
        "step_time": 0.005579948425292969
    },
    {
        "index": 14,
        "step": "end",
        "output": "",
        "raw_output": "",
        "step_time": 0.0064923763275146484
    }
]