[
    {
        "index": 0,
        "step": "(*\n * Copyright 2020, Data61, CSIRO (ABN 41 687 119 230)\n *\n * SPDX-License-Identifier: BSD-2-Clause\n *)\n",
        "output": "",
        "raw_output": "",
        "step_time": 0.004724264144897461
    },
    {
        "index": 1,
        "step": "theory Plus2_Prefix\nimports\n  Lib.Lib\n  Prefix_Refinement\nbegin",
        "output": "",
        "raw_output": "",
        "step_time": 0.0040972232818603516
    },
    {
        "index": 2,
        "step": "section \\<open>The plus2 example.\\<close>",
        "output": "",
        "raw_output": "",
        "step_time": 0.004118919372558594
    },
    {
        "index": 3,
        "step": "text \\<open>\nThis example presents an application of prefix refinement\nto solve the plus2 verification problem.\n\nThe function below can be proven to do two increments per\ninstance when grouped in parallel. But RG-reasoning doesn't\nwork well for this proof, since the state change (+1) performed\nby the counterparts must be allowed by the rely, which must be\ntransitively closed, allowing any number of (+1) operations,\nwhich is far too general.\n\nWe address the issue with a ghost variable which records the number\nof increments by each thread. We use prefix refinement to relate the\nprogram with ghost variable to the initial program.\n\\<close>",
        "output": "",
        "raw_output": "",
        "step_time": 0.004888296127319336
    },
    {
        "index": 4,
        "step": "definition\n  \"plus2 \\<equiv> do env_steps; modify ((+) (1 :: nat));\n    interference; modify ((+) 1); interference od\"",
        "output": "",
        "raw_output": "",
        "step_time": 0.10029983520507812
    },
    {
        "index": 5,
        "step": "section \\<open>The ghost-extended program.\\<close>",
        "output": "",
        "raw_output": "",
        "step_time": 0.005474567413330078
    },
    {
        "index": 6,
        "step": "record\n  plus2_xstate =\n    mainv :: nat\n    threadv :: \"nat \\<Rightarrow> nat\"",
        "output": "",
        "raw_output": "",
        "step_time": 0.25095105171203613
    },
    {
        "index": 7,
        "step": "definition\n  point_update :: \"'a \\<Rightarrow> ('b \\<Rightarrow> 'b) \\<Rightarrow> (('a \\<Rightarrow> 'b) \\<Rightarrow> ('a \\<Rightarrow> 'b))\"\nwhere\n  \"point_update x fup f = f (x := fup (f x))\"",
        "output": "",
        "raw_output": "",
        "step_time": 0.0153350830078125
    },
    {
        "index": 8,
        "step": "definition\n  \"plus2_x tid \\<equiv> do env_steps;\n    modify (mainv_update ((+) 1) o threadv_update (point_update tid ((+) 1)));\n    interference;\n    modify (mainv_update ((+) 1) o threadv_update (point_update tid ((+) 1)));\n    interference\n  od\"",
        "output": "",
        "raw_output": "",
        "step_time": 0.018528223037719727
    },
    {
        "index": 9,
        "step": "section \\<open>Verifying the extended @{term plus2}.\\<close>",
        "output": "",
        "raw_output": "",
        "step_time": 0.00443720817565918
    },
    {
        "index": 10,
        "step": "text \\<open>The RG-reasoning needed to verify the @{term plus2_x} program.\\<close>",
        "output": "",
        "raw_output": "",
        "step_time": 0.004296779632568359
    },
    {
        "index": 11,
        "step": "definition\n  \"plus2_inv tids s = (mainv s = sum (threadv s) tids)\"",
        "output": "",
        "raw_output": "",
        "step_time": 0.015104293823242188
    },
    {
        "index": 12,
        "step": "definition\n  \"plus2_rel tids fix_tids s0 s\n    = ((plus2_inv tids s0 \\<longrightarrow> plus2_inv tids s) \\<and> (\\<forall>tid \\<in> fix_tids. threadv s tid = threadv s0 tid))\"",
        "output": "",
        "raw_output": "",
        "step_time": 0.017969846725463867
    },
    {
        "index": 13,
        "step": "lemma plus2_rel_trans[simp]:\n  \"rtranclp (plus2_rel tids ftids) = plus2_rel tids ftids\"",
        "output": "",
        "raw_output": "proof (prove)\ngoal (1 subgoal):\n 1. (plus2_rel tids ftids)\\<^sup>*\\<^sup>* = plus2_rel tids ftids",
        "step_time": 0.006537914276123047
    },
    {
        "index": 14,
        "step": "apply (rule rtranclp_id2)",
        "output": "",
        "raw_output": "proof (prove)\ngoal (2 subgoals):\n 1. \\<forall>x. plus2_rel tids ftids x x\n 2. \\<forall>x xa. (plus2_rel tids ftids OO plus2_rel tids ftids) x xa \\<le> plus2_rel tids ftids x xa",
        "step_time": 0.006752729415893555
    },
    {
        "index": 15,
        "step": "apply (simp add: plus2_rel_def)",
        "output": "",
        "raw_output": "proof (prove)\ngoal (1 subgoal):\n 1. \\<forall>x xa. (plus2_rel tids ftids OO plus2_rel tids ftids) x xa \\<le> plus2_rel tids ftids x xa",
        "step_time": 0.006640911102294922
    },
    {
        "index": 16,
        "step": "apply (clarsimp simp: plus2_rel_def)",
        "output": "",
        "raw_output": "proof (prove)\ngoal:\nNo subgoals!",
        "step_time": 0.015433073043823242
    },
    {
        "index": 17,
        "step": "done",
        "output": "",
        "raw_output": "",
        "step_time": 0.00665736198425293
    },
    {
        "index": 18,
        "step": "lemma plus2_inv_Suc[simp]:\n  \"tid \\<in> tids \\<Longrightarrow> finite tids\n    \\<Longrightarrow> plus2_inv tids (mainv_update Suc (threadv_update (point_update tid Suc) s))\n        = plus2_inv tids s\"",
        "output": "",
        "raw_output": "proof (prove)\ngoal (1 subgoal):\n 1. \\<lbrakk>tid \\<in> tids; finite tids\\<rbrakk> \\<Longrightarrow> plus2_inv tids (mainv_update Suc (threadv_update (point_update tid Suc) s)) = plus2_inv tids s",
        "step_time": 0.011586189270019531
    },
    {
        "index": 19,
        "step": "apply (simp add: plus2_inv_def point_update_def)",
        "output": "",
        "raw_output": "proof (prove)\ngoal (1 subgoal):\n 1. \\<lbrakk>tid \\<in> tids; finite tids\\<rbrakk> \\<Longrightarrow> (Suc (mainv s) = (\\<Sum>x\\<in>tids. if x = tid then Suc (threadv s tid) else threadv s x)) = (mainv s = sum (threadv s) tids)",
        "step_time": 0.015051841735839844
    },
    {
        "index": 20,
        "step": "apply (simp add: sum.If_cases[where h=f and g=f and P=\"(=) tid\" and A=\"tids\" for f x, simplified])",
        "output": "",
        "raw_output": "proof (prove)\ngoal:\nNo subgoals!",
        "step_time": 0.02962970733642578
    },
    {
        "index": 21,
        "step": "done",
        "output": "",
        "raw_output": "",
        "step_time": 0.005881547927856445
    },
    {
        "index": 22,
        "step": "theorem plus2_x_property:\n  \"\\<lbrace>\\<lambda>s0 s. plus2_inv tids s \\<and> threadv s tid = 0 \\<and> s = s0 \\<and> tid \\<in> tids \\<and> finite tids\\<rbrace>,\\<lbrace>plus2_rel tids {tid}\\<rbrace>\n    plus2_x tid \\<lbrace>plus2_rel tids (- {tid})\\<rbrace>,\\<lbrace>\\<lambda>_ _ s. plus2_inv tids s \\<and> threadv s tid = 2\\<rbrace>\"",
        "output": "",
        "raw_output": "proof (prove)\ngoal (1 subgoal):\n 1. \\<lbrace>\\<lambda>s0 s. plus2_inv tids s \\<and> threadv s tid = 0 \\<and> s = s0 \\<and> tid \\<in> tids \\<and> finite tids\\<rbrace>, \\<lbrace>plus2_rel tids {tid}\\<rbrace> plus2_x tid \\<lbrace>plus2_rel tids (- {tid})\\<rbrace>, \\<lbrace>\\<lambda>_ _ s. plus2_inv tids s \\<and> threadv s tid = 2\\<rbrace>",
        "step_time": 0.017985105514526367
    },
    {
        "index": 23,
        "step": "apply (simp add: plus2_x_def)",
        "output": "",
        "raw_output": "proof (prove)\ngoal (1 subgoal):\n 1. \\<lbrace>\\<lambda>s0 s. plus2_inv tids s \\<and> threadv s tid = 0 \\<and> s = s0 \\<and> tid \\<in> tids \\<and> finite tids\\<rbrace>, \\<lbrace>plus2_rel tids {tid}\\<rbrace> do y <- env_steps;\ny <- modify (mainv_update ((+) (Suc 0)) \\<circ> threadv_update (point_update tid ((+) (Suc 0))));\ny <- interference;\ny <- modify (mainv_update ((+) (Suc 0)) \\<circ> threadv_update (point_update tid ((+) (Suc 0))));\ninterference\nod \\<lbrace>plus2_rel tids (- {tid})\\<rbrace>, \\<lbrace>\\<lambda>_ _ s. plus2_inv tids s \\<and> threadv s tid = 2\\<rbrace>",
        "step_time": 0.01592850685119629
    },
    {
        "index": 24,
        "step": "apply wpsimp",
        "output": "",
        "raw_output": "proof (prove)\ngoal (1 subgoal):\n 1. \\<And>s0. \\<lbrakk>plus2_inv tids s0; threadv s0 tid = 0; tid \\<in> tids; finite tids\\<rbrakk> \\<Longrightarrow> (\\<forall>s'. plus2_rel tids {tid} s0 s' \\<longrightarrow> (\\<forall>s'a. plus2_rel tids {tid} (mainv_update Suc (threadv_update (point_update tid Suc) s')) s'a \\<longrightarrow> (\\<forall>s'. plus2_rel tids {tid} (mainv_update Suc (threadv_update (point_update tid Suc) s'a)) s' \\<longrightarrow> plus2_inv tids s' \\<and> threadv s' tid = 2) \\<and> plus2_rel tids (- {tid}) s'a (mainv_update Suc (threadv_update (point_update tid Suc) s'a))) \\<and> plus2_rel tids (- {tid}) s' (mainv_update Suc (threadv_update (point_update tid Suc) s'))) \\<and> (\\<forall>s'. plus2_rel tids {tid} (mainv_update Suc (threadv_update (point_update tid Suc) s0)) s' \\<longrightarrow> (\\<forall>s'a. plus2_rel tids {tid} (mainv_update Suc (threadv_update (point_update tid Suc) s')) s'a \\<longrightarrow> plus2_inv tids s'a \\<and> threadv s'a tid = 2) \\<and> plus2_rel tids (- {tid}) s' (mainv_update Suc (threadv_update (point_update tid Suc) s'))) \\<and> plus2_rel tids (- {tid}) s0 (mainv_update Suc (threadv_update (point_update tid Suc) s0))",
        "step_time": 0.07596588134765625
    },
    {
        "index": 25,
        "step": "apply (clarsimp simp: plus2_rel_def point_update_def)",
        "output": "",
        "raw_output": "proof (prove)\ngoal:\nNo subgoals!",
        "step_time": 0.0380709171295166
    },
    {
        "index": 26,
        "step": "done",
        "output": "",
        "raw_output": "",
        "step_time": 0.008300065994262695
    },
    {
        "index": 27,
        "step": "corollary plus2_x_parallel:\n  \"\\<lbrace>\\<lambda>s0 s. mainv s = 0 \\<and> (\\<forall>tid \\<in> {1, 2}. threadv s tid = 0) \\<and> s = s0\\<rbrace>,\\<lbrace>\\<lambda>a b. a = b\\<rbrace>\n    parallel (plus2_x 1) (plus2_x 2) \\<lbrace>\\<lambda>s0 s. True\\<rbrace>,\\<lbrace>\\<lambda>_ s0 s. mainv s = 4\\<rbrace>\"",
        "output": "",
        "raw_output": "proof (prove)\ngoal (1 subgoal):\n 1. \\<lbrace>\\<lambda>s0 s. mainv s = 0 \\<and> (\\<forall>tid\\<in>{1, 2}. threadv s tid = 0) \\<and> s = s0\\<rbrace>, \\<lbrace>(=)\\<rbrace> Trace_Monad.parallel (plus2_x 1) (plus2_x 2) -, \\<lbrace>\\<lambda>_ s0 s. mainv s = 4\\<rbrace>",
        "step_time": 0.017168045043945312
    },
    {
        "index": 28,
        "step": "apply (rule rg_weaken_pre)",
        "output": "",
        "raw_output": "proof (prove)\ngoal (2 subgoals):\n 1. \\<lbrace>?P'\\<rbrace>, \\<lbrace>(=)\\<rbrace> Trace_Monad.parallel (plus2_x 1) (plus2_x 2) -, \\<lbrace>\\<lambda>_ s0 s. mainv s = 4\\<rbrace>\n 2. \\<And>s0 s. mainv s = 0 \\<and> (\\<forall>tid\\<in>{1, 2}. threadv s tid = 0) \\<and> s = s0 \\<Longrightarrow> ?P' s0 s",
        "step_time": 0.007333040237426758
    },
    {
        "index": 29,
        "step": "apply (rule rg_strengthen_post)",
        "output": "",
        "raw_output": "proof (prove)\ngoal (3 subgoals):\n 1. \\<lbrace>?P'\\<rbrace>, \\<lbrace>(=)\\<rbrace> Trace_Monad.parallel (plus2_x 1) (plus2_x 2) -, \\<lbrace>?Q'3\\<rbrace>\n 2. \\<And>v s0 s. ?Q'3 v s0 s \\<Longrightarrow> mainv s = 4\n 3. \\<And>s0 s. mainv s = 0 \\<and> (\\<forall>tid\\<in>{1, 2}. threadv s tid = 0) \\<and> s = s0 \\<Longrightarrow> ?P' s0 s",
        "step_time": 0.008017301559448242
    },
    {
        "index": 30,
        "step": "apply ((rule rg_validI plus2_x_property[where tids=\"{1, 2}\"])+; simp add: plus2_rel_def le_fun_def)",
        "output": "",
        "raw_output": "proof (prove)\ngoal (2 subgoals):\n 1. \\<And>v s0 s. ((\\<lambda>_ s. plus2_inv {1, 2} s \\<and> threadv s 1 = 2) and (\\<lambda>_ s. plus2_inv {1, 2} s \\<and> threadv s 2 = 2)) s0 s \\<Longrightarrow> mainv s = 4\n 2. \\<And>s0 s. mainv s = 0 \\<and> (\\<forall>tid\\<in>{1, 2}. threadv s tid = 0) \\<and> s = s0 \\<Longrightarrow> ((\\<lambda>s0 s. plus2_inv {1, 2} s \\<and> threadv s 1 = 0 \\<and> s = s0 \\<and> 1 \\<in> {1, 2} \\<and> finite {1, 2}) and (\\<lambda>s0 s. plus2_inv {1, 2} s \\<and> threadv s 2 = 0 \\<and> s = s0 \\<and> 2 \\<in> {1, 2} \\<and> finite {1, 2})) s0 s",
        "step_time": 0.03098130226135254
    },
    {
        "index": 31,
        "step": "apply (clarsimp simp: plus2_inv_def)",
        "output": "",
        "raw_output": "proof (prove)\ngoal (1 subgoal):\n 1. \\<And>s0 s. mainv s = 0 \\<and> (\\<forall>tid\\<in>{1, 2}. threadv s tid = 0) \\<and> s = s0 \\<Longrightarrow> ((\\<lambda>s0 s. plus2_inv {1, 2} s \\<and> threadv s 1 = 0 \\<and> s = s0 \\<and> 1 \\<in> {1, 2} \\<and> finite {1, 2}) and (\\<lambda>s0 s. plus2_inv {1, 2} s \\<and> threadv s 2 = 0 \\<and> s = s0 \\<and> 2 \\<in> {1, 2} \\<and> finite {1, 2})) s0 s",
        "step_time": 0.02155590057373047
    },
    {
        "index": 32,
        "step": "apply (clarsimp simp add: plus2_inv_def)",
        "output": "",
        "raw_output": "proof (prove)\ngoal:\nNo subgoals!",
        "step_time": 0.03274965286254883
    },
    {
        "index": 33,
        "step": "done",
        "output": "",
        "raw_output": "",
        "step_time": 0.009200572967529297
    },
    {
        "index": 34,
        "step": "section \\<open>Mapping across prefix refinement.\\<close>",
        "output": "",
        "raw_output": "",
        "step_time": 0.004922628402709961
    },
    {
        "index": 35,
        "step": "text \\<open>Proving prefix refinement of @{term plus2} and @{term plus2_x} and\nderiving the final result.\\<close>",
        "output": "",
        "raw_output": "",
        "step_time": 0.003941774368286133
    },
    {
        "index": 36,
        "step": "lemma env_stable:\n  \"env_stable AR R (\\<lambda>s t. t = mainv s) (\\<lambda>s t. t = mainv s) \\<top>\"",
        "output": "",
        "raw_output": "proof (prove)\ngoal (1 subgoal):\n 1. env_stable AR R (\\<lambda>s t. t = mainv s) (\\<lambda>s t. t = mainv s) (\\<lambda>_. True)",
        "step_time": 0.008048534393310547
    },
    {
        "index": 37,
        "step": "apply (simp add: env_stable_def rely_stable_def env_rely_stable_iosr_def)",
        "output": "",
        "raw_output": "proof (prove)\ngoal (1 subgoal):\n 1. \\<forall>s t'. R (mainv s) t' \\<longrightarrow> (\\<exists>s'. t' = mainv s')",
        "step_time": 0.012953758239746094
    },
    {
        "index": 38,
        "step": "apply (simp add: plus2_xstate.splits)",
        "output": "",
        "raw_output": "proof (prove)\ngoal:\nNo subgoals!",
        "step_time": 0.006713390350341797
    },
    {
        "index": 39,
        "step": "done",
        "output": "",
        "raw_output": "",
        "step_time": 0.005560874938964844
    },
    {
        "index": 40,
        "step": "abbreviation(input)\n  \"p_refn rvr P Q AR R \\<equiv> prefix_refinement (\\<lambda>s t. t = mainv s) (\\<lambda>s t. t = mainv s)\n    (\\<lambda>s t. t = mainv s) rvr P Q AR R\"",
        "output": "",
        "raw_output": "",
        "step_time": 0.017446517944335938
    },
    {
        "index": 41,
        "step": "theorem pfx_refn_plus2_x:\n  \"p_refn (\\<top>\\<top>) (=) (\\<top>\\<top>) AR R (plus2_x tid) plus2\"",
        "output": "",
        "raw_output": "proof (prove)\ngoal (1 subgoal):\n 1. pfx_refn (\\<lambda>s t. t = mainv s) (\\<lambda>_ _. True) (=) (\\<lambda>_ _. True) AR R (plus2_x tid) plus2",
        "step_time": 0.010712623596191406
    },
    {
        "index": 42,
        "step": "apply (simp add: plus2_x_def plus2_def)",
        "output": "",
        "raw_output": "proof (prove)\ngoal (1 subgoal):\n 1. pfx_refn (\\<lambda>s t. t = mainv s) (\\<lambda>_ _. True) (=) (\\<lambda>_ _. True) AR R (do y <- env_steps;\ny <- modify (mainv_update ((+) (Suc 0)) \\<circ> threadv_update (point_update tid ((+) (Suc 0))));\ny <- interference;\ny <- modify (mainv_update ((+) (Suc 0)) \\<circ> threadv_update (point_update tid ((+) (Suc 0))));\ninterference\nod) (do y <- env_steps;\ny <- modify ((+) (Suc 0));\ny <- interference;\ny <- modify ((+) (Suc 0));\ninterference\nod)",
        "step_time": 0.01223897933959961
    },
    {
        "index": 43,
        "step": "apply (rule prefix_refinement_weaken_pre)",
        "output": "",
        "raw_output": "proof (prove)\ngoal (3 subgoals):\n 1. pfx_refn (\\<lambda>s t. t = mainv s) (\\<lambda>_ _. True) ?P'1 ?Q'1 AR R (do y <- env_steps;\ny <- modify (mainv_update ((+) (Suc 0)) \\<circ> threadv_update (point_update tid ((+) (Suc 0))));\ny <- interference;\ny <- modify (mainv_update ((+) (Suc 0)) \\<circ> threadv_update (point_update tid ((+) (Suc 0))));\ninterference\nod) (do y <- env_steps;\ny <- modify ((+) (Suc 0));\ny <- interference;\ny <- modify ((+) (Suc 0));\ninterference\nod)\n 2. \\<forall>s s0. s0 = s \\<longrightarrow> ?P'1 s0 s\n 3. \\<forall>s t s0 t0. t = mainv s \\<longrightarrow> t0 = mainv s0 \\<longrightarrow> s0 = s \\<longrightarrow> True \\<longrightarrow> ?Q'1 t0 t",
        "step_time": 0.008021831512451172
    },
    {
        "index": 44,
        "step": "apply (rule pfx_refn_bind prefix_refinement_interference\n                prefix_refinement_env_steps pfx_refn_modifyT env_stable\n           | wpsimp)+",
        "output": "",
        "raw_output": "proof (prove)\ngoal:\nNo subgoals!",
        "step_time": 0.08018779754638672
    },
    {
        "index": 45,
        "step": "done",
        "output": "",
        "raw_output": "",
        "step_time": 0.006906747817993164
    },
    {
        "index": 46,
        "step": "lemma par_tr_fin_plus2_x:\n  \"par_tr_fin_principle (plus2_x tid)\"",
        "output": "",
        "raw_output": "proof (prove)\ngoal (1 subgoal):\n 1. par_tr_fin_principle (plus2_x tid)",
        "step_time": 0.006956577301025391
    },
    {
        "index": 47,
        "step": "by (simp add: plus2_x_def par_tr_fin_interference par_tr_fin_bind)",
        "output": "",
        "raw_output": "",
        "step_time": 0.010772943496704102
    },
    {
        "index": 48,
        "step": "lemma prefix_closed_plus2:\n  \"prefix_closed plus2\"",
        "output": "",
        "raw_output": "proof (prove)\ngoal (1 subgoal):\n 1. prefix_closed plus2",
        "step_time": 0.006374359130859375
    },
    {
        "index": 49,
        "step": "apply (simp add: plus2_def)",
        "output": "",
        "raw_output": "proof (prove)\ngoal (1 subgoal):\n 1. prefix_closed (do y <- env_steps;\ny <- modify ((+) (Suc 0));\ny <- interference;\ny <- modify ((+) (Suc 0));\ninterference\nod)",
        "step_time": 0.00790715217590332
    },
    {
        "index": 50,
        "step": "apply (rule validI_prefix_closed_T, wpsimp)",
        "output": "",
        "raw_output": "proof (prove)\ngoal:\nNo subgoals!",
        "step_time": 0.03876304626464844
    },
    {
        "index": 51,
        "step": "done",
        "output": "",
        "raw_output": "",
        "step_time": 0.00521540641784668
    },
    {
        "index": 52,
        "step": "theorem plus2_parallel:\n  \"\\<lbrace>\\<lambda>s0 s. s = 0 \\<and> s = s0\\<rbrace>,\\<lbrace>\\<lambda>a b. a = b\\<rbrace>\n    parallel plus2 plus2 \\<lbrace>\\<lambda>s0 s. True\\<rbrace>,\\<lbrace>\\<lambda>_ s0 s. s = 4\\<rbrace>\"",
        "output": "",
        "raw_output": "proof (prove)\ngoal (1 subgoal):\n 1. \\<lbrace>\\<lambda>s0 s. s = 0 \\<and> s = s0\\<rbrace>, \\<lbrace>(=)\\<rbrace> Trace_Monad.parallel plus2 plus2 -, \\<lbrace>\\<lambda>_ s0 s. s = 4\\<rbrace>",
        "step_time": 0.012540340423583984
    },
    {
        "index": 53,
        "step": "apply (rule_tac sr=\"\\<lambda>s t. t = mainv s\" in prefix_refinement_validI)",
        "output": "",
        "raw_output": "proof (prove)\ngoal (5 subgoals):\n 1. prefix_refinement (\\<lambda>s t. t = mainv s) ?isr ?osr ?rvr ?prP' ?prP ?R' (=) ?f (Trace_Monad.parallel plus2 plus2)\n 2. \\<lbrace>?P'\\<rbrace>, \\<lbrace>?R'\\<rbrace> ?f \\<lbrace>\\<lambda>s0 s. \\<forall>cs0 cs. cs0 = mainv s0 \\<and> cs = mainv s \\<longrightarrow> True\\<rbrace>, \\<lbrace>\\<lambda>rv s0 s. \\<forall>rv' cs0 cs. cs0 = mainv s0 \\<and> ?osr s cs \\<and> ?rvr rv rv' \\<longrightarrow> cs = 4\\<rbrace>\n 3. \\<forall>t0 t. t = 0 \\<and> t = t0 \\<longrightarrow> (\\<exists>s0 s. ?P' s0 s \\<and> ?prP' s0 s \\<and> ?prP t0 t \\<and> ?isr s t \\<and> t0 = mainv s0)\n 4. \\<forall>s0 t0 t. t0 = mainv s0 \\<and> t0 = t \\<longrightarrow> (\\<exists>s. ?R' s0 s \\<and> t = mainv s)\n 5. prefix_closed (Trace_Monad.parallel plus2 plus2)",
        "step_time": 0.009661674499511719
    },
    {
        "index": 54,
        "step": "apply (rule prefix_refinement_parallel_triv;\n      ((rule par_tr_fin_plus2_x prefix_closed_plus2)?))",
        "output": "",
        "raw_output": "proof (prove)\ngoal (6 subgoals):\n 1. prefix_refinement (\\<lambda>s t. t = mainv s) ?isr ?osr ?rvr ?prP' ?prP (?R' or (\\<lambda>_ _. True)) ((=) or (\\<lambda>_ _. True)) (plus2_x ?tid19) plus2\n 2. prefix_refinement (\\<lambda>s t. t = mainv s) ?isr ?osr ?rvr ?prP' ?prP (?R' or (\\<lambda>_ _. True)) ((=) or (\\<lambda>_ _. True)) (plus2_x ?tid16) plus2\n 3. \\<lbrace>?P'\\<rbrace>, \\<lbrace>?R'\\<rbrace> Trace_Monad.parallel (plus2_x ?tid19) (plus2_x ?tid16) \\<lbrace>\\<lambda>s0 s. \\<forall>cs0 cs. cs0 = mainv s0 \\<and> cs = mainv s \\<longrightarrow> True\\<rbrace>, \\<lbrace>\\<lambda>rv s0 s. \\<forall>rv' cs0 cs. cs0 = mainv s0 \\<and> ?osr s cs \\<and> ?rvr rv rv' \\<longrightarrow> cs = 4\\<rbrace>\n 4. \\<forall>t0 t. t = 0 \\<and> t = t0 \\<longrightarrow> (\\<exists>s0 s. ?P' s0 s \\<and> ?prP' s0 s \\<and> ?prP t0 t \\<and> ?isr s t \\<and> t0 = mainv s0)\n 5. \\<forall>s0 t0 t. t0 = mainv s0 \\<and> t0 = t \\<longrightarrow> (\\<exists>s. ?R' s0 s \\<and> t = mainv s)\n 6. prefix_closed (Trace_Monad.parallel plus2 plus2)",
        "step_time": 0.013659000396728516
    },
    {
        "index": 55,
        "step": "apply (rule pfx_refn_plus2_x[where tid=1])",
        "output": "",
        "raw_output": "proof (prove)\ngoal (5 subgoals):\n 1. pfx_refn (\\<lambda>s t. t = mainv s) (\\<lambda>_ _. True) (=) (\\<lambda>_ _. True) (?R' or (\\<lambda>_ _. True)) ((=) or (\\<lambda>_ _. True)) (plus2_x ?tid16) plus2\n 2. \\<lbrace>?P'\\<rbrace>, \\<lbrace>?R'\\<rbrace> Trace_Monad.parallel (plus2_x 1) (plus2_x ?tid16) \\<lbrace>\\<lambda>s0 s. \\<forall>cs0 cs. cs0 = mainv s0 \\<and> cs = mainv s \\<longrightarrow> True\\<rbrace>, \\<lbrace>\\<lambda>rv s0 s. \\<forall>rv' cs0 cs. cs0 = mainv s0 \\<and> cs = mainv s \\<and> True \\<longrightarrow> cs = 4\\<rbrace>\n 3. \\<forall>t0 t. t = 0 \\<and> t = t0 \\<longrightarrow> (\\<exists>s0 s. ?P' s0 s \\<and> s0 = s \\<and> True \\<and> t = mainv s \\<and> t0 = mainv s0)\n 4. \\<forall>s0 t0 t. t0 = mainv s0 \\<and> t0 = t \\<longrightarrow> (\\<exists>s. ?R' s0 s \\<and> t = mainv s)\n 5. prefix_closed (Trace_Monad.parallel plus2 plus2)",
        "step_time": 0.012633323669433594
    },
    {
        "index": 56,
        "step": "apply (rule pfx_refn_plus2_x[where tid=2])",
        "output": "",
        "raw_output": "proof (prove)\ngoal (4 subgoals):\n 1. \\<lbrace>?P'\\<rbrace>, \\<lbrace>?R'\\<rbrace> Trace_Monad.parallel (plus2_x 1) (plus2_x 2) \\<lbrace>\\<lambda>s0 s. \\<forall>cs0 cs. cs0 = mainv s0 \\<and> cs = mainv s \\<longrightarrow> True\\<rbrace>, \\<lbrace>\\<lambda>rv s0 s. \\<forall>rv' cs0 cs. cs0 = mainv s0 \\<and> cs = mainv s \\<and> True \\<longrightarrow> cs = 4\\<rbrace>\n 2. \\<forall>t0 t. t = 0 \\<and> t = t0 \\<longrightarrow> (\\<exists>s0 s. ?P' s0 s \\<and> s0 = s \\<and> True \\<and> t = mainv s \\<and> t0 = mainv s0)\n 3. \\<forall>s0 t0 t. t0 = mainv s0 \\<and> t0 = t \\<longrightarrow> (\\<exists>s. ?R' s0 s \\<and> t = mainv s)\n 4. prefix_closed (Trace_Monad.parallel plus2 plus2)",
        "step_time": 0.007961273193359375
    },
    {
        "index": 57,
        "step": "apply clarsimp",
        "output": "",
        "raw_output": "proof (prove)\ngoal (4 subgoals):\n 1. \\<lbrace>?P'\\<rbrace>, \\<lbrace>?R'\\<rbrace> Trace_Monad.parallel (plus2_x (Suc 0)) (plus2_x 2) -, \\<lbrace>\\<lambda>rv s0 s. \\<forall>cs0 cs. cs0 = mainv s0 \\<and> cs = mainv s \\<longrightarrow> cs = 4\\<rbrace>\n 2. \\<forall>t0 t. t = 0 \\<and> t = t0 \\<longrightarrow> (\\<exists>s0 s. ?P' s0 s \\<and> s0 = s \\<and> True \\<and> t = mainv s \\<and> t0 = mainv s0)\n 3. \\<forall>s0 t0 t. t0 = mainv s0 \\<and> t0 = t \\<longrightarrow> (\\<exists>s. ?R' s0 s \\<and> t = mainv s)\n 4. prefix_closed (Trace_Monad.parallel plus2 plus2)",
        "step_time": 0.013022899627685547
    },
    {
        "index": 58,
        "step": "apply (rule rg_strengthen_post)",
        "output": "",
        "raw_output": "proof (prove)\ngoal (5 subgoals):\n 1. \\<lbrace>?P'\\<rbrace>, \\<lbrace>?R'\\<rbrace> Trace_Monad.parallel (plus2_x (Suc 0)) (plus2_x 2) -, \\<lbrace>?Q'29\\<rbrace>\n 2. \\<And>v s0 s. ?Q'29 v s0 s \\<Longrightarrow> \\<forall>cs0 cs. cs0 = mainv s0 \\<and> cs = mainv s \\<longrightarrow> cs = 4\n 3. \\<forall>t0 t. t = 0 \\<and> t = t0 \\<longrightarrow> (\\<exists>s0 s. ?P' s0 s \\<and> s0 = s \\<and> True \\<and> t = mainv s \\<and> t0 = mainv s0)\n 4. \\<forall>s0 t0 t. t0 = mainv s0 \\<and> t0 = t \\<longrightarrow> (\\<exists>s. ?R' s0 s \\<and> t = mainv s)\n 5. prefix_closed (Trace_Monad.parallel plus2 plus2)",
        "step_time": 0.007206916809082031
    },
    {
        "index": 59,
        "step": "apply (rule plus2_x_parallel[simplified])",
        "output": "",
        "raw_output": "proof (prove)\ngoal (4 subgoals):\n 1. \\<And>v s0 s. mainv s = 4 \\<Longrightarrow> \\<forall>cs0 cs. cs0 = mainv s0 \\<and> cs = mainv s \\<longrightarrow> cs = 4\n 2. \\<forall>t0 t. t = 0 \\<and> t = t0 \\<longrightarrow> (\\<exists>s0 s. (mainv s = 0 \\<and> threadv s (Suc 0) = 0 \\<and> threadv s 2 = 0 \\<and> s = s0) \\<and> s0 = s \\<and> True \\<and> t = mainv s \\<and> t0 = mainv s0)\n 3. \\<forall>s0 t0 t. t0 = mainv s0 \\<and> t0 = t \\<longrightarrow> (\\<exists>s. s0 = s \\<and> t = mainv s)\n 4. prefix_closed (Trace_Monad.parallel plus2 plus2)",
        "step_time": 0.019261837005615234
    },
    {
        "index": 60,
        "step": "apply clarsimp",
        "output": "",
        "raw_output": "proof (prove)\ngoal (3 subgoals):\n 1. \\<forall>t0 t. t = 0 \\<and> t = t0 \\<longrightarrow> (\\<exists>s0 s. (mainv s = 0 \\<and> threadv s (Suc 0) = 0 \\<and> threadv s 2 = 0 \\<and> s = s0) \\<and> s0 = s \\<and> True \\<and> t = mainv s \\<and> t0 = mainv s0)\n 2. \\<forall>s0 t0 t. t0 = mainv s0 \\<and> t0 = t \\<longrightarrow> (\\<exists>s. s0 = s \\<and> t = mainv s)\n 3. prefix_closed (Trace_Monad.parallel plus2 plus2)",
        "step_time": 0.01190805435180664
    },
    {
        "index": 61,
        "step": "apply (clarsimp simp: plus2_xstate.splits)",
        "output": "",
        "raw_output": "proof (prove)\ngoal (3 subgoals):\n 1. \\<exists>threadv. threadv (Suc 0) = 0 \\<and> threadv 2 = 0\n 2. \\<forall>s0 t0 t. t0 = mainv s0 \\<and> t0 = t \\<longrightarrow> (\\<exists>s. s0 = s \\<and> t = mainv s)\n 3. prefix_closed (Trace_Monad.parallel plus2 plus2)",
        "step_time": 0.03182101249694824
    },
    {
        "index": 62,
        "step": "apply (strengthen exI[where x=\"f(1 := x, 2 := y)\" for f x y])",
        "output": "",
        "raw_output": "proof (prove)\ngoal (3 subgoals):\n 1. \\<exists>y x f. (f(1 := x, 2 := y)) (Suc 0) = 0 \\<and> (f(1 := x, 2 := y)) 2 = 0\n 2. \\<forall>s0 t0 t. t0 = mainv s0 \\<and> t0 = t \\<longrightarrow> (\\<exists>s. s0 = s \\<and> t = mainv s)\n 3. prefix_closed (Trace_Monad.parallel plus2 plus2)",
        "step_time": 0.011006832122802734
    },
    {
        "index": 63,
        "step": "apply simp",
        "output": "",
        "raw_output": "proof (prove)\ngoal (2 subgoals):\n 1. \\<forall>s0 t0 t. t0 = mainv s0 \\<and> t0 = t \\<longrightarrow> (\\<exists>s. s0 = s \\<and> t = mainv s)\n 2. prefix_closed (Trace_Monad.parallel plus2 plus2)",
        "step_time": 0.009342670440673828
    },
    {
        "index": 64,
        "step": "apply clarsimp",
        "output": "",
        "raw_output": "proof (prove)\ngoal (1 subgoal):\n 1. prefix_closed (Trace_Monad.parallel plus2 plus2)",
        "step_time": 0.009489774703979492
    },
    {
        "index": 65,
        "step": "apply (intro prefix_closed_parallel prefix_closed_plus2)",
        "output": "",
        "raw_output": "proof (prove)\ngoal:\nNo subgoals!",
        "step_time": 0.004591226577758789
    },
    {
        "index": 66,
        "step": "done",
        "output": "",
        "raw_output": "",
        "step_time": 0.007509708404541016
    },
    {
        "index": 67,
        "step": "section \\<open>Generalising\\<close>",
        "output": "",
        "raw_output": "",
        "step_time": 0.0039632320404052734
    },
    {
        "index": 68,
        "step": "text \\<open>Just for fun, generalise to arbitrarily many\ncopies of the @{term plus2} program.\\<close>",
        "output": "",
        "raw_output": "",
        "step_time": 0.0040073394775390625
    },
    {
        "index": 69,
        "step": "lemma plus2_x_n_parallel_induct:\n  \"n > 0 \\<Longrightarrow> n \\<le> N \\<Longrightarrow>\n  \\<lbrace>\\<lambda>s0 s. plus2_inv {..< N} s \\<and> (\\<forall>i < N. threadv s i = 0) \\<and> s = s0\\<rbrace>,\\<lbrace>plus2_rel {..< N} {..< n}\\<rbrace>\n    fold parallel (map plus2_x [1 ..< n]) (plus2_x 0) \\<lbrace>plus2_rel {..< N} ( - {..< n})\\<rbrace>,\\<lbrace>\\<lambda>_ _ s.\n        plus2_inv {..< N} s \\<and> (\\<forall>i < n. threadv s i = 2)\\<rbrace>\"",
        "output": "",
        "raw_output": "proof (prove)\ngoal (1 subgoal):\n 1. \\<lbrakk>0 < n; n \\<le> N\\<rbrakk> \\<Longrightarrow> \\<lbrace>\\<lambda>s0 s. plus2_inv {..<N} s \\<and> (\\<forall>i<N. threadv s i = 0) \\<and> s = s0\\<rbrace>, \\<lbrace>plus2_rel {..<N} {..<n}\\<rbrace> fold Trace_Monad.parallel (map plus2_x [1..<n]) (plus2_x 0) \\<lbrace>plus2_rel {..<N} (- {..<n})\\<rbrace>, \\<lbrace>\\<lambda>_ _ s. plus2_inv {..<N} s \\<and> (\\<forall>i<n. threadv s i = 2)\\<rbrace>",
        "step_time": 0.020200014114379883
    },
    {
        "index": 70,
        "step": "apply (induct n)",
        "output": "",
        "raw_output": "proof (prove)\ngoal (2 subgoals):\n 1. \\<lbrakk>0 < 0; 0 \\<le> N\\<rbrakk> \\<Longrightarrow> \\<lbrace>\\<lambda>s0 s. plus2_inv {..<N} s \\<and> (\\<forall>i<N. threadv s i = 0) \\<and> s = s0\\<rbrace>, \\<lbrace>plus2_rel {..<N} {..<0}\\<rbrace> fold Trace_Monad.parallel (map plus2_x [1..<0]) (plus2_x 0) \\<lbrace>plus2_rel {..<N} (- {..<0})\\<rbrace>, \\<lbrace>\\<lambda>_ _ s. plus2_inv {..<N} s \\<and> (\\<forall>i<0. threadv s i = 2)\\<rbrace>\n 2. \\<And>n. \\<lbrakk>\\<lbrakk>0 < n; n \\<le> N\\<rbrakk> \\<Longrightarrow> \\<lbrace>\\<lambda>s0 s. plus2_inv {..<N} s \\<and> (\\<forall>i<N. threadv s i = 0) \\<and> s = s0\\<rbrace>, \\<lbrace>plus2_rel {..<N} {..<n}\\<rbrace> fold Trace_Monad.parallel (map plus2_x [1..<n]) (plus2_x 0) \\<lbrace>plus2_rel {..<N} (- {..<n})\\<rbrace>, \\<lbrace>\\<lambda>_ _ s. plus2_inv {..<N} s \\<and> (\\<forall>i<n. threadv s i = 2)\\<rbrace>; 0 < Suc n; Suc n \\<le> N\\<rbrakk> \\<Longrightarrow> \\<lbrace>\\<lambda>s0 s. plus2_inv {..<N} s \\<and> (\\<forall>i<N. threadv s i = 0) \\<and> s = s0\\<rbrace>, \\<lbrace>plus2_rel {..<N} {..<Suc n}\\<rbrace> fold Trace_Monad.parallel (map plus2_x [1..<Suc n]) (plus2_x 0) \\<lbrace>plus2_rel {..<N} (- {..<Suc n})\\<rbrace>, \\<lbrace>\\<lambda>_ _ s. plus2_inv {..<N} s \\<and> (\\<forall>i<Suc n. threadv s i = 2)\\<rbrace>",
        "step_time": 0.014453887939453125
    },
    {
        "index": 71,
        "step": "apply simp",
        "output": "",
        "raw_output": "proof (prove)\ngoal (1 subgoal):\n 1. \\<And>n. \\<lbrakk>\\<lbrakk>0 < n; n \\<le> N\\<rbrakk> \\<Longrightarrow> \\<lbrace>\\<lambda>s0 s. plus2_inv {..<N} s \\<and> (\\<forall>i<N. threadv s i = 0) \\<and> s = s0\\<rbrace>, \\<lbrace>plus2_rel {..<N} {..<n}\\<rbrace> fold Trace_Monad.parallel (map plus2_x [1..<n]) (plus2_x 0) \\<lbrace>plus2_rel {..<N} (- {..<n})\\<rbrace>, \\<lbrace>\\<lambda>_ _ s. plus2_inv {..<N} s \\<and> (\\<forall>i<n. threadv s i = 2)\\<rbrace>; 0 < Suc n; Suc n \\<le> N\\<rbrakk> \\<Longrightarrow> \\<lbrace>\\<lambda>s0 s. plus2_inv {..<N} s \\<and> (\\<forall>i<N. threadv s i = 0) \\<and> s = s0\\<rbrace>, \\<lbrace>plus2_rel {..<N} {..<Suc n}\\<rbrace> fold Trace_Monad.parallel (map plus2_x [1..<Suc n]) (plus2_x 0) \\<lbrace>plus2_rel {..<N} (- {..<Suc n})\\<rbrace>, \\<lbrace>\\<lambda>_ _ s. plus2_inv {..<N} s \\<and> (\\<forall>i<Suc n. threadv s i = 2)\\<rbrace>",
        "step_time": 0.015441179275512695
    },
    {
        "index": 72,
        "step": "apply (case_tac n)",
        "output": "",
        "raw_output": "proof (prove)\ngoal (2 subgoals):\n 1. \\<And>n. \\<lbrakk>\\<lbrakk>0 < n; n \\<le> N\\<rbrakk> \\<Longrightarrow> \\<lbrace>\\<lambda>s0 s. plus2_inv {..<N} s \\<and> (\\<forall>i<N. threadv s i = 0) \\<and> s = s0\\<rbrace>, \\<lbrace>plus2_rel {..<N} {..<n}\\<rbrace> fold Trace_Monad.parallel (map plus2_x [1..<n]) (plus2_x 0) \\<lbrace>plus2_rel {..<N} (- {..<n})\\<rbrace>, \\<lbrace>\\<lambda>_ _ s. plus2_inv {..<N} s \\<and> (\\<forall>i<n. threadv s i = 2)\\<rbrace>; 0 < Suc n; Suc n \\<le> N; n = 0\\<rbrakk> \\<Longrightarrow> \\<lbrace>\\<lambda>s0 s. plus2_inv {..<N} s \\<and> (\\<forall>i<N. threadv s i = 0) \\<and> s = s0\\<rbrace>, \\<lbrace>plus2_rel {..<N} {..<Suc n}\\<rbrace> fold Trace_Monad.parallel (map plus2_x [1..<Suc n]) (plus2_x 0) \\<lbrace>plus2_rel {..<N} (- {..<Suc n})\\<rbrace>, \\<lbrace>\\<lambda>_ _ s. plus2_inv {..<N} s \\<and> (\\<forall>i<Suc n. threadv s i = 2)\\<rbrace>\n 2. \\<And>n nat. \\<lbrakk>\\<lbrakk>0 < n; n \\<le> N\\<rbrakk> \\<Longrightarrow> \\<lbrace>\\<lambda>s0 s. plus2_inv {..<N} s \\<and> (\\<forall>i<N. threadv s i = 0) \\<and> s = s0\\<rbrace>, \\<lbrace>plus2_rel {..<N} {..<n}\\<rbrace> fold Trace_Monad.parallel (map plus2_x [1..<n]) (plus2_x 0) \\<lbrace>plus2_rel {..<N} (- {..<n})\\<rbrace>, \\<lbrace>\\<lambda>_ _ s. plus2_inv {..<N} s \\<and> (\\<forall>i<n. threadv s i = 2)\\<rbrace>; 0 < Suc n; Suc n \\<le> N; n = Suc nat\\<rbrakk> \\<Longrightarrow> \\<lbrace>\\<lambda>s0 s. plus2_inv {..<N} s \\<and> (\\<forall>i<N. threadv s i = 0) \\<and> s = s0\\<rbrace>, \\<lbrace>plus2_rel {..<N} {..<Suc n}\\<rbrace> fold Trace_Monad.parallel (map plus2_x [1..<Suc n]) (plus2_x 0) \\<lbrace>plus2_rel {..<N} (- {..<Suc n})\\<rbrace>, \\<lbrace>\\<lambda>_ _ s. plus2_inv {..<N} s \\<and> (\\<forall>i<Suc n. threadv s i = 2)\\<rbrace>",
        "step_time": 0.011070966720581055
    },
    {
        "index": 73,
        "step": "apply (simp only: lessThan_Suc)",
        "output": "",
        "raw_output": "proof (prove)\ngoal (2 subgoals):\n 1. \\<And>n. \\<lbrakk>\\<lbrakk>0 < 0; 0 \\<le> N\\<rbrakk> \\<Longrightarrow> \\<lbrace>\\<lambda>s0 s. plus2_inv {..<N} s \\<and> (\\<forall>i<N. threadv s i = 0) \\<and> s = s0\\<rbrace>, \\<lbrace>plus2_rel {..<N} {..<0}\\<rbrace> fold Trace_Monad.parallel (map plus2_x [1..<0]) (plus2_x 0) \\<lbrace>plus2_rel {..<N} (- {..<0})\\<rbrace>, \\<lbrace>\\<lambda>_ _ s. plus2_inv {..<N} s \\<and> (\\<forall>i<0. threadv s i = 2)\\<rbrace>; 0 < Suc 0; Suc 0 \\<le> N; n = 0\\<rbrakk> \\<Longrightarrow> \\<lbrace>\\<lambda>s0 s. plus2_inv {..<N} s \\<and> (\\<forall>i<N. threadv s i = 0) \\<and> s = s0\\<rbrace>, \\<lbrace>plus2_rel {..<N} (insert 0 {..<0})\\<rbrace> fold Trace_Monad.parallel (map plus2_x [1..<Suc 0]) (plus2_x 0) \\<lbrace>plus2_rel {..<N} (- insert 0 {..<0})\\<rbrace>, \\<lbrace>\\<lambda>_ _ s. plus2_inv {..<N} s \\<and> (\\<forall>i<Suc 0. threadv s i = 2)\\<rbrace>\n 2. \\<And>n nat. \\<lbrakk>\\<lbrakk>0 < n; n \\<le> N\\<rbrakk> \\<Longrightarrow> \\<lbrace>\\<lambda>s0 s. plus2_inv {..<N} s \\<and> (\\<forall>i<N. threadv s i = 0) \\<and> s = s0\\<rbrace>, \\<lbrace>plus2_rel {..<N} {..<n}\\<rbrace> fold Trace_Monad.parallel (map plus2_x [1..<n]) (plus2_x 0) \\<lbrace>plus2_rel {..<N} (- {..<n})\\<rbrace>, \\<lbrace>\\<lambda>_ _ s. plus2_inv {..<N} s \\<and> (\\<forall>i<n. threadv s i = 2)\\<rbrace>; 0 < Suc n; Suc n \\<le> N; n = Suc nat\\<rbrakk> \\<Longrightarrow> \\<lbrace>\\<lambda>s0 s. plus2_inv {..<N} s \\<and> (\\<forall>i<N. threadv s i = 0) \\<and> s = s0\\<rbrace>, \\<lbrace>plus2_rel {..<N} {..<Suc n}\\<rbrace> fold Trace_Monad.parallel (map plus2_x [1..<Suc n]) (plus2_x 0) \\<lbrace>plus2_rel {..<N} (- {..<Suc n})\\<rbrace>, \\<lbrace>\\<lambda>_ _ s. plus2_inv {..<N} s \\<and> (\\<forall>i<Suc n. threadv s i = 2)\\<rbrace>",
        "step_time": 0.01555633544921875
    },
    {
        "index": 74,
        "step": "apply simp",
        "output": "",
        "raw_output": "proof (prove)\ngoal (2 subgoals):\n 1. \\<And>n. \\<lbrakk>Suc 0 \\<le> N; n = 0\\<rbrakk> \\<Longrightarrow> \\<lbrace>\\<lambda>s0 s. plus2_inv {..<N} s \\<and> (\\<forall>i<N. threadv s i = 0) \\<and> s = s0\\<rbrace>, \\<lbrace>plus2_rel {..<N} {0}\\<rbrace> plus2_x 0 \\<lbrace>plus2_rel {..<N} (- {0})\\<rbrace>, \\<lbrace>\\<lambda>_ _ s. plus2_inv {..<N} s \\<and> threadv s 0 = 2\\<rbrace>\n 2. \\<And>n nat. \\<lbrakk>\\<lbrakk>0 < n; n \\<le> N\\<rbrakk> \\<Longrightarrow> \\<lbrace>\\<lambda>s0 s. plus2_inv {..<N} s \\<and> (\\<forall>i<N. threadv s i = 0) \\<and> s = s0\\<rbrace>, \\<lbrace>plus2_rel {..<N} {..<n}\\<rbrace> fold Trace_Monad.parallel (map plus2_x [1..<n]) (plus2_x 0) \\<lbrace>plus2_rel {..<N} (- {..<n})\\<rbrace>, \\<lbrace>\\<lambda>_ _ s. plus2_inv {..<N} s \\<and> (\\<forall>i<n. threadv s i = 2)\\<rbrace>; 0 < Suc n; Suc n \\<le> N; n = Suc nat\\<rbrakk> \\<Longrightarrow> \\<lbrace>\\<lambda>s0 s. plus2_inv {..<N} s \\<and> (\\<forall>i<N. threadv s i = 0) \\<and> s = s0\\<rbrace>, \\<lbrace>plus2_rel {..<N} {..<Suc n}\\<rbrace> fold Trace_Monad.parallel (map plus2_x [1..<Suc n]) (plus2_x 0) \\<lbrace>plus2_rel {..<N} (- {..<Suc n})\\<rbrace>, \\<lbrace>\\<lambda>_ _ s. plus2_inv {..<N} s \\<and> (\\<forall>i<Suc n. threadv s i = 2)\\<rbrace>",
        "step_time": 0.022166013717651367
    },
    {
        "index": 75,
        "step": "apply (wp plus2_x_property)",
        "output": "",
        "raw_output": "proof (prove)\ngoal (2 subgoals):\n 1. \\<And>n s0 s. \\<lbrakk>Suc 0 \\<le> N; n = 0; plus2_inv {..<N} s \\<and> (\\<forall>i<N. threadv s i = 0) \\<and> s = s0\\<rbrakk> \\<Longrightarrow> plus2_inv {..<N} s \\<and> threadv s 0 = 0 \\<and> s = s0 \\<and> 0 \\<in> {..<N} \\<and> finite {..<N}\n 2. \\<And>n nat. \\<lbrakk>\\<lbrakk>0 < n; n \\<le> N\\<rbrakk> \\<Longrightarrow> \\<lbrace>\\<lambda>s0 s. plus2_inv {..<N} s \\<and> (\\<forall>i<N. threadv s i = 0) \\<and> s = s0\\<rbrace>, \\<lbrace>plus2_rel {..<N} {..<n}\\<rbrace> fold Trace_Monad.parallel (map plus2_x [1..<n]) (plus2_x 0) \\<lbrace>plus2_rel {..<N} (- {..<n})\\<rbrace>, \\<lbrace>\\<lambda>_ _ s. plus2_inv {..<N} s \\<and> (\\<forall>i<n. threadv s i = 2)\\<rbrace>; 0 < Suc n; Suc n \\<le> N; n = Suc nat\\<rbrakk> \\<Longrightarrow> \\<lbrace>\\<lambda>s0 s. plus2_inv {..<N} s \\<and> (\\<forall>i<N. threadv s i = 0) \\<and> s = s0\\<rbrace>, \\<lbrace>plus2_rel {..<N} {..<Suc n}\\<rbrace> fold Trace_Monad.parallel (map plus2_x [1..<Suc n]) (plus2_x 0) \\<lbrace>plus2_rel {..<N} (- {..<Suc n})\\<rbrace>, \\<lbrace>\\<lambda>_ _ s. plus2_inv {..<N} s \\<and> (\\<forall>i<Suc n. threadv s i = 2)\\<rbrace>",
        "step_time": 0.018841981887817383
    },
    {
        "index": 76,
        "step": "apply clarsimp",
        "output": "",
        "raw_output": "proof (prove)\ngoal (1 subgoal):\n 1. \\<And>n nat. \\<lbrakk>\\<lbrakk>0 < n; n \\<le> N\\<rbrakk> \\<Longrightarrow> \\<lbrace>\\<lambda>s0 s. plus2_inv {..<N} s \\<and> (\\<forall>i<N. threadv s i = 0) \\<and> s = s0\\<rbrace>, \\<lbrace>plus2_rel {..<N} {..<n}\\<rbrace> fold Trace_Monad.parallel (map plus2_x [1..<n]) (plus2_x 0) \\<lbrace>plus2_rel {..<N} (- {..<n})\\<rbrace>, \\<lbrace>\\<lambda>_ _ s. plus2_inv {..<N} s \\<and> (\\<forall>i<n. threadv s i = 2)\\<rbrace>; 0 < Suc n; Suc n \\<le> N; n = Suc nat\\<rbrakk> \\<Longrightarrow> \\<lbrace>\\<lambda>s0 s. plus2_inv {..<N} s \\<and> (\\<forall>i<N. threadv s i = 0) \\<and> s = s0\\<rbrace>, \\<lbrace>plus2_rel {..<N} {..<Suc n}\\<rbrace> fold Trace_Monad.parallel (map plus2_x [1..<Suc n]) (plus2_x 0) \\<lbrace>plus2_rel {..<N} (- {..<Suc n})\\<rbrace>, \\<lbrace>\\<lambda>_ _ s. plus2_inv {..<N} s \\<and> (\\<forall>i<Suc n. threadv s i = 2)\\<rbrace>",
        "step_time": 0.02037215232849121
    },
    {
        "index": 77,
        "step": "apply (clarsimp split del: if_split)",
        "output": "",
        "raw_output": "proof (prove)\ngoal (1 subgoal):\n 1. \\<And>nat. \\<lbrakk>\\<lbrace>\\<lambda>s0 s. plus2_inv {..<N} s \\<and> (\\<forall>i<N. threadv s i = 0) \\<and> s = s0\\<rbrace>, \\<lbrace>plus2_rel {..<N} {..<Suc nat}\\<rbrace> fold Trace_Monad.parallel (map plus2_x (if Suc 0 \\<le> nat then [Suc 0..<nat] @ [nat] else [])) (plus2_x 0) \\<lbrace>plus2_rel {..<N} {Suc nat..}\\<rbrace>, \\<lbrace>\\<lambda>_ _ s. plus2_inv {..<N} s \\<and> (\\<forall>i<Suc nat. threadv s i = 2)\\<rbrace>; Suc (Suc nat) \\<le> N\\<rbrakk> \\<Longrightarrow> \\<lbrace>\\<lambda>s0 s. plus2_inv {..<N} s \\<and> (\\<forall>i<N. threadv s i = 0) \\<and> s = s0\\<rbrace>, \\<lbrace>plus2_rel {..<N} {..<Suc (Suc nat)}\\<rbrace> Trace_Monad.parallel (plus2_x (Suc nat)) (fold Trace_Monad.parallel (map plus2_x (if Suc 0 \\<le> nat then [Suc 0..<nat] @ [nat] else [])) (plus2_x 0)) \\<lbrace>plus2_rel {..<N} {Suc (Suc nat)..}\\<rbrace>, \\<lbrace>\\<lambda>_ _ s. plus2_inv {..<N} s \\<and> (\\<forall>i<Suc (Suc nat). threadv s i = 2)\\<rbrace>",
        "step_time": 0.0390620231628418
    },
    {
        "index": 78,
        "step": "apply (rule rg_weaken_pre, rule rg_strengthen_post,\n    rule rg_validI, rule plus2_x_property[where tids=\"{..< N}\"],\n    assumption, (clarsimp simp: plus2_rel_def)+)",
        "output": "",
        "raw_output": "proof (prove)\ngoal (2 subgoals):\n 1. \\<And>nat s i. \\<lbrakk>\\<lbrace>\\<lambda>s0 s. plus2_inv {..<N} s \\<and> (\\<forall>i<N. threadv s i = 0) \\<and> s = s0\\<rbrace>, \\<lbrace>plus2_rel {..<N} {..<Suc nat}\\<rbrace> fold Trace_Monad.parallel (map plus2_x (if Suc 0 \\<le> nat then [Suc 0..<nat] @ [nat] else [])) (plus2_x 0) \\<lbrace>plus2_rel {..<N} {Suc nat..}\\<rbrace>, \\<lbrace>\\<lambda>_ _ s. plus2_inv {..<N} s \\<and> (\\<forall>i<Suc nat. threadv s i = 2)\\<rbrace>; Suc (Suc nat) \\<le> N; threadv s (Suc nat) = 2; plus2_inv {..<N} s; \\<forall>i<Suc nat. threadv s i = 2; i < Suc (Suc nat)\\<rbrakk> \\<Longrightarrow> threadv s i = 2\n 2. \\<And>nat s0 s. \\<lbrakk>\\<lbrace>\\<lambda>s0 s. plus2_inv {..<N} s \\<and> (\\<forall>i<N. threadv s i = 0) \\<and> s = s0\\<rbrace>, \\<lbrace>plus2_rel {..<N} {..<Suc nat}\\<rbrace> fold Trace_Monad.parallel (map plus2_x (if Suc 0 \\<le> nat then [Suc 0..<nat] @ [nat] else [])) (plus2_x 0) \\<lbrace>plus2_rel {..<N} {Suc nat..}\\<rbrace>, \\<lbrace>\\<lambda>_ _ s. plus2_inv {..<N} s \\<and> (\\<forall>i<Suc nat. threadv s i = 2)\\<rbrace>; Suc (Suc nat) \\<le> N; plus2_inv {..<N} s \\<and> (\\<forall>i<N. threadv s i = 0) \\<and> s = s0\\<rbrakk> \\<Longrightarrow> ((\\<lambda>s0 s. plus2_inv {..<N} s \\<and> threadv s (Suc nat) = 0 \\<and> s = s0 \\<and> Suc nat \\<in> {..<N} \\<and> finite {..<N}) and (\\<lambda>s0 s. plus2_inv {..<N} s \\<and> (\\<forall>i<N. threadv s i = 0) \\<and> s = s0)) s0 s",
        "step_time": 0.12659168243408203
    },
    {
        "index": 79,
        "step": "apply (auto dest: less_Suc_eq[THEN iffD1])[1]",
        "output": "",
        "raw_output": "proof (prove)\ngoal (1 subgoal):\n 1. \\<And>nat s0 s. \\<lbrakk>\\<lbrace>\\<lambda>s0 s. plus2_inv {..<N} s \\<and> (\\<forall>i<N. threadv s i = 0) \\<and> s = s0\\<rbrace>, \\<lbrace>plus2_rel {..<N} {..<Suc nat}\\<rbrace> fold Trace_Monad.parallel (map plus2_x (if Suc 0 \\<le> nat then [Suc 0..<nat] @ [nat] else [])) (plus2_x 0) \\<lbrace>plus2_rel {..<N} {Suc nat..}\\<rbrace>, \\<lbrace>\\<lambda>_ _ s. plus2_inv {..<N} s \\<and> (\\<forall>i<Suc nat. threadv s i = 2)\\<rbrace>; Suc (Suc nat) \\<le> N; plus2_inv {..<N} s \\<and> (\\<forall>i<N. threadv s i = 0) \\<and> s = s0\\<rbrakk> \\<Longrightarrow> ((\\<lambda>s0 s. plus2_inv {..<N} s \\<and> threadv s (Suc nat) = 0 \\<and> s = s0 \\<and> Suc nat \\<in> {..<N} \\<and> finite {..<N}) and (\\<lambda>s0 s. plus2_inv {..<N} s \\<and> (\\<forall>i<N. threadv s i = 0) \\<and> s = s0)) s0 s",
        "step_time": 0.023847341537475586
    },
    {
        "index": 80,
        "step": "apply clarsimp",
        "output": "",
        "raw_output": "proof (prove)\ngoal:\nNo subgoals!",
        "step_time": 0.03471088409423828
    },
    {
        "index": 81,
        "step": "done",
        "output": "",
        "raw_output": "",
        "step_time": 0.006479740142822266
    },
    {
        "index": 82,
        "step": "theorem plus2_x_n_parallel:\n  \"n > 0 \\<Longrightarrow>\n  \\<lbrace>\\<lambda>s0 s. mainv s = 0 \\<and> (\\<forall>i < n. threadv s i = 0) \\<and> s = s0\\<rbrace>,\\<lbrace>plus2_rel {..< n} {..< n}\\<rbrace>\n    fold parallel (map plus2_x [1 ..< n]) (plus2_x 0) \\<lbrace>\\<lambda>s0 s. True\\<rbrace>,\\<lbrace>\\<lambda>_ _ s. mainv s = (n * 2)\\<rbrace>\"",
        "output": "",
        "raw_output": "proof (prove)\ngoal (1 subgoal):\n 1. 0 < n \\<Longrightarrow> \\<lbrace>\\<lambda>s0 s. mainv s = 0 \\<and> (\\<forall>i<n. threadv s i = 0) \\<and> s = s0\\<rbrace>, \\<lbrace>plus2_rel {..<n} {..<n}\\<rbrace> fold Trace_Monad.parallel (map plus2_x [1..<n]) (plus2_x 0) -, \\<lbrace>\\<lambda>_ _ s. mainv s = n * 2\\<rbrace>",
        "step_time": 0.0156402587890625
    },
    {
        "index": 83,
        "step": "apply (rule rg_weaken_pre, rule rg_strengthen_post,\n      rule rg_strengthen_guar, erule plus2_x_n_parallel_induct)",
        "output": "",
        "raw_output": "proof (prove)\ngoal (4 subgoals):\n 1. n \\<le> n\n 2. \\<And>s0 s. \\<lbrakk>0 < n; plus2_rel {..<n} (- {..<n}) s0 s\\<rbrakk> \\<Longrightarrow> True\n 3. \\<And>v s0 s. \\<lbrakk>0 < n; plus2_inv {..<n} s \\<and> (\\<forall>i<n. threadv s i = 2)\\<rbrakk> \\<Longrightarrow> mainv s = n * 2\n 4. \\<And>s0 s. \\<lbrakk>0 < n; mainv s = 0 \\<and> (\\<forall>i<n. threadv s i = 0) \\<and> s = s0\\<rbrakk> \\<Longrightarrow> plus2_inv {..<n} s \\<and> (\\<forall>i<n. threadv s i = 0) \\<and> s = s0",
        "step_time": 0.00731658935546875
    },
    {
        "index": 84,
        "step": "apply simp",
        "output": "",
        "raw_output": "proof (prove)\ngoal (3 subgoals):\n 1. \\<And>s0 s. \\<lbrakk>0 < n; plus2_rel {..<n} (- {..<n}) s0 s\\<rbrakk> \\<Longrightarrow> True\n 2. \\<And>v s0 s. \\<lbrakk>0 < n; plus2_inv {..<n} s \\<and> (\\<forall>i<n. threadv s i = 2)\\<rbrakk> \\<Longrightarrow> mainv s = n * 2\n 3. \\<And>s0 s. \\<lbrakk>0 < n; mainv s = 0 \\<and> (\\<forall>i<n. threadv s i = 0) \\<and> s = s0\\<rbrakk> \\<Longrightarrow> plus2_inv {..<n} s \\<and> (\\<forall>i<n. threadv s i = 0) \\<and> s = s0",
        "step_time": 0.006584644317626953
    },
    {
        "index": 85,
        "step": "apply simp",
        "output": "",
        "raw_output": "proof (prove)\ngoal (2 subgoals):\n 1. \\<And>v s0 s. \\<lbrakk>0 < n; plus2_inv {..<n} s \\<and> (\\<forall>i<n. threadv s i = 2)\\<rbrakk> \\<Longrightarrow> mainv s = n * 2\n 2. \\<And>s0 s. \\<lbrakk>0 < n; mainv s = 0 \\<and> (\\<forall>i<n. threadv s i = 0) \\<and> s = s0\\<rbrakk> \\<Longrightarrow> plus2_inv {..<n} s \\<and> (\\<forall>i<n. threadv s i = 0) \\<and> s = s0",
        "step_time": 0.00712132453918457
    },
    {
        "index": 86,
        "step": "apply (clarsimp simp: plus2_inv_def)",
        "output": "",
        "raw_output": "proof (prove)\ngoal (1 subgoal):\n 1. \\<And>s0 s. \\<lbrakk>0 < n; mainv s = 0 \\<and> (\\<forall>i<n. threadv s i = 0) \\<and> s = s0\\<rbrakk> \\<Longrightarrow> plus2_inv {..<n} s \\<and> (\\<forall>i<n. threadv s i = 0) \\<and> s = s0",
        "step_time": 0.011662960052490234
    },
    {
        "index": 87,
        "step": "apply (clarsimp simp: plus2_inv_def)",
        "output": "",
        "raw_output": "proof (prove)\ngoal:\nNo subgoals!",
        "step_time": 0.01781177520751953
    },
    {
        "index": 88,
        "step": "done",
        "output": "",
        "raw_output": "",
        "step_time": 0.00614619255065918
    },
    {
        "index": 89,
        "step": "lemma par_tr_fin_principle_parallel:\n  \"par_tr_fin_principle f \\<Longrightarrow> par_tr_fin_principle g\n    \\<Longrightarrow> par_tr_fin_principle (parallel f g)\"",
        "output": "",
        "raw_output": "proof (prove)\ngoal (1 subgoal):\n 1. \\<lbrakk>par_tr_fin_principle f; par_tr_fin_principle g\\<rbrakk> \\<Longrightarrow> par_tr_fin_principle (Trace_Monad.parallel f g)",
        "step_time": 0.008359909057617188
    },
    {
        "index": 90,
        "step": "apply (subst par_tr_fin_principle_def, clarsimp simp: parallel_def3)",
        "output": "",
        "raw_output": "proof (prove)\ngoal (1 subgoal):\n 1. \\<And>s s' a aa. \\<lbrakk>par_tr_fin_principle f; par_tr_fin_principle g; (a, Result ((), s')) \\<in> f s; (aa, Result ((), s')) \\<in> g s; list_all2 (\\<lambda>y z. (fst y = Env \\<or> fst z = Env) \\<and> snd y = snd z) a aa\\<rbrakk> \\<Longrightarrow> s' = last_st_tr (map2 (\\<lambda>(idn, s) (idn', uu_). (if idn = Env then idn' else idn, s)) a aa) s \\<and> a \\<noteq> [] \\<and> aa \\<noteq> []",
        "step_time": 0.026796817779541016
    },
    {
        "index": 91,
        "step": "apply (drule(1) par_tr_fin_principleD)+",
        "output": "",
        "raw_output": "proof (prove)\ngoal (1 subgoal):\n 1. \\<And>s s' a aa. \\<lbrakk>(a, Result ((), s')) \\<in> f s; (aa, Result ((), s')) \\<in> g s; list_all2 (\\<lambda>y z. (fst y = Env \\<or> fst z = Env) \\<and> snd y = snd z) a aa; s' = last_st_tr a s \\<and> a \\<noteq> []; s' = last_st_tr aa s \\<and> aa \\<noteq> []\\<rbrakk> \\<Longrightarrow> s' = last_st_tr (map2 (\\<lambda>(idn, s) (idn', uu_). (if idn = Env then idn' else idn, s)) a aa) s \\<and> a \\<noteq> [] \\<and> aa \\<noteq> []",
        "step_time": 0.009105920791625977
    },
    {
        "index": 92,
        "step": "apply (clarsimp simp: neq_Nil_conv)",
        "output": "",
        "raw_output": "proof (prove)\ngoal:\nNo subgoals!",
        "step_time": 0.03682994842529297
    },
    {
        "index": 93,
        "step": "done",
        "output": "",
        "raw_output": "",
        "step_time": 0.005346536636352539
    },
    {
        "index": 94,
        "step": "lemma fold_parallel_par_tr_fin_principle[where xs=\"rev xs\" for xs, simplified]:\n  \"\\<forall>x \\<in> insert x (set xs). par_tr_fin_principle x\n    \\<Longrightarrow> par_tr_fin_principle (fold parallel (rev xs) x)\"",
        "output": "",
        "raw_output": "proof (prove)\ngoal (1 subgoal):\n 1. \\<forall>x\\<in>insert x (set xs). par_tr_fin_principle x \\<Longrightarrow> par_tr_fin_principle (fold Trace_Monad.parallel (rev xs) x)",
        "step_time": 0.011848211288452148
    },
    {
        "index": 95,
        "step": "by (induct xs, simp_all add: par_tr_fin_principle_parallel)",
        "output": "",
        "raw_output": "",
        "step_time": 0.03228640556335449
    },
    {
        "index": 96,
        "step": "lemma fold_parallel_prefix_closed[where xs=\"rev xs\" for xs, simplified]:\n  \"\\<forall>x \\<in> insert x (set xs). prefix_closed x\n    \\<Longrightarrow> prefix_closed (fold parallel (rev xs) x)\"",
        "output": "",
        "raw_output": "proof (prove)\ngoal (1 subgoal):\n 1. \\<forall>x\\<in>insert x (set xs). prefix_closed x \\<Longrightarrow> prefix_closed (fold Trace_Monad.parallel (rev xs) x)",
        "step_time": 0.011725187301635742
    },
    {
        "index": 97,
        "step": "by (induct xs, simp_all add: prefix_closed_parallel)",
        "output": "",
        "raw_output": "",
        "step_time": 0.032389163970947266
    },
    {
        "index": 98,
        "step": "lemma bipred_disj_top_eq:\n  \"(Rel or (\\<lambda>_ _. True)) = (\\<lambda>_ _. True)\"\n  \"((\\<lambda>_ _. True) or Rel) = (\\<lambda>_ _. True)\"",
        "output": "",
        "raw_output": "proof (prove)\ngoal (1 subgoal):\n 1. (Rel or (\\<lambda>_ _. True)) = (\\<lambda>_ _. True) &&& ((\\<lambda>_ _. True) or Rel) = (\\<lambda>_ _. True)",
        "step_time": 0.010143518447875977
    },
    {
        "index": 99,
        "step": "by auto",
        "output": "",
        "raw_output": "",
        "step_time": 0.006773471832275391
    },
    {
        "index": 100,
        "step": "lemma fold_parallel_pfx_refn_induct:\n  \"list_all2 (prefix_refinement sr sr sr (\\<lambda>_ _. True) P Q (\\<top>\\<top>) (\\<top>\\<top>)) xs ys\n    \\<Longrightarrow> prefix_refinement sr sr sr (\\<lambda>_ _. True) P Q (\\<top>\\<top>) (\\<top>\\<top>) x y\n    \\<Longrightarrow> \\<forall>x \\<in> set (x # xs). par_tr_fin_principle x\n    \\<Longrightarrow> \\<forall>y \\<in> set (y # ys). prefix_closed y\n    \\<Longrightarrow> prefix_refinement sr sr sr (\\<lambda>_ _. True) P Q (\\<top>\\<top>) (\\<top>\\<top>)\n        (fold parallel (rev xs) x) (fold parallel (rev ys) y)\"",
        "output": "",
        "raw_output": "proof (prove)\ngoal (1 subgoal):\n 1. \\<lbrakk>list_all2 (pfx_refn sr (\\<lambda>_ _. True) P Q (\\<lambda>_ _. True) (\\<lambda>_ _. True)) xs ys; pfx_refn sr (\\<lambda>_ _. True) P Q (\\<lambda>_ _. True) (\\<lambda>_ _. True) x y; \\<forall>x\\<in>set (x # xs). par_tr_fin_principle x; \\<forall>y\\<in>set (y # ys). prefix_closed y\\<rbrakk> \\<Longrightarrow> pfx_refn sr (\\<lambda>_ _. True) P Q (\\<lambda>_ _. True) (\\<lambda>_ _. True) (fold Trace_Monad.parallel (rev xs) x) (fold Trace_Monad.parallel (rev ys) y)",
        "step_time": 0.033623695373535156
    },
    {
        "index": 101,
        "step": "apply (induct rule: list_all2_induct; simp)",
        "output": "",
        "raw_output": "proof (prove)\ngoal (1 subgoal):\n 1. \\<And>xa xs ya ys. \\<lbrakk>list_all2 (pfx_refn sr (\\<lambda>_ _. True) P Q (\\<lambda>_ _. True) (\\<lambda>_ _. True)) xs ys; pfx_refn sr (\\<lambda>_ _. True) P Q (\\<lambda>_ _. True) (\\<lambda>_ _. True) xa ya; pfx_refn sr (\\<lambda>_ _. True) P Q (\\<lambda>_ _. True) (\\<lambda>_ _. True) (fold Trace_Monad.parallel (rev xs) x) (fold Trace_Monad.parallel (rev ys) y); pfx_refn sr (\\<lambda>_ _. True) P Q (\\<lambda>_ _. True) (\\<lambda>_ _. True) x y; par_tr_fin_principle x \\<and> par_tr_fin_principle xa \\<and> (\\<forall>x\\<in>set xs. par_tr_fin_principle x); prefix_closed y \\<and> prefix_closed ya \\<and> (\\<forall>x\\<in>set ys. prefix_closed x)\\<rbrakk> \\<Longrightarrow> pfx_refn sr (\\<lambda>_ _. True) P Q (\\<lambda>_ _. True) (\\<lambda>_ _. True) (Trace_Monad.parallel xa (fold Trace_Monad.parallel (rev xs) x)) (Trace_Monad.parallel ya (fold Trace_Monad.parallel (rev ys) y))",
        "step_time": 0.055078744888305664
    },
    {
        "index": 102,
        "step": "apply (rule prefix_refinement_parallel_triv[simplified bipred_disj_top_eq]; simp?)",
        "output": "",
        "raw_output": "proof (prove)\ngoal (2 subgoals):\n 1. \\<And>xa xs ya ys. \\<lbrakk>list_all2 (pfx_refn sr (\\<lambda>_ _. True) P Q (\\<lambda>_ _. True) (\\<lambda>_ _. True)) xs ys; pfx_refn sr (\\<lambda>_ _. True) P Q (\\<lambda>_ _. True) (\\<lambda>_ _. True) xa ya; pfx_refn sr (\\<lambda>_ _. True) P Q (\\<lambda>_ _. True) (\\<lambda>_ _. True) (fold Trace_Monad.parallel (rev xs) x) (fold Trace_Monad.parallel (rev ys) y); pfx_refn sr (\\<lambda>_ _. True) P Q (\\<lambda>_ _. True) (\\<lambda>_ _. True) x y; par_tr_fin_principle x \\<and> par_tr_fin_principle xa \\<and> (\\<forall>x\\<in>set xs. par_tr_fin_principle x); prefix_closed y \\<and> prefix_closed ya \\<and> (\\<forall>x\\<in>set ys. prefix_closed x)\\<rbrakk> \\<Longrightarrow> par_tr_fin_principle (fold Trace_Monad.parallel (rev xs) x)\n 2. \\<And>xa xs ya ys. \\<lbrakk>list_all2 (pfx_refn sr (\\<lambda>_ _. True) P Q (\\<lambda>_ _. True) (\\<lambda>_ _. True)) xs ys; pfx_refn sr (\\<lambda>_ _. True) P Q (\\<lambda>_ _. True) (\\<lambda>_ _. True) xa ya; pfx_refn sr (\\<lambda>_ _. True) P Q (\\<lambda>_ _. True) (\\<lambda>_ _. True) (fold Trace_Monad.parallel (rev xs) x) (fold Trace_Monad.parallel (rev ys) y); pfx_refn sr (\\<lambda>_ _. True) P Q (\\<lambda>_ _. True) (\\<lambda>_ _. True) x y; par_tr_fin_principle x \\<and> par_tr_fin_principle xa \\<and> (\\<forall>x\\<in>set xs. par_tr_fin_principle x); prefix_closed y \\<and> prefix_closed ya \\<and> (\\<forall>x\\<in>set ys. prefix_closed x)\\<rbrakk> \\<Longrightarrow> prefix_closed (fold Trace_Monad.parallel (rev ys) y)",
        "step_time": 0.09810209274291992
    },
    {
        "index": 103,
        "step": "apply (clarsimp simp: fold_parallel_par_tr_fin_principle\n                         fold_parallel_prefix_closed)+",
        "output": "",
        "raw_output": "proof (prove)\ngoal:\nNo subgoals!",
        "step_time": 0.03083658218383789
    },
    {
        "index": 104,
        "step": "done",
        "output": "",
        "raw_output": "",
        "step_time": 0.008639812469482422
    },
    {
        "index": 105,
        "step": "lemmas fold_parallel_pfx_refn\n    = fold_parallel_pfx_refn_induct[where xs=\"rev xs\" and ys=\"rev ys\" for xs ys, simplified]",
        "output": "",
        "raw_output": "",
        "step_time": 0.019109249114990234
    },
    {
        "index": 106,
        "step": "theorem plus2_n_parallel:\n  \"n > 0\n    \\<Longrightarrow> \\<lbrace>\\<lambda>s0 s. s = 0 \\<and> s = s0\\<rbrace>,\\<lbrace>\\<lambda>a b. a = b\\<rbrace>\n        fold parallel (replicate (n - 1) plus2) plus2 \\<lbrace>\\<lambda>s0 s. True\\<rbrace>,\\<lbrace>\\<lambda>_ s0 s. s = n * 2\\<rbrace>\"",
        "output": "",
        "raw_output": "proof (prove)\ngoal (1 subgoal):\n 1. 0 < n \\<Longrightarrow> \\<lbrace>\\<lambda>s0 s. s = 0 \\<and> s = s0\\<rbrace>, \\<lbrace>(=)\\<rbrace> fold Trace_Monad.parallel (replicate (n - 1) plus2) plus2 -, \\<lbrace>\\<lambda>_ s0 s. s = n * 2\\<rbrace>",
        "step_time": 0.014895439147949219
    },
    {
        "index": 107,
        "step": "apply (rule_tac sr=\"\\<lambda>s t. t = mainv s\" in prefix_refinement_validI)",
        "output": "",
        "raw_output": "proof (prove)\ngoal (5 subgoals):\n 1. 0 < n \\<Longrightarrow> prefix_refinement (\\<lambda>s t. t = mainv s) ?isr ?osr ?rvr ?prP' ?prP ?R' (=) ?f (fold Trace_Monad.parallel (replicate (n - 1) plus2) plus2)\n 2. 0 < n \\<Longrightarrow> \\<lbrace>?P'\\<rbrace>, \\<lbrace>?R'\\<rbrace> ?f \\<lbrace>\\<lambda>s0 s. \\<forall>cs0 cs. cs0 = mainv s0 \\<and> cs = mainv s \\<longrightarrow> True\\<rbrace>, \\<lbrace>\\<lambda>rv s0 s. \\<forall>rv' cs0 cs. cs0 = mainv s0 \\<and> ?osr s cs \\<and> ?rvr rv rv' \\<longrightarrow> cs = n * 2\\<rbrace>\n 3. 0 < n \\<Longrightarrow> \\<forall>t0 t. t = 0 \\<and> t = t0 \\<longrightarrow> (\\<exists>s0 s. ?P' s0 s \\<and> ?prP' s0 s \\<and> ?prP t0 t \\<and> ?isr s t \\<and> t0 = mainv s0)\n 4. 0 < n \\<Longrightarrow> \\<forall>s0 t0 t. t0 = mainv s0 \\<and> t0 = t \\<longrightarrow> (\\<exists>s. ?R' s0 s \\<and> t = mainv s)\n 5. 0 < n \\<Longrightarrow> prefix_closed (fold Trace_Monad.parallel (replicate (n - 1) plus2) plus2)",
        "step_time": 0.010099649429321289
    },
    {
        "index": 108,
        "step": "apply (rule prefix_refinement_weaken_rely,\n      rule_tac xs=\"map plus2_x [1 ..< n]\" in fold_parallel_pfx_refn)",
        "output": "",
        "raw_output": "proof (prove)\ngoal (10 subgoals):\n 1. 0 < n \\<Longrightarrow> list_all2 (pfx_refn (\\<lambda>s t. t = mainv s) (\\<lambda>_ _. True) ?prP' ?prP (\\<lambda>_ _. True) (\\<lambda>_ _. True)) (map plus2_x [1..<n]) (replicate (n - 1) plus2)\n 2. 0 < n \\<Longrightarrow> pfx_refn (\\<lambda>s t. t = mainv s) (\\<lambda>_ _. True) ?prP' ?prP (\\<lambda>_ _. True) (\\<lambda>_ _. True) ?x6 plus2\n 3. 0 < n \\<Longrightarrow> par_tr_fin_principle ?x6 \\<and> (\\<forall>x\\<in>set (map plus2_x [1..<n]). par_tr_fin_principle x)\n 4. 0 < n \\<Longrightarrow> prefix_closed plus2 \\<and> (\\<forall>x\\<in>set (replicate (n - 1) plus2). prefix_closed x)\n 5. 0 < n \\<Longrightarrow> (=) \\<le> (\\<lambda>_ _. True)\n 6. 0 < n \\<Longrightarrow> ?R' \\<le> (\\<lambda>_ _. True)\n 7. 0 < n \\<Longrightarrow> \\<lbrace>?P'\\<rbrace>, \\<lbrace>?R'\\<rbrace> fold Trace_Monad.parallel (map plus2_x [1..<n]) ?x6 \\<lbrace>\\<lambda>s0 s. \\<forall>cs0 cs. cs0 = mainv s0 \\<and> cs = mainv s \\<longrightarrow> True\\<rbrace>, \\<lbrace>\\<lambda>rv s0 s. \\<forall>rv' cs0 cs. cs0 = mainv s0 \\<and> cs = mainv s \\<and> True \\<longrightarrow> cs = n * 2\\<rbrace>\n 8. 0 < n \\<Longrightarrow> \\<forall>t0 t. t = 0 \\<and> t = t0 \\<longrightarrow> (\\<exists>s0 s. ?P' s0 s \\<and> ?prP' s0 s \\<and> ?prP t0 t \\<and> t = mainv s \\<and> t0 = mainv s0)\n 9. 0 < n \\<Longrightarrow> \\<forall>s0 t0 t. t0 = mainv s0 \\<and> t0 = t \\<longrightarrow> (\\<exists>s. ?R' s0 s \\<and> t = mainv s)\n 10. 0 < n \\<Longrightarrow> prefix_closed (fold Trace_Monad.parallel (replicate (n - 1) plus2) plus2)",
        "step_time": 0.014821529388427734
    },
    {
        "index": 109,
        "step": "apply (clarsimp simp: list_all2_conv_all_nth)",
        "output": "",
        "raw_output": "proof (prove)\ngoal (10 subgoals):\n 1. \\<And>i. \\<lbrakk>0 < n; i < n - Suc 0\\<rbrakk> \\<Longrightarrow> pfx_refn (\\<lambda>s t. t = mainv s) (\\<lambda>_ _. True) ?prP' ?prP (\\<lambda>_ _. True) (\\<lambda>_ _. True) (plus2_x (Suc i)) plus2\n 2. 0 < n \\<Longrightarrow> pfx_refn (\\<lambda>s t. t = mainv s) (\\<lambda>_ _. True) ?prP' ?prP (\\<lambda>_ _. True) (\\<lambda>_ _. True) ?x6 plus2\n 3. 0 < n \\<Longrightarrow> par_tr_fin_principle ?x6 \\<and> (\\<forall>x\\<in>set (map plus2_x [1..<n]). par_tr_fin_principle x)\n 4. 0 < n \\<Longrightarrow> prefix_closed plus2 \\<and> (\\<forall>x\\<in>set (replicate (n - 1) plus2). prefix_closed x)\n 5. 0 < n \\<Longrightarrow> (=) \\<le> (\\<lambda>_ _. True)\n 6. 0 < n \\<Longrightarrow> ?R' \\<le> (\\<lambda>_ _. True)\n 7. 0 < n \\<Longrightarrow> \\<lbrace>?P'\\<rbrace>, \\<lbrace>?R'\\<rbrace> fold Trace_Monad.parallel (map plus2_x [1..<n]) ?x6 \\<lbrace>\\<lambda>s0 s. \\<forall>cs0 cs. cs0 = mainv s0 \\<and> cs = mainv s \\<longrightarrow> True\\<rbrace>, \\<lbrace>\\<lambda>rv s0 s. \\<forall>rv' cs0 cs. cs0 = mainv s0 \\<and> cs = mainv s \\<and> True \\<longrightarrow> cs = n * 2\\<rbrace>\n 8. 0 < n \\<Longrightarrow> \\<forall>t0 t. t = 0 \\<and> t = t0 \\<longrightarrow> (\\<exists>s0 s. ?P' s0 s \\<and> ?prP' s0 s \\<and> ?prP t0 t \\<and> t = mainv s \\<and> t0 = mainv s0)\n 9. 0 < n \\<Longrightarrow> \\<forall>s0 t0 t. t0 = mainv s0 \\<and> t0 = t \\<longrightarrow> (\\<exists>s. ?R' s0 s \\<and> t = mainv s)\n 10. 0 < n \\<Longrightarrow> prefix_closed (fold Trace_Monad.parallel (replicate (n - 1) plus2) plus2)",
        "step_time": 0.03274655342102051
    },
    {
        "index": 110,
        "step": "apply (rule pfx_refn_plus2_x)",
        "output": "",
        "raw_output": "proof (prove)\ngoal (9 subgoals):\n 1. 0 < n \\<Longrightarrow> pfx_refn (\\<lambda>s t. t = mainv s) (\\<lambda>_ _. True) (=) (\\<lambda>_ _. True) (\\<lambda>_ _. True) (\\<lambda>_ _. True) ?x6 plus2\n 2. 0 < n \\<Longrightarrow> par_tr_fin_principle ?x6 \\<and> (\\<forall>x\\<in>set (map plus2_x [1..<n]). par_tr_fin_principle x)\n 3. 0 < n \\<Longrightarrow> prefix_closed plus2 \\<and> (\\<forall>x\\<in>set (replicate (n - 1) plus2). prefix_closed x)\n 4. 0 < n \\<Longrightarrow> (=) \\<le> (\\<lambda>_ _. True)\n 5. 0 < n \\<Longrightarrow> ?R' \\<le> (\\<lambda>_ _. True)\n 6. 0 < n \\<Longrightarrow> \\<lbrace>?P'\\<rbrace>, \\<lbrace>?R'\\<rbrace> fold Trace_Monad.parallel (map plus2_x [1..<n]) ?x6 \\<lbrace>\\<lambda>s0 s. \\<forall>cs0 cs. cs0 = mainv s0 \\<and> cs = mainv s \\<longrightarrow> True\\<rbrace>, \\<lbrace>\\<lambda>rv s0 s. \\<forall>rv' cs0 cs. cs0 = mainv s0 \\<and> cs = mainv s \\<and> True \\<longrightarrow> cs = n * 2\\<rbrace>\n 7. 0 < n \\<Longrightarrow> \\<forall>t0 t. t = 0 \\<and> t = t0 \\<longrightarrow> (\\<exists>s0 s. ?P' s0 s \\<and> s0 = s \\<and> True \\<and> t = mainv s \\<and> t0 = mainv s0)\n 8. 0 < n \\<Longrightarrow> \\<forall>s0 t0 t. t0 = mainv s0 \\<and> t0 = t \\<longrightarrow> (\\<exists>s. ?R' s0 s \\<and> t = mainv s)\n 9. 0 < n \\<Longrightarrow> prefix_closed (fold Trace_Monad.parallel (replicate (n - 1) plus2) plus2)",
        "step_time": 0.011971473693847656
    },
    {
        "index": 111,
        "step": "apply (rule pfx_refn_plus2_x[where tid=0])",
        "output": "",
        "raw_output": "proof (prove)\ngoal (8 subgoals):\n 1. 0 < n \\<Longrightarrow> par_tr_fin_principle (plus2_x 0) \\<and> (\\<forall>x\\<in>set (map plus2_x [1..<n]). par_tr_fin_principle x)\n 2. 0 < n \\<Longrightarrow> prefix_closed plus2 \\<and> (\\<forall>x\\<in>set (replicate (n - 1) plus2). prefix_closed x)\n 3. 0 < n \\<Longrightarrow> (=) \\<le> (\\<lambda>_ _. True)\n 4. 0 < n \\<Longrightarrow> ?R' \\<le> (\\<lambda>_ _. True)\n 5. 0 < n \\<Longrightarrow> \\<lbrace>?P'\\<rbrace>, \\<lbrace>?R'\\<rbrace> fold Trace_Monad.parallel (map plus2_x [1..<n]) (plus2_x 0) \\<lbrace>\\<lambda>s0 s. \\<forall>cs0 cs. cs0 = mainv s0 \\<and> cs = mainv s \\<longrightarrow> True\\<rbrace>, \\<lbrace>\\<lambda>rv s0 s. \\<forall>rv' cs0 cs. cs0 = mainv s0 \\<and> cs = mainv s \\<and> True \\<longrightarrow> cs = n * 2\\<rbrace>\n 6. 0 < n \\<Longrightarrow> \\<forall>t0 t. t = 0 \\<and> t = t0 \\<longrightarrow> (\\<exists>s0 s. ?P' s0 s \\<and> s0 = s \\<and> True \\<and> t = mainv s \\<and> t0 = mainv s0)\n 7. 0 < n \\<Longrightarrow> \\<forall>s0 t0 t. t0 = mainv s0 \\<and> t0 = t \\<longrightarrow> (\\<exists>s. ?R' s0 s \\<and> t = mainv s)\n 8. 0 < n \\<Longrightarrow> prefix_closed (fold Trace_Monad.parallel (replicate (n - 1) plus2) plus2)",
        "step_time": 0.010098457336425781
    },
    {
        "index": 112,
        "step": "apply (simp add: par_tr_fin_plus2_x)",
        "output": "",
        "raw_output": "proof (prove)\ngoal (7 subgoals):\n 1. 0 < n \\<Longrightarrow> prefix_closed plus2 \\<and> (\\<forall>x\\<in>set (replicate (n - 1) plus2). prefix_closed x)\n 2. 0 < n \\<Longrightarrow> (=) \\<le> (\\<lambda>_ _. True)\n 3. 0 < n \\<Longrightarrow> ?R' \\<le> (\\<lambda>_ _. True)\n 4. 0 < n \\<Longrightarrow> \\<lbrace>?P'\\<rbrace>, \\<lbrace>?R'\\<rbrace> fold Trace_Monad.parallel (map plus2_x [1..<n]) (plus2_x 0) \\<lbrace>\\<lambda>s0 s. \\<forall>cs0 cs. cs0 = mainv s0 \\<and> cs = mainv s \\<longrightarrow> True\\<rbrace>, \\<lbrace>\\<lambda>rv s0 s. \\<forall>rv' cs0 cs. cs0 = mainv s0 \\<and> cs = mainv s \\<and> True \\<longrightarrow> cs = n * 2\\<rbrace>\n 5. 0 < n \\<Longrightarrow> \\<forall>t0 t. t = 0 \\<and> t = t0 \\<longrightarrow> (\\<exists>s0 s. ?P' s0 s \\<and> s0 = s \\<and> True \\<and> t = mainv s \\<and> t0 = mainv s0)\n 6. 0 < n \\<Longrightarrow> \\<forall>s0 t0 t. t0 = mainv s0 \\<and> t0 = t \\<longrightarrow> (\\<exists>s. ?R' s0 s \\<and> t = mainv s)\n 7. 0 < n \\<Longrightarrow> prefix_closed (fold Trace_Monad.parallel (replicate (n - 1) plus2) plus2)",
        "step_time": 0.021410465240478516
    },
    {
        "index": 113,
        "step": "apply (simp add: prefix_closed_plus2)",
        "output": "",
        "raw_output": "proof (prove)\ngoal (6 subgoals):\n 1. 0 < n \\<Longrightarrow> (=) \\<le> (\\<lambda>_ _. True)\n 2. 0 < n \\<Longrightarrow> ?R' \\<le> (\\<lambda>_ _. True)\n 3. 0 < n \\<Longrightarrow> \\<lbrace>?P'\\<rbrace>, \\<lbrace>?R'\\<rbrace> fold Trace_Monad.parallel (map plus2_x [1..<n]) (plus2_x 0) \\<lbrace>\\<lambda>s0 s. \\<forall>cs0 cs. cs0 = mainv s0 \\<and> cs = mainv s \\<longrightarrow> True\\<rbrace>, \\<lbrace>\\<lambda>rv s0 s. \\<forall>rv' cs0 cs. cs0 = mainv s0 \\<and> cs = mainv s \\<and> True \\<longrightarrow> cs = n * 2\\<rbrace>\n 4. 0 < n \\<Longrightarrow> \\<forall>t0 t. t = 0 \\<and> t = t0 \\<longrightarrow> (\\<exists>s0 s. ?P' s0 s \\<and> s0 = s \\<and> True \\<and> t = mainv s \\<and> t0 = mainv s0)\n 5. 0 < n \\<Longrightarrow> \\<forall>s0 t0 t. t0 = mainv s0 \\<and> t0 = t \\<longrightarrow> (\\<exists>s. ?R' s0 s \\<and> t = mainv s)\n 6. 0 < n \\<Longrightarrow> prefix_closed (fold Trace_Monad.parallel (replicate (n - 1) plus2) plus2)",
        "step_time": 0.016973495483398438
    },
    {
        "index": 114,
        "step": "apply (simp add: le_fun_def)",
        "output": "",
        "raw_output": "proof (prove)\ngoal (5 subgoals):\n 1. 0 < n \\<Longrightarrow> ?R' \\<le> (\\<lambda>_ _. True)\n 2. 0 < n \\<Longrightarrow> \\<lbrace>?P'\\<rbrace>, \\<lbrace>?R'\\<rbrace> fold Trace_Monad.parallel (map plus2_x [1..<n]) (plus2_x 0) \\<lbrace>\\<lambda>s0 s. \\<forall>cs0 cs. cs0 = mainv s0 \\<and> cs = mainv s \\<longrightarrow> True\\<rbrace>, \\<lbrace>\\<lambda>rv s0 s. \\<forall>rv' cs0 cs. cs0 = mainv s0 \\<and> cs = mainv s \\<and> True \\<longrightarrow> cs = n * 2\\<rbrace>\n 3. 0 < n \\<Longrightarrow> \\<forall>t0 t. t = 0 \\<and> t = t0 \\<longrightarrow> (\\<exists>s0 s. ?P' s0 s \\<and> s0 = s \\<and> True \\<and> t = mainv s \\<and> t0 = mainv s0)\n 4. 0 < n \\<Longrightarrow> \\<forall>s0 t0 t. t0 = mainv s0 \\<and> t0 = t \\<longrightarrow> (\\<exists>s. ?R' s0 s \\<and> t = mainv s)\n 5. 0 < n \\<Longrightarrow> prefix_closed (fold Trace_Monad.parallel (replicate (n - 1) plus2) plus2)",
        "step_time": 0.009656667709350586
    },
    {
        "index": 115,
        "step": "apply (simp add: le_fun_def)",
        "output": "",
        "raw_output": "proof (prove)\ngoal (4 subgoals):\n 1. 0 < n \\<Longrightarrow> \\<lbrace>?P'\\<rbrace>, \\<lbrace>?R'\\<rbrace> fold Trace_Monad.parallel (map plus2_x [1..<n]) (plus2_x 0) \\<lbrace>\\<lambda>s0 s. \\<forall>cs0 cs. cs0 = mainv s0 \\<and> cs = mainv s \\<longrightarrow> True\\<rbrace>, \\<lbrace>\\<lambda>rv s0 s. \\<forall>rv' cs0 cs. cs0 = mainv s0 \\<and> cs = mainv s \\<and> True \\<longrightarrow> cs = n * 2\\<rbrace>\n 2. 0 < n \\<Longrightarrow> \\<forall>t0 t. t = 0 \\<and> t = t0 \\<longrightarrow> (\\<exists>s0 s. ?P' s0 s \\<and> s0 = s \\<and> True \\<and> t = mainv s \\<and> t0 = mainv s0)\n 3. 0 < n \\<Longrightarrow> \\<forall>s0 t0 t. t0 = mainv s0 \\<and> t0 = t \\<longrightarrow> (\\<exists>s. ?R' s0 s \\<and> t = mainv s)\n 4. 0 < n \\<Longrightarrow> prefix_closed (fold Trace_Monad.parallel (replicate (n - 1) plus2) plus2)",
        "step_time": 0.007924556732177734
    },
    {
        "index": 116,
        "step": "apply simp",
        "output": "",
        "raw_output": "proof (prove)\ngoal (4 subgoals):\n 1. 0 < n \\<Longrightarrow> \\<lbrace>?P'\\<rbrace>, \\<lbrace>?R'\\<rbrace> fold Trace_Monad.parallel (map plus2_x [Suc 0..<n]) (plus2_x 0) -, \\<lbrace>\\<lambda>rv s0 s. \\<forall>cs0 cs. cs0 = mainv s0 \\<and> cs = mainv s \\<longrightarrow> cs = n * 2\\<rbrace>\n 2. 0 < n \\<Longrightarrow> \\<forall>t0 t. t = 0 \\<and> t = t0 \\<longrightarrow> (\\<exists>s0 s. ?P' s0 s \\<and> s0 = s \\<and> True \\<and> t = mainv s \\<and> t0 = mainv s0)\n 3. 0 < n \\<Longrightarrow> \\<forall>s0 t0 t. t0 = mainv s0 \\<and> t0 = t \\<longrightarrow> (\\<exists>s. ?R' s0 s \\<and> t = mainv s)\n 4. 0 < n \\<Longrightarrow> prefix_closed (fold Trace_Monad.parallel (replicate (n - 1) plus2) plus2)",
        "step_time": 0.01424264907836914
    },
    {
        "index": 117,
        "step": "apply (rule rg_strengthen_post, rule plus2_x_n_parallel[simplified], simp)",
        "output": "",
        "raw_output": "proof (prove)\ngoal (4 subgoals):\n 1. \\<And>v s0 s. \\<lbrakk>0 < n; mainv s = n * 2\\<rbrakk> \\<Longrightarrow> \\<forall>cs0 cs. cs0 = mainv s0 \\<and> cs = mainv s \\<longrightarrow> cs = n * 2\n 2. 0 < n \\<Longrightarrow> \\<forall>t0 t. t = 0 \\<and> t = t0 \\<longrightarrow> (\\<exists>s0 s. (mainv s = 0 \\<and> (\\<forall>i<n. threadv s i = 0) \\<and> s = s0) \\<and> s0 = s \\<and> True \\<and> t = mainv s \\<and> t0 = mainv s0)\n 3. 0 < n \\<Longrightarrow> \\<forall>s0 t0 t. t0 = mainv s0 \\<and> t0 = t \\<longrightarrow> (\\<exists>s. plus2_rel {..<n} {..<n} s0 s \\<and> t = mainv s)\n 4. 0 < n \\<Longrightarrow> prefix_closed (fold Trace_Monad.parallel (replicate (n - 1) plus2) plus2)",
        "step_time": 0.018001794815063477
    },
    {
        "index": 118,
        "step": "apply clarsimp",
        "output": "",
        "raw_output": "proof (prove)\ngoal (3 subgoals):\n 1. 0 < n \\<Longrightarrow> \\<forall>t0 t. t = 0 \\<and> t = t0 \\<longrightarrow> (\\<exists>s0 s. (mainv s = 0 \\<and> (\\<forall>i<n. threadv s i = 0) \\<and> s = s0) \\<and> s0 = s \\<and> True \\<and> t = mainv s \\<and> t0 = mainv s0)\n 2. 0 < n \\<Longrightarrow> \\<forall>s0 t0 t. t0 = mainv s0 \\<and> t0 = t \\<longrightarrow> (\\<exists>s. plus2_rel {..<n} {..<n} s0 s \\<and> t = mainv s)\n 3. 0 < n \\<Longrightarrow> prefix_closed (fold Trace_Monad.parallel (replicate (n - 1) plus2) plus2)",
        "step_time": 0.012102365493774414
    },
    {
        "index": 119,
        "step": "apply (clarsimp simp: plus2_xstate.splits exI[where x=\"\\<lambda>_. 0\"])",
        "output": "",
        "raw_output": "proof (prove)\ngoal (2 subgoals):\n 1. 0 < n \\<Longrightarrow> \\<forall>s0 t0 t. t0 = mainv s0 \\<and> t0 = t \\<longrightarrow> (\\<exists>s. plus2_rel {..<n} {..<n} s0 s \\<and> t = mainv s)\n 2. 0 < n \\<Longrightarrow> prefix_closed (fold Trace_Monad.parallel (replicate (n - 1) plus2) plus2)",
        "step_time": 0.04200410842895508
    },
    {
        "index": 120,
        "step": "apply clarsimp",
        "output": "",
        "raw_output": "proof (prove)\ngoal (2 subgoals):\n 1. \\<And>s0. 0 < n \\<Longrightarrow> \\<exists>s. plus2_rel {..<n} {..<n} s0 s \\<and> mainv s0 = mainv s\n 2. 0 < n \\<Longrightarrow> prefix_closed (fold Trace_Monad.parallel (replicate (n - 1) plus2) plus2)",
        "step_time": 0.012723922729492188
    },
    {
        "index": 121,
        "step": "apply (rule exI, strengthen refl)",
        "output": "",
        "raw_output": "proof (prove)\ngoal (2 subgoals):\n 1. \\<And>s0. 0 < n \\<Longrightarrow> plus2_rel {..<n} {..<n} s0 s0 \\<and> True\n 2. 0 < n \\<Longrightarrow> prefix_closed (fold Trace_Monad.parallel (replicate (n - 1) plus2) plus2)",
        "step_time": 0.007134675979614258
    },
    {
        "index": 122,
        "step": "apply (clarsimp simp: plus2_rel_def plus2_inv_def)",
        "output": "",
        "raw_output": "proof (prove)\ngoal (1 subgoal):\n 1. 0 < n \\<Longrightarrow> prefix_closed (fold Trace_Monad.parallel (replicate (n - 1) plus2) plus2)",
        "step_time": 0.011995077133178711
    },
    {
        "index": 123,
        "step": "apply (rule fold_parallel_prefix_closed)",
        "output": "",
        "raw_output": "proof (prove)\ngoal (1 subgoal):\n 1. 0 < n \\<Longrightarrow> prefix_closed plus2 \\<and> (\\<forall>x\\<in>set (replicate (n - 1) plus2). prefix_closed x)",
        "step_time": 0.00630640983581543
    },
    {
        "index": 124,
        "step": "apply (simp add: prefix_closed_plus2)",
        "output": "",
        "raw_output": "proof (prove)\ngoal:\nNo subgoals!",
        "step_time": 0.015104055404663086
    },
    {
        "index": 125,
        "step": "done",
        "output": "",
        "raw_output": "",
        "step_time": 0.009033441543579102
    },
    {
        "index": 126,
        "step": "end",
        "output": "",
        "raw_output": "",
        "step_time": 0.0065152645111083984
    }
]