[
    {
        "index": 0,
        "step": "(*\n * Copyright 2020, Data61, CSIRO (ABN 41 687 119 230)\n *\n * SPDX-License-Identifier: BSD-2-Clause\n *)\n\n",
        "output": "",
        "raw_output": "",
        "step_time": 0.004161357879638672
    },
    {
        "index": 1,
        "step": "theory BCorres_UL\nimports\n  Monads.Nondet_VCG\n  Crunch_Instances_NonDet\nbegin",
        "output": "",
        "raw_output": "",
        "step_time": 0.003731966018676758
    },
    {
        "index": 2,
        "step": "definition s_bcorres_underlying where\n  \"s_bcorres_underlying t f g s \\<equiv> (\\<lambda>(x,y). (x, t y)) ` (fst (f s)) \\<subseteq> (fst (g (t s)))\"",
        "output": "",
        "raw_output": "",
        "step_time": 0.09327125549316406
    },
    {
        "index": 3,
        "step": "definition bcorres_underlying where\n  \"bcorres_underlying t f g \\<equiv> \\<forall>s. s_bcorres_underlying t f g s\"",
        "output": "",
        "raw_output": "",
        "step_time": 0.019560813903808594
    },
    {
        "index": 4,
        "step": "lemma wpc_helper_bcorres:\n  \"bcorres_underlying t f g \\<Longrightarrow>  wpc_helper P Q (bcorres_underlying t f g)\"",
        "output": "",
        "raw_output": "proof (prove)\ngoal (1 subgoal):\n 1. bcorres_underlying t f g \\<Longrightarrow> wpc_helper P Q (bcorres_underlying t f g)",
        "step_time": 0.00811624526977539
    },
    {
        "index": 5,
        "step": "by (simp add: wpc_helper_def split: prod.split)",
        "output": "",
        "raw_output": "",
        "step_time": 0.02487325668334961
    },
    {
        "index": 6,
        "step": "lemma wpc_helper_s_bcorres:\n  \"s_bcorres_underlying t f g s \\<Longrightarrow>  wpc_helper P Q (s_bcorres_underlying t f g s)\"",
        "output": "",
        "raw_output": "proof (prove)\ngoal (1 subgoal):\n 1. s_bcorres_underlying t f g s \\<Longrightarrow> wpc_helper P Q (s_bcorres_underlying t f g s)",
        "step_time": 0.010759115219116211
    },
    {
        "index": 7,
        "step": "by (simp add: wpc_helper_def split: prod.split)",
        "output": "",
        "raw_output": "",
        "step_time": 0.020635128021240234
    },
    {
        "index": 8,
        "step": "wpc_setup \"\\<lambda>f. bcorres_underlying t f g\" wpc_helper_bcorres",
        "output": "",
        "raw_output": "",
        "step_time": 0.005831718444824219
    },
    {
        "index": 9,
        "step": "wpc_setup \"\\<lambda>f. s_bcorres_underlying t f g s\" wpc_helper_bcorres",
        "output": "",
        "raw_output": "",
        "step_time": 0.0056285858154296875
    },
    {
        "index": 10,
        "step": "lemma s_bcorres_underlying_split[wp_split]:\n  \"(\\<And>r s'. (r,s') \\<in> fst (f s) \\<Longrightarrow>  (s_bcorres_underlying t (g r) (g' r) s')) \\<Longrightarrow>\n   s_bcorres_underlying t f f' s \\<Longrightarrow>\n   s_bcorres_underlying t (f >>= g) (f' >>= g') s\"",
        "output": "",
        "raw_output": "proof (prove)\ngoal (1 subgoal):\n 1. \\<lbrakk>\\<And>r s'. (r, s') \\<in> fst (f s) \\<Longrightarrow> s_bcorres_underlying t (g r) (g' r) s'; s_bcorres_underlying t f f' s\\<rbrakk> \\<Longrightarrow> s_bcorres_underlying t (f >>= g) (f' >>= g') s",
        "step_time": 0.017090797424316406
    },
    {
        "index": 11,
        "step": "by (clarsimp simp: s_bcorres_underlying_def bind_def) force",
        "output": "",
        "raw_output": "",
        "step_time": 0.19189453125
    },
    {
        "index": 12,
        "step": "lemma bcorres_underlying_split[wp_split]:\n  \"(\\<And>r. (bcorres_underlying t (g r) (g' r))) \\<Longrightarrow>\n   bcorres_underlying t f f' \\<Longrightarrow>\n   bcorres_underlying t (f >>= g) (f' >>= g')\"",
        "output": "",
        "raw_output": "proof (prove)\ngoal (1 subgoal):\n 1. \\<lbrakk>\\<And>r. bcorres_underlying t (g r) (g' r); bcorres_underlying t f f'\\<rbrakk> \\<Longrightarrow> bcorres_underlying t (f >>= g) (f' >>= g')",
        "step_time": 0.014992237091064453
    },
    {
        "index": 13,
        "step": "by (simp add: bcorres_underlying_def s_bcorres_underlying_split)",
        "output": "",
        "raw_output": "",
        "step_time": 0.01174616813659668
    },
    {
        "index": 14,
        "step": "lemma get_s_bcorres_underlying[wp]:\n  \"s_bcorres_underlying t (f s) (f' (t s)) s \\<Longrightarrow> s_bcorres_underlying t (get >>= f) (get >>= f') s\"",
        "output": "",
        "raw_output": "proof (prove)\ngoal (1 subgoal):\n 1. s_bcorres_underlying t (f s) (f' (t s)) s \\<Longrightarrow> s_bcorres_underlying t (get >>= f) (get >>= f') s",
        "step_time": 0.012832403182983398
    },
    {
        "index": 15,
        "step": "by (simp add: gets_def s_bcorres_underlying_def get_def bind_def return_def)",
        "output": "",
        "raw_output": "",
        "step_time": 0.022119998931884766
    },
    {
        "index": 16,
        "step": "lemma get_bcorres[wp]:\n  \"(\\<And>x. bcorres_underlying t (f x) (f' (t x))) \\<Longrightarrow> bcorres_underlying t (get >>= f) (get >>= f')\"",
        "output": "",
        "raw_output": "proof (prove)\ngoal (1 subgoal):\n 1. (\\<And>x. bcorres_underlying t (f x) (f' (t x))) \\<Longrightarrow> bcorres_underlying t (get >>= f) (get >>= f')",
        "step_time": 0.013075590133666992
    },
    {
        "index": 17,
        "step": "by (simp add: bcorres_underlying_def get_s_bcorres_underlying)",
        "output": "",
        "raw_output": "",
        "step_time": 0.009824275970458984
    },
    {
        "index": 18,
        "step": "lemma gets_s_bcorres_underlying[wp]:\n  \"x' (t s) = x s \\<Longrightarrow>  s_bcorres_underlying t (gets x) (gets x') s\"",
        "output": "",
        "raw_output": "proof (prove)\ngoal (1 subgoal):\n 1. x' (t s) = x s \\<Longrightarrow> s_bcorres_underlying t (gets x) (gets x') s",
        "step_time": 0.010561704635620117
    },
    {
        "index": 19,
        "step": "by (simp add: s_bcorres_underlying_def gets_def get_def bind_def return_def)",
        "output": "",
        "raw_output": "",
        "step_time": 0.027065277099609375
    },
    {
        "index": 20,
        "step": "lemma gets_bcorres_underlying[wp]:\n  \"(\\<And>s. x' (t s) = x s) \\<Longrightarrow> bcorres_underlying t (gets x) (gets x')\"",
        "output": "",
        "raw_output": "proof (prove)\ngoal (1 subgoal):\n 1. (\\<And>s. x' (t s) = x s) \\<Longrightarrow> bcorres_underlying t (gets x) (gets x')",
        "step_time": 0.010631322860717773
    },
    {
        "index": 21,
        "step": "by (simp add: bcorres_underlying_def gets_s_bcorres_underlying)",
        "output": "",
        "raw_output": "",
        "step_time": 0.008528709411621094
    },
    {
        "index": 22,
        "step": "lemma gets_map_bcorres_underlying[wp]:\n  \"(\\<And>s. f' (t s) p = f s p) \\<Longrightarrow> bcorres_underlying t (gets_map f p) (gets_map f' p)\"",
        "output": "",
        "raw_output": "proof (prove)\ngoal (1 subgoal):\n 1. (\\<And>s. f' (t s) p = f s p) \\<Longrightarrow> bcorres_underlying t (gets_map f p) (gets_map f' p)",
        "step_time": 0.012662410736083984
    },
    {
        "index": 23,
        "step": "by (simp add: gets_map_def bcorres_underlying_def s_bcorres_underlying_def simpler_gets_def\n                bind_def assert_opt_def fail_def return_def\n        split: option.splits)",
        "output": "",
        "raw_output": "",
        "step_time": 0.035005807876586914
    },
    {
        "index": 24,
        "step": "lemma gets_bcorres_underlying':\n  \"(\\<And>xa. bcorres_underlying t (f (x xa)) (f' (x' (t xa)))) \\<Longrightarrow>\n  bcorres_underlying t (gets x >>= f) (gets x' >>= f')\"",
        "output": "",
        "raw_output": "proof (prove)\ngoal (1 subgoal):\n 1. (\\<And>xa. bcorres_underlying t (f (x xa)) (f' (x' (t xa)))) \\<Longrightarrow> bcorres_underlying t (gets x >>= f) (gets x' >>= f')",
        "step_time": 0.011751890182495117
    },
    {
        "index": 25,
        "step": "by (wpsimp simp: gets_def)",
        "output": "",
        "raw_output": "",
        "step_time": 0.016484975814819336
    },
    {
        "index": 26,
        "step": "lemma assert_bcorres_underlying[wp]:\n  \"f = f' \\<Longrightarrow> bcorres_underlying t (assert f) (assert f')\"",
        "output": "",
        "raw_output": "proof (prove)\ngoal (1 subgoal):\n 1. f = f' \\<Longrightarrow> bcorres_underlying t (assert f) (assert f')",
        "step_time": 0.008021354675292969
    },
    {
        "index": 27,
        "step": "by (simp add: assert_def bcorres_underlying_def return_def s_bcorres_underlying_def fail_def)",
        "output": "",
        "raw_output": "",
        "step_time": 0.016464710235595703
    },
    {
        "index": 28,
        "step": "lemma return_bcorres[wp]:\n  \"bcorres_underlying t (return x) (return x)\"",
        "output": "",
        "raw_output": "proof (prove)\ngoal (1 subgoal):\n 1. bcorres_underlying t (return x) (return x)",
        "step_time": 0.007896661758422852
    },
    {
        "index": 29,
        "step": "by (simp add:return_def bcorres_underlying_def s_bcorres_underlying_def)",
        "output": "",
        "raw_output": "",
        "step_time": 0.010148763656616211
    },
    {
        "index": 30,
        "step": "lemma drop_sbcorres_underlying:\n  \"bcorres_underlying t f g \\<Longrightarrow> s_bcorres_underlying t f g s\"",
        "output": "",
        "raw_output": "proof (prove)\ngoal (1 subgoal):\n 1. bcorres_underlying t f g \\<Longrightarrow> s_bcorres_underlying t f g s",
        "step_time": 0.008868217468261719
    },
    {
        "index": 31,
        "step": "by (simp add: bcorres_underlying_def)",
        "output": "",
        "raw_output": "",
        "step_time": 0.007179737091064453
    },
    {
        "index": 32,
        "step": "lemma use_sbcorres_underlying:\n  \"(\\<And>s. s_bcorres_underlying t f g s) \\<Longrightarrow> bcorres_underlying t f g\"",
        "output": "",
        "raw_output": "proof (prove)\ngoal (1 subgoal):\n 1. (\\<And>s. s_bcorres_underlying t f g s) \\<Longrightarrow> bcorres_underlying t f g",
        "step_time": 0.00917506217956543
    },
    {
        "index": 33,
        "step": "by (simp add: bcorres_underlying_def)",
        "output": "",
        "raw_output": "",
        "step_time": 0.007422924041748047
    },
    {
        "index": 34,
        "step": "lemma bcorres_underlying_throwError[wp]:\n  \"bcorres_underlying t (throwError a) (throwError a)\"",
        "output": "",
        "raw_output": "proof (prove)\ngoal (1 subgoal):\n 1. bcorres_underlying t (throwError a) (throwError a)",
        "step_time": 0.007861137390136719
    },
    {
        "index": 35,
        "step": "by (wpsimp simp: throwError_def)",
        "output": "",
        "raw_output": "",
        "step_time": 0.00823068618774414
    },
    {
        "index": 36,
        "step": "lemma s_bcorres_underlying_splitE[wp_split]:\n  \"(\\<And>r s'. (Inr r,s') \\<in> fst (f s) \\<Longrightarrow> s_bcorres_underlying t (g r) (g' r) s') \\<Longrightarrow>\n   s_bcorres_underlying t f f' s \\<Longrightarrow>\n   s_bcorres_underlying t (f >>=E g) (f' >>=E g') s\"",
        "output": "",
        "raw_output": "proof (prove)\ngoal (1 subgoal):\n 1. \\<lbrakk>\\<And>r s'. (Inr r, s') \\<in> fst (f s) \\<Longrightarrow> s_bcorres_underlying t (g r) (g' r) s'; s_bcorres_underlying t f f' s\\<rbrakk> \\<Longrightarrow> s_bcorres_underlying t (f >>=E g) (f' >>=E g') s",
        "step_time": 0.014252424240112305
    },
    {
        "index": 37,
        "step": "by (wpsimp simp: bindE_def lift_def split: sum.splits | rule conjI drop_sbcorres_underlying)+",
        "output": "",
        "raw_output": "",
        "step_time": 0.06337571144104004
    },
    {
        "index": 38,
        "step": "lemma get_s_bcorres_underlyingE[wp]:\n  \"s_bcorres_underlying t (f s) (f' (t s)) s \\<Longrightarrow>\n   s_bcorres_underlying t (liftE get >>=E f) (liftE get >>=E f') s\"",
        "output": "",
        "raw_output": "proof (prove)\ngoal (1 subgoal):\n 1. s_bcorres_underlying t (f s) (f' (t s)) s \\<Longrightarrow> s_bcorres_underlying t (liftE get >>=E f) (liftE get >>=E f') s",
        "step_time": 0.01280522346496582
    },
    {
        "index": 39,
        "step": "by (simp add: gets_def s_bcorres_underlying_def get_def bindE_def bind_def return_def liftE_def lift_def)",
        "output": "",
        "raw_output": "",
        "step_time": 0.03780364990234375
    },
    {
        "index": 40,
        "step": "lemma bcorres_underlying_splitE[wp_split]:\n  \"(\\<And>r. bcorres_underlying t (g r) (g' r)) \\<Longrightarrow>\n   bcorres_underlying t f f' \\<Longrightarrow>\n   bcorres_underlying t (f >>=E g) (f' >>=E g')\"",
        "output": "",
        "raw_output": "proof (prove)\ngoal (1 subgoal):\n 1. \\<lbrakk>\\<And>r. bcorres_underlying t (g r) (g' r); bcorres_underlying t f f'\\<rbrakk> \\<Longrightarrow> bcorres_underlying t (f >>=E g) (f' >>=E g')",
        "step_time": 0.013851165771484375
    },
    {
        "index": 41,
        "step": "by (simp add: bcorres_underlying_def s_bcorres_underlying_splitE)",
        "output": "",
        "raw_output": "",
        "step_time": 0.012204885482788086
    },
    {
        "index": 42,
        "step": "lemmas return_s_bcorres_underlying[wp] = drop_sbcorres_underlying[OF return_bcorres]",
        "output": "",
        "raw_output": "",
        "step_time": 0.006607532501220703
    },
    {
        "index": 43,
        "step": "lemma liftE_s_bcorres_underlying[wp]:\n  \"s_bcorres_underlying t f f' s \\<Longrightarrow> s_bcorres_underlying t (liftE f) (liftE f') s\"",
        "output": "",
        "raw_output": "proof (prove)\ngoal (1 subgoal):\n 1. s_bcorres_underlying t f f' s \\<Longrightarrow> s_bcorres_underlying t (liftE f) (liftE f') s",
        "step_time": 0.010746955871582031
    },
    {
        "index": 44,
        "step": "by (wpsimp simp: liftE_def)",
        "output": "",
        "raw_output": "",
        "step_time": 0.012217998504638672
    },
    {
        "index": 45,
        "step": "lemma liftE_bcorres_underlying[wp]:\n  \"bcorres_underlying t f f' \\<Longrightarrow>  bcorres_underlying t (liftE f) (liftE f')\"",
        "output": "",
        "raw_output": "proof (prove)\ngoal (1 subgoal):\n 1. bcorres_underlying t f f' \\<Longrightarrow> bcorres_underlying t (liftE f) (liftE f')",
        "step_time": 0.008586645126342773
    },
    {
        "index": 46,
        "step": "by (simp add: bcorres_underlying_def liftE_s_bcorres_underlying)",
        "output": "",
        "raw_output": "",
        "step_time": 0.007069587707519531
    },
    {
        "index": 47,
        "step": "lemma returnOk_bcorres_underlying[wp]:\n  \"bcorres_underlying t (returnOk x) (returnOk x)\"",
        "output": "",
        "raw_output": "proof (prove)\ngoal (1 subgoal):\n 1. bcorres_underlying t (returnOk x) (returnOk x)",
        "step_time": 0.008395671844482422
    },
    {
        "index": 48,
        "step": "by (wpsimp simp: returnOk_def)",
        "output": "",
        "raw_output": "",
        "step_time": 0.010713815689086914
    },
    {
        "index": 49,
        "step": "lemma whenE_s_bcorres_underlying[wp]:\n  \"\\<lbrakk> \\<lbrakk>P = P'; P\\<rbrakk> \\<Longrightarrow> s_bcorres_underlying t f f' s; P = P' \\<rbrakk> \\<Longrightarrow>\n   s_bcorres_underlying t (whenE P f) (whenE P' f') s\"",
        "output": "",
        "raw_output": "proof (prove)\ngoal (1 subgoal):\n 1. \\<lbrakk>\\<lbrakk>P = P'; P\\<rbrakk> \\<Longrightarrow> s_bcorres_underlying t f f' s; P = P'\\<rbrakk> \\<Longrightarrow> s_bcorres_underlying t (whenE P f) (whenE P' f') s",
        "step_time": 0.01195836067199707
    },
    {
        "index": 50,
        "step": "by (wpsimp simp: whenE_def|rule drop_sbcorres_underlying)+",
        "output": "",
        "raw_output": "",
        "step_time": 0.024918317794799805
    },
    {
        "index": 51,
        "step": "lemma select_s_bcorres_underlying[wp]:\n  \"A \\<subseteq> B \\<Longrightarrow> s_bcorres_underlying t (select A) (select B) s\"",
        "output": "",
        "raw_output": "proof (prove)\ngoal (1 subgoal):\n 1. A \\<subseteq> B \\<Longrightarrow> s_bcorres_underlying t (select A) (select B) s",
        "step_time": 0.007910013198852539
    },
    {
        "index": 52,
        "step": "by (simp add: s_bcorres_underlying_def select_def image_def) blast",
        "output": "",
        "raw_output": "",
        "step_time": 0.01337575912475586
    },
    {
        "index": 53,
        "step": "lemma fail_s_bcorres_underlying[wp]:\n  \"s_bcorres_underlying t fail fail s\"",
        "output": "",
        "raw_output": "proof (prove)\ngoal (1 subgoal):\n 1. s_bcorres_underlying t fail fail s",
        "step_time": 0.0077741146087646484
    },
    {
        "index": 54,
        "step": "by (simp add: s_bcorres_underlying_def fail_def)",
        "output": "",
        "raw_output": "",
        "step_time": 0.008656501770019531
    },
    {
        "index": 55,
        "step": "lemma fail_bcorres_underlying[wp]:\n  \"bcorres_underlying t fail fail\"",
        "output": "",
        "raw_output": "proof (prove)\ngoal (1 subgoal):\n 1. bcorres_underlying t fail fail",
        "step_time": 0.007014751434326172
    },
    {
        "index": 56,
        "step": "by (simp add: bcorres_underlying_def fail_s_bcorres_underlying)",
        "output": "",
        "raw_output": "",
        "step_time": 0.00695037841796875
    },
    {
        "index": 57,
        "step": "lemma assertE_bcorres_underlying[wp]:\n  \"bcorres_underlying t (assertE P) (assertE P)\"",
        "output": "",
        "raw_output": "proof (prove)\ngoal (1 subgoal):\n 1. bcorres_underlying t (assertE P) (assertE P)",
        "step_time": 0.00810694694519043
    },
    {
        "index": 58,
        "step": "by (wpsimp simp: assertE_def returnOk_def|rule conjI)+",
        "output": "",
        "raw_output": "",
        "step_time": 0.02070903778076172
    },
    {
        "index": 59,
        "step": "lemmas assertE_s_bcorres_underlying[wp] = drop_sbcorres_underlying[OF assertE_bcorres_underlying]",
        "output": "",
        "raw_output": "",
        "step_time": 0.00550532341003418
    },
    {
        "index": 60,
        "step": "lemma when_s_bcorres_underlying[wp]:\n  \"(P \\<Longrightarrow> s_bcorres_underlying t f f' s) \\<Longrightarrow> s_bcorres_underlying t (when P f) (when P f') s\"",
        "output": "",
        "raw_output": "proof (prove)\ngoal (1 subgoal):\n 1. (P \\<Longrightarrow> s_bcorres_underlying t f f' s) \\<Longrightarrow> s_bcorres_underlying t (when P f) (when P f') s",
        "step_time": 0.01076197624206543
    },
    {
        "index": 61,
        "step": "by (simp add: return_s_bcorres_underlying when_def)",
        "output": "",
        "raw_output": "",
        "step_time": 0.01100301742553711
    },
    {
        "index": 62,
        "step": "lemma when_bcorres_underlying[wp]:\n  \"(P \\<Longrightarrow> bcorres_underlying t f f') \\<Longrightarrow> bcorres_underlying t (when P f) (when P f')\"",
        "output": "",
        "raw_output": "proof (prove)\ngoal (1 subgoal):\n 1. (P \\<Longrightarrow> bcorres_underlying t f f') \\<Longrightarrow> bcorres_underlying t (when P f) (when P f')",
        "step_time": 0.010720014572143555
    },
    {
        "index": 63,
        "step": "by (simp add: bcorres_underlying_def when_s_bcorres_underlying)",
        "output": "",
        "raw_output": "",
        "step_time": 0.007869482040405273
    },
    {
        "index": 64,
        "step": "lemma put_bcorres_underlying[wp]:\n  \"t f = f' \\<Longrightarrow> bcorres_underlying t (put f) (put f')\"",
        "output": "",
        "raw_output": "proof (prove)\ngoal (1 subgoal):\n 1. t f = f' \\<Longrightarrow> bcorres_underlying t (put f) (put f')",
        "step_time": 0.008271932601928711
    },
    {
        "index": 65,
        "step": "by (simp add: bcorres_underlying_def s_bcorres_underlying_def put_def)",
        "output": "",
        "raw_output": "",
        "step_time": 0.010582208633422852
    },
    {
        "index": 66,
        "step": "lemma modify_bcorres_underlying[wp]:\n  \"(\\<And>x. t (f x) = f' (t x)) \\<Longrightarrow> bcorres_underlying t (modify f) (modify f')\"",
        "output": "",
        "raw_output": "proof (prove)\ngoal (1 subgoal):\n 1. (\\<And>x. t (f x) = f' (t x)) \\<Longrightarrow> bcorres_underlying t (modify f) (modify f')",
        "step_time": 0.009590864181518555
    },
    {
        "index": 67,
        "step": "by (wpsimp simp: modify_def)",
        "output": "",
        "raw_output": "",
        "step_time": 0.013094902038574219
    },
    {
        "index": 68,
        "step": "lemma liftM_bcorres_underlying[wp]:\n  \"bcorres_underlying t m m' \\<Longrightarrow> bcorres_underlying t (liftM f m) (liftM f m')\"",
        "output": "",
        "raw_output": "proof (prove)\ngoal (1 subgoal):\n 1. bcorres_underlying t m m' \\<Longrightarrow> bcorres_underlying t (liftM f m) (liftM f m')",
        "step_time": 0.010134220123291016
    },
    {
        "index": 69,
        "step": "by (wpsimp simp: liftM_def)",
        "output": "",
        "raw_output": "",
        "step_time": 0.011510372161865234
    },
    {
        "index": 70,
        "step": "lemma sequence_x_bcorres_underlying[wp]:\n  \"(\\<And>x. bcorres_underlying t (f x) (f' x)) \\<Longrightarrow>\n   bcorres_underlying t (sequence_x (map f xs)) (sequence_x (map f' xs))\"",
        "output": "",
        "raw_output": "proof (prove)\ngoal (1 subgoal):\n 1. (\\<And>x. bcorres_underlying t (f x) (f' x)) \\<Longrightarrow> bcorres_underlying t (sequence_x (map f xs)) (sequence_x (map f' xs))",
        "step_time": 0.012425899505615234
    },
    {
        "index": 71,
        "step": "by (induct xs; wpsimp simp: sequence_x_def)",
        "output": "",
        "raw_output": "",
        "step_time": 0.025948047637939453
    },
    {
        "index": 72,
        "step": "lemma sequence_bcorres_underlying[wp]:\n  \"(\\<And>x. bcorres_underlying t (f x) (f' x)) \\<Longrightarrow>\n   bcorres_underlying t (sequence (map f xs)) (sequence (map f' xs))\"",
        "output": "",
        "raw_output": "proof (prove)\ngoal (1 subgoal):\n 1. (\\<And>x. bcorres_underlying t (f x) (f' x)) \\<Longrightarrow> bcorres_underlying t (sequence (map f xs)) (sequence (map f' xs))",
        "step_time": 0.010044574737548828
    },
    {
        "index": 73,
        "step": "by (induct xs; wpsimp simp: sequence_def)",
        "output": "",
        "raw_output": "",
        "step_time": 0.03148031234741211
    },
    {
        "index": 74,
        "step": "lemma mapM_x_bcorres_underlying[wp]:\n  \"(\\<And>x. bcorres_underlying t (f x) (f' x)) \\<Longrightarrow> bcorres_underlying t (mapM_x f xs) (mapM_x f' xs)\"",
        "output": "",
        "raw_output": "proof (prove)\ngoal (1 subgoal):\n 1. (\\<And>x. bcorres_underlying t (f x) (f' x)) \\<Longrightarrow> bcorres_underlying t (mapM_x f xs) (mapM_x f' xs)",
        "step_time": 0.008780241012573242
    },
    {
        "index": 75,
        "step": "by (wpsimp simp: mapM_x_def)",
        "output": "",
        "raw_output": "",
        "step_time": 0.013394594192504883
    },
    {
        "index": 76,
        "step": "lemma mapM_bcorres_underlying[wp]:\n  \"(\\<And>x. bcorres_underlying t (f x) (f' x)) \\<Longrightarrow> bcorres_underlying t (mapM f xs) (mapM f' xs)\"",
        "output": "",
        "raw_output": "proof (prove)\ngoal (1 subgoal):\n 1. (\\<And>x. bcorres_underlying t (f x) (f' x)) \\<Longrightarrow> bcorres_underlying t (mapM f xs) (mapM f' xs)",
        "step_time": 0.00946664810180664
    },
    {
        "index": 77,
        "step": "by (simp add: mapM_def | wp)+",
        "output": "",
        "raw_output": "",
        "step_time": 0.012069225311279297
    },
    {
        "index": 78,
        "step": "lemma gets_s_bcorres_underlyingE':\n  \"s_bcorres_underlying t (f (x s)) (f' (x' (t s))) s \\<Longrightarrow>\n   s_bcorres_underlying t (liftE (gets x) >>=E f) (liftE (gets x') >>=E f') s\"",
        "output": "",
        "raw_output": "proof (prove)\ngoal (1 subgoal):\n 1. s_bcorres_underlying t (f (x s)) (f' (x' (t s))) s \\<Longrightarrow> s_bcorres_underlying t (liftE (gets x) >>=E f) (liftE (gets x') >>=E f') s",
        "step_time": 0.014537334442138672
    },
    {
        "index": 79,
        "step": "by (simp add: gets_def liftE_def lift_def bindE_def) wp",
        "output": "",
        "raw_output": "",
        "step_time": 0.010281085968017578
    },
    {
        "index": 80,
        "step": "lemma bcorres_underlying_filterM[wp]:\n  \"(\\<And>x. bcorres_underlying t (a x) (a' x)) \\<Longrightarrow> bcorres_underlying t (filterM a b) (filterM a' b)\"",
        "output": "",
        "raw_output": "proof (prove)\ngoal (1 subgoal):\n 1. (\\<And>x. bcorres_underlying t (a x) (a' x)) \\<Longrightarrow> bcorres_underlying t (filterM a b) (filterM a' b)",
        "step_time": 0.008887052536010742
    },
    {
        "index": 81,
        "step": "by (induct b; wpsimp simp: filterM_def)",
        "output": "",
        "raw_output": "",
        "step_time": 0.03147292137145996
    },
    {
        "index": 82,
        "step": "lemma option_rec_bcorres_underlying[wp_split]:\n  \"(\\<And>x y. bcorres_underlying t (g x y) (g' x y)) \\<Longrightarrow>\n   (\\<And>x. bcorres_underlying t (f x) (f' x)) \\<Longrightarrow>\n   bcorres_underlying t (rec_option f g a b) (rec_option f' g' a b)\"",
        "output": "",
        "raw_output": "proof (prove)\ngoal (1 subgoal):\n 1. \\<lbrakk>\\<And>x y. bcorres_underlying t (g x y) (g' x y); \\<And>x. bcorres_underlying t (f x) (f' x)\\<rbrakk> \\<Longrightarrow> bcorres_underlying t (rec_option f g a b) (rec_option f' g' a b)",
        "step_time": 0.015779972076416016
    },
    {
        "index": 83,
        "step": "by (cases a, simp+)",
        "output": "",
        "raw_output": "",
        "step_time": 0.013188362121582031
    },
    {
        "index": 84,
        "step": "lemma bcorres_underlying_mapME[wp]:\n  \"(\\<And>x. bcorres_underlying t (f x) (f' x)) \\<Longrightarrow> bcorres_underlying t (mapME f r) (mapME f' r)\"",
        "output": "",
        "raw_output": "proof (prove)\ngoal (1 subgoal):\n 1. (\\<And>x. bcorres_underlying t (f x) (f' x)) \\<Longrightarrow> bcorres_underlying t (mapME f r) (mapME f' r)",
        "step_time": 0.011344194412231445
    },
    {
        "index": 85,
        "step": "by (induct r; wpsimp simp: mapME_def sequenceE_def)",
        "output": "",
        "raw_output": "",
        "step_time": 0.034195661544799805
    },
    {
        "index": 86,
        "step": "lemma handle2_bcorres_underlying[wp]:\n  \"bcorres_underlying t f f' \\<Longrightarrow>\n   (\\<And>x. bcorres_underlying t (g x) (g' x)) \\<Longrightarrow>\n   bcorres_underlying t (f <handle2> g) (f' <handle2> g')\"",
        "output": "",
        "raw_output": "proof (prove)\ngoal (1 subgoal):\n 1. \\<lbrakk>bcorres_underlying t f f'; \\<And>x. bcorres_underlying t (g x) (g' x)\\<rbrakk> \\<Longrightarrow> bcorres_underlying t (f <handle2> g) (f' <handle2> g')",
        "step_time": 0.010925531387329102
    },
    {
        "index": 87,
        "step": "by (wpsimp simp: handleE'_def)",
        "output": "",
        "raw_output": "",
        "step_time": 0.023851871490478516
    },
    {
        "index": 88,
        "step": "lemma liftME_bcorres_underlying[wp]:\n  \"bcorres_underlying t f f' \\<Longrightarrow> bcorres_underlying t (liftME a f) (liftME a f')\"",
        "output": "",
        "raw_output": "proof (prove)\ngoal (1 subgoal):\n 1. bcorres_underlying t f f' \\<Longrightarrow> bcorres_underlying t (liftME a f) (liftME a f')",
        "step_time": 0.009349584579467773
    },
    {
        "index": 89,
        "step": "by (wpsimp simp: liftME_def)",
        "output": "",
        "raw_output": "",
        "step_time": 0.012138605117797852
    },
    {
        "index": 90,
        "step": "lemma zipWithM_x_bcorres[wp]:\n  \"(\\<And>x y. bcorres_underlying t (f x y) (f' x y) ) \\<Longrightarrow>\n   bcorres_underlying t (zipWithM_x f xs ys) (zipWithM_x f' xs ys)\"",
        "output": "",
        "raw_output": "proof (prove)\ngoal (1 subgoal):\n 1. (\\<And>x y. bcorres_underlying t (f x y) (f' x y)) \\<Longrightarrow> bcorres_underlying t (zipWithM_x f xs ys) (zipWithM_x f' xs ys)",
        "step_time": 0.012813091278076172
    },
    {
        "index": 91,
        "step": "by (wpsimp simp: zipWithM_x_def zipWith_def split_def)",
        "output": "",
        "raw_output": "",
        "step_time": 0.016471385955810547
    },
    {
        "index": 92,
        "step": "lemma mapME_x_bcorres_underlying[wp]:\n  \"(\\<And>x. bcorres_underlying t (f x) (f' x)) \\<Longrightarrow> bcorres_underlying t (mapME_x f xs) (mapME_x f' xs)\"",
        "output": "",
        "raw_output": "proof (prove)\ngoal (1 subgoal):\n 1. (\\<And>x. bcorres_underlying t (f x) (f' x)) \\<Longrightarrow> bcorres_underlying t (mapME_x f xs) (mapME_x f' xs)",
        "step_time": 0.009514808654785156
    },
    {
        "index": 93,
        "step": "by (induct xs; wpsimp simp: mapME_x_def sequenceE_x_def)",
        "output": "",
        "raw_output": "",
        "step_time": 0.02709484100341797
    },
    {
        "index": 94,
        "step": "lemma liftE_bind_bcorres[wp]:\n  \"bcorres_underlying t (f >>= g) (f' >>= g') \\<Longrightarrow>\n   bcorres_underlying t (liftE f >>=E g) (liftE f' >>=E g')\"",
        "output": "",
        "raw_output": "proof (prove)\ngoal (1 subgoal):\n 1. bcorres_underlying t (f >>= g) (f' >>= g') \\<Longrightarrow> bcorres_underlying t (liftE f >>=E g) (liftE f' >>=E g')",
        "step_time": 0.011211156845092773
    },
    {
        "index": 95,
        "step": "by (simp add: gets_def bcorres_underlying_def s_bcorres_underlying_def get_def bind_def return_def\n                split_def liftE_def bindE_def lift_def)",
        "output": "",
        "raw_output": "",
        "step_time": 0.15682196617126465
    },
    {
        "index": 96,
        "step": "lemma select_f_bcorres[wp]: \"bcorres_underlying t (select_f f) (select_f f)\"",
        "output": "",
        "raw_output": "proof (prove)\ngoal (1 subgoal):\n 1. bcorres_underlying t (select_f f) (select_f f)",
        "step_time": 0.008776664733886719
    },
    {
        "index": 97,
        "step": "by (fastforce simp: select_f_def bcorres_underlying_def s_bcorres_underlying_def)",
        "output": "",
        "raw_output": "",
        "step_time": 0.01317453384399414
    },
    {
        "index": 98,
        "step": "lemma bcorres_underlying_if[wp]:\n  \"(b \\<Longrightarrow> bcorres_underlying t f f') \\<Longrightarrow>\n   (\\<not>b \\<Longrightarrow> bcorres_underlying t g g') \\<Longrightarrow>\n   bcorres_underlying t (if b then f else g) (if b then f' else g')\"",
        "output": "",
        "raw_output": "proof (prove)\ngoal (1 subgoal):\n 1. \\<lbrakk>b \\<Longrightarrow> bcorres_underlying t f f'; \\<not> b \\<Longrightarrow> bcorres_underlying t g g'\\<rbrakk> \\<Longrightarrow> bcorres_underlying t (if b then f else g) (if b then f' else g')",
        "step_time": 0.012966156005859375
    },
    {
        "index": 99,
        "step": "by (case_tac b; simp)",
        "output": "",
        "raw_output": "",
        "step_time": 0.01303410530090332
    },
    {
        "index": 100,
        "step": "lemma assert_opt_bcorres_underlying[wp]:\n  \"bcorres_underlying t (assert_opt f) (assert_opt f)\"",
        "output": "",
        "raw_output": "proof (prove)\ngoal (1 subgoal):\n 1. bcorres_underlying t (assert_opt f) (assert_opt f)",
        "step_time": 0.008347272872924805
    },
    {
        "index": 101,
        "step": "by (wpsimp simp: assert_opt_def)",
        "output": "",
        "raw_output": "",
        "step_time": 0.018190860748291016
    },
    {
        "index": 102,
        "step": "lemma unlessb_corres_underlying[wp]:\n  \"bcorres_underlying t f f' \\<Longrightarrow> bcorres_underlying t (unless a f) (unless a f')\"",
        "output": "",
        "raw_output": "proof (prove)\ngoal (1 subgoal):\n 1. bcorres_underlying t f f' \\<Longrightarrow> bcorres_underlying t (unless a f) (unless a f')",
        "step_time": 0.009429216384887695
    },
    {
        "index": 103,
        "step": "by (wpsimp simp: unless_def)",
        "output": "",
        "raw_output": "",
        "step_time": 0.011303186416625977
    },
    {
        "index": 104,
        "step": "lemma select_bcorres_underlying[wp]:\n  \"A \\<subseteq> B \\<Longrightarrow> bcorres_underlying t (select A) (select B)\"",
        "output": "",
        "raw_output": "proof (prove)\ngoal (1 subgoal):\n 1. A \\<subseteq> B \\<Longrightarrow> bcorres_underlying t (select A) (select B)",
        "step_time": 0.008920669555664062
    },
    {
        "index": 105,
        "step": "by (fastforce simp: bcorres_underlying_def select_def s_bcorres_underlying_def)",
        "output": "",
        "raw_output": "",
        "step_time": 0.015815258026123047
    },
    {
        "index": 106,
        "step": "lemma catch_bcorres[wp]:\n  \"bcorres_underlying t f f' \\<Longrightarrow>\n   (\\<And>x. bcorres_underlying t (g x) (g' x)) \\<Longrightarrow>\n   bcorres_underlying t (f <catch> g) (f' <catch> g')\"",
        "output": "",
        "raw_output": "proof (prove)\ngoal (1 subgoal):\n 1. \\<lbrakk>bcorres_underlying t f f'; \\<And>x. bcorres_underlying t (g x) (g' x)\\<rbrakk> \\<Longrightarrow> bcorres_underlying t (f <catch> g) (f' <catch> g')",
        "step_time": 0.013261079788208008
    },
    {
        "index": 107,
        "step": "unfolding catch_def",
        "output": "",
        "raw_output": "proof (prove)\ngoal (1 subgoal):\n 1. \\<lbrakk>bcorres_underlying t f f'; \\<And>x. bcorres_underlying t (g x) (g' x)\\<rbrakk> \\<Longrightarrow> bcorres_underlying t (do x <- f;\ncase x of Inl e \\<Rightarrow> g e | Inr b \\<Rightarrow> return b\nod) (do x <- f';\ncase x of Inl e \\<Rightarrow> g' e | Inr b \\<Rightarrow> return b\nod)",
        "step_time": 0.008260965347290039
    },
    {
        "index": 108,
        "step": "by wpsimp",
        "output": "",
        "raw_output": "",
        "step_time": 0.02115488052368164
    },
    {
        "index": 109,
        "step": "lemma whenE_bcorres_underlying[wp]:\n  \"\\<lbrakk> \\<lbrakk>P = P'; P\\<rbrakk> \\<Longrightarrow> bcorres_underlying t f f'; P = P' \\<rbrakk> \\<Longrightarrow>\n  bcorres_underlying t (whenE P f) (whenE P' f')\"",
        "output": "",
        "raw_output": "proof (prove)\ngoal (1 subgoal):\n 1. \\<lbrakk>\\<lbrakk>P = P'; P\\<rbrakk> \\<Longrightarrow> bcorres_underlying t f f'; P = P'\\<rbrakk> \\<Longrightarrow> bcorres_underlying t (whenE P f) (whenE P' f')",
        "step_time": 0.010690689086914062
    },
    {
        "index": 110,
        "step": "unfolding whenE_def",
        "output": "",
        "raw_output": "proof (prove)\ngoal (1 subgoal):\n 1. \\<lbrakk>\\<lbrakk>P = P'; P\\<rbrakk> \\<Longrightarrow> bcorres_underlying t f f'; P = P'\\<rbrakk> \\<Longrightarrow> bcorres_underlying t (if P then f else returnOk ()) (if P' then f' else returnOk ())",
        "step_time": 0.005535602569580078
    },
    {
        "index": 111,
        "step": "by wpsimp",
        "output": "",
        "raw_output": "",
        "step_time": 0.01870894432067871
    },
    {
        "index": 112,
        "step": "lemma unlessE_bcorres[wp]:\n  \"bcorres_underlying t f f' \\<Longrightarrow> bcorres_underlying t (unlessE P f) (unlessE P f')\"",
        "output": "",
        "raw_output": "proof (prove)\ngoal (1 subgoal):\n 1. bcorres_underlying t f f' \\<Longrightarrow> bcorres_underlying t (unlessE P f) (unlessE P f')",
        "step_time": 0.011328935623168945
    },
    {
        "index": 113,
        "step": "by (wpsimp simp: unlessE_def)",
        "output": "",
        "raw_output": "",
        "step_time": 0.013189554214477539
    },
    {
        "index": 114,
        "step": "lemma alternative_bcorres[wp]:\n  \"\\<lbrakk> bcorres_underlying t f f';  bcorres_underlying t g g' \\<rbrakk> \\<Longrightarrow>\n  bcorres_underlying t (f \\<sqinter> g) (f' \\<sqinter> g')\"",
        "output": "",
        "raw_output": "proof (prove)\ngoal (1 subgoal):\n 1. \\<lbrakk>bcorres_underlying t f f'; bcorres_underlying t g g'\\<rbrakk> \\<Longrightarrow> bcorres_underlying t (f \\<sqinter> g) (f' \\<sqinter> g')",
        "step_time": 0.011677742004394531
    },
    {
        "index": 115,
        "step": "by (fastforce simp: alternative_def bcorres_underlying_def s_bcorres_underlying_def)",
        "output": "",
        "raw_output": "",
        "step_time": 0.06339740753173828
    },
    {
        "index": 116,
        "step": "lemma gets_the_bcorres_underlying[wp]:\n  \"(\\<And>s. f' (t s) = f s) \\<Longrightarrow> bcorres_underlying t (gets_the f) (gets_the f')\"",
        "output": "",
        "raw_output": "proof (prove)\ngoal (1 subgoal):\n 1. (\\<And>s. f' (t s) = f s) \\<Longrightarrow> bcorres_underlying t (gets_the f) (gets_the f')",
        "step_time": 0.009758234024047852
    },
    {
        "index": 117,
        "step": "by (wpsimp simp: gets_the_def)",
        "output": "",
        "raw_output": "",
        "step_time": 0.013640165328979492
    },
    {
        "index": 118,
        "step": "ML \\<open>\nstructure CrunchBCorresInstance : CrunchInstance =\nstruct\n  val name = \"bcorres\";\n  val prefix_name_scheme = false;\n  type extra = term;\n  val eq_extra = ae_conv;\n  fun parse_extra ctxt extra\n        = case extra of\n             \"\" => error \"bcorres needs truncate function\"\n             | e =>(Syntax.parse_term ctxt \"%_. True\", Syntax.parse_term ctxt e);\n  val has_preconds = false;\n  fun mk_term _ body extra =\n    (Syntax.parse_term @{context} \"bcorres_underlying\") $ extra $ body $ body;\n  fun dest_term (Const (@{const_name \"bcorres_underlying\"}, _) $ extra $ body $ _)\n        = SOME (Term.dummy, body, extra)\n    | dest_term _ = NONE;\n  fun put_precond _ ((v as Const (@{const_name \"bcorres_underlying\"}, _)) $ extra $ body $ body')\n        = v $ extra $ body $ body'\n    | put_precond _ _ = error \"put_precond: not an bcorres term\";\n  val pre_thms = [];\n  val wpc_tactic = WeakestPreCases.wp_cases_tac @{thms wpc_processors};\n  fun wps_tactic _ _ _ = no_tac;\n  val magic = Syntax.parse_term @{context}\n    \"\\<lambda>mapp_lambda_ignore. bcorres_underlying t_free_ignore mapp_lambda_ignore g_free_ignore\";\n  val get_monad_state_type = get_nondet_monad_state_type;\nend;\n\nstructure CrunchBCorres : CRUNCH = Crunch(CrunchBCorresInstance);\n\\<close>",
        "output": "",
        "raw_output": "",
        "step_time": 0.19446563720703125
    },
    {
        "index": 119,
        "step": "setup \\<open>\n  add_crunch_instance \"bcorres\" (CrunchBCorres.crunch_x, CrunchBCorres.crunch_ignore_add_dels)\n\\<close>",
        "output": "",
        "raw_output": "",
        "step_time": 0.006687641143798828
    },
    {
        "index": 120,
        "step": "end",
        "output": "",
        "raw_output": "",
        "step_time": 0.005928754806518555
    }
]