[
    {
        "index": 0,
        "step": "(*\n * Copyright 2020, Data61, CSIRO (ABN 41 687 119 230)\n *\n * SPDX-License-Identifier: BSD-2-Clause\n *)\n\n",
        "output": "",
        "raw_output": "",
        "step_time": 0.008340120315551758
    },
    {
        "index": 1,
        "step": "theory Crunch_Instances_NonDet\nimports\n  Crunch\n  Monads.WPEx\n  Monads.Nondet_Empty_Fail\n  Monads.Nondet_No_Fail\nbegin",
        "output": "",
        "raw_output": "",
        "step_time": 0.0071926116943359375
    },
    {
        "index": 2,
        "step": "lemmas [crunch_param_rules] = Let_def return_bind returnOk_bindE\n    K_bind_def split_def bind_assoc bindE_assoc\n    trans[OF liftE_bindE return_bind]",
        "output": "",
        "raw_output": "",
        "step_time": 0.013018608093261719
    },
    {
        "index": 3,
        "step": "ML \\<open>\nfun get_nondet_monad_state_type\n  (Type (\"Product_Type.prod\",\n         [Type (\"Set.set\", [Type (\"Product_Type.prod\", [_,v])]),\n          Type (\"HOL.bool\",[])]))\n      = SOME v\n  | get_nondet_monad_state_type _ = NONE\n\nstructure CrunchValidInstance : CrunchInstance =\nstruct\n  val name = \"valid\";\n  val prefix_name_scheme = false;\n  type extra = term;\n  val eq_extra = ae_conv;\n  fun parse_extra ctxt extra\n        = case extra of\n            \"\" => error \"A post condition is required\"\n          | extra => let val pre = Syntax.parse_term ctxt extra\n              in (pre, Abs (\"_\", dummyT, pre)) end;\n  val has_preconds = true;\n  fun mk_term pre body post =\n    (Syntax.parse_term @{context} \"valid\") $ pre $ body $ post;\n  fun dest_term ((Const (@{const_name \"valid\"}, _)) $ pre $ body $ post)\n        = SOME (pre, body, post)\n    | dest_term _ = NONE;\n  fun put_precond pre ((v as Const (@{const_name \"valid\"}, _)) $ _ $ body $ post)\n        = v $ pre $ body $ post\n    | put_precond _ _ = error \"put_precond: not a hoare triple\";\n  val pre_thms = @{thms \"hoare_pre\"};\n  val wpc_tactic = wp_cases_tactic_weak;\n  val wps_tactic = wps_tac;\n  val magic = Syntax.parse_term @{context}\n    \"\\<lambda>mapp_lambda_ignore. valid P_free_ignore mapp_lambda_ignore Q_free_ignore\";\n  val get_monad_state_type = get_nondet_monad_state_type;\nend;\n\nstructure CrunchValid : CRUNCH = Crunch(CrunchValidInstance);\n\nstructure CrunchNoFailInstance : CrunchInstance =\nstruct\n  val name = \"no_fail\";\n  val prefix_name_scheme = true;\n  type extra = unit;\n  val eq_extra = op =;\n  fun parse_extra ctxt extra\n        = case extra of\n            \"\" => (Syntax.parse_term ctxt \"%_. True\", ())\n          | _ => (Syntax.parse_term ctxt extra, ());\n  val has_preconds = true;\n  fun mk_term pre body _ =\n    (Syntax.parse_term @{context} \"no_fail\") $ pre $ body;\n  fun dest_term ((Const (@{const_name \"no_fail\"}, _)) $ pre $ body)\n        = SOME (pre, body, ())\n    | dest_term _ = NONE;\n  fun put_precond pre ((v as Const (@{const_name \"no_fail\"}, _)) $ _ $ body)\n        = v $ pre $ body\n    | put_precond _ _ = error \"put_precond: not a no_fail term\";\n  val pre_thms = @{thms \"no_fail_pre\"};\n  val wpc_tactic = wp_cases_tactic_weak;\n  fun wps_tactic _ _ _ = no_tac;\n  val magic = Syntax.parse_term @{context}\n    \"\\<lambda>mapp_lambda_ignore. no_fail P_free_ignore mapp_lambda_ignore\";\n  val get_monad_state_type = get_nondet_monad_state_type;\nend;\n\nstructure CrunchNoFail : CRUNCH = Crunch(CrunchNoFailInstance);\n\nstructure CrunchEmptyFailInstance : CrunchInstance =\nstruct\n  val name = \"empty_fail\";\n  val prefix_name_scheme = false;\n  type extra = unit;\n  val eq_extra = op =;\n  fun parse_extra ctxt extra\n        = case extra of\n            \"\" => (Syntax.parse_term ctxt \"%_. True\", ())\n          | _ => error \"empty_fail does not need a precondition\";\n  val has_preconds = false;\n  fun mk_term _ body _ =\n    (Syntax.parse_term @{context} \"empty_fail\") $ body;\n  fun dest_term (Const (@{const_name empty_fail}, _) $ b)\n        = SOME (Term.dummy, b, ())\n    | dest_term _ = NONE;\n  fun put_precond _ _ = error \"crunch empty_fail should not be calling put_precond\";\n  val pre_thms = [];\n  val wpc_tactic = wp_cases_tactic_weak;\n  fun wps_tactic _ _ _ = no_tac;\n  val magic = Syntax.parse_term @{context}\n    \"\\<lambda>mapp_lambda_ignore. empty_fail mapp_lambda_ignore\";\n  val get_monad_state_type = get_nondet_monad_state_type;\nend;\n\nstructure CrunchEmptyFail : CRUNCH = Crunch(CrunchEmptyFailInstance);\n\nstructure CrunchValidEInstance : CrunchInstance =\nstruct\n  val name = \"valid_E\";\n  val prefix_name_scheme = false;\n  type extra = term * term;\n  fun eq_extra ((a, b), (c, d)) = (ae_conv (a, c) andalso ae_conv (b, d));\n  fun parse_extra ctxt extra\n        = case extra of\n            \"\" => error \"A post condition is required\"\n          | extra => let val pre = Syntax.parse_term ctxt extra\n              in (pre, (Abs (\"_\", dummyT, pre), Abs (\"_\", dummyT, pre))) end;\n  val has_preconds = true;\n  fun mk_term pre body extra =\n    (Syntax.parse_term @{context} \"validE\") $ pre $ body $ fst extra $ snd extra;\n  fun dest_term (Const (@{const_name \"validE\"}, _) $ pre $ body $ p1 $ p2)\n        = SOME (pre, body, (p1, p2))\n    | dest_term _ = NONE;\n  fun put_precond pre ((v as Const (@{const_name \"validE\"}, _)) $ _ $ body $ post $ post')\n        = v $ pre $ body $ post $ post'\n    | put_precond _ _ = error \"put_precond: not a validE term\";\n  val pre_thms = @{thms \"hoare_pre\"};\n  val wpc_tactic = wp_cases_tactic_weak;\n  val wps_tactic = wps_tac;\n  val magic = Syntax.parse_term @{context}\n    \"\\<lambda>mapp_lambda_ignore. validE P_free_ignore mapp_lambda_ignore Q_free_ignore Q_free_ignore\";\n  val get_monad_state_type = get_nondet_monad_state_type;\nend;\n\nstructure CrunchValidE : CRUNCH = Crunch(CrunchValidEInstance);\n\\<close>",
        "output": "",
        "raw_output": "",
        "step_time": 0.7438609600067139
    },
    {
        "index": 4,
        "step": "setup \\<open>\n  add_crunch_instance \"\" (CrunchValid.crunch_x, CrunchValid.crunch_ignore_add_dels)\n\\<close>",
        "output": "",
        "raw_output": "",
        "step_time": 0.010249853134155273
    },
    {
        "index": 5,
        "step": "setup \\<open>\n  add_crunch_instance \"valid\" (CrunchValid.crunch_x, CrunchValid.crunch_ignore_add_dels)\n\\<close>",
        "output": "",
        "raw_output": "",
        "step_time": 0.008996725082397461
    },
    {
        "index": 6,
        "step": "setup \\<open>\n  add_crunch_instance \"no_fail\" (CrunchNoFail.crunch_x, CrunchNoFail.crunch_ignore_add_dels)\n\\<close>",
        "output": "",
        "raw_output": "",
        "step_time": 0.008086442947387695
    },
    {
        "index": 7,
        "step": "setup \\<open>\n  add_crunch_instance \"empty_fail\" (CrunchEmptyFail.crunch_x, CrunchEmptyFail.crunch_ignore_add_dels)\n\\<close>",
        "output": "",
        "raw_output": "",
        "step_time": 0.00763702392578125
    },
    {
        "index": 8,
        "step": "end",
        "output": "",
        "raw_output": "",
        "step_time": 0.009962320327758789
    }
]