[
    {
        "index": 0,
        "step": "(*\n * Copyright 2023, Proofcraft Pty Ltd\n * Copyright 2020, Data61, CSIRO (ABN 41 687 119 230)\n *\n * SPDX-License-Identifier: BSD-2-Clause\n *)\n\n(* The cutMon predicate and supporting lemmas.\n   \"cutMon P f\" executes f when P is true, otherwise fails. Cuts off uninteresting executions. *)\n\n",
        "output": "",
        "raw_output": "",
        "step_time": 0.004579305648803711
    },
    {
        "index": 1,
        "step": "theory CutMon\n  imports\n    Monads.Nondet_Empty_Fail\n    Monads.Nondet_VCG\nbegin",
        "output": "",
        "raw_output": "",
        "step_time": 0.004385948181152344
    },
    {
        "index": 2,
        "step": "definition\n  cutMon :: \"('s \\<Rightarrow> bool) \\<Rightarrow> ('s, 'a) nondet_monad \\<Rightarrow> ('s, 'a) nondet_monad\" where\n \"cutMon P f \\<equiv> \\<lambda>s. if P s then f s else fail s\"",
        "output": "",
        "raw_output": "",
        "step_time": 0.0722510814666748
    },
    {
        "index": 3,
        "step": "lemma cutMon_walk_bind:\n  \"cutMon ((=) s) (f >>= g) =\n   (cutMon ((=) s) f >>= (\\<lambda>rv. cutMon (\\<lambda>s'. (rv, s') \\<in> fst (f s)) (g rv)))\"",
        "output": "",
        "raw_output": "proof (prove)\ngoal (1 subgoal):\n 1. cutMon ((=) s) (f >>= g) = do rv <- cutMon ((=) s) f;\ncutMon (\\<lambda>s'. (rv, s') \\<in> fst (f s)) (g rv)\nod",
        "step_time": 0.01343679428100586
    },
    {
        "index": 4,
        "step": "apply (rule ext, simp add: cutMon_def bind_def fail_def)",
        "output": "",
        "raw_output": "proof (prove)\ngoal (1 subgoal):\n 1. \\<And>x. s = x \\<longrightarrow> (\\<Union>a\\<in>fst (f x). fst (case a of (x, xa) \\<Rightarrow> g x xa)) = (\\<Union>xa\\<in>fst (f x). fst (case xa of (rv, s) \\<Rightarrow> if (rv, s) \\<in> fst (f x) then g rv s else fail s)) \\<and> ((\\<exists>x\\<in>fst (f x). snd (case x of (x, xa) \\<Rightarrow> g x xa)) \\<or> snd (f x)) = ((\\<exists>xa\\<in>fst (f x). snd (case xa of (rv, s) \\<Rightarrow> if (rv, s) \\<in> fst (f x) then g rv s else fail s)) \\<or> snd (f x))",
        "step_time": 0.04288601875305176
    },
    {
        "index": 5,
        "step": "apply (auto simp: split_def)",
        "output": "",
        "raw_output": "proof (prove)\ngoal:\nNo subgoals!",
        "step_time": 0.015091419219970703
    },
    {
        "index": 6,
        "step": "done",
        "output": "",
        "raw_output": "",
        "step_time": 0.007065773010253906
    },
    {
        "index": 7,
        "step": "lemma cutMon_walk_bindE:\n  \"cutMon ((=) s) (f >>=E g) =\n   (cutMon ((=) s) f >>=E (\\<lambda>rv. cutMon (\\<lambda>s'. (Inr rv, s') \\<in> fst (f s)) (g rv)))\"",
        "output": "",
        "raw_output": "proof (prove)\ngoal (1 subgoal):\n 1. cutMon ((=) s) (f >>=E g) = doE rv <- cutMon ((=) s) f;\ncutMon (\\<lambda>s'. (Inr rv, s') \\<in> fst (f s)) (g rv)\nodE",
        "step_time": 0.01691150665283203
    },
    {
        "index": 8,
        "step": "apply (simp add: bindE_def cutMon_walk_bind)",
        "output": "",
        "raw_output": "proof (prove)\ngoal (1 subgoal):\n 1. do rv <- cutMon ((=) s) f;\ncutMon (\\<lambda>s'. (rv, s') \\<in> fst (f s)) (lift g rv)\nod = cutMon ((=) s) f >>= lift (\\<lambda>rv. cutMon (\\<lambda>s'. (Inr rv, s') \\<in> fst (f s)) (g rv))",
        "step_time": 0.007050752639770508
    },
    {
        "index": 9,
        "step": "apply (rule bind_cong, rule refl)",
        "output": "",
        "raw_output": "proof (prove)\ngoal (1 subgoal):\n 1. \\<And>v sa s'. (v, s') \\<in> fst (cutMon ((=) s) f sa) \\<Longrightarrow> cutMon (\\<lambda>s'. (v, s') \\<in> fst (f s)) (lift g v) s' = lift (\\<lambda>rv. cutMon (\\<lambda>s'. (Inr rv, s') \\<in> fst (f s)) (g rv)) v s'",
        "step_time": 0.00590968132019043
    },
    {
        "index": 10,
        "step": "apply (simp add: cutMon_def lift_def fail_def split: if_split_asm)",
        "output": "",
        "raw_output": "proof (prove)\ngoal (1 subgoal):\n 1. \\<And>v sa s'. \\<lbrakk>s = sa; (v, s') \\<in> fst (f sa)\\<rbrakk> \\<Longrightarrow> (case v of Inl x \\<Rightarrow> throwError x | Inr x \\<Rightarrow> g x) s' = (case v of Inl x \\<Rightarrow> throwError x | Inr v' \\<Rightarrow> \\<lambda>sa. if (Inr v', sa) \\<in> fst (f s) then g v' sa else fail sa) s'",
        "step_time": 0.02022099494934082
    },
    {
        "index": 11,
        "step": "apply (clarsimp split: sum.split)",
        "output": "",
        "raw_output": "proof (prove)\ngoal:\nNo subgoals!",
        "step_time": 0.013332366943359375
    },
    {
        "index": 12,
        "step": "done",
        "output": "",
        "raw_output": "",
        "step_time": 0.007204771041870117
    },
    {
        "index": 13,
        "step": "lemma cutMon_walk_if:\n  \"cutMon ((=) s) (if P then f else g) = (if P then cutMon ((=) s) f else cutMon ((=) s) g)\"",
        "output": "",
        "raw_output": "proof (prove)\ngoal (1 subgoal):\n 1. cutMon ((=) s) (if P then f else g) = (if P then cutMon ((=) s) f else cutMon ((=) s) g)",
        "step_time": 0.012802362442016602
    },
    {
        "index": 14,
        "step": "by (simp add: cutMon_def)",
        "output": "",
        "raw_output": "",
        "step_time": 0.015621423721313477
    },
    {
        "index": 15,
        "step": "lemma cutMon_valid_drop:\n  \"\\<lbrace>P\\<rbrace> f \\<lbrace>Q\\<rbrace> \\<Longrightarrow> \\<lbrace>P\\<rbrace> cutMon R f \\<lbrace>Q\\<rbrace>\"",
        "output": "",
        "raw_output": "proof (prove)\ngoal (1 subgoal):\n 1. \\<lbrace>P\\<rbrace> f \\<lbrace>Q\\<rbrace> \\<Longrightarrow> \\<lbrace>P\\<rbrace> cutMon R f \\<lbrace>Q\\<rbrace>",
        "step_time": 0.00863194465637207
    },
    {
        "index": 16,
        "step": "by (simp add: cutMon_def valid_def fail_def)",
        "output": "",
        "raw_output": "",
        "step_time": 0.01806926727294922
    },
    {
        "index": 17,
        "step": "lemma cutMon_validE_drop:\n  \"\\<lbrace>P\\<rbrace> f \\<lbrace>Q\\<rbrace>,\\<lbrace>E\\<rbrace> \\<Longrightarrow> \\<lbrace>P\\<rbrace> cutMon R f \\<lbrace>Q\\<rbrace>,\\<lbrace>E\\<rbrace>\"",
        "output": "",
        "raw_output": "proof (prove)\ngoal (1 subgoal):\n 1. \\<lbrace>P\\<rbrace> f \\<lbrace>Q\\<rbrace>, \\<lbrace>E\\<rbrace> \\<Longrightarrow> \\<lbrace>P\\<rbrace> cutMon R f \\<lbrace>Q\\<rbrace>, \\<lbrace>E\\<rbrace>",
        "step_time": 0.009810447692871094
    },
    {
        "index": 18,
        "step": "by (simp add: validE_def cutMon_valid_drop)",
        "output": "",
        "raw_output": "",
        "step_time": 0.008734941482543945
    },
    {
        "index": 19,
        "step": "lemma snd_cutMon:\n  \"snd (cutMon P f s) = (P s \\<longrightarrow> snd (f s))\"",
        "output": "",
        "raw_output": "proof (prove)\ngoal (1 subgoal):\n 1. snd (cutMon P f s) = (P s \\<longrightarrow> snd (f s))",
        "step_time": 0.009146690368652344
    },
    {
        "index": 20,
        "step": "by (simp add: cutMon_def fail_def split: if_split)",
        "output": "",
        "raw_output": "",
        "step_time": 0.00921320915222168
    },
    {
        "index": 21,
        "step": "lemma cutMon_assert_opt:\n  \"cutMon P (gets_the f >>= g) = gets_the (\\<lambda>s. if P s then f s else None) >>= g\"",
        "output": "",
        "raw_output": "proof (prove)\ngoal (1 subgoal):\n 1. cutMon P (gets_the f >>= g) = gets_the (\\<lambda>s. if P s then f s else None) >>= g",
        "step_time": 0.010865211486816406
    },
    {
        "index": 22,
        "step": "by (simp add: cutMon_def gets_the_def exec_gets\n                bind_assoc fun_eq_iff assert_opt_def\n         split: if_split)",
        "output": "",
        "raw_output": "",
        "step_time": 0.013300657272338867
    },
    {
        "index": 23,
        "step": "\n\n\n(* empty_fail: *)\n\n",
        "output": "",
        "raw_output": "",
        "step_time": 0.005126953125
    },
    {
        "index": 24,
        "step": "lemma empty_fail_use_cutMon:\n  \"\\<lbrakk> \\<And>s. empty_fail (cutMon ((=) s) f) \\<rbrakk> \\<Longrightarrow> empty_fail f\"",
        "output": "",
        "raw_output": "proof (prove)\ngoal (1 subgoal):\n 1. (\\<And>s. empty_fail (cutMon ((=) s) f)) \\<Longrightarrow> empty_fail f",
        "step_time": 0.008985757827758789
    },
    {
        "index": 25,
        "step": "by (fastforce simp add: empty_fail_def cutMon_def split: if_split_asm)",
        "output": "",
        "raw_output": "",
        "step_time": 0.016039371490478516
    },
    {
        "index": 26,
        "step": "lemma empty_fail_drop_cutMon:\n  \"empty_fail f \\<Longrightarrow> empty_fail (cutMon P f)\"",
        "output": "",
        "raw_output": "proof (prove)\ngoal (1 subgoal):\n 1. empty_fail f \\<Longrightarrow> empty_fail (cutMon P f)",
        "step_time": 0.005826234817504883
    },
    {
        "index": 27,
        "step": "by (simp add: empty_fail_def fail_def cutMon_def split: if_split)",
        "output": "",
        "raw_output": "",
        "step_time": 0.012050867080688477
    },
    {
        "index": 28,
        "step": "lemma empty_fail_cutMon:\n  \"\\<lbrakk> \\<And>s. P s \\<Longrightarrow> empty_fail (cutMon ((=) s) f) \\<rbrakk> \\<Longrightarrow> empty_fail (cutMon P f)\"",
        "output": "",
        "raw_output": "proof (prove)\ngoal (1 subgoal):\n 1. (\\<And>s. P s \\<Longrightarrow> empty_fail (cutMon ((=) s) f)) \\<Longrightarrow> empty_fail (cutMon P f)",
        "step_time": 0.009929895401000977
    },
    {
        "index": 29,
        "step": "by (fastforce simp: empty_fail_def cutMon_def fail_def split: if_split_asm)",
        "output": "",
        "raw_output": "",
        "step_time": 0.021712541580200195
    },
    {
        "index": 30,
        "step": "lemmas empty_fail_cutMon_intros =\n     cutMon_walk_bind[THEN arg_cong[where f=empty_fail], THEN iffD2,\n                      OF empty_fail_bind, OF _ empty_fail_cutMon]\n     cutMon_walk_bindE[THEN arg_cong[where f=empty_fail], THEN iffD2,\n                       OF empty_fail_bindE, OF _ empty_fail_cutMon]\n     cutMon_walk_if[THEN arg_cong[where f=empty_fail], THEN iffD2,\n                    OF empty_fail_If]",
        "output": "",
        "raw_output": "",
        "step_time": 0.008519887924194336
    },
    {
        "index": 31,
        "step": "end",
        "output": "",
        "raw_output": "",
        "step_time": 0.005934953689575195
    }
]