[
    {
        "index": 0,
        "step": "(*\n * Copyright 2020, Data61, CSIRO (ABN 41 687 119 230)\n *\n * SPDX-License-Identifier: BSD-2-Clause\n *)\n\n(* Author: Thomas Sewell\n\n   Library routines etc expected by Haskell code.\n*)\n\n",
        "output": "",
        "raw_output": "",
        "step_time": 0.004972696304321289
    },
    {
        "index": 1,
        "step": "theory HaskellLib_H\nimports\n  Lib\n  More_Numeral_Type\n  Monads.Nondet_VCG\n  Monads.Nondet_Reader_Option\nbegin",
        "output": "",
        "raw_output": "",
        "step_time": 0.003765106201171875
    },
    {
        "index": 2,
        "step": "abbreviation (input) \"flip \\<equiv> swp\"",
        "output": "",
        "raw_output": "",
        "step_time": 0.0919029712677002
    },
    {
        "index": 3,
        "step": "abbreviation(input) bind_drop :: \"('a, 'c) nondet_monad \\<Rightarrow> ('a, 'b) nondet_monad\n                      \\<Rightarrow> ('a, 'b) nondet_monad\" (infixl \">>'_\" 60)\n  where \"bind_drop \\<equiv> (\\<lambda>x y. Nondet_Monad.bind x (K_bind y))\"",
        "output": "",
        "raw_output": "",
        "step_time": 0.012213706970214844
    },
    {
        "index": 4,
        "step": "lemma bind_drop_test:\n  \"foldr bind_drop x (return ()) = sequence_x x\"",
        "output": "",
        "raw_output": "proof (prove)\ngoal (1 subgoal):\n 1. foldr (\\<lambda>x y. do x;\ny\nod) x (return ()) = sequence_x x",
        "step_time": 0.011134862899780273
    },
    {
        "index": 5,
        "step": "by (rule ext, simp add: sequence_x_def)",
        "output": "",
        "raw_output": "",
        "step_time": 0.007704734802246094
    },
    {
        "index": 6,
        "step": "\n\n(* If the given monad is deterministic, this function converts\n    the nondet_monad type into a normal deterministic state monad *)\n",
        "output": "",
        "raw_output": "",
        "step_time": 0.0048940181732177734
    },
    {
        "index": 7,
        "step": "definition\n  runState :: \"('s, 'a) nondet_monad \\<Rightarrow> 's \\<Rightarrow> ('a \\<times> 's)\" where\n \"runState f s \\<equiv> THE x. x \\<in> fst (f s)\"",
        "output": "",
        "raw_output": "",
        "step_time": 0.016650915145874023
    },
    {
        "index": 8,
        "step": "definition\n  \"runReaderT \\<equiv> id\"",
        "output": "",
        "raw_output": "",
        "step_time": 0.013413667678833008
    },
    {
        "index": 9,
        "step": "abbreviation (input)\n  \"getsJust \\<equiv> gets_the\"",
        "output": "",
        "raw_output": "",
        "step_time": 0.006847858428955078
    },
    {
        "index": 10,
        "step": "definition\n  sassert :: \"bool \\<Rightarrow> 'a \\<Rightarrow> 'a\" where\n \"sassert P \\<equiv> if P then id else (\\<lambda>x. undefined)\"",
        "output": "",
        "raw_output": "",
        "step_time": 0.016336917877197266
    },
    {
        "index": 11,
        "step": "lemma sassert_cong[fundef_cong]:\n \"\\<lbrakk> P = P'; P' \\<Longrightarrow> s = s' \\<rbrakk> \\<Longrightarrow> sassert P s = sassert P' s'\"",
        "output": "",
        "raw_output": "proof (prove)\ngoal (1 subgoal):\n 1. \\<lbrakk>P = P'; P' \\<Longrightarrow> s = s'\\<rbrakk> \\<Longrightarrow> sassert P s = sassert P' s'",
        "step_time": 0.009430170059204102
    },
    {
        "index": 12,
        "step": "apply (simp add: sassert_def)",
        "output": "",
        "raw_output": "proof (prove)\ngoal:\nNo subgoals!",
        "step_time": 0.008979082107543945
    },
    {
        "index": 13,
        "step": "done",
        "output": "",
        "raw_output": "",
        "step_time": 0.006131887435913086
    },
    {
        "index": 14,
        "step": "definition\n  haskell_assert :: \"bool \\<Rightarrow> unit list \\<Rightarrow> ('a, unit) nondet_monad\" where\n \"haskell_assert P L \\<equiv> assert P\"",
        "output": "",
        "raw_output": "",
        "step_time": 0.014041900634765625
    },
    {
        "index": 15,
        "step": "definition\n  haskell_assertE :: \"bool \\<Rightarrow> unit list \\<Rightarrow> ('a, 'e + unit) nondet_monad\" where\n \"haskell_assertE P L \\<equiv> assertE P\"",
        "output": "",
        "raw_output": "",
        "step_time": 0.015113592147827148
    },
    {
        "index": 16,
        "step": "declare haskell_assert_def [simp] haskell_assertE_def [simp]",
        "output": "",
        "raw_output": "",
        "step_time": 0.0052564144134521484
    },
    {
        "index": 17,
        "step": "definition\n  stateAssert :: \"('a \\<Rightarrow> bool) \\<Rightarrow> unit list \\<Rightarrow> ('a, unit) nondet_monad\" where\n \"stateAssert P L \\<equiv> state_assert P\"",
        "output": "",
        "raw_output": "",
        "step_time": 0.014368534088134766
    },
    {
        "index": 18,
        "step": "definition\n  haskell_fail :: \"unit list \\<Rightarrow> ('a, 'b) nondet_monad\" where\n  haskell_fail_def[simp]:\n \"haskell_fail L \\<equiv> fail\"",
        "output": "",
        "raw_output": "",
        "step_time": 0.013525962829589844
    },
    {
        "index": 19,
        "step": "definition\n  catchError_def[simp]:\n \"catchError \\<equiv> handleE\"",
        "output": "",
        "raw_output": "",
        "step_time": 0.014057159423828125
    },
    {
        "index": 20,
        "step": "definition\n  \"curry1 \\<equiv> id\"",
        "output": "",
        "raw_output": "",
        "step_time": 0.012250423431396484
    },
    {
        "index": 21,
        "step": "definition\n  \"curry2 \\<equiv> curry\"",
        "output": "",
        "raw_output": "",
        "step_time": 0.013070821762084961
    },
    {
        "index": 22,
        "step": "definition\n  \"curry3 f a b c \\<equiv> f (a, b, c)\"",
        "output": "",
        "raw_output": "",
        "step_time": 0.015476465225219727
    },
    {
        "index": 23,
        "step": "definition\n  \"curry4 f a b c d \\<equiv> f (a, b, c, d)\"",
        "output": "",
        "raw_output": "",
        "step_time": 0.01706695556640625
    },
    {
        "index": 24,
        "step": "definition\n  \"curry5 f a b c d e \\<equiv> f (a, b, c, d, e)\"",
        "output": "",
        "raw_output": "",
        "step_time": 0.018383264541625977
    },
    {
        "index": 25,
        "step": "declare curry1_def[simp] curry2_def[simp]\n        curry3_def[simp] curry4_def[simp] curry5_def[simp]",
        "output": "",
        "raw_output": "",
        "step_time": 0.006096363067626953
    },
    {
        "index": 26,
        "step": "definition\n  \"split1 \\<equiv> id\"",
        "output": "",
        "raw_output": "",
        "step_time": 0.009186506271362305
    },
    {
        "index": 27,
        "step": "definition\n  \"split2 \\<equiv> case_prod\"",
        "output": "",
        "raw_output": "",
        "step_time": 0.01326608657836914
    },
    {
        "index": 28,
        "step": "definition\n  \"split3 f \\<equiv> \\<lambda>(a, b, c). f a b c\"",
        "output": "",
        "raw_output": "",
        "step_time": 0.014722824096679688
    },
    {
        "index": 29,
        "step": "definition\n  \"split4 f \\<equiv> \\<lambda>(a, b, c, d). f a b c d\"",
        "output": "",
        "raw_output": "",
        "step_time": 0.016476869583129883
    },
    {
        "index": 30,
        "step": "definition\n  \"split5 f \\<equiv> \\<lambda>(a, b, c, d, e). f a b c d e\"",
        "output": "",
        "raw_output": "",
        "step_time": 0.0176393985748291
    },
    {
        "index": 31,
        "step": "declare split1_def[simp] split2_def[simp]",
        "output": "",
        "raw_output": "",
        "step_time": 0.0059130191802978516
    },
    {
        "index": 32,
        "step": "lemma split3_simp[simp]: \"split3 f (a, b, c) = f a b c\"",
        "output": "",
        "raw_output": "proof (prove)\ngoal (1 subgoal):\n 1. split3 f (a, b, c) = f a b c",
        "step_time": 0.008657217025756836
    },
    {
        "index": 33,
        "step": "by (simp add: split3_def)",
        "output": "",
        "raw_output": "",
        "step_time": 0.006244182586669922
    },
    {
        "index": 34,
        "step": "lemma split4_simp[simp]: \"split4 f (a, b, c, d) = f a b c d\"",
        "output": "",
        "raw_output": "proof (prove)\ngoal (1 subgoal):\n 1. split4 f (a, b, c, d) = f a b c d",
        "step_time": 0.009346485137939453
    },
    {
        "index": 35,
        "step": "by (simp add: split4_def)",
        "output": "",
        "raw_output": "",
        "step_time": 0.00724482536315918
    },
    {
        "index": 36,
        "step": "lemma split5_simp[simp]: \"split5 f (a, b, c, d, e) = f a b c d e\"",
        "output": "",
        "raw_output": "proof (prove)\ngoal (1 subgoal):\n 1. split5 f (a, b, c, d, e) = f a b c d e",
        "step_time": 0.010223150253295898
    },
    {
        "index": 37,
        "step": "by (simp add: split5_def)",
        "output": "",
        "raw_output": "",
        "step_time": 0.008494377136230469
    },
    {
        "index": 38,
        "step": "definition\n \"Just \\<equiv> Some\"",
        "output": "",
        "raw_output": "",
        "step_time": 0.011295795440673828
    },
    {
        "index": 39,
        "step": "definition\n \"Nothing \\<equiv> None\"",
        "output": "",
        "raw_output": "",
        "step_time": 0.009327888488769531
    },
    {
        "index": 40,
        "step": "definition\n \"fromJust \\<equiv> the\"",
        "output": "",
        "raw_output": "",
        "step_time": 0.011599540710449219
    },
    {
        "index": 41,
        "step": "definition\n \"isJust x \\<equiv> x \\<noteq> None\"",
        "output": "",
        "raw_output": "",
        "step_time": 0.012230157852172852
    },
    {
        "index": 42,
        "step": "definition\n \"tail \\<equiv> tl\"",
        "output": "",
        "raw_output": "",
        "step_time": 0.011755943298339844
    },
    {
        "index": 43,
        "step": "definition\n \"head \\<equiv> hd\"",
        "output": "",
        "raw_output": "",
        "step_time": 0.012243509292602539
    },
    {
        "index": 44,
        "step": "definition\n  error :: \"unit list \\<Rightarrow> 'a\" where\n \"error \\<equiv> \\<lambda>x. undefined\"",
        "output": "",
        "raw_output": "",
        "step_time": 0.012135028839111328
    },
    {
        "index": 45,
        "step": "definition\n \"reverse \\<equiv> rev\"",
        "output": "",
        "raw_output": "",
        "step_time": 0.009422779083251953
    },
    {
        "index": 46,
        "step": "definition\n \"isNothing x \\<equiv> x = None\"",
        "output": "",
        "raw_output": "",
        "step_time": 0.012920379638671875
    },
    {
        "index": 47,
        "step": "definition\n \"maybeApply \\<equiv> option_map\"",
        "output": "",
        "raw_output": "",
        "step_time": 0.010058164596557617
    },
    {
        "index": 48,
        "step": "definition\n \"maybe \\<equiv> case_option\"",
        "output": "",
        "raw_output": "",
        "step_time": 0.013228416442871094
    },
    {
        "index": 49,
        "step": "definition\n \"foldR f init L \\<equiv> foldr f L init\"",
        "output": "",
        "raw_output": "",
        "step_time": 0.014775276184082031
    },
    {
        "index": 50,
        "step": "definition\n \"elem x L \\<equiv> x \\<in> set L\"",
        "output": "",
        "raw_output": "",
        "step_time": 0.011044502258300781
    },
    {
        "index": 51,
        "step": "definition\n \"notElem x L \\<equiv> x \\<notin> set L\"",
        "output": "",
        "raw_output": "",
        "step_time": 0.013213872909545898
    },
    {
        "index": 52,
        "step": "type_synonym ordering = bool",
        "output": "",
        "raw_output": "",
        "step_time": 0.005306720733642578
    },
    {
        "index": 53,
        "step": "definition\n  compare :: \"('a :: ord) \\<Rightarrow> 'a \\<Rightarrow> ordering\" where\n  \"compare \\<equiv> (<)\"",
        "output": "",
        "raw_output": "",
        "step_time": 0.01244664192199707
    },
    {
        "index": 54,
        "step": "primrec\n  insertBy :: \"('a \\<Rightarrow> 'a \\<Rightarrow> bool) \\<Rightarrow> 'a \\<Rightarrow> 'a list \\<Rightarrow> 'a list\"\nwhere\n  \"insertBy f a [] = [a]\"\n| \"insertBy f a (b # bs) = (if (f a b) then (a # b # bs) else (b # (insertBy f a bs)))\"",
        "output": "",
        "raw_output": "",
        "step_time": 0.02125096321105957
    },
    {
        "index": 55,
        "step": "lemma insertBy_length [simp]:\n  \"length (insertBy f a as) = (1 + length as)\"",
        "output": "",
        "raw_output": "proof (prove)\ngoal (1 subgoal):\n 1. length (insertBy f a as) = 1 + length as",
        "step_time": 0.0059130191802978516
    },
    {
        "index": 56,
        "step": "by (induct as) simp_all",
        "output": "",
        "raw_output": "",
        "step_time": 0.014761686325073242
    },
    {
        "index": 57,
        "step": "primrec\n  sortBy :: \"('a \\<Rightarrow> 'a \\<Rightarrow> ordering) \\<Rightarrow> 'a list \\<Rightarrow> 'a list\"\nwhere\n  \"sortBy f [] = []\"\n| \"sortBy f (a # as) = insertBy f a (sortBy f as)\"",
        "output": "",
        "raw_output": "",
        "step_time": 0.01881694793701172
    },
    {
        "index": 58,
        "step": "lemma sortBy_length:\n  \"length (sortBy f as) = length as\"",
        "output": "",
        "raw_output": "proof (prove)\ngoal (1 subgoal):\n 1. length (sortBy f as) = length as",
        "step_time": 0.006414651870727539
    },
    {
        "index": 59,
        "step": "by (induct as) simp_all",
        "output": "",
        "raw_output": "",
        "step_time": 0.010010004043579102
    },
    {
        "index": 60,
        "step": "definition\n \"sortH \\<equiv> sortBy compare\"",
        "output": "",
        "raw_output": "",
        "step_time": 0.013698577880859375
    },
    {
        "index": 61,
        "step": "definition\n \"catMaybes \\<equiv> (map the) \\<circ> (filter isJust)\"",
        "output": "",
        "raw_output": "",
        "step_time": 0.013640165328979492
    },
    {
        "index": 62,
        "step": "definition\n \"runExceptT \\<equiv> id\"",
        "output": "",
        "raw_output": "",
        "step_time": 0.012313365936279297
    },
    {
        "index": 63,
        "step": "declare Just_def[simp] Nothing_def[simp] fromJust_def[simp]\n      isJust_def[simp] tail_def[simp] head_def[simp]\n      error_def[simp] reverse_def[simp] isNothing_def[simp]\n      maybeApply_def[simp] maybe_def[simp]\n      foldR_def[simp] elem_def[simp] notElem_def[simp]\n      catMaybes_def[simp] runExceptT_def[simp]",
        "output": "",
        "raw_output": "",
        "step_time": 0.008707523345947266
    },
    {
        "index": 64,
        "step": "definition\n \"headM L \\<equiv> (case L of (h # t) \\<Rightarrow> return h | _ \\<Rightarrow> fail)\"",
        "output": "",
        "raw_output": "",
        "step_time": 0.013536214828491211
    },
    {
        "index": 65,
        "step": "definition\n \"tailM L \\<equiv> (case L of (h # t) \\<Rightarrow> return t | _ \\<Rightarrow> fail)\"",
        "output": "",
        "raw_output": "",
        "step_time": 0.053043365478515625
    },
    {
        "index": 66,
        "step": "axiomatization\n  typeOf :: \"'a \\<Rightarrow> unit list\"",
        "output": "",
        "raw_output": "",
        "step_time": 0.008641481399536133
    },
    {
        "index": 67,
        "step": "definition\n \"either f1 f2 c \\<equiv> case c of Inl r1 \\<Rightarrow> f1 r1 | Inr r2 \\<Rightarrow> f2 r2\"",
        "output": "",
        "raw_output": "",
        "step_time": 0.014547586441040039
    },
    {
        "index": 68,
        "step": "lemma either_simp[simp]: \"either = case_sum\"",
        "output": "",
        "raw_output": "proof (prove)\ngoal (1 subgoal):\n 1. either = case_sum",
        "step_time": 0.005638837814331055
    },
    {
        "index": 69,
        "step": "apply (rule ext)+",
        "output": "",
        "raw_output": "proof (prove)\ngoal (1 subgoal):\n 1. \\<And>x xa xb. either x xa xb = (case xb of Inl xa \\<Rightarrow> x xa | Inr x \\<Rightarrow> xa x)",
        "step_time": 0.004908561706542969
    },
    {
        "index": 70,
        "step": "apply (simp add: either_def)",
        "output": "",
        "raw_output": "proof (prove)\ngoal:\nNo subgoals!",
        "step_time": 0.03711748123168945
    },
    {
        "index": 71,
        "step": "done",
        "output": "",
        "raw_output": "",
        "step_time": 0.0042231082916259766
    },
    {
        "index": 72,
        "step": "class HS_bit = semiring_bit_operations +\n  fixes shiftL :: \"'a \\<Rightarrow> nat \\<Rightarrow> 'a\"\n  fixes shiftR :: \"'a \\<Rightarrow> nat \\<Rightarrow> 'a\"\n  fixes bitSize :: \"'a \\<Rightarrow> nat\"",
        "output": "",
        "raw_output": "",
        "step_time": 0.5999293327331543
    },
    {
        "index": 73,
        "step": "instantiation word :: (len) HS_bit\nbegin",
        "output": "",
        "raw_output": "",
        "step_time": 0.0070154666900634766
    },
    {
        "index": 74,
        "step": "definition\n  shiftL_word[simp]: \"(shiftL :: 'a::len word \\<Rightarrow> nat \\<Rightarrow> 'a word) \\<equiv> shiftl\"",
        "output": "",
        "raw_output": "",
        "step_time": 0.019712448120117188
    },
    {
        "index": 75,
        "step": "definition\n  shiftR_word[simp]: \"(shiftR :: 'a::len word \\<Rightarrow> nat \\<Rightarrow> 'a word) \\<equiv> shiftr\"",
        "output": "",
        "raw_output": "",
        "step_time": 0.021960735321044922
    },
    {
        "index": 76,
        "step": "definition\n  bitSize_word[simp]: \"(bitSize :: 'a::len word \\<Rightarrow> nat) \\<equiv> size\"",
        "output": "",
        "raw_output": "",
        "step_time": 0.01958322525024414
    },
    {
        "index": 77,
        "step": "instance",
        "output": "",
        "raw_output": "proof (prove)\ngoal (1 subgoal):\n 1. OFCLASS('a word, HS_bit_class)",
        "step_time": 0.00519871711730957
    },
    {
        "index": 78,
        "step": "..",
        "output": "",
        "raw_output": "",
        "step_time": 0.010148763656616211
    },
    {
        "index": 79,
        "step": "end",
        "output": "",
        "raw_output": "",
        "step_time": 0.004213094711303711
    },
    {
        "index": 80,
        "step": "instantiation nat ::  HS_bit\nbegin",
        "output": "",
        "raw_output": "",
        "step_time": 0.0055544376373291016
    },
    {
        "index": 81,
        "step": "definition\n  shiftL_nat: \"shiftL (x :: nat) n \\<equiv> (2 ^ n) * x\"",
        "output": "",
        "raw_output": "",
        "step_time": 0.018148183822631836
    },
    {
        "index": 82,
        "step": "definition\n  shiftR_nat: \"shiftR (x :: nat) n \\<equiv> x div (2 ^ n)\"",
        "output": "",
        "raw_output": "",
        "step_time": 0.02093815803527832
    },
    {
        "index": 83,
        "step": "text \\<open>bitSize not defined for nat\\<close>",
        "output": "",
        "raw_output": "",
        "step_time": 0.0041713714599609375
    },
    {
        "index": 84,
        "step": "instance",
        "output": "",
        "raw_output": "proof (prove)\ngoal (1 subgoal):\n 1. OFCLASS(nat, HS_bit_class)",
        "step_time": 0.005235195159912109
    },
    {
        "index": 85,
        "step": "..",
        "output": "",
        "raw_output": "",
        "step_time": 0.01457357406616211
    },
    {
        "index": 86,
        "step": "end",
        "output": "",
        "raw_output": "",
        "step_time": 0.004190921783447266
    },
    {
        "index": 87,
        "step": "class finiteBit = ring_bit_operations +\n  fixes finiteBitSize :: \"'a \\<Rightarrow> nat\"",
        "output": "",
        "raw_output": "",
        "step_time": 0.9972066879272461
    },
    {
        "index": 88,
        "step": "instantiation word :: (len) finiteBit\nbegin",
        "output": "",
        "raw_output": "",
        "step_time": 0.007448673248291016
    },
    {
        "index": 89,
        "step": "definition\n  finiteBitSize_word[simp]: \"(finiteBitSize :: 'a::len word \\<Rightarrow> nat) \\<equiv> size\"",
        "output": "",
        "raw_output": "",
        "step_time": 0.018476486206054688
    },
    {
        "index": 90,
        "step": "instance",
        "output": "",
        "raw_output": "proof (prove)\ngoal (1 subgoal):\n 1. OFCLASS('a word, finiteBit_class)",
        "step_time": 0.00559544563293457
    },
    {
        "index": 91,
        "step": "..",
        "output": "",
        "raw_output": "",
        "step_time": 0.011701107025146484
    },
    {
        "index": 92,
        "step": "end",
        "output": "",
        "raw_output": "",
        "step_time": 0.005340576171875
    },
    {
        "index": 93,
        "step": "definition bit :: \"nat \\<Rightarrow> 'a::{one,HS_bit}\" where\n  bit_def[simp]: \"bit x \\<equiv> shiftL 1 x\"",
        "output": "",
        "raw_output": "",
        "step_time": 0.014224052429199219
    },
    {
        "index": 94,
        "step": "definition\n\"isAligned x n \\<equiv> x && mask n = 0\"",
        "output": "",
        "raw_output": "",
        "step_time": 0.014204025268554688
    },
    {
        "index": 95,
        "step": "class integral = ord +\n  fixes fromInteger :: \"nat \\<Rightarrow> 'a\"\n  fixes toInteger :: \"'a \\<Rightarrow> nat\"\n  assumes integral_inv: \"fromInteger \\<circ> toInteger = id\"",
        "output": "",
        "raw_output": "",
        "step_time": 0.11273956298828125
    },
    {
        "index": 96,
        "step": "instantiation nat :: integral\nbegin",
        "output": "",
        "raw_output": "",
        "step_time": 0.007165431976318359
    },
    {
        "index": 97,
        "step": "definition\n fromInteger_nat: \"fromInteger \\<equiv> id\"",
        "output": "",
        "raw_output": "",
        "step_time": 0.01969599723815918
    },
    {
        "index": 98,
        "step": "definition\n toInteger_nat: \"toInteger \\<equiv> id\"",
        "output": "",
        "raw_output": "",
        "step_time": 0.01771402359008789
    },
    {
        "index": 99,
        "step": "instance",
        "output": "",
        "raw_output": "proof (prove)\ngoal (1 subgoal):\n 1. OFCLASS(nat, integral_class)",
        "step_time": 0.005338191986083984
    },
    {
        "index": 100,
        "step": "apply (intro_classes)",
        "output": "",
        "raw_output": "proof (prove)\ngoal (1 subgoal):\n 1. fromInteger \\<circ> toInteger = id",
        "step_time": 0.014093160629272461
    },
    {
        "index": 101,
        "step": "apply (simp add: toInteger_nat fromInteger_nat)",
        "output": "",
        "raw_output": "proof (prove)\ngoal:\nNo subgoals!",
        "step_time": 0.0069048404693603516
    },
    {
        "index": 102,
        "step": "done",
        "output": "",
        "raw_output": "",
        "step_time": 0.00563359260559082
    },
    {
        "index": 103,
        "step": "end",
        "output": "",
        "raw_output": "",
        "step_time": 0.004564523696899414
    },
    {
        "index": 104,
        "step": "instantiation word :: (len) integral\nbegin",
        "output": "",
        "raw_output": "",
        "step_time": 0.0052602291107177734
    },
    {
        "index": 105,
        "step": "definition\n fromInteger_word: \"fromInteger \\<equiv> of_nat :: nat \\<Rightarrow> 'a::len word\"",
        "output": "",
        "raw_output": "",
        "step_time": 0.018059253692626953
    },
    {
        "index": 106,
        "step": "definition\n toInteger_word: \"toInteger \\<equiv> unat\"",
        "output": "",
        "raw_output": "",
        "step_time": 0.0196988582611084
    },
    {
        "index": 107,
        "step": "instance",
        "output": "",
        "raw_output": "proof (prove)\ngoal (1 subgoal):\n 1. OFCLASS('a word, integral_class)",
        "step_time": 0.005773782730102539
    },
    {
        "index": 108,
        "step": "apply (intro_classes)",
        "output": "",
        "raw_output": "proof (prove)\ngoal (1 subgoal):\n 1. fromInteger \\<circ> toInteger = id",
        "step_time": 0.013795614242553711
    },
    {
        "index": 109,
        "step": "apply (rule ext)",
        "output": "",
        "raw_output": "proof (prove)\ngoal (1 subgoal):\n 1. \\<And>x. (fromInteger \\<circ> toInteger) x = id x",
        "step_time": 0.005614042282104492
    },
    {
        "index": 110,
        "step": "apply (simp add: toInteger_word fromInteger_word)",
        "output": "",
        "raw_output": "proof (prove)\ngoal:\nNo subgoals!",
        "step_time": 0.005193471908569336
    },
    {
        "index": 111,
        "step": "done",
        "output": "",
        "raw_output": "",
        "step_time": 0.0044994354248046875
    },
    {
        "index": 112,
        "step": "end",
        "output": "",
        "raw_output": "",
        "step_time": 0.003869771957397461
    },
    {
        "index": 113,
        "step": "definition\n  fromIntegral :: \"('a :: integral) \\<Rightarrow> ('b :: integral)\" where\n \"fromIntegral \\<equiv> fromInteger \\<circ> toInteger\"",
        "output": "",
        "raw_output": "",
        "step_time": 0.012511253356933594
    },
    {
        "index": 114,
        "step": "lemma fromIntegral_simp1[simp]: \"(fromIntegral :: nat \\<Rightarrow> ('a :: len) word) = of_nat\"",
        "output": "",
        "raw_output": "proof (prove)\ngoal (1 subgoal):\n 1. fromIntegral = word_of_nat",
        "step_time": 0.0061070919036865234
    },
    {
        "index": 115,
        "step": "by (simp add: fromIntegral_def fromInteger_word toInteger_nat)",
        "output": "",
        "raw_output": "",
        "step_time": 0.00617218017578125
    },
    {
        "index": 116,
        "step": "lemma fromIntegral_simp2[simp]: \"fromIntegral = unat\"",
        "output": "",
        "raw_output": "proof (prove)\ngoal (1 subgoal):\n 1. fromIntegral = unat",
        "step_time": 0.0061244964599609375
    },
    {
        "index": 117,
        "step": "by (simp add: fromIntegral_def fromInteger_nat toInteger_word)",
        "output": "",
        "raw_output": "",
        "step_time": 0.00580596923828125
    },
    {
        "index": 118,
        "step": "lemma fromIntegral_simp3[simp]: \"fromIntegral = ucast\"",
        "output": "",
        "raw_output": "proof (prove)\ngoal (1 subgoal):\n 1. fromIntegral = UCAST('a \\<rightarrow> 'b)",
        "step_time": 0.0061321258544921875
    },
    {
        "index": 119,
        "step": "unfolding fromIntegral_def fromInteger_word toInteger_word",
        "output": "",
        "raw_output": "proof (prove)\ngoal (1 subgoal):\n 1. word_of_nat \\<circ> unat = UCAST('a \\<rightarrow> 'b)",
        "step_time": 0.004984855651855469
    },
    {
        "index": 120,
        "step": "by force",
        "output": "",
        "raw_output": "",
        "step_time": 0.0074956417083740234
    },
    {
        "index": 121,
        "step": "lemma fromIntegral_simp_nat[simp]: \"(fromIntegral :: nat \\<Rightarrow> nat) = id\"",
        "output": "",
        "raw_output": "proof (prove)\ngoal (1 subgoal):\n 1. fromIntegral = id",
        "step_time": 0.004904031753540039
    },
    {
        "index": 122,
        "step": "by (simp add: fromIntegral_def fromInteger_nat toInteger_nat)",
        "output": "",
        "raw_output": "",
        "step_time": 0.005575656890869141
    },
    {
        "index": 123,
        "step": "definition\n  infix_apply :: \"'a \\<Rightarrow> ('a \\<Rightarrow> 'b \\<Rightarrow> 'c) \\<Rightarrow> 'b \\<Rightarrow> 'c\" (\"_ `~_~` _\" [81, 100, 80] 80) where\n  infix_apply_def[simp]:\n \"a `~f~` b \\<equiv> f a b\"",
        "output": "",
        "raw_output": "",
        "step_time": 0.016017436981201172
    },
    {
        "index": 124,
        "step": "definition\n  zip3 :: \"'a list \\<Rightarrow> 'b list \\<Rightarrow> 'c list \\<Rightarrow> ('a \\<times> 'b \\<times> 'c) list\" where\n \"zip3 a b c \\<equiv> zip a (zip b c)\"",
        "output": "",
        "raw_output": "",
        "step_time": 0.017414093017578125
    },
    {
        "index": 125,
        "step": "\n\n(* avoid even attempting haskell's show class *)\n",
        "output": "",
        "raw_output": "",
        "step_time": 0.004183053970336914
    },
    {
        "index": 126,
        "step": "definition\n \"show\" :: \"'a \\<Rightarrow> unit list\" where\n \"show x \\<equiv> []\"",
        "output": "",
        "raw_output": "",
        "step_time": 0.013169050216674805
    },
    {
        "index": 127,
        "step": "lemma show_simp_away[simp]: \"S @ show t = S\"",
        "output": "",
        "raw_output": "proof (prove)\ngoal (1 subgoal):\n 1. S @ show t = S",
        "step_time": 0.00675201416015625
    },
    {
        "index": 128,
        "step": "by (simp add: show_def)",
        "output": "",
        "raw_output": "",
        "step_time": 0.004873037338256836
    },
    {
        "index": 129,
        "step": "definition\n \"andList \\<equiv> foldl (\\<and>) True\"",
        "output": "",
        "raw_output": "",
        "step_time": 0.010192155838012695
    },
    {
        "index": 130,
        "step": "definition\n \"orList \\<equiv> foldl (\\<or>) False\"",
        "output": "",
        "raw_output": "",
        "step_time": 0.010435342788696289
    },
    {
        "index": 131,
        "step": "primrec\n  mapAccumL :: \"('a \\<Rightarrow> 'b \\<Rightarrow> 'a \\<times> 'c) \\<Rightarrow> 'a \\<Rightarrow> 'b list \\<Rightarrow> 'a \\<times> ('c list)\"\nwhere\n  \"mapAccumL f s [] = (s, [])\"\n| \"mapAccumL f s (x#xs) = (\n     let (s', r) = f s x;\n         (s'', rs) = mapAccumL f s' xs\n     in (s'', r#rs)\n  )\"",
        "output": "",
        "raw_output": "",
        "step_time": 0.028240680694580078
    },
    {
        "index": 132,
        "step": "primrec\n  untilM :: \"('b \\<Rightarrow> ('s, 'a option) nondet_monad) \\<Rightarrow> 'b list \\<Rightarrow> ('s, 'a option) nondet_monad\"\nwhere\n  \"untilM f [] = return None\"\n| \"untilM f (x#xs) = do\n    r \\<leftarrow> f x;\n    case r of\n      None     \\<Rightarrow> untilM f xs\n    | Some res \\<Rightarrow> return (Some res)\n  od\"",
        "output": "",
        "raw_output": "",
        "step_time": 0.028448104858398438
    },
    {
        "index": 133,
        "step": "primrec\n  untilME :: \"('c \\<Rightarrow> ('s, ('a + 'b option)) nondet_monad) \\<Rightarrow> 'c list \\<Rightarrow> ('s, 'a + 'b option) nondet_monad\"\nwhere\n  \"untilME f [] = returnOk None\"\n| \"untilME f (x#xs) = doE\n    r \\<leftarrow> f x;\n    case r of\n      None     \\<Rightarrow> untilME f xs\n    | Some res \\<Rightarrow> returnOk (Some res)\n  odE\"",
        "output": "",
        "raw_output": "",
        "step_time": 0.13706183433532715
    },
    {
        "index": 134,
        "step": "primrec\n  findM :: \"('a \\<Rightarrow> ('s, bool) nondet_monad) \\<Rightarrow> 'a list \\<Rightarrow> ('s, 'a option) nondet_monad\"\nwhere\n  \"findM f [] = return None\"\n| \"findM f (x#xs) = do\n    r \\<leftarrow> f x;\n    if r\n      then return (Some x)\n      else findM f xs\n  od\"",
        "output": "",
        "raw_output": "",
        "step_time": 0.11264801025390625
    },
    {
        "index": 135,
        "step": "primrec\n  findME :: \"('a \\<Rightarrow> ('s, ('e + bool)) nondet_monad) \\<Rightarrow> 'a list \\<Rightarrow> ('s, ('e + 'a option)) nondet_monad\"\nwhere\n  \"findME f [] = returnOk None\"\n| \"findME f (x#xs) = doE\n    r \\<leftarrow> f x;\n    if r\n      then returnOk (Some x)\n      else findME f xs\n  odE\"",
        "output": "",
        "raw_output": "",
        "step_time": 0.025128602981567383
    },
    {
        "index": 136,
        "step": "primrec\n  tails :: \"'a list \\<Rightarrow> 'a list list\"\nwhere\n  \"tails [] = [[]]\"\n| \"tails (x#xs) = (x#xs)#(tails xs)\"",
        "output": "",
        "raw_output": "",
        "step_time": 0.019897937774658203
    },
    {
        "index": 137,
        "step": "lemma finite_surj_type:\n  \"\\<lbrakk> (\\<forall>x. \\<exists>y. (x :: 'b) = f (y :: 'a)); finite (UNIV :: 'a set) \\<rbrakk> \\<Longrightarrow> finite (UNIV :: 'b set)\"",
        "output": "",
        "raw_output": "proof (prove)\ngoal (1 subgoal):\n 1. \\<lbrakk>\\<forall>x. \\<exists>y. x = f y; finite UNIV\\<rbrakk> \\<Longrightarrow> finite UNIV",
        "step_time": 0.008218050003051758
    },
    {
        "index": 138,
        "step": "apply (erule finite_surj)",
        "output": "",
        "raw_output": "proof (prove)\ngoal (1 subgoal):\n 1. \\<forall>x. \\<exists>y. x = f y \\<Longrightarrow> UNIV \\<subseteq> range ?f",
        "step_time": 0.005749702453613281
    },
    {
        "index": 139,
        "step": "apply safe",
        "output": "",
        "raw_output": "proof (prove)\ngoal (1 subgoal):\n 1. \\<And>x. \\<lbrakk>\\<forall>x. \\<exists>y. x = f y; x \\<in> UNIV\\<rbrakk> \\<Longrightarrow> x \\<in> range ?f",
        "step_time": 0.0065402984619140625
    },
    {
        "index": 140,
        "step": "apply (erule allE)",
        "output": "",
        "raw_output": "proof (prove)\ngoal (1 subgoal):\n 1. \\<And>x. \\<lbrakk>x \\<in> UNIV; \\<exists>y. ?x3 x = f y\\<rbrakk> \\<Longrightarrow> x \\<in> range ?f",
        "step_time": 0.006009817123413086
    },
    {
        "index": 141,
        "step": "apply safe",
        "output": "",
        "raw_output": "proof (prove)\ngoal (1 subgoal):\n 1. \\<And>x y. \\<lbrakk>x \\<in> UNIV; ?x3 x = f y\\<rbrakk> \\<Longrightarrow> x \\<in> range ?f",
        "step_time": 0.005299091339111328
    },
    {
        "index": 142,
        "step": "apply (erule image_eqI)",
        "output": "",
        "raw_output": "proof (prove)\ngoal (1 subgoal):\n 1. \\<And>x y. x \\<in> UNIV \\<Longrightarrow> y \\<in> UNIV",
        "step_time": 0.004805088043212891
    },
    {
        "index": 143,
        "step": "apply simp",
        "output": "",
        "raw_output": "proof (prove)\ngoal:\nNo subgoals!",
        "step_time": 0.004740715026855469
    },
    {
        "index": 144,
        "step": "done",
        "output": "",
        "raw_output": "",
        "step_time": 0.004832029342651367
    },
    {
        "index": 145,
        "step": "lemma finite_finite[simp]: \"finite (s :: ('a :: finite) set)\"",
        "output": "",
        "raw_output": "proof (prove)\ngoal (1 subgoal):\n 1. finite s",
        "step_time": 0.00542449951171875
    },
    {
        "index": 146,
        "step": "by simp",
        "output": "",
        "raw_output": "",
        "step_time": 0.005268573760986328
    },
    {
        "index": 147,
        "step": "lemma finite_inv_card_less':\n  \"U = (UNIV :: ('a :: finite) set) \\<Longrightarrow> (card (U - insert a s) < card (U - s)) = (a \\<notin> s)\"",
        "output": "",
        "raw_output": "proof (prove)\ngoal (1 subgoal):\n 1. U = UNIV \\<Longrightarrow> (card (U - insert a s) < card (U - s)) = (a \\<notin> s)",
        "step_time": 0.012000322341918945
    },
    {
        "index": 148,
        "step": "apply (case_tac \"a \\<in> s\")",
        "output": "",
        "raw_output": "proof (prove)\ngoal (2 subgoals):\n 1. \\<lbrakk>U = UNIV; a \\<in> s\\<rbrakk> \\<Longrightarrow> (card (U - insert a s) < card (U - s)) = (a \\<notin> s)\n 2. \\<lbrakk>U = UNIV; a \\<notin> s\\<rbrakk> \\<Longrightarrow> (card (U - insert a s) < card (U - s)) = (a \\<notin> s)",
        "step_time": 0.008091449737548828
    },
    {
        "index": 149,
        "step": "apply (simp_all add: insert_absorb)",
        "output": "",
        "raw_output": "proof (prove)\ngoal (1 subgoal):\n 1. \\<lbrakk>U = UNIV; a \\<notin> s\\<rbrakk> \\<Longrightarrow> card (UNIV - s) - Suc 0 < card (UNIV - s)",
        "step_time": 0.021623611450195312
    },
    {
        "index": 150,
        "step": "apply (subgoal_tac \"card s < card U\")",
        "output": "",
        "raw_output": "proof (prove)\ngoal (2 subgoals):\n 1. \\<lbrakk>U = UNIV; a \\<notin> s; card s < card U\\<rbrakk> \\<Longrightarrow> card (UNIV - s) - Suc 0 < card (UNIV - s)\n 2. \\<lbrakk>U = UNIV; a \\<notin> s\\<rbrakk> \\<Longrightarrow> card s < card U",
        "step_time": 0.008152246475219727
    },
    {
        "index": 151,
        "step": "apply (simp add: card_Diff_subset)",
        "output": "",
        "raw_output": "proof (prove)\ngoal (1 subgoal):\n 1. \\<lbrakk>U = UNIV; a \\<notin> s\\<rbrakk> \\<Longrightarrow> card s < card U",
        "step_time": 0.043467044830322266
    },
    {
        "index": 152,
        "step": "apply (rule psubset_card_mono)",
        "output": "",
        "raw_output": "proof (prove)\ngoal (2 subgoals):\n 1. \\<lbrakk>U = UNIV; a \\<notin> s\\<rbrakk> \\<Longrightarrow> finite U\n 2. \\<lbrakk>U = UNIV; a \\<notin> s\\<rbrakk> \\<Longrightarrow> s \\<subset> U",
        "step_time": 0.005132436752319336
    },
    {
        "index": 153,
        "step": "apply safe",
        "output": "",
        "raw_output": "proof (prove)\ngoal (3 subgoals):\n 1. \\<lbrakk>a \\<notin> s; U = UNIV\\<rbrakk> \\<Longrightarrow> finite UNIV\n 2. \\<And>x. \\<lbrakk>a \\<notin> s; U = UNIV; x \\<in> s\\<rbrakk> \\<Longrightarrow> x \\<in> UNIV\n 3. \\<lbrakk>a \\<notin> UNIV; U = UNIV; s = UNIV\\<rbrakk> \\<Longrightarrow> False",
        "step_time": 0.0077054500579833984
    },
    {
        "index": 154,
        "step": "apply simp_all",
        "output": "",
        "raw_output": "proof (prove)\ngoal:\nNo subgoals!",
        "step_time": 0.006231069564819336
    },
    {
        "index": 155,
        "step": "done",
        "output": "",
        "raw_output": "",
        "step_time": 0.006164073944091797
    },
    {
        "index": 156,
        "step": "lemma finite_inv_card_less:\n   \"(card (UNIV - insert (a :: ('a :: finite)) s) < card (UNIV - s)) = (a \\<notin> s)\"",
        "output": "",
        "raw_output": "proof (prove)\ngoal (1 subgoal):\n 1. (card (UNIV - insert a s) < card (UNIV - s)) = (a \\<notin> s)",
        "step_time": 0.009691953659057617
    },
    {
        "index": 157,
        "step": "by (simp add: finite_inv_card_less')",
        "output": "",
        "raw_output": "",
        "step_time": 0.012093544006347656
    },
    {
        "index": 158,
        "step": "definition\n  \"minimum ls \\<equiv> Min (set ls)\"",
        "output": "",
        "raw_output": "",
        "step_time": 0.014751195907592773
    },
    {
        "index": 159,
        "step": "definition\n  \"maximum ls \\<equiv> Max (set ls)\"",
        "output": "",
        "raw_output": "",
        "step_time": 0.01211237907409668
    },
    {
        "index": 160,
        "step": "primrec (nonexhaustive)\n  hdCons :: \"'a \\<Rightarrow> 'a list list \\<Rightarrow> 'a list list\"\nwhere\n \"hdCons x (ys # zs) = (x # ys) # zs\"",
        "output": "",
        "raw_output": "",
        "step_time": 0.019816160202026367
    },
    {
        "index": 161,
        "step": "primrec\n  rangesBy :: \"('a \\<Rightarrow> 'a \\<Rightarrow> bool) \\<Rightarrow> 'a list \\<Rightarrow> 'a list list\"\nwhere\n  \"rangesBy f [] = []\"\n| \"rangesBy f (x # xs) =\n    (case xs of [] \\<Rightarrow> [[x]]\n             | (y # ys) \\<Rightarrow> if (f x y) then hdCons x (rangesBy f xs)\n                                     else [x] # (rangesBy f xs))\"",
        "output": "",
        "raw_output": "",
        "step_time": 0.02339792251586914
    },
    {
        "index": 162,
        "step": "definition\n  partition :: \"('a \\<Rightarrow> bool) \\<Rightarrow> 'a list \\<Rightarrow> 'a list \\<times> 'a list\" where\n \"partition f xs \\<equiv> (filter f xs, filter (\\<lambda>x. \\<not> f x) xs)\"",
        "output": "",
        "raw_output": "",
        "step_time": 0.02011847496032715
    },
    {
        "index": 163,
        "step": "definition\n  listSubtract :: \"'a list \\<Rightarrow> 'a list \\<Rightarrow> 'a list\" where\n \"listSubtract xs ys \\<equiv> filter (\\<lambda>x. x \\<in> set ys) xs\"",
        "output": "",
        "raw_output": "",
        "step_time": 0.016994714736938477
    },
    {
        "index": 164,
        "step": "definition\n  init :: \"'a list \\<Rightarrow> 'a list\" where\n \"init xs \\<equiv> case (length xs) of Suc n \\<Rightarrow> take n xs | _ \\<Rightarrow> undefined\"",
        "output": "",
        "raw_output": "",
        "step_time": 0.026774168014526367
    },
    {
        "index": 165,
        "step": "primrec\n  break :: \"('a \\<Rightarrow> bool) \\<Rightarrow> 'a list \\<Rightarrow> ('a list \\<times> 'a list)\"\nwhere\n  \"break f []       = ([], [])\"\n| \"break f (x # xs) =\n   (if f x\n    then ([], x # xs)\n    else (\\<lambda>(ys, zs). (x # ys, zs)) (break f xs))\"",
        "output": "",
        "raw_output": "",
        "step_time": 0.020091533660888672
    },
    {
        "index": 166,
        "step": "definition\n \"uncurry \\<equiv> case_prod\"",
        "output": "",
        "raw_output": "",
        "step_time": 0.00863790512084961
    },
    {
        "index": 167,
        "step": "definition\n  sum :: \"'a list \\<Rightarrow> 'a::{plus,zero}\" where\n \"sum \\<equiv> foldl (+) 0\"",
        "output": "",
        "raw_output": "",
        "step_time": 0.013219833374023438
    },
    {
        "index": 168,
        "step": "definition\n \"replicateM n m \\<equiv> sequence (replicate n m)\"",
        "output": "",
        "raw_output": "",
        "step_time": 0.014823198318481445
    },
    {
        "index": 169,
        "step": "definition\n  maybeToMonad_def[simp]:\n \"maybeToMonad \\<equiv> assert_opt\"",
        "output": "",
        "raw_output": "",
        "step_time": 0.013710260391235352
    },
    {
        "index": 170,
        "step": "definition\n  funArray :: \"('a \\<Rightarrow> 'b) \\<Rightarrow> ('a \\<Rightarrow> 'b)\"  where\n  funArray_def[simp]:\n \"funArray \\<equiv> id\"",
        "output": "",
        "raw_output": "",
        "step_time": 0.01261591911315918
    },
    {
        "index": 171,
        "step": "definition\n  funPartialArray :: \"('a \\<Rightarrow> 'b) \\<Rightarrow> ('a :: enumeration_alt \\<times> 'a) \\<Rightarrow> ('a \\<Rightarrow> 'b)\"  where\n \"funPartialArray f xrange \\<equiv> \\<lambda>x. (if x \\<in> set [fst xrange .e. snd xrange] then f x else undefined)\"",
        "output": "",
        "raw_output": "",
        "step_time": 0.016170501708984375
    },
    {
        "index": 172,
        "step": "definition\n  forM_def[simp]:\n \"forM xs f \\<equiv> mapM f xs\"",
        "output": "",
        "raw_output": "",
        "step_time": 0.01316213607788086
    },
    {
        "index": 173,
        "step": "definition\n  forM_x_def[simp]:\n \"forM_x xs f \\<equiv> mapM_x f xs\"",
        "output": "",
        "raw_output": "",
        "step_time": 0.015636920928955078
    },
    {
        "index": 174,
        "step": "definition\n  forME_x_def[simp]:\n \"forME_x xs f \\<equiv> mapME_x f xs\"",
        "output": "",
        "raw_output": "",
        "step_time": 0.016048908233642578
    },
    {
        "index": 175,
        "step": "definition\n  arrayListUpdate :: \"('a \\<Rightarrow> 'b) \\<Rightarrow> ('a \\<times> 'b) list \\<Rightarrow> ('a \\<Rightarrow> 'b)\" (infixl \"aLU\" 90)\nwhere\n  arrayListUpdate_def[simp]:\n  \"arrayListUpdate f l  \\<equiv> foldl (\\<lambda>f p. f(fst p := snd p)) f l\"",
        "output": "",
        "raw_output": "",
        "step_time": 0.019407987594604492
    },
    {
        "index": 176,
        "step": "definition\n \"genericTake \\<equiv> take \\<circ> fromIntegral\"",
        "output": "",
        "raw_output": "",
        "step_time": 0.015281200408935547
    },
    {
        "index": 177,
        "step": "definition\n \"genericLength \\<equiv> fromIntegral \\<circ> length\"",
        "output": "",
        "raw_output": "",
        "step_time": 0.01627206802368164
    },
    {
        "index": 178,
        "step": "abbreviation\n  \"null == List.null\"",
        "output": "",
        "raw_output": "",
        "step_time": 0.006063938140869141
    },
    {
        "index": 179,
        "step": "syntax (input)\n  \"_listcompr\" :: \"'a \\<Rightarrow> lc_qual \\<Rightarrow> lc_quals \\<Rightarrow> 'a list\"  (\"[_ | __\")",
        "output": "",
        "raw_output": "",
        "step_time": 0.005026340484619141
    },
    {
        "index": 180,
        "step": "lemma \"[(x,1) . x \\<leftarrow> [0..10]] = [(x,1) | x \\<leftarrow> [0..10]]\"",
        "output": "",
        "raw_output": "proof (prove)\ngoal (1 subgoal):\n 1. map (\\<lambda>x. (x, 1::'a)) [0..10] = map (\\<lambda>x. (x, 1::'a)) [0..10]",
        "step_time": 0.00896453857421875
    },
    {
        "index": 181,
        "step": "by (rule refl)",
        "output": "",
        "raw_output": "",
        "step_time": 0.0052318572998046875
    },
    {
        "index": 182,
        "step": "definition ohaskell_fail :: \"unit list \\<Rightarrow> ('s, 'a) lookup\" where\n  \"ohaskell_fail = K ofail\"",
        "output": "",
        "raw_output": "",
        "step_time": 0.01384115219116211
    },
    {
        "index": 183,
        "step": "definition ohaskell_assert :: \"bool \\<Rightarrow> unit list \\<Rightarrow> ('s, unit) lookup\" where\n  \"ohaskell_assert P ls \\<equiv> if P then oreturn () else ofail\"",
        "output": "",
        "raw_output": "",
        "step_time": 0.014973163604736328
    },
    {
        "index": 184,
        "step": "lemma no_ofail_ohaskell_assert[wp]:\n  \"no_ofail (\\<lambda>_. P) (ohaskell_assert P [])\"",
        "output": "",
        "raw_output": "proof (prove)\ngoal (1 subgoal):\n 1. no_ofail (\\<lambda>_. P) (ohaskell_assert P [])",
        "step_time": 0.007281780242919922
    },
    {
        "index": 185,
        "step": "by (clarsimp simp: no_ofail_def ohaskell_assert_def)",
        "output": "",
        "raw_output": "",
        "step_time": 0.007543325424194336
    },
    {
        "index": 186,
        "step": "lemma ohaskell_assert_wp[wp]:\n  \"\\<lblot>\\<lambda>s. Q \\<longrightarrow> P () s\\<rblot> ohaskell_assert Q [] \\<lblot>P\\<rblot>\"",
        "output": "",
        "raw_output": "proof (prove)\ngoal (1 subgoal):\n 1. \\<lblot>\\<lambda>s. Q \\<longrightarrow> P () s\\<rblot> ohaskell_assert Q [] \\<lblot>P\\<rblot>",
        "step_time": 0.006171464920043945
    },
    {
        "index": 187,
        "step": "apply (clarsimp simp: ohaskell_assert_def)",
        "output": "",
        "raw_output": "proof (prove)\ngoal (1 subgoal):\n 1. (Q \\<longrightarrow> \\<lblot>P ()\\<rblot> oreturn () \\<lblot>P\\<rblot>) \\<and> (\\<not> Q \\<longrightarrow> \\<lblot>\\<lambda>s. True\\<rblot> ofail \\<lblot>P\\<rblot>)",
        "step_time": 0.007610797882080078
    },
    {
        "index": 188,
        "step": "apply (intro conjI; wpsimp)",
        "output": "",
        "raw_output": "proof (prove)\ngoal:\nNo subgoals!",
        "step_time": 0.010406970977783203
    },
    {
        "index": 189,
        "step": "done",
        "output": "",
        "raw_output": "",
        "step_time": 0.004391670227050781
    },
    {
        "index": 190,
        "step": "lemma ohaskell_assert_sp:\n  \"\\<lblot>P\\<rblot> ohaskell_assert Q [] \\<lblot>\\<lambda>_ s. P s \\<and> Q\\<rblot>\"",
        "output": "",
        "raw_output": "proof (prove)\ngoal (1 subgoal):\n 1. \\<lblot>P\\<rblot> ohaskell_assert Q [] \\<lblot>\\<lambda>_ s. P s \\<and> Q\\<rblot>",
        "step_time": 0.006227731704711914
    },
    {
        "index": 191,
        "step": "apply (clarsimp simp: ohaskell_assert_def)",
        "output": "",
        "raw_output": "proof (prove)\ngoal (1 subgoal):\n 1. (Q \\<longrightarrow> \\<lblot>P\\<rblot> oreturn () \\<lblot>\\<lambda>_. P\\<rblot>) \\<and> (\\<not> Q \\<longrightarrow> \\<lblot>P\\<rblot> ofail \\<lblot>\\<lambda>_ s. False\\<rblot>)",
        "step_time": 0.006486177444458008
    },
    {
        "index": 192,
        "step": "apply (intro conjI; wpsimp)",
        "output": "",
        "raw_output": "proof (prove)\ngoal:\nNo subgoals!",
        "step_time": 0.009834051132202148
    },
    {
        "index": 193,
        "step": "done",
        "output": "",
        "raw_output": "",
        "step_time": 0.004567146301269531
    },
    {
        "index": 194,
        "step": "lemma gets_the_ohaskell_assert:\n  \"gets_the (ohaskell_assert P []) = assert P\"",
        "output": "",
        "raw_output": "proof (prove)\ngoal (1 subgoal):\n 1. gets_the (ohaskell_assert P []) = assert P",
        "step_time": 0.005526542663574219
    },
    {
        "index": 195,
        "step": "by (clarsimp simp: ohaskell_assert_def split: if_splits)",
        "output": "",
        "raw_output": "",
        "step_time": 0.007691144943237305
    },
    {
        "index": 196,
        "step": "lemmas omonad_defs = omonad_defs ohaskell_assert_def ohaskell_fail_def",
        "output": "",
        "raw_output": "",
        "step_time": 0.008174657821655273
    },
    {
        "index": 197,
        "step": "end",
        "output": "",
        "raw_output": "",
        "step_time": 0.005274057388305664
    }
]