[
    {
        "index": 0,
        "step": "(*\n * Copyright 2022, Proofcraft Pty Ltd\n *\n * SPDX-License-Identifier: BSD-2-Clause\n *)\n\n(* Manipulation of eta-contractable terms taking into account their bound name. *)\n\n",
        "output": "",
        "raw_output": "",
        "step_time": 0.004787921905517578
    },
    {
        "index": 1,
        "step": "theory Named_Eta\nimports Main\nbegin",
        "output": "",
        "raw_output": "",
        "step_time": 0.0045778751373291016
    },
    {
        "index": 2,
        "step": "\n\n(* Eta-contraction applied only to lambda terms where the abstracted variable has a specific name.\n   Primary use-case is getting rid of such terms where the name is an empty string. Such situations\n   may arise during unification, especially involving schematics that depend on constants.\n\n   Ordinarily this would not be an issue, but it inhibits preservation of bound names during further\n   unification, which is especially relevant during symbolic execution.\n\n   For example, when we have some kind of \\<open>P (do my_name <- f; g my_name)\\<close> and apply a rule that\n   includes \\<open>\\<And>rv. P (g rv) \\<Longrightarrow> P (g >>= (\\<lambda>rv. g rv))\\<close>, we want to get \\<open>P (g my_name)\\<close> and *not*\n   \\<open>P (g rv)\\<close>!\n\n   This ability of unification to preserve names will not work if the goal internally looks like:\n   \\<open>P (\\<lambda>a. (do my_name <- (\\<lambda>a. f a); (\\<lambda>a. (g my_name) a) a)\\<close> (where \"a\" is the output for \"\")\n   because to unify with these extra bound variables, you'd first need to eta-contract, which will\n   take out the my_name binding as well. *)\n\n",
        "output": "",
        "raw_output": "",
        "step_time": 0.005089759826660156
    },
    {
        "index": 3,
        "step": "ML \\<open>\nstructure Named_Eta = struct\n\n(* copied from Pure/envir.ML *)\nfun decr lev (Bound i) = if i >= lev then Bound (i - 1) else raise Same.SAME\n  | decr lev (Abs (a, T, body)) = Abs (a, T, decr (lev + 1) body)\n  | decr lev (t $ u) = (decr lev t $ decrh lev u handle Same.SAME => t $ decr lev u)\n  | decr _ _ = raise Same.SAME\nand decrh lev t = (decr lev t handle Same.SAME => t);\n\n(* copied from Pure/envir.ML and modified to only target a specific bound variable name (i.e. \"\") *)\nfun named_eta name (Abs (a, T, body)) =\n    if a = name then\n      (case named_eta name body of\n          body' as (f $ Bound 0) =>\n            if Term.is_dependent f then Abs (a, T, body')\n            else decrh 0 f\n       | body' => Abs (a, T, body')) handle Same.SAME =>\n          (case body of\n            f $ Bound 0 =>\n              if Term.is_dependent f then raise Same.SAME\n              else decrh 0 f\n          | _ => raise Same.SAME)\n     else Abs (a, T, named_eta name body)\n  | named_eta name (t $ u) =\n      (named_eta name t $ Same.commit (named_eta name) u handle Same.SAME => t $ named_eta name u)\n  | named_eta _ _ = raise Same.SAME;\n\nfun named_eta_contract name t = Same.commit (named_eta name) t\n\n(* To make a conversion out of this partial eta contraction function, we observe that a\n   partially eta-contracted term is eta-equivalent with the original term. This means: if\n   we fully eta contract the partially contracted term and fully eta contract the original\n   term, we must get the same normal form. That in turn means we have \"partial == norm\" and\n   \"full == norm\", so with transitivity and symmetry, we get \"full == partial\", which is\n   the theorem we want out of a conversion. *)\nfun named_eta_conv name ctxt ct =\n  let val eta_full_eq = Thm.eta_conversion ct\n      val eta_partial_ct = Thm.cterm_of ctxt (named_eta_contract name (Thm.term_of ct))\n      val eta_partial_eq = Thm.eta_conversion eta_partial_ct\n  in\n    Thm.transitive eta_full_eq (Thm.symmetric eta_partial_eq)\n  end\n\nend;\n\n(* Apply as a tactic *)\nfun named_eta_tac name ctxt = CONVERSION (Named_Eta.named_eta_conv name ctxt) 1\nval no_name_eta_tac = named_eta_tac \"\"\n\\<close>",
        "output": "",
        "raw_output": "",
        "step_time": 0.018344879150390625
    },
    {
        "index": 4,
        "step": "method_setup no_name_eta = \\<open>Scan.succeed (fn ctxt => SIMPLE_METHOD (no_name_eta_tac ctxt))\\<close>\n  \"Perform eta-contraction only on bound variables that do not have a name.\"",
        "output": "",
        "raw_output": "",
        "step_time": 0.009000301361083984
    },
    {
        "index": 5,
        "step": "method_setup named_eta = \\<open>Scan.lift Parse.name >> (fn v => fn ctxt => SIMPLE_METHOD (named_eta_tac v ctxt))\\<close>\n  \"Perform eta-contraction only on bound variables with a specific name.\"",
        "output": "",
        "raw_output": "",
        "step_time": 0.009041786193847656
    },
    {
        "index": 6,
        "step": "end",
        "output": "",
        "raw_output": "",
        "step_time": 0.005108356475830078
    }
]