[
    {
        "index": 0,
        "step": "(*\n * Copyright 2020, Data61, CSIRO (ABN 41 687 119 230)\n *\n * SPDX-License-Identifier: BSD-2-Clause\n *)\n\n",
        "output": "",
        "raw_output": "",
        "step_time": 0.006506443023681641
    },
    {
        "index": 1,
        "step": "theory SplitRule\nimports Main\nbegin",
        "output": "",
        "raw_output": "",
        "step_time": 0.004480838775634766
    },
    {
        "index": 2,
        "step": "ML \\<open>\n\nfun str_of_term t = Pretty.string_of (Syntax.pretty_term @{context} t)\n\nstructure SplitSimps = struct\n\nval conjunct_rules = foldr1 (fn (a, b) => [a, b] MRS conjI);\n\nfun was_split t = let\n    val is_free_eq_imp = is_Free o fst o HOLogic.dest_eq\n              o fst o HOLogic.dest_imp;\n    val get_conjs = HOLogic.dest_conj o HOLogic.dest_Trueprop;\n    fun dest_alls (Const (\"HOL.All\", _) $ Abs (_, _, t)) = dest_alls t\n      | dest_alls t = t;\n  in forall (is_free_eq_imp o dest_alls) (get_conjs t) end\n        handle TERM _ => false;\n\nfun apply_split ctxt split t = Seq.of_list let\n    val (t', thaw) = Misc_Legacy.freeze_thaw_robust ctxt t;\n  in (map (thaw 0) (filter (was_split o Thm.prop_of) ([t'] RL [split]))) end;\n\nfun forward_tac rules t = Seq.of_list ([t] RL rules);\n\nval refl_imp = refl RSN (2, mp);\n\nval get_rules_once_split =\n  REPEAT (forward_tac [conjunct1, conjunct2])\n    THEN REPEAT (forward_tac [spec])\n    THEN (forward_tac [refl_imp]);\n\nfun do_split ctxt split = let\n    val split' = split RS iffD1;\n    val split_rhs = Thm.concl_of (fst (Misc_Legacy.freeze_thaw_robust ctxt split'));\n  in if was_split split_rhs\n     then apply_split ctxt split' THEN get_rules_once_split\n     else raise TERM (\"malformed split rule: \" ^ (str_of_term split_rhs), [split_rhs])\n  end;\n\nval atomize_meta_eq = forward_tac [meta_eq_to_obj_eq];\n\nfun better_split ctxt splitthms thm = conjunct_rules\n  (Seq.list_of ((TRY atomize_meta_eq\n                 THEN (REPEAT (FIRST (map (do_split ctxt) splitthms)))) thm));\n\nval split_att\n  = Attrib.thms >>\n    (fn thms => Thm.rule_attribute thms (fn context => better_split (Context.proof_of context) thms));\n\n\nend;\n\n\\<close>",
        "output": "",
        "raw_output": "",
        "step_time": 0.028101444244384766
    },
    {
        "index": 3,
        "step": "ML \\<open>\nval split_att_setup =\n  Attrib.setup @{binding split_simps} SplitSimps.split_att\n    \"split rule involving case construct into multiple simp rules\";\n\\<close>",
        "output": "",
        "raw_output": "",
        "step_time": 0.008651494979858398
    },
    {
        "index": 4,
        "step": "setup split_att_setup",
        "output": "",
        "raw_output": "",
        "step_time": 0.00523686408996582
    },
    {
        "index": 5,
        "step": "definition\n  split_rule_test :: \"((nat => 'a) + ('b * (('b => 'a) option))) => ('a => nat) => nat\"\nwhere\n \"split_rule_test x f = f (case x of Inl af \\<Rightarrow> af 1\n    | Inr (b, None) => inv f 0\n    | Inr (b, Some g) => g b)\"",
        "output": "",
        "raw_output": "",
        "step_time": 0.048528432846069336
    },
    {
        "index": 6,
        "step": "lemmas split_rule_test_simps\n    = split_rule_test_def[split_simps sum.split prod.split option.split]",
        "output": "",
        "raw_output": "",
        "step_time": 0.009383678436279297
    },
    {
        "index": 7,
        "step": "end",
        "output": "",
        "raw_output": "",
        "step_time": 0.005617380142211914
    }
]