[
    {
        "index": 0,
        "step": "(*\n * Copyright 2020, Data61, CSIRO (ABN 41 687 119 230)\n *\n * SPDX-License-Identifier: BSD-2-Clause\n *)\n\n",
        "output": "",
        "raw_output": "",
        "step_time": 0.027974843978881836
    },
    {
        "index": 1,
        "step": "text \\<open>\n  term_pat: ML antiquotation for pattern matching on terms.\n\n  See TermPatternAntiquote_Tests for examples and tests.\n\\<close>",
        "output": "",
        "raw_output": "",
        "step_time": 0.026062965393066406
    },
    {
        "index": 2,
        "step": "theory TermPatternAntiquote imports\n  Pure\nbegin",
        "output": "",
        "raw_output": "",
        "step_time": 0.03654789924621582
    },
    {
        "index": 3,
        "step": "ML \\<open>\nstructure Term_Pattern_Antiquote = struct\n\nval quote_string = quote\n\n(* typ matching; doesn't support matching on named TVars.\n * This is because each TVar is likely to appear many times in the pattern. *)\nfun gen_typ_pattern (TVar _) = \"_\"\n  | gen_typ_pattern (TFree (v, sort)) =\n      \"Term.TFree (\" ^ quote_string v ^ \", [\" ^ commas (map quote_string sort) ^ \"])\"\n  | gen_typ_pattern (Type (typ_head, args)) =\n      \"Term.Type (\" ^ quote_string typ_head ^ \", [\" ^ commas (map gen_typ_pattern args) ^ \"])\"\n\n(* term matching; does support matching on named (non-dummy) Vars.\n * The ML var generated will be identical to the Var name except in\n * indexed names like \"?v1.2\", which creates the var \"v12\". *)\nfun gen_term_pattern (Var ((\"_dummy_\", _), _)) = \"_\"\n  | gen_term_pattern (Var ((v, 0), _)) = v\n  | gen_term_pattern (Var ((v, n), _)) = v ^ string_of_int n\n  | gen_term_pattern (Const (n, typ)) =\n      \"Term.Const (\" ^ quote_string n ^ \", \" ^ gen_typ_pattern typ ^ \")\"\n  | gen_term_pattern (Free (n, typ)) =\n      \"Term.Free (\" ^ quote_string n ^ \", \" ^ gen_typ_pattern typ ^ \")\"\n  | gen_term_pattern (t as f $ x) =\n      (* (read_term_pattern \"_\") \"helpfully\" generates a dummy var that is\n       * applied to all bound vars in scope. We go back and remove them. *)\n      let fun default () = \"(\" ^ gen_term_pattern f ^ \" $ \" ^ gen_term_pattern x ^ \")\";\n      in case strip_comb t of\n             (h as Var ((\"_dummy_\", _), _), bs) =>\n               if forall is_Bound bs then gen_term_pattern h else default ()\n           | _ => default () end\n  | gen_term_pattern (Abs (_, typ, t)) =\n      \"Term.Abs (_, \" ^ gen_typ_pattern typ ^ \", \" ^ gen_term_pattern t ^ \")\"\n  | gen_term_pattern (Bound n) = \"Bound \" ^ string_of_int n\n\n(* Create term pattern. All Var names must be distinct in order to generate ML variables. *)\nfun term_pattern_antiquote ctxt s =\n  let val pat = Proof_Context.read_term_pattern ctxt s\n      val add_var_names' = fold_aterms (fn Var (v, _) => curry (op ::) v | _ => I);\n      val vars = add_var_names' pat [] |> filter (fn (n, _) => n <> \"_dummy_\")\n      val _ = if vars = distinct (op =) vars then () else\n                raise TERM (\"Pattern contains duplicate vars\", [pat])\n  in \"(\" ^ gen_term_pattern pat ^ \")\" end\n\nend;\nval _ = Context.>> (Context.map_theory (\n    ML_Antiquotation.inline @{binding \"term_pat\"}\n      ((Args.context -- Scan.lift Parse.embedded_inner_syntax)\n         >> uncurry Term_Pattern_Antiquote.term_pattern_antiquote)))\n\\<close>",
        "output": "",
        "raw_output": "",
        "step_time": 0.05554986000061035
    },
    {
        "index": 4,
        "step": "end",
        "output": "",
        "raw_output": "",
        "step_time": 0.028743743896484375
    }
]