[
    {
        "index": 0,
        "step": "(*\n * Copyright 2020, Data61, CSIRO (ABN 41 687 119 230)\n *\n * SPDX-License-Identifier: GPL-2.0-only\n *)\n\n",
        "output": "",
        "raw_output": "",
        "step_time": 0.005808830261230469
    },
    {
        "index": 1,
        "step": "theory ProofHelpers_DP\nimports\n  Kernel_DP\n  \"SepDSpec.Frame_SD\"\nbegin",
        "output": "",
        "raw_output": "",
        "step_time": 0.006598711013793945
    },
    {
        "index": 2,
        "step": "crunch_ignore (add:\n  Nondet_Monad.bind return \"when\" get gets fail\n  assert put modify unless select\n  alternative assert_opt gets_the\n  returnOk throwError lift bindE\n  liftE whenE unlessE throw_opt\n  assertE liftM liftME sequence_x\n  zipWithM_x mapM_x sequence mapM sequenceE_x\n  mapME_x catch select_f\n  handleE' handleE handle_elseE forM forM_x\n  zipWithM)",
        "output": "",
        "raw_output": "",
        "step_time": 0.008587837219238281
    },
    {
        "index": 3,
        "step": "crunch_ignore (add:\n  throw)",
        "output": "",
        "raw_output": "",
        "step_time": 0.006318569183349609
    },
    {
        "index": 4,
        "step": "lemmas crunch_wps =\n  hoare_drop_imps mapM_wp' mapM_x_wp'",
        "output": "",
        "raw_output": "",
        "step_time": 0.021579265594482422
    },
    {
        "index": 5,
        "step": "lemmas crunch_simps = split_def whenE_def unlessE_def Let_def if_fun_split\n                      assertE_def zipWithM_mapM zipWithM_x_mapM",
        "output": "",
        "raw_output": "",
        "step_time": 0.013996124267578125
    },
    {
        "index": 6,
        "step": "lemma do_kernel_op_wp:\n  assumes \"\\<lbrace> P \\<rbrace> f \\<lbrace> \\<lambda>_ s. Q s \\<rbrace>\"\n  shows \"\\<lbrace> P \\<circ> kernel_state \\<rbrace> do_kernel_op f \\<lbrace> \\<lambda>_ s. Q (kernel_state s) \\<rbrace>\"",
        "output": "",
        "raw_output": "proof (prove)\ngoal (1 subgoal):\n 1. \\<lbrace>P \\<circ> kernel_state\\<rbrace> do_kernel_op f \\<lbrace>\\<lambda>_ s. Q (kernel_state s)\\<rbrace>",
        "step_time": 0.1369016170501709
    },
    {
        "index": 7,
        "step": "using assms",
        "output": "",
        "raw_output": "proof (prove)\nusing this:\n\\<lbrace>P\\<rbrace> f \\<lbrace>\\<lambda>_. Q\\<rbrace>\n\ngoal (1 subgoal):\n 1. \\<lbrace>P \\<circ> kernel_state\\<rbrace> do_kernel_op f \\<lbrace>\\<lambda>_ s. Q (kernel_state s)\\<rbrace>",
        "step_time": 0.008436918258666992
    },
    {
        "index": 8,
        "step": "apply (simp only: do_kernel_op_def split_def)",
        "output": "",
        "raw_output": "proof (prove)\ngoal (1 subgoal):\n 1. \\<lbrace>P\\<rbrace> f \\<lbrace>\\<lambda>_. Q\\<rbrace> \\<Longrightarrow> \\<lbrace>P \\<circ> kernel_state\\<rbrace> do ms <- gets kernel_state;\np <- select_f (f ms);\nmodify (kernel_state_update (\\<lambda>_. snd p));\nreturn (fst p)\nod \\<lbrace>\\<lambda>_ s. Q (kernel_state s)\\<rbrace>",
        "step_time": 0.010145187377929688
    },
    {
        "index": 9,
        "step": "apply wp",
        "output": "",
        "raw_output": "proof (prove)\ngoal (1 subgoal):\n 1. \\<And>s. \\<lbrakk>\\<lbrace>P\\<rbrace> f \\<lbrace>\\<lambda>_. Q\\<rbrace>; (P \\<circ> kernel_state) s\\<rbrakk> \\<Longrightarrow> \\<forall>x\\<in>fst (f (kernel_state s)). Q (kernel_state (s\\<lparr>kernel_state := snd x\\<rparr>))",
        "step_time": 0.016979217529296875
    },
    {
        "index": 10,
        "step": "apply (simp add: valid_def split_def)",
        "output": "",
        "raw_output": "proof (prove)\ngoal:\nNo subgoals!",
        "step_time": 0.014748811721801758
    },
    {
        "index": 11,
        "step": "done",
        "output": "",
        "raw_output": "",
        "step_time": 0.00853419303894043
    },
    {
        "index": 12,
        "step": "lemma do_kernel_op_wp2:\n  assumes \"\\<And>s. \\<lbrace> P s \\<rbrace> f \\<lbrace> \\<lambda>rv s'. Q rv (s \\<lparr> kernel_state := s' \\<rparr>) \\<rbrace>\"\n  shows \"\\<lbrace> \\<lambda>s. P s (kernel_state s) \\<rbrace> do_kernel_op f \\<lbrace> Q \\<rbrace>\"",
        "output": "",
        "raw_output": "proof (prove)\ngoal (1 subgoal):\n 1. \\<lbrace>\\<lambda>s. P s (kernel_state s)\\<rbrace> do_kernel_op f \\<lbrace>Q\\<rbrace>",
        "step_time": 0.012526750564575195
    },
    {
        "index": 13,
        "step": "using assms",
        "output": "",
        "raw_output": "proof (prove)\nusing this:\n\\<lbrace>P ?s\\<rbrace> f \\<lbrace>\\<lambda>rv s'. Q rv (?s\\<lparr>kernel_state := s'\\<rparr>)\\<rbrace>\n\ngoal (1 subgoal):\n 1. \\<lbrace>\\<lambda>s. P s (kernel_state s)\\<rbrace> do_kernel_op f \\<lbrace>Q\\<rbrace>",
        "step_time": 0.007720947265625
    },
    {
        "index": 14,
        "step": "apply (simp only: do_kernel_op_def split_def)",
        "output": "",
        "raw_output": "proof (prove)\ngoal (1 subgoal):\n 1. (\\<And>s. \\<lbrace>P s\\<rbrace> f \\<lbrace>\\<lambda>rv s'. Q rv (s\\<lparr>kernel_state := s'\\<rparr>)\\<rbrace>) \\<Longrightarrow> \\<lbrace>\\<lambda>s. P s (kernel_state s)\\<rbrace> do ms <- gets kernel_state;\np <- select_f (f ms);\nmodify (kernel_state_update (\\<lambda>_. snd p));\nreturn (fst p)\nod \\<lbrace>Q\\<rbrace>",
        "step_time": 0.010624885559082031
    },
    {
        "index": 15,
        "step": "apply wp",
        "output": "",
        "raw_output": "proof (prove)\ngoal (1 subgoal):\n 1. \\<And>s. \\<lbrakk>\\<And>s. \\<lbrace>P s\\<rbrace> f \\<lbrace>\\<lambda>rv s'. Q rv (s\\<lparr>kernel_state := s'\\<rparr>)\\<rbrace>; P s (kernel_state s)\\<rbrakk> \\<Longrightarrow> \\<forall>x\\<in>fst (f (kernel_state s)). Q (fst x) (s\\<lparr>kernel_state := snd x\\<rparr>)",
        "step_time": 0.01835799217224121
    },
    {
        "index": 16,
        "step": "apply (simp add: valid_def split_def)",
        "output": "",
        "raw_output": "proof (prove)\ngoal:\nNo subgoals!",
        "step_time": 0.011125326156616211
    },
    {
        "index": 17,
        "step": "done",
        "output": "",
        "raw_output": "",
        "step_time": 0.006673336029052734
    },
    {
        "index": 18,
        "step": "lemma option_select_none_wp [wp]:\n  \"\\<lbrace>\\<lambda>s. P s \\<and> xs = {}\\<rbrace>\n    option_select xs\n   \\<lbrace>\\<lambda>rv s. P s \\<and> K (rv = None) s\\<rbrace>\"",
        "output": "",
        "raw_output": "proof (prove)\ngoal (1 subgoal):\n 1. \\<lbrace>\\<lambda>s. P s \\<and> xs = {}\\<rbrace> option_select xs \\<lbrace>\\<lambda>rv s. P s \\<and> K (rv = None) s\\<rbrace>",
        "step_time": 0.01467132568359375
    },
    {
        "index": 19,
        "step": "apply (clarsimp simp: option_select_def)",
        "output": "",
        "raw_output": "proof (prove)\ngoal (1 subgoal):\n 1. xs = {} \\<Longrightarrow> \\<lbrace>P\\<rbrace> return None \\<lbrace>\\<lambda>rv s. P s \\<and> rv = None\\<rbrace>",
        "step_time": 0.010681390762329102
    },
    {
        "index": 20,
        "step": "by (wp, simp)",
        "output": "",
        "raw_output": "",
        "step_time": 0.010955810546875
    },
    {
        "index": 21,
        "step": "crunch_ignore (add: call_kernel_with_intent)",
        "output": "",
        "raw_output": "",
        "step_time": 0.005090475082397461
    },
    {
        "index": 22,
        "step": "lemma sep_conj_zip_take_drop:\n  \"\\<lbrakk>n < length xs; length ys = length xs\\<rbrakk> \\<Longrightarrow>\n   (\\<And>* map (\\<lambda>(x, y). f x y) (take n (zip xs ys)) \\<and>*\n    f (xs ! n) a \\<and>*\n    \\<And>* map (\\<lambda>(x, y). f x y) (drop (Suc n) (zip xs ys)))\n  =\n   (\\<And>* map (\\<lambda>(x, y). f x y) (zip xs (take n ys @ a # drop (Suc n) ys)))\"",
        "output": "",
        "raw_output": "proof (prove)\ngoal (1 subgoal):\n 1. \\<lbrakk>n < length xs; length ys = length xs\\<rbrakk> \\<Longrightarrow> (\\<And>* map (\\<lambda>(x, y). f x y) (take n (zip xs ys)) \\<and>* f (xs ! n) a \\<and>* \\<And>* map (\\<lambda>(x, y). f x y) (drop (Suc n) (zip xs ys))) = \\<And>* map2 f xs (take n ys @ a # drop (Suc n) ys)",
        "step_time": 0.034073829650878906
    },
    {
        "index": 23,
        "step": "apply (subst zip_take_drop, assumption, assumption)",
        "output": "",
        "raw_output": "proof (prove)\ngoal (1 subgoal):\n 1. \\<lbrakk>n < length xs; length ys = length xs\\<rbrakk> \\<Longrightarrow> (\\<And>* map (\\<lambda>(x, y). f x y) (take n (zip xs ys)) \\<and>* f (xs ! n) a \\<and>* \\<And>* map (\\<lambda>(x, y). f x y) (drop (Suc n) (zip xs ys))) = \\<And>* map (\\<lambda>(x, y). f x y) (zip (take n xs) (take n ys) @ (xs ! n, a) # zip (drop (Suc n) xs) (drop (Suc n) ys))",
        "step_time": 0.014084339141845703
    },
    {
        "index": 24,
        "step": "apply (subst take_zip)",
        "output": "",
        "raw_output": "proof (prove)\ngoal (1 subgoal):\n 1. \\<lbrakk>n < length xs; length ys = length xs\\<rbrakk> \\<Longrightarrow> (\\<And>* map2 f (take n xs) (take n ys) \\<and>* f (xs ! n) a \\<and>* \\<And>* map (\\<lambda>(x, y). f x y) (drop (Suc n) (zip xs ys))) = \\<And>* map (\\<lambda>(x, y). f x y) (zip (take n xs) (take n ys) @ (xs ! n, a) # zip (drop (Suc n) xs) (drop (Suc n) ys))",
        "step_time": 0.014926910400390625
    },
    {
        "index": 25,
        "step": "apply (subst drop_zip)",
        "output": "",
        "raw_output": "proof (prove)\ngoal (1 subgoal):\n 1. \\<lbrakk>n < length xs; length ys = length xs\\<rbrakk> \\<Longrightarrow> (\\<And>* map2 f (take n xs) (take n ys) \\<and>* f (xs ! n) a \\<and>* \\<And>* map2 f (drop (Suc n) xs) (drop (Suc n) ys)) = \\<And>* map (\\<lambda>(x, y). f x y) (zip (take n xs) (take n ys) @ (xs ! n, a) # zip (drop (Suc n) xs) (drop (Suc n) ys))",
        "step_time": 0.015941619873046875
    },
    {
        "index": 26,
        "step": "apply (clarsimp)",
        "output": "",
        "raw_output": "proof (prove)\ngoal:\nNo subgoals!",
        "step_time": 0.03378129005432129
    },
    {
        "index": 27,
        "step": "done",
        "output": "",
        "raw_output": "",
        "step_time": 0.020499467849731445
    },
    {
        "index": 28,
        "step": "end",
        "output": "",
        "raw_output": "",
        "step_time": 0.007647991180419922
    }
]