[
    {
        "index": 0,
        "step": "(*\n * Copyright 2020, Data61, CSIRO (ABN 41 687 119 230)\n *\n * SPDX-License-Identifier: GPL-2.0-only\n *)\n\n",
        "output": "",
        "raw_output": "",
        "step_time": 0.0035479068756103516
    },
    {
        "index": 1,
        "step": "theory Sep_Tactic_Examples\nimports\n  \"SepDSpec.Sep_Tactic_Helper\"\n  KHeap_DP\nbegin",
        "output": "",
        "raw_output": "",
        "step_time": 0.0036575794219970703
    },
    {
        "index": 2,
        "step": "\n\n\n(* Thesis : Automated Tactics for Seperation Logic *)\n\n(* seperation logic *)\n\n(* after we show that addition and disjointedness on our heap obeys certain laws, we get a seperation algebra *)\n\n(* connectives *)\n\n",
        "output": "",
        "raw_output": "",
        "step_time": 0.003535032272338867
    },
    {
        "index": 3,
        "step": "term \"P \\<and>* Q\"",
        "output": "",
        "raw_output": "",
        "step_time": 0.1308305263519287
    },
    {
        "index": 4,
        "step": "term \"P \\<longrightarrow>* Q\"",
        "output": "",
        "raw_output": "",
        "step_time": 0.0059108734130859375
    },
    {
        "index": 5,
        "step": "lemma frame_rule:\n  \"\\<And>R. \\<lbrace>P\\<rbrace> f \\<lbrace>\\<lambda>_. Q\\<rbrace> \\<Longrightarrow> \\<lbrace>P \\<and>* R\\<rbrace> f \\<lbrace>\\<lambda>_. Q \\<and>* R\\<rbrace>\"",
        "output": "",
        "raw_output": "proof (prove)\ngoal (1 subgoal):\n 1. \\<And>R. \\<lbrace>P\\<rbrace> f \\<lbrace>\\<lambda>_. Q\\<rbrace> \\<Longrightarrow> \\<lbrace>P \\<and>* R\\<rbrace> f \\<lbrace>\\<lambda>_. Q \\<and>* R\\<rbrace>",
        "step_time": 0.011581897735595703
    },
    {
        "index": 6,
        "step": "oops",
        "output": "",
        "raw_output": "",
        "step_time": 0.0044879913330078125
    },
    {
        "index": 7,
        "step": "lemma\n \"\\<lbrace><dest \\<mapsto>c - \\<and>* src \\<mapsto>c cap \\<and>* R>\\<rbrace>\n    move_cap cap' src dest\n  \\<lbrace>\\<lambda>_. <dest \\<mapsto>c cap'  \\<and>* src \\<mapsto>c NullCap \\<and>* R>\\<rbrace>\"",
        "output": "",
        "raw_output": "proof (prove)\ngoal (1 subgoal):\n 1. \\<lbrace>cdl.lift (dest \\<mapsto>c - \\<and>* src \\<mapsto>c cap \\<and>* R)\\<rbrace> move_cap cap' src dest \\<lbrace>\\<lambda>_. cdl.lift (dest \\<mapsto>c cap' \\<and>* src \\<mapsto>c NullCap \\<and>* R)\\<rbrace>",
        "step_time": 0.02034473419189453
    },
    {
        "index": 8,
        "step": "apply (simp add: move_cap_def)",
        "output": "",
        "raw_output": "proof (prove)\ngoal (1 subgoal):\n 1. \\<lbrace>cdl.lift (dest \\<mapsto>c - \\<and>* src \\<mapsto>c cap \\<and>* R)\\<rbrace> do y <- insert_cap_orphan cap' dest;\ny <- set_cap src NullCap;\nswap_parents src dest\nod \\<lbrace>\\<lambda>_. cdl.lift (dest \\<mapsto>c cap' \\<and>* src \\<mapsto>c NullCap \\<and>* R)\\<rbrace>",
        "step_time": 0.020865917205810547
    },
    {
        "index": 9,
        "step": "apply (wp swap_parents_wp set_cap_wp)",
        "output": "",
        "raw_output": "proof (prove)\ngoal (3 subgoals):\n 1. \\<And>y. \\<lbrace>?B1 y\\<rbrace> set_cap src NullCap \\<lbrace>\\<lambda>ya. cdl.lift (dest \\<mapsto>c cap' \\<and>* src \\<mapsto>c NullCap \\<and>* R)\\<rbrace>\n 2. \\<lbrace>?Q\\<rbrace> insert_cap_orphan cap' dest \\<lbrace>?B1\\<rbrace>\n 3. \\<And>s. cdl.lift (dest \\<mapsto>c - \\<and>* src \\<mapsto>c cap \\<and>* R) s \\<Longrightarrow> ?Q s",
        "step_time": 0.030840158462524414
    },
    {
        "index": 10,
        "step": " (* set_cap doesn't apply *)\n",
        "output": "",
        "raw_output": "proof (prove)\ngoal (3 subgoals):\n 1. \\<And>y. \\<lbrace>?B1 y\\<rbrace> set_cap src NullCap \\<lbrace>\\<lambda>ya. cdl.lift (dest \\<mapsto>c cap' \\<and>* src \\<mapsto>c NullCap \\<and>* R)\\<rbrace>\n 2. \\<lbrace>?Q\\<rbrace> insert_cap_orphan cap' dest \\<lbrace>?B1\\<rbrace>\n 3. \\<And>s. cdl.lift (dest \\<mapsto>c - \\<and>* src \\<mapsto>c cap \\<and>* R) s \\<Longrightarrow> ?Q s",
        "step_time": 0.025949716567993164
    },
    {
        "index": 11,
        "step": "thm set_cap_wp[no_vars]",
        "output": "",
        "raw_output": "proof (prove)\ngoal (3 subgoals):\n 1. \\<And>y. \\<lbrace>?B1 y\\<rbrace> set_cap src NullCap \\<lbrace>\\<lambda>ya. cdl.lift (dest \\<mapsto>c cap' \\<and>* src \\<mapsto>c NullCap \\<and>* R)\\<rbrace>\n 2. \\<lbrace>?Q\\<rbrace> insert_cap_orphan cap' dest \\<lbrace>?B1\\<rbrace>\n 3. \\<And>s. cdl.lift (dest \\<mapsto>c - \\<and>* src \\<mapsto>c cap \\<and>* R) s \\<Longrightarrow> ?Q s",
        "step_time": 0.029556989669799805
    },
    {
        "index": 12,
        "step": "apply (rule hoare_strengthen_post)",
        "output": "",
        "raw_output": "proof (prove)\ngoal (4 subgoals):\n 1. \\<And>y. \\<lbrace>?B1 y\\<rbrace> set_cap src NullCap \\<lbrace>?Q4 y\\<rbrace>\n 2. \\<And>y rv s. ?Q4 y rv s \\<Longrightarrow> cdl.lift (dest \\<mapsto>c cap' \\<and>* src \\<mapsto>c NullCap \\<and>* R) s\n 3. \\<lbrace>?Q\\<rbrace> insert_cap_orphan cap' dest \\<lbrace>?B1\\<rbrace>\n 4. \\<And>s. cdl.lift (dest \\<mapsto>c - \\<and>* src \\<mapsto>c cap \\<and>* R) s \\<Longrightarrow> ?Q s",
        "step_time": 0.04780840873718262
    },
    {
        "index": 13,
        "step": "apply (wp set_cap_wp)",
        "output": "",
        "raw_output": "proof (prove)\ngoal (3 subgoals):\n 1. \\<And>y rv s. cdl.lift (src \\<mapsto>c NullCap \\<and>* ?R8 y) s \\<Longrightarrow> cdl.lift (dest \\<mapsto>c cap' \\<and>* src \\<mapsto>c NullCap \\<and>* R) s\n 2. \\<lbrace>?Q\\<rbrace> insert_cap_orphan cap' dest \\<lbrace>\\<lambda>y. cdl.lift (src \\<mapsto>c - \\<and>* ?R8 y)\\<rbrace>\n 3. \\<And>s. cdl.lift (dest \\<mapsto>c - \\<and>* src \\<mapsto>c cap \\<and>* R) s \\<Longrightarrow> ?Q s",
        "step_time": 0.025150060653686523
    },
    {
        "index": 14,
        "step": "apply (clarsimp simp: sep_conj_ac )",
        "output": "",
        "raw_output": "proof (prove)\ngoal (3 subgoals):\n 1. \\<And>s. cdl.lift (?R8 () \\<and>* src \\<mapsto>c NullCap) s \\<Longrightarrow> cdl.lift (R \\<and>* dest \\<mapsto>c cap' \\<and>* src \\<mapsto>c NullCap) s\n 2. \\<lbrace>?Q\\<rbrace> insert_cap_orphan cap' dest \\<lbrace>\\<lambda>y. cdl.lift (src \\<mapsto>c - \\<and>* ?R8 y)\\<rbrace>\n 3. \\<And>s. cdl.lift (dest \\<mapsto>c - \\<and>* src \\<mapsto>c cap \\<and>* R) s \\<Longrightarrow> ?Q s",
        "step_time": 0.01804661750793457
    },
    {
        "index": 15,
        "step": "oops",
        "output": "",
        "raw_output": "",
        "step_time": 0.004991054534912109
    },
    {
        "index": 16,
        "step": "\n\n\n(* tactics we had pre-thesis *)\n\n",
        "output": "",
        "raw_output": "",
        "step_time": 0.0036134719848632812
    },
    {
        "index": 17,
        "step": "lemma \"(A \\<and>* B \\<and>* C \\<and>* D) s  \\<Longrightarrow>  (A \\<and>* B \\<and>* C \\<and>* D) s\"",
        "output": "",
        "raw_output": "proof (prove)\ngoal (1 subgoal):\n 1. (A \\<and>* B \\<and>* C \\<and>* D) s \\<Longrightarrow> (A \\<and>* B \\<and>* C \\<and>* D) s",
        "step_time": 0.008544445037841797
    },
    {
        "index": 18,
        "step": "apply (sep_select 4)",
        "output": "",
        "raw_output": "proof (prove)\ngoal (1 subgoal):\n 1. (A \\<and>* B \\<and>* C \\<and>* D) s \\<Longrightarrow> (D \\<and>* A \\<and>* B \\<and>* C) s",
        "step_time": 0.00774836540222168
    },
    {
        "index": 19,
        "step": "apply (sep_select_asm 3)",
        "output": "",
        "raw_output": "proof (prove)\ngoal (1 subgoal):\n 1. (C \\<and>* A \\<and>* B \\<and>* D) s \\<Longrightarrow> (D \\<and>* A \\<and>* B \\<and>* C) s",
        "step_time": 0.0071141719818115234
    },
    {
        "index": 20,
        "step": "apply (sep_select 2)",
        "output": "",
        "raw_output": "proof (prove)\ngoal (1 subgoal):\n 1. (C \\<and>* A \\<and>* B \\<and>* D) s \\<Longrightarrow> (A \\<and>* D \\<and>* B \\<and>* C) s",
        "step_time": 0.007482767105102539
    },
    {
        "index": 21,
        "step": "apply (sep_cancel)",
        "output": "",
        "raw_output": "proof (prove)\ngoal (1 subgoal):\n 1. \\<And>s. (C \\<and>* B \\<and>* D) s \\<Longrightarrow> (D \\<and>* B \\<and>* C) s",
        "step_time": 0.011297941207885742
    },
    {
        "index": 22,
        "step": "apply (sep_cancel)",
        "output": "",
        "raw_output": "proof (prove)\ngoal (1 subgoal):\n 1. \\<And>s sa. (C \\<and>* B) sa \\<Longrightarrow> (B \\<and>* C) sa",
        "step_time": 0.013833761215209961
    },
    {
        "index": 23,
        "step": "apply (sep_cancel)",
        "output": "",
        "raw_output": "proof (prove)\ngoal:\nNo subgoals!",
        "step_time": 0.010345220565795898
    },
    {
        "index": 24,
        "step": "done",
        "output": "",
        "raw_output": "",
        "step_time": 0.004952430725097656
    },
    {
        "index": 25,
        "step": "\n\n(* forward reasoning *)\n\n\n",
        "output": "",
        "raw_output": "",
        "step_time": 0.004016399383544922
    },
    {
        "index": 26,
        "step": "lemma example_drule:\n  \"(ptr \\<mapsto>o obj) s\n  \\<Longrightarrow> (ptr \\<mapsto>S obj \\<and>* ptr \\<mapsto>f obj) s\"",
        "output": "",
        "raw_output": "proof (prove)\ngoal (1 subgoal):\n 1. (ptr \\<mapsto>o obj) s \\<Longrightarrow> (ptr \\<mapsto>S obj \\<and>* ptr \\<mapsto>f obj) s",
        "step_time": 0.0076274871826171875
    },
    {
        "index": 27,
        "step": "by (metis sep_conj_commute sep_map_o_decomp)",
        "output": "",
        "raw_output": "",
        "step_time": 0.022615432739257812
    },
    {
        "index": 28,
        "step": "lemma sep_drule_example:\n  \"(ptr \\<mapsto>o obj \\<and>* A \\<and>* B ) s\n  \\<Longrightarrow> (A \\<and>* B \\<and>* ptr \\<mapsto>f obj \\<and>* ptr \\<mapsto>S obj) s\"",
        "output": "",
        "raw_output": "proof (prove)\ngoal (1 subgoal):\n 1. (ptr \\<mapsto>o obj \\<and>* A \\<and>* B) s \\<Longrightarrow> (A \\<and>* B \\<and>* ptr \\<mapsto>f obj \\<and>* ptr \\<mapsto>S obj) s",
        "step_time": 0.008867979049682617
    },
    {
        "index": 29,
        "step": "apply (sep_drule  example_drule)",
        "output": "",
        "raw_output": "proof (prove)\ngoal (1 subgoal):\n 1. ((ptr \\<mapsto>S obj \\<and>* ptr \\<mapsto>f obj) \\<and>* A \\<and>* B) s \\<Longrightarrow> (A \\<and>* B \\<and>* ptr \\<mapsto>f obj \\<and>* ptr \\<mapsto>S obj) s",
        "step_time": 0.010141849517822266
    },
    {
        "index": 30,
        "step": "apply (sep_solve)",
        "output": "",
        "raw_output": "proof (prove)\ngoal:\nNo subgoals!",
        "step_time": 0.022545576095581055
    },
    {
        "index": 31,
        "step": "done",
        "output": "",
        "raw_output": "",
        "step_time": 0.0049779415130615234
    },
    {
        "index": 32,
        "step": "\n\n(* backwards reasoning *)\n\n",
        "output": "",
        "raw_output": "",
        "step_time": 0.0037119388580322266
    },
    {
        "index": 33,
        "step": "lemma example_rule:\n  \"(ptr \\<mapsto>f obj \\<and>* ptr \\<mapsto>S obj) s\n  \\<Longrightarrow> (ptr \\<mapsto>o obj) s\"",
        "output": "",
        "raw_output": "proof (prove)\ngoal (1 subgoal):\n 1. (ptr \\<mapsto>f obj \\<and>* ptr \\<mapsto>S obj) s \\<Longrightarrow> (ptr \\<mapsto>o obj) s",
        "step_time": 0.007334470748901367
    },
    {
        "index": 34,
        "step": "by (metis sep_map_o_decomp)",
        "output": "",
        "raw_output": "",
        "step_time": 0.020692110061645508
    },
    {
        "index": 35,
        "step": "lemma sep_rule_example: \"(ptr \\<mapsto>f obj \\<and>* A \\<and>* B \\<and>* ptr \\<mapsto>S obj ) s \\<Longrightarrow> (ptr \\<mapsto>o obj \\<and>* A \\<and>* B) s\"",
        "output": "",
        "raw_output": "proof (prove)\ngoal (1 subgoal):\n 1. (ptr \\<mapsto>f obj \\<and>* A \\<and>* B \\<and>* ptr \\<mapsto>S obj) s \\<Longrightarrow> (ptr \\<mapsto>o obj \\<and>* A \\<and>* B) s",
        "step_time": 0.007333517074584961
    },
    {
        "index": 36,
        "step": "apply (sep_rule example_rule)",
        "output": "",
        "raw_output": "proof (prove)\ngoal (1 subgoal):\n 1. (ptr \\<mapsto>f obj \\<and>* A \\<and>* B \\<and>* ptr \\<mapsto>S obj) s \\<Longrightarrow> ((ptr \\<mapsto>f obj \\<and>* ptr \\<mapsto>S obj) \\<and>* A \\<and>* B) s",
        "step_time": 0.011341333389282227
    },
    {
        "index": 37,
        "step": "apply (sep_solve)",
        "output": "",
        "raw_output": "proof (prove)\ngoal:\nNo subgoals!",
        "step_time": 0.019900083541870117
    },
    {
        "index": 38,
        "step": "done",
        "output": "",
        "raw_output": "",
        "step_time": 0.006560325622558594
    },
    {
        "index": 39,
        "step": "\n\n\n\n(* the state of proving before new stuff *)\n\n",
        "output": "",
        "raw_output": "",
        "step_time": 0.004409074783325195
    },
    {
        "index": 40,
        "step": "lemma swap_cap_wp_old:\n  \"\\<lbrace><dest \\<mapsto>c cap \\<and>*  src \\<mapsto>c cap' \\<and>* R>\\<rbrace>\n    swap_cap cap' src cap dest\n   \\<lbrace>\\<lambda>_.<dest \\<mapsto>c cap' \\<and>* src \\<mapsto>c cap \\<and>* R>\\<rbrace>\"",
        "output": "",
        "raw_output": "proof (prove)\ngoal (1 subgoal):\n 1. \\<lbrace>cdl.lift (dest \\<mapsto>c cap \\<and>* src \\<mapsto>c cap' \\<and>* R)\\<rbrace> swap_cap cap' src cap dest \\<lbrace>\\<lambda>_. cdl.lift (dest \\<mapsto>c cap' \\<and>* src \\<mapsto>c cap \\<and>* R)\\<rbrace>",
        "step_time": 0.01736903190612793
    },
    {
        "index": 41,
        "step": "apply (clarsimp simp add: swap_cap_def)",
        "output": "",
        "raw_output": "proof (prove)\ngoal (1 subgoal):\n 1. \\<lbrace>cdl.lift (dest \\<mapsto>c cap \\<and>* src \\<mapsto>c cap' \\<and>* R)\\<rbrace> do y <- set_cap src cap;\ny <- set_cap dest cap';\nswap_parents src dest\nod \\<lbrace>\\<lambda>_. cdl.lift (dest \\<mapsto>c cap' \\<and>* src \\<mapsto>c cap \\<and>* R)\\<rbrace>",
        "step_time": 0.019571542739868164
    },
    {
        "index": 42,
        "step": "apply (wp swap_parents_wp set_cap_wp)",
        "output": "",
        "raw_output": "proof (prove)\ngoal (2 subgoals):\n 1. \\<lbrace>?Q\\<rbrace> set_cap src cap \\<lbrace>\\<lambda>y. cdl.lift (dest \\<mapsto>c - \\<and>* src \\<mapsto>c cap \\<and>* R)\\<rbrace>\n 2. \\<And>s. cdl.lift (dest \\<mapsto>c cap \\<and>* src \\<mapsto>c cap' \\<and>* R) s \\<Longrightarrow> ?Q s",
        "step_time": 0.017826557159423828
    },
    {
        "index": 43,
        "step": "apply (rule hoare_chain)",
        "output": "",
        "raw_output": "proof (prove)\ngoal (4 subgoals):\n 1. \\<lbrace>?P5\\<rbrace> set_cap src cap \\<lbrace>?Q5\\<rbrace>\n 2. \\<And>s. ?Q s \\<Longrightarrow> ?P5 s\n 3. \\<And>rv s. ?Q5 rv s \\<Longrightarrow> cdl.lift (dest \\<mapsto>c - \\<and>* src \\<mapsto>c cap \\<and>* R) s\n 4. \\<And>s. cdl.lift (dest \\<mapsto>c cap \\<and>* src \\<mapsto>c cap' \\<and>* R) s \\<Longrightarrow> ?Q s",
        "step_time": 0.012323617935180664
    },
    {
        "index": 44,
        "step": "apply (rule set_cap_wp)",
        "output": "",
        "raw_output": "proof (prove)\ngoal (3 subgoals):\n 1. \\<And>s. ?Q s \\<Longrightarrow> cdl.lift (src \\<mapsto>c - \\<and>* ?R9) s\n 2. \\<And>rv s. cdl.lift (src \\<mapsto>c cap \\<and>* ?R9) s \\<Longrightarrow> cdl.lift (dest \\<mapsto>c - \\<and>* src \\<mapsto>c cap \\<and>* R) s\n 3. \\<And>s. cdl.lift (dest \\<mapsto>c cap \\<and>* src \\<mapsto>c cap' \\<and>* R) s \\<Longrightarrow> ?Q s",
        "step_time": 0.024374961853027344
    },
    {
        "index": 45,
        "step": "apply (sep_solve)+",
        "output": "",
        "raw_output": "proof (prove)\ngoal:\nNo subgoals!",
        "step_time": 0.023783206939697266
    },
    {
        "index": 46,
        "step": "done",
        "output": "",
        "raw_output": "",
        "step_time": 0.012555360794067383
    },
    {
        "index": 47,
        "step": "lemma move_cap_wp_old:\n \"\\<lbrace><dest \\<mapsto>c - \\<and>* src \\<mapsto>c cap \\<and>* R>\\<rbrace>\n    move_cap cap' src dest\n  \\<lbrace>\\<lambda>_. <dest \\<mapsto>c cap'  \\<and>* src \\<mapsto>c NullCap \\<and>* R>\\<rbrace>\"",
        "output": "",
        "raw_output": "proof (prove)\ngoal (1 subgoal):\n 1. \\<lbrace>cdl.lift (dest \\<mapsto>c - \\<and>* src \\<mapsto>c cap \\<and>* R)\\<rbrace> move_cap cap' src dest \\<lbrace>\\<lambda>_. cdl.lift (dest \\<mapsto>c cap' \\<and>* src \\<mapsto>c NullCap \\<and>* R)\\<rbrace>",
        "step_time": 0.019162654876708984
    },
    {
        "index": 48,
        "step": "including no_pre",
        "output": "",
        "raw_output": "proof (prove)\ngoal (1 subgoal):\n 1. \\<lbrace>cdl.lift (dest \\<mapsto>c - \\<and>* src \\<mapsto>c cap \\<and>* R)\\<rbrace> move_cap cap' src dest \\<lbrace>\\<lambda>_. cdl.lift (dest \\<mapsto>c cap' \\<and>* src \\<mapsto>c NullCap \\<and>* R)\\<rbrace>",
        "step_time": 0.01393437385559082
    },
    {
        "index": 49,
        "step": "apply (simp add: move_cap_def)",
        "output": "",
        "raw_output": "proof (prove)\ngoal (1 subgoal):\n 1. \\<lbrace>cdl.lift (dest \\<mapsto>c - \\<and>* src \\<mapsto>c cap \\<and>* R)\\<rbrace> do y <- insert_cap_orphan cap' dest;\ny <- set_cap src NullCap;\nswap_parents src dest\nod \\<lbrace>\\<lambda>_. cdl.lift (dest \\<mapsto>c cap' \\<and>* src \\<mapsto>c NullCap \\<and>* R)\\<rbrace>",
        "step_time": 0.019761323928833008
    },
    {
        "index": 50,
        "step": "apply (wp swap_parents_wp)",
        "output": "",
        "raw_output": "proof (prove)\ngoal (2 subgoals):\n 1. \\<And>y. \\<lbrace>?B y\\<rbrace> set_cap src NullCap \\<lbrace>\\<lambda>ya. cdl.lift (dest \\<mapsto>c cap' \\<and>* src \\<mapsto>c NullCap \\<and>* R)\\<rbrace>\n 2. \\<lbrace>cdl.lift (dest \\<mapsto>c - \\<and>* src \\<mapsto>c cap \\<and>* R)\\<rbrace> insert_cap_orphan cap' dest \\<lbrace>?B\\<rbrace>",
        "step_time": 0.024958372116088867
    },
    {
        "index": 51,
        "step": "apply (rule hoare_strengthen_post)",
        "output": "",
        "raw_output": "proof (prove)\ngoal (3 subgoals):\n 1. \\<And>y. \\<lbrace>?B y\\<rbrace> set_cap src NullCap \\<lbrace>?Q3 y\\<rbrace>\n 2. \\<And>y rv s. ?Q3 y rv s \\<Longrightarrow> cdl.lift (dest \\<mapsto>c cap' \\<and>* src \\<mapsto>c NullCap \\<and>* R) s\n 3. \\<lbrace>cdl.lift (dest \\<mapsto>c - \\<and>* src \\<mapsto>c cap \\<and>* R)\\<rbrace> insert_cap_orphan cap' dest \\<lbrace>?B\\<rbrace>",
        "step_time": 0.02486252784729004
    },
    {
        "index": 52,
        "step": "apply (rule set_cap_wp)",
        "output": "",
        "raw_output": "proof (prove)\ngoal (2 subgoals):\n 1. \\<And>y rv s. cdl.lift (src \\<mapsto>c NullCap \\<and>* ?R6 y) s \\<Longrightarrow> cdl.lift (dest \\<mapsto>c cap' \\<and>* src \\<mapsto>c NullCap \\<and>* R) s\n 2. \\<lbrace>cdl.lift (dest \\<mapsto>c - \\<and>* src \\<mapsto>c cap \\<and>* R)\\<rbrace> insert_cap_orphan cap' dest \\<lbrace>\\<lambda>y. cdl.lift (src \\<mapsto>c - \\<and>* ?R6 y)\\<rbrace>",
        "step_time": 0.024480819702148438
    },
    {
        "index": 53,
        "step": "apply (sep_select 2)",
        "output": "",
        "raw_output": "proof (prove)\ngoal (2 subgoals):\n 1. \\<And>y rv s. cdl.lift (src \\<mapsto>c NullCap \\<and>* ?R6 y) s \\<Longrightarrow> cdl.lift (src \\<mapsto>c NullCap \\<and>* dest \\<mapsto>c cap' \\<and>* R) s\n 2. \\<lbrace>cdl.lift (dest \\<mapsto>c - \\<and>* src \\<mapsto>c cap \\<and>* R)\\<rbrace> insert_cap_orphan cap' dest \\<lbrace>\\<lambda>y. cdl.lift (src \\<mapsto>c - \\<and>* ?R6 y)\\<rbrace>",
        "step_time": 0.025545835494995117
    },
    {
        "index": 54,
        "step": "apply (sep_solve)",
        "output": "",
        "raw_output": "proof (prove)\ngoal (1 subgoal):\n 1. \\<lbrace>cdl.lift (dest \\<mapsto>c - \\<and>* src \\<mapsto>c cap \\<and>* R)\\<rbrace> insert_cap_orphan cap' dest \\<lbrace>\\<lambda>y. cdl.lift (src \\<mapsto>c - \\<and>* dest \\<mapsto>c cap' \\<and>* R)\\<rbrace>",
        "step_time": 0.01970839500427246
    },
    {
        "index": 55,
        "step": "apply (rule hoare_chain)",
        "output": "",
        "raw_output": "proof (prove)\ngoal (3 subgoals):\n 1. \\<lbrace>?P10\\<rbrace> insert_cap_orphan cap' dest \\<lbrace>?Q10\\<rbrace>\n 2. \\<And>s. cdl.lift (dest \\<mapsto>c - \\<and>* src \\<mapsto>c cap \\<and>* R) s \\<Longrightarrow> ?P10 s\n 3. \\<And>rv s. ?Q10 rv s \\<Longrightarrow> cdl.lift (src \\<mapsto>c - \\<and>* dest \\<mapsto>c cap' \\<and>* R) s",
        "step_time": 0.01735091209411621
    },
    {
        "index": 56,
        "step": "apply (rule insert_cap_orphan_wp)",
        "output": "",
        "raw_output": "proof (prove)\ngoal (2 subgoals):\n 1. \\<And>s. cdl.lift (dest \\<mapsto>c - \\<and>* src \\<mapsto>c cap \\<and>* R) s \\<Longrightarrow> cdl.lift (dest \\<mapsto>c - \\<and>* ?R14) s\n 2. \\<And>rv s. cdl.lift (dest \\<mapsto>c cap' \\<and>* ?R14) s \\<Longrightarrow> cdl.lift (src \\<mapsto>c - \\<and>* dest \\<mapsto>c cap' \\<and>* R) s",
        "step_time": 0.017082691192626953
    },
    {
        "index": 57,
        "step": "apply (sep_solve)",
        "output": "",
        "raw_output": "proof (prove)\ngoal (1 subgoal):\n 1. \\<And>rv s. cdl.lift (dest \\<mapsto>c cap' \\<and>* src \\<mapsto>c cap \\<and>* R) s \\<Longrightarrow> cdl.lift (src \\<mapsto>c - \\<and>* dest \\<mapsto>c cap' \\<and>* R) s",
        "step_time": 0.01867389678955078
    },
    {
        "index": 58,
        "step": "apply (sep_solve)",
        "output": "",
        "raw_output": "proof (prove)\ngoal:\nNo subgoals!",
        "step_time": 0.014942169189453125
    },
    {
        "index": 59,
        "step": "done",
        "output": "",
        "raw_output": "",
        "step_time": 0.015346288681030273
    },
    {
        "index": 60,
        "step": "lemma invoke_cnode_rotate2_wp_old:\n  \"(dest) \\<noteq> (rnd) \\<Longrightarrow>\n  \\<lbrace><dest \\<mapsto>c cap1 \\<and>* src \\<mapsto>c cap2 \\<and>*\n    rnd \\<mapsto>c - \\<and>* R>\\<rbrace>\n     invoke_cnode (RotateCall cap1 cap2 dest src rnd)\n  \\<lbrace>\\<lambda>_. <dest \\<mapsto>c NullCap \\<and>* src \\<mapsto>c cap1 \\<and>*\n    rnd \\<mapsto>c cap2 \\<and>* R>\\<rbrace>\"",
        "output": "",
        "raw_output": "proof (prove)\ngoal (1 subgoal):\n 1. dest \\<noteq> rnd \\<Longrightarrow> \\<lbrace>cdl.lift (dest \\<mapsto>c cap1 \\<and>* src \\<mapsto>c cap2 \\<and>* rnd \\<mapsto>c - \\<and>* R)\\<rbrace> invoke_cnode (RotateCall cap1 cap2 dest src rnd) \\<lbrace>\\<lambda>_. cdl.lift (dest \\<mapsto>c NullCap \\<and>* src \\<mapsto>c cap1 \\<and>* rnd \\<mapsto>c cap2 \\<and>* R)\\<rbrace>",
        "step_time": 0.023360252380371094
    },
    {
        "index": 61,
        "step": "including no_pre",
        "output": "",
        "raw_output": "proof (prove)\ngoal (1 subgoal):\n 1. dest \\<noteq> rnd \\<Longrightarrow> \\<lbrace>cdl.lift (dest \\<mapsto>c cap1 \\<and>* src \\<mapsto>c cap2 \\<and>* rnd \\<mapsto>c - \\<and>* R)\\<rbrace> invoke_cnode (RotateCall cap1 cap2 dest src rnd) \\<lbrace>\\<lambda>_. cdl.lift (dest \\<mapsto>c NullCap \\<and>* src \\<mapsto>c cap1 \\<and>* rnd \\<mapsto>c cap2 \\<and>* R)\\<rbrace>",
        "step_time": 0.015222787857055664
    },
    {
        "index": 62,
        "step": "apply (clarsimp simp: invoke_cnode_def)",
        "output": "",
        "raw_output": "proof (prove)\ngoal (1 subgoal):\n 1. dest \\<noteq> rnd \\<Longrightarrow> \\<lbrace>cdl.lift (dest \\<mapsto>c cap1 \\<and>* src \\<mapsto>c cap2 \\<and>* rnd \\<mapsto>c - \\<and>* R)\\<rbrace> liftE (do y <- move_cap cap2 src rnd;\nmove_cap cap1 dest src\nod) \\<lbrace>\\<lambda>_. cdl.lift (dest \\<mapsto>c NullCap \\<and>* src \\<mapsto>c cap1 \\<and>* rnd \\<mapsto>c cap2 \\<and>* R)\\<rbrace>",
        "step_time": 0.020798444747924805
    },
    {
        "index": 63,
        "step": "apply (wp)",
        "output": "",
        "raw_output": "proof (prove)\ngoal (2 subgoals):\n 1. \\<And>y. dest \\<noteq> rnd \\<Longrightarrow> \\<lbrace>?B4 y\\<rbrace> move_cap cap1 dest src \\<lbrace>\\<lambda>_. cdl.lift (dest \\<mapsto>c NullCap \\<and>* src \\<mapsto>c cap1 \\<and>* rnd \\<mapsto>c cap2 \\<and>* R)\\<rbrace>\n 2. dest \\<noteq> rnd \\<Longrightarrow> \\<lbrace>cdl.lift (dest \\<mapsto>c cap1 \\<and>* src \\<mapsto>c cap2 \\<and>* rnd \\<mapsto>c - \\<and>* R)\\<rbrace> move_cap cap2 src rnd \\<lbrace>?B4\\<rbrace>",
        "step_time": 0.025252103805541992
    },
    {
        "index": 64,
        "step": "apply (rule hoare_strengthen_post)",
        "output": "",
        "raw_output": "proof (prove)\ngoal (3 subgoals):\n 1. \\<And>y. dest \\<noteq> rnd \\<Longrightarrow> \\<lbrace>?B4 y\\<rbrace> move_cap cap1 dest src \\<lbrace>?Q5 y\\<rbrace>\n 2. \\<And>y rv s. \\<lbrakk>dest \\<noteq> rnd; ?Q5 y rv s\\<rbrakk> \\<Longrightarrow> cdl.lift (dest \\<mapsto>c NullCap \\<and>* src \\<mapsto>c cap1 \\<and>* rnd \\<mapsto>c cap2 \\<and>* R) s\n 3. dest \\<noteq> rnd \\<Longrightarrow> \\<lbrace>cdl.lift (dest \\<mapsto>c cap1 \\<and>* src \\<mapsto>c cap2 \\<and>* rnd \\<mapsto>c - \\<and>* R)\\<rbrace> move_cap cap2 src rnd \\<lbrace>?B4\\<rbrace>",
        "step_time": 0.022266387939453125
    },
    {
        "index": 65,
        "step": "apply (rule move_cap_wp)",
        "output": "",
        "raw_output": "proof (prove)\ngoal (2 subgoals):\n 1. \\<And>y rv s. \\<lbrakk>dest \\<noteq> rnd; cdl.lift (src \\<mapsto>c cap1 \\<and>* dest \\<mapsto>c NullCap \\<and>* ?R8 y) s\\<rbrakk> \\<Longrightarrow> cdl.lift (dest \\<mapsto>c NullCap \\<and>* src \\<mapsto>c cap1 \\<and>* rnd \\<mapsto>c cap2 \\<and>* R) s\n 2. dest \\<noteq> rnd \\<Longrightarrow> \\<lbrace>cdl.lift (dest \\<mapsto>c cap1 \\<and>* src \\<mapsto>c cap2 \\<and>* rnd \\<mapsto>c - \\<and>* R)\\<rbrace> move_cap cap2 src rnd \\<lbrace>\\<lambda>y. cdl.lift (src \\<mapsto>c - \\<and>* dest \\<mapsto>c ?cap8 y \\<and>* ?R8 y)\\<rbrace>",
        "step_time": 0.020678281784057617
    },
    {
        "index": 66,
        "step": "apply (sep_solve )",
        "output": "",
        "raw_output": "proof (prove)\ngoal (1 subgoal):\n 1. dest \\<noteq> rnd \\<Longrightarrow> \\<lbrace>cdl.lift (dest \\<mapsto>c cap1 \\<and>* src \\<mapsto>c cap2 \\<and>* rnd \\<mapsto>c - \\<and>* R)\\<rbrace> move_cap cap2 src rnd \\<lbrace>\\<lambda>y. cdl.lift (src \\<mapsto>c - \\<and>* dest \\<mapsto>c ?cap8 y \\<and>* rnd \\<mapsto>c cap2 \\<and>* R)\\<rbrace>",
        "step_time": 0.01887798309326172
    },
    {
        "index": 67,
        "step": "apply (rule hoare_chain)",
        "output": "",
        "raw_output": "proof (prove)\ngoal (3 subgoals):\n 1. dest \\<noteq> rnd \\<Longrightarrow> \\<lbrace>?P21\\<rbrace> move_cap cap2 src rnd \\<lbrace>?Q21\\<rbrace>\n 2. \\<And>s. \\<lbrakk>dest \\<noteq> rnd; cdl.lift (dest \\<mapsto>c cap1 \\<and>* src \\<mapsto>c cap2 \\<and>* rnd \\<mapsto>c - \\<and>* R) s\\<rbrakk> \\<Longrightarrow> ?P21 s\n 3. \\<And>rv s. \\<lbrakk>dest \\<noteq> rnd; ?Q21 rv s\\<rbrakk> \\<Longrightarrow> cdl.lift (src \\<mapsto>c - \\<and>* dest \\<mapsto>c ?cap8 rv \\<and>* rnd \\<mapsto>c cap2 \\<and>* R) s",
        "step_time": 0.010282278060913086
    },
    {
        "index": 68,
        "step": "apply (rule move_cap_wp)",
        "output": "",
        "raw_output": "proof (prove)\ngoal (2 subgoals):\n 1. \\<And>s. \\<lbrakk>dest \\<noteq> rnd; cdl.lift (dest \\<mapsto>c cap1 \\<and>* src \\<mapsto>c cap2 \\<and>* rnd \\<mapsto>c - \\<and>* R) s\\<rbrakk> \\<Longrightarrow> cdl.lift (rnd \\<mapsto>c - \\<and>* src \\<mapsto>c ?cap25 \\<and>* ?R25) s\n 2. \\<And>rv s. \\<lbrakk>dest \\<noteq> rnd; cdl.lift (rnd \\<mapsto>c cap2 \\<and>* src \\<mapsto>c NullCap \\<and>* ?R25) s\\<rbrakk> \\<Longrightarrow> cdl.lift (src \\<mapsto>c - \\<and>* dest \\<mapsto>c ?cap8 rv \\<and>* rnd \\<mapsto>c cap2 \\<and>* R) s",
        "step_time": 0.018279075622558594
    },
    {
        "index": 69,
        "step": "apply (sep_select_asm 2, sep_select_asm 3)",
        "output": "",
        "raw_output": "proof (prove)\ngoal (2 subgoals):\n 1. \\<And>s. \\<lbrakk>dest \\<noteq> rnd; cdl.lift (rnd \\<mapsto>c - \\<and>* src \\<mapsto>c cap2 \\<and>* dest \\<mapsto>c cap1 \\<and>* R) s\\<rbrakk> \\<Longrightarrow> cdl.lift (rnd \\<mapsto>c - \\<and>* src \\<mapsto>c ?cap25 \\<and>* ?R25) s\n 2. \\<And>rv s. \\<lbrakk>dest \\<noteq> rnd; cdl.lift (rnd \\<mapsto>c cap2 \\<and>* src \\<mapsto>c NullCap \\<and>* ?R25) s\\<rbrakk> \\<Longrightarrow> cdl.lift (src \\<mapsto>c - \\<and>* dest \\<mapsto>c ?cap8 rv \\<and>* rnd \\<mapsto>c cap2 \\<and>* R) s",
        "step_time": 0.024192333221435547
    },
    {
        "index": 70,
        "step": "apply (sep_solve)",
        "output": "",
        "raw_output": "proof (prove)\ngoal (1 subgoal):\n 1. \\<And>rv s. \\<lbrakk>dest \\<noteq> rnd; cdl.lift (rnd \\<mapsto>c cap2 \\<and>* src \\<mapsto>c NullCap \\<and>* dest \\<mapsto>c cap1 \\<and>* R) s\\<rbrakk> \\<Longrightarrow> cdl.lift (src \\<mapsto>c - \\<and>* dest \\<mapsto>c ?cap8 rv \\<and>* rnd \\<mapsto>c cap2 \\<and>* R) s",
        "step_time": 0.010463714599609375
    },
    {
        "index": 71,
        "step": "apply (sep_solve)",
        "output": "",
        "raw_output": "proof (prove)\ngoal:\nNo subgoals!",
        "step_time": 0.019146203994750977
    },
    {
        "index": 72,
        "step": "done",
        "output": "",
        "raw_output": "",
        "step_time": 0.015938758850097656
    },
    {
        "index": 73,
        "step": "\n\n(* new sep_select/asm *)\n\n",
        "output": "",
        "raw_output": "",
        "step_time": 0.003815889358520508
    },
    {
        "index": 74,
        "step": "lemma \"(A \\<and>* B \\<and>* C \\<and>* D) s  \\<Longrightarrow>  (A \\<and>* B \\<and>* C \\<and>* D) s\"",
        "output": "",
        "raw_output": "proof (prove)\ngoal (1 subgoal):\n 1. (A \\<and>* B \\<and>* C \\<and>* D) s \\<Longrightarrow> (A \\<and>* B \\<and>* C \\<and>* D) s",
        "step_time": 0.008790731430053711
    },
    {
        "index": 75,
        "step": "apply (sep_select 4 3 2 1)",
        "output": "",
        "raw_output": "proof (prove)\ngoal (1 subgoal):\n 1. (A \\<and>* B \\<and>* C \\<and>* D) s \\<Longrightarrow> (D \\<and>* C \\<and>* B \\<and>* A) s",
        "step_time": 0.006608247756958008
    },
    {
        "index": 76,
        "step": "apply (sep_select_asm 4 3 2 1)",
        "output": "",
        "raw_output": "proof (prove)\ngoal (1 subgoal):\n 1. (D \\<and>* C \\<and>* B \\<and>* A) s \\<Longrightarrow> (D \\<and>* C \\<and>* B \\<and>* A) s",
        "step_time": 0.006944894790649414
    },
    {
        "index": 77,
        "step": "apply (sep_select_asm 2 4)",
        "output": "",
        "raw_output": "proof (prove)\ngoal (1 subgoal):\n 1. (C \\<and>* A \\<and>* D \\<and>* B) s \\<Longrightarrow> (D \\<and>* C \\<and>* B \\<and>* A) s",
        "step_time": 0.006039142608642578
    },
    {
        "index": 78,
        "step": "oops",
        "output": "",
        "raw_output": "",
        "step_time": 0.003977298736572266
    },
    {
        "index": 79,
        "step": "\n\n\n(* sep_select_pre/post *)\n\n",
        "output": "",
        "raw_output": "",
        "step_time": 0.0034286975860595703
    },
    {
        "index": 80,
        "step": "lemma \"\\<lbrace>A \\<and>* B \\<and>* C \\<and>* D\\<rbrace> f \\<lbrace>\\<lambda>_. A \\<and>* B \\<and>* C \\<and>* D\\<rbrace>\"",
        "output": "",
        "raw_output": "proof (prove)\ngoal (1 subgoal):\n 1. \\<lbrace>A \\<and>* B \\<and>* C \\<and>* D\\<rbrace> f \\<lbrace>\\<lambda>_. A \\<and>* B \\<and>* C \\<and>* D\\<rbrace>",
        "step_time": 0.008839607238769531
    },
    {
        "index": 81,
        "step": "apply (sep_select_pre 4 1 2 3)",
        "output": "",
        "raw_output": "proof (prove)\ngoal (1 subgoal):\n 1. \\<lbrace>D \\<and>* A \\<and>* B \\<and>* C\\<rbrace> f \\<lbrace>\\<lambda>_. A \\<and>* B \\<and>* C \\<and>* D\\<rbrace>",
        "step_time": 0.006288290023803711
    },
    {
        "index": 82,
        "step": "apply (sep_select_post 3 4 2 1)",
        "output": "",
        "raw_output": "proof (prove)\ngoal (1 subgoal):\n 1. \\<lbrace>D \\<and>* A \\<and>* B \\<and>* C\\<rbrace> f \\<lbrace>\\<lambda>rv. C \\<and>* D \\<and>* B \\<and>* A\\<rbrace>",
        "step_time": 0.006639242172241211
    },
    {
        "index": 83,
        "step": "apply (sep_select_post 3 4)",
        "output": "",
        "raw_output": "proof (prove)\ngoal (1 subgoal):\n 1. \\<lbrace>D \\<and>* A \\<and>* B \\<and>* C\\<rbrace> f \\<lbrace>\\<lambda>rv. B \\<and>* A \\<and>* C \\<and>* D\\<rbrace>",
        "step_time": 0.006605625152587891
    },
    {
        "index": 84,
        "step": "oops",
        "output": "",
        "raw_output": "",
        "step_time": 0.003441333770751953
    },
    {
        "index": 85,
        "step": "\n\n(* can be made to work for arbitrary monads *)\n\n",
        "output": "",
        "raw_output": "",
        "step_time": 0.003498077392578125
    },
    {
        "index": 86,
        "step": "lemma \"\\<lbrace>A \\<and>* B \\<and>* C \\<and>* D\\<rbrace> f \\<lbrace>\\<lambda>_. A \\<and>* B \\<and>* C \\<and>* D\\<rbrace>, \\<lbrace>E\\<rbrace>\"",
        "output": "",
        "raw_output": "proof (prove)\ngoal (1 subgoal):\n 1. \\<lbrace>A \\<and>* B \\<and>* C \\<and>* D\\<rbrace> f \\<lbrace>\\<lambda>_. A \\<and>* B \\<and>* C \\<and>* D\\<rbrace>, \\<lbrace>E\\<rbrace>",
        "step_time": 0.009126424789428711
    },
    {
        "index": 87,
        "step": "apply (sep_select_pre 4 1 2 3)",
        "output": "",
        "raw_output": "proof (prove)\ngoal (1 subgoal):\n 1. \\<lbrace>D \\<and>* A \\<and>* B \\<and>* C\\<rbrace> f \\<lbrace>\\<lambda>_. A \\<and>* B \\<and>* C \\<and>* D\\<rbrace>, \\<lbrace>E\\<rbrace>",
        "step_time": 0.0057566165924072266
    },
    {
        "index": 88,
        "step": "apply (sep_select_post 3 4 2 1)",
        "output": "",
        "raw_output": "proof (prove)\ngoal (1 subgoal):\n 1. \\<lbrace>D \\<and>* A \\<and>* B \\<and>* C\\<rbrace> f \\<lbrace>\\<lambda>rv. C \\<and>* D \\<and>* B \\<and>* A\\<rbrace>, \\<lbrace>E\\<rbrace>",
        "step_time": 0.006371021270751953
    },
    {
        "index": 89,
        "step": "apply (sep_select_post 3 4)",
        "output": "",
        "raw_output": "proof (prove)\ngoal (1 subgoal):\n 1. \\<lbrace>D \\<and>* A \\<and>* B \\<and>* C\\<rbrace> f \\<lbrace>\\<lambda>rv. B \\<and>* A \\<and>* C \\<and>* D\\<rbrace>, \\<lbrace>E\\<rbrace>",
        "step_time": 0.006421566009521484
    },
    {
        "index": 90,
        "step": "oops",
        "output": "",
        "raw_output": "",
        "step_time": 0.0030677318572998047
    },
    {
        "index": 91,
        "step": "lemma \"\\<lbrace>A \\<and>* B \\<and>* C \\<and>* D\\<rbrace> f \\<lbrace>\\<lambda>_. A \\<and>* B \\<and>* C \\<and>* D\\<rbrace>, -\"",
        "output": "",
        "raw_output": "proof (prove)\ngoal (1 subgoal):\n 1. \\<lbrace>A \\<and>* B \\<and>* C \\<and>* D\\<rbrace> f \\<lbrace>\\<lambda>_. A \\<and>* B \\<and>* C \\<and>* D\\<rbrace>, -",
        "step_time": 0.007254838943481445
    },
    {
        "index": 92,
        "step": "apply (sep_select_pre 4 1 2 3)",
        "output": "",
        "raw_output": "proof (prove)\ngoal (1 subgoal):\n 1. \\<lbrace>D \\<and>* A \\<and>* B \\<and>* C\\<rbrace> f \\<lbrace>\\<lambda>_. A \\<and>* B \\<and>* C \\<and>* D\\<rbrace>, -",
        "step_time": 0.00583338737487793
    },
    {
        "index": 93,
        "step": "apply (sep_select_post 3 4 2 1)",
        "output": "",
        "raw_output": "proof (prove)\ngoal (1 subgoal):\n 1. \\<lbrace>D \\<and>* A \\<and>* B \\<and>* C\\<rbrace> f \\<lbrace>\\<lambda>rv. C \\<and>* D \\<and>* B \\<and>* A\\<rbrace>, -",
        "step_time": 0.006472349166870117
    },
    {
        "index": 94,
        "step": "apply (sep_select_post 3 4)",
        "output": "",
        "raw_output": "proof (prove)\ngoal (1 subgoal):\n 1. \\<lbrace>D \\<and>* A \\<and>* B \\<and>* C\\<rbrace> f \\<lbrace>\\<lambda>rv. B \\<and>* A \\<and>* C \\<and>* D\\<rbrace>, -",
        "step_time": 0.021292924880981445
    },
    {
        "index": 95,
        "step": "oops",
        "output": "",
        "raw_output": "",
        "step_time": 0.0032846927642822266
    },
    {
        "index": 96,
        "step": "lemma \"(P \\<and>* (P \\<longrightarrow>* Q)) s \\<Longrightarrow> Q s\"",
        "output": "",
        "raw_output": "proof (prove)\ngoal (1 subgoal):\n 1. (P \\<and>* (P \\<longrightarrow>* Q)) s \\<Longrightarrow> Q s",
        "step_time": 0.005944728851318359
    },
    {
        "index": 97,
        "step": "apply (sep_mp, assumption )",
        "output": "",
        "raw_output": "proof (prove)\ngoal:\nNo subgoals!",
        "step_time": 0.0146331787109375
    },
    {
        "index": 98,
        "step": "done",
        "output": "",
        "raw_output": "",
        "step_time": 0.00372314453125
    },
    {
        "index": 99,
        "step": "lemma \"P s \\<Longrightarrow> (Q \\<longrightarrow>* (P \\<and>* Q)) s\"",
        "output": "",
        "raw_output": "proof (prove)\ngoal (1 subgoal):\n 1. P s \\<Longrightarrow> (Q \\<longrightarrow>* P \\<and>* Q) s",
        "step_time": 0.004407644271850586
    },
    {
        "index": 100,
        "step": "apply (erule sep_curry[rotated])",
        "output": "",
        "raw_output": "proof (prove)\ngoal (1 subgoal):\n 1. \\<And>h. (P \\<and>* Q) h \\<Longrightarrow> (P \\<and>* Q) h",
        "step_time": 0.003973484039306641
    },
    {
        "index": 101,
        "step": "apply (assumption)",
        "output": "",
        "raw_output": "proof (prove)\ngoal:\nNo subgoals!",
        "step_time": 0.0031080245971679688
    },
    {
        "index": 102,
        "step": "done",
        "output": "",
        "raw_output": "",
        "step_time": 0.003656148910522461
    },
    {
        "index": 103,
        "step": "\n\n\n(* wp tactic testing *)\n\n\n(* sep_wand approach *)\n\n",
        "output": "",
        "raw_output": "",
        "step_time": 0.003124237060546875
    },
    {
        "index": 104,
        "step": "method_setup debug = \\<open>\n  Attrib.thms >> (fn _ => fn ctxt =>\n   let\n     val wp_pre_tac = SELECT_GOAL (NO_CONTEXT_TACTIC ctxt\n                      (Method_Closure.apply_method ctxt @{method wp_pre} [] [] [] ctxt []))\n   in\n     SIMPLE_METHOD' (CHANGED o wp_pre_tac)\n   end\n)\n\\<close>",
        "output": "",
        "raw_output": "",
        "step_time": 0.019665956497192383
    },
    {
        "index": 105,
        "step": "lemma move_cap_wp2:\n \"\\<lbrace><dest \\<mapsto>c - \\<and>* src \\<mapsto>c cap \\<and>* R>\\<rbrace>\n    move_cap cap' src dest\n  \\<lbrace>\\<lambda>_. <dest \\<mapsto>c cap'  \\<and>* src \\<mapsto>c NullCap \\<and>* R>\\<rbrace>\"",
        "output": "",
        "raw_output": "proof (prove)\ngoal (1 subgoal):\n 1. \\<lbrace>cdl.lift (dest \\<mapsto>c - \\<and>* src \\<mapsto>c cap \\<and>* R)\\<rbrace> move_cap cap' src dest \\<lbrace>\\<lambda>_. cdl.lift (dest \\<mapsto>c cap' \\<and>* src \\<mapsto>c NullCap \\<and>* R)\\<rbrace>",
        "step_time": 0.018069028854370117
    },
    {
        "index": 106,
        "step": "apply (simp add: move_cap_def)",
        "output": "",
        "raw_output": "proof (prove)\ngoal (1 subgoal):\n 1. \\<lbrace>cdl.lift (dest \\<mapsto>c - \\<and>* src \\<mapsto>c cap \\<and>* R)\\<rbrace> do y <- insert_cap_orphan cap' dest;\ny <- set_cap src NullCap;\nswap_parents src dest\nod \\<lbrace>\\<lambda>_. cdl.lift (dest \\<mapsto>c cap' \\<and>* src \\<mapsto>c NullCap \\<and>* R)\\<rbrace>",
        "step_time": 0.01145792007446289
    },
    {
        "index": 107,
        "step": "apply (sep_wp set_cap_wp swap_parents_wp insert_cap_orphan_wp)+",
        "output": "",
        "raw_output": "proof (prove)\ngoal (1 subgoal):\n 1. \\<And>s. cdl.lift (dest \\<mapsto>c - \\<and>* src \\<mapsto>c cap \\<and>* R) s \\<Longrightarrow> cdl.lift (dest \\<mapsto>c - \\<and>* (dest \\<mapsto>c cap' \\<longrightarrow>* src \\<mapsto>c - \\<and>* (src \\<mapsto>c NullCap \\<longrightarrow>* ?P15 \\<and>* (?P15 \\<longrightarrow>* dest \\<mapsto>c cap' \\<and>* src \\<mapsto>c NullCap \\<and>* R)))) s",
        "step_time": 0.06664371490478516
    },
    {
        "index": 108,
        "step": "apply (sep_solve)",
        "output": "",
        "raw_output": "proof (prove)\ngoal:\nNo subgoals!",
        "step_time": 0.03191876411437988
    },
    {
        "index": 109,
        "step": "done",
        "output": "",
        "raw_output": "",
        "step_time": 0.01563858985900879
    },
    {
        "index": 110,
        "step": "lemma swap_cap_wp2:\n  \"\\<lbrace><dest \\<mapsto>c cap \\<and>*  src \\<mapsto>c cap' \\<and>* R>\\<rbrace>\n    swap_cap cap' src cap dest\n   \\<lbrace>\\<lambda>_.<dest \\<mapsto>c cap' \\<and>* src \\<mapsto>c cap \\<and>* R>\\<rbrace>\"",
        "output": "",
        "raw_output": "proof (prove)\ngoal (1 subgoal):\n 1. \\<lbrace>cdl.lift (dest \\<mapsto>c cap \\<and>* src \\<mapsto>c cap' \\<and>* R)\\<rbrace> swap_cap cap' src cap dest \\<lbrace>\\<lambda>_. cdl.lift (dest \\<mapsto>c cap' \\<and>* src \\<mapsto>c cap \\<and>* R)\\<rbrace>",
        "step_time": 0.020214557647705078
    },
    {
        "index": 111,
        "step": "apply (clarsimp simp: swap_cap_def)",
        "output": "",
        "raw_output": "proof (prove)\ngoal (1 subgoal):\n 1. \\<lbrace>cdl.lift (dest \\<mapsto>c cap \\<and>* src \\<mapsto>c cap' \\<and>* R)\\<rbrace> do y <- set_cap src cap;\ny <- set_cap dest cap';\nswap_parents src dest\nod \\<lbrace>\\<lambda>_. cdl.lift (dest \\<mapsto>c cap' \\<and>* src \\<mapsto>c cap \\<and>* R)\\<rbrace>",
        "step_time": 0.012293577194213867
    },
    {
        "index": 112,
        "step": "apply (sep_wp swap_parents_wp set_cap_wp)+",
        "output": "",
        "raw_output": "proof (prove)\ngoal (1 subgoal):\n 1. \\<And>s. cdl.lift (dest \\<mapsto>c cap \\<and>* src \\<mapsto>c cap' \\<and>* R) s \\<Longrightarrow> cdl.lift (src \\<mapsto>c - \\<and>* (src \\<mapsto>c cap \\<longrightarrow>* dest \\<mapsto>c - \\<and>* (dest \\<mapsto>c cap' \\<longrightarrow>* ?P15 \\<and>* (?P15 \\<longrightarrow>* dest \\<mapsto>c cap' \\<and>* src \\<mapsto>c cap \\<and>* R)))) s",
        "step_time": 0.06886935234069824
    },
    {
        "index": 113,
        "step": "apply (sep_solve)",
        "output": "",
        "raw_output": "proof (prove)\ngoal:\nNo subgoals!",
        "step_time": 0.026569843292236328
    },
    {
        "index": 114,
        "step": "done",
        "output": "",
        "raw_output": "",
        "step_time": 0.015441417694091797
    },
    {
        "index": 115,
        "step": "lemma invoke_cnode_rotate2_wp:\n  \"(dest) \\<noteq> (rnd) \\<Longrightarrow>\n  \\<lbrace><dest \\<mapsto>c cap1 \\<and>* src \\<mapsto>c cap2 \\<and>*\n    rnd \\<mapsto>c - \\<and>* R>\\<rbrace>\n     invoke_cnode (RotateCall cap1 cap2 dest src rnd)\n  \\<lbrace>\\<lambda>_. <dest \\<mapsto>c NullCap \\<and>* src \\<mapsto>c cap1 \\<and>*\n    rnd \\<mapsto>c cap2 \\<and>* R>\\<rbrace>\"",
        "output": "",
        "raw_output": "proof (prove)\ngoal (1 subgoal):\n 1. dest \\<noteq> rnd \\<Longrightarrow> \\<lbrace>cdl.lift (dest \\<mapsto>c cap1 \\<and>* src \\<mapsto>c cap2 \\<and>* rnd \\<mapsto>c - \\<and>* R)\\<rbrace> invoke_cnode (RotateCall cap1 cap2 dest src rnd) \\<lbrace>\\<lambda>_. cdl.lift (dest \\<mapsto>c NullCap \\<and>* src \\<mapsto>c cap1 \\<and>* rnd \\<mapsto>c cap2 \\<and>* R)\\<rbrace>",
        "step_time": 0.021346569061279297
    },
    {
        "index": 116,
        "step": "apply (clarsimp simp: invoke_cnode_def)",
        "output": "",
        "raw_output": "proof (prove)\ngoal (1 subgoal):\n 1. dest \\<noteq> rnd \\<Longrightarrow> \\<lbrace>cdl.lift (dest \\<mapsto>c cap1 \\<and>* src \\<mapsto>c cap2 \\<and>* rnd \\<mapsto>c - \\<and>* R)\\<rbrace> liftE (do y <- move_cap cap2 src rnd;\nmove_cap cap1 dest src\nod) \\<lbrace>\\<lambda>_. cdl.lift (dest \\<mapsto>c NullCap \\<and>* src \\<mapsto>c cap1 \\<and>* rnd \\<mapsto>c cap2 \\<and>* R)\\<rbrace>",
        "step_time": 0.02846217155456543
    },
    {
        "index": 117,
        "step": "apply (sep_wp move_cap_wp)+",
        "output": "",
        "raw_output": "proof (prove)\ngoal (1 subgoal):\n 1. \\<And>s. \\<lbrakk>dest \\<noteq> rnd; cdl.lift (dest \\<mapsto>c cap1 \\<and>* src \\<mapsto>c cap2 \\<and>* rnd \\<mapsto>c - \\<and>* R) s\\<rbrakk> \\<Longrightarrow> cdl.lift ((rnd \\<mapsto>c cap2 \\<longrightarrow>* dest \\<mapsto>c ?cap31 \\<and>* (src \\<mapsto>c cap1 \\<and>* dest \\<mapsto>c NullCap \\<longrightarrow>* dest \\<mapsto>c NullCap \\<and>* src \\<mapsto>c cap1 \\<and>* rnd \\<mapsto>c cap2 \\<and>* R)) \\<and>* rnd \\<mapsto>c - \\<and>* src \\<mapsto>c ?cap7) s",
        "step_time": 0.05826520919799805
    },
    {
        "index": 118,
        "step": "apply (sep_solve)",
        "output": "",
        "raw_output": "proof (prove)\ngoal:\nNo subgoals!",
        "step_time": 0.04268074035644531
    },
    {
        "index": 119,
        "step": "done",
        "output": "",
        "raw_output": "",
        "step_time": 0.014894247055053711
    },
    {
        "index": 120,
        "step": "\n\n\n(* sep_drule/rule *)\n\n",
        "output": "",
        "raw_output": "",
        "step_time": 0.004193305969238281
    },
    {
        "index": 121,
        "step": "lemma sep_rule_example2:\n \"\\<lbrakk>(ptr \\<mapsto>o obj) s; finite (dom (object_slots obj))\\<rbrakk> \\<Longrightarrow>\n   (ptr \\<mapsto>E obj \\<and>* ptr \\<mapsto>f obj \\<and>* (\\<And>* slot\\<in>dom (object_slots obj). (ptr, slot) \\<mapsto>s obj)) s\"",
        "output": "",
        "raw_output": "proof (prove)\ngoal (1 subgoal):\n 1. \\<lbrakk>(ptr \\<mapsto>o obj) s; finite (dom (object_slots obj))\\<rbrakk> \\<Longrightarrow> (ptr \\<mapsto>E obj \\<and>* ptr \\<mapsto>f obj \\<and>* (SETSEPCONJ slot:dom (object_slots obj). (ptr, slot) \\<mapsto>s obj)) s",
        "step_time": 0.016849279403686523
    },
    {
        "index": 122,
        "step": "apply (subst (asm) sep_map_o_decomp)",
        "output": "",
        "raw_output": "proof (prove)\ngoal (1 subgoal):\n 1. \\<lbrakk>(ptr \\<mapsto>f obj \\<and>* ptr \\<mapsto>S obj) s; finite (dom (object_slots obj))\\<rbrakk> \\<Longrightarrow> (ptr \\<mapsto>E obj \\<and>* ptr \\<mapsto>f obj \\<and>* (SETSEPCONJ slot:dom (object_slots obj). (ptr, slot) \\<mapsto>s obj)) s",
        "step_time": 0.007321834564208984
    },
    {
        "index": 123,
        "step": "apply (subst (asm) sep_map_S_decomp, simp+)",
        "output": "",
        "raw_output": "proof (prove)\ngoal (1 subgoal):\n 1. \\<lbrakk>(ptr \\<mapsto>f obj \\<and>* (SETSEPCONJ slot:dom (object_slots obj). (ptr, slot) \\<mapsto>s obj) \\<and>* ptr \\<mapsto>E obj) s; finite (dom (object_slots obj))\\<rbrakk> \\<Longrightarrow> (ptr \\<mapsto>E obj \\<and>* ptr \\<mapsto>f obj \\<and>* (SETSEPCONJ slot:dom (object_slots obj). (ptr, slot) \\<mapsto>s obj)) s",
        "step_time": 0.016018152236938477
    },
    {
        "index": 124,
        "step": "apply sep_solve",
        "output": "",
        "raw_output": "proof (prove)\ngoal:\nNo subgoals!",
        "step_time": 0.016005277633666992
    },
    {
        "index": 125,
        "step": "done",
        "output": "",
        "raw_output": "",
        "step_time": 0.007842779159545898
    },
    {
        "index": 126,
        "step": "lemma sep_drule_example2:\n \"\\<lbrakk>(ptr \\<mapsto>f obj \\<and>* (\\<And>* slot\\<in>dom (object_slots obj). (ptr, slot) \\<mapsto>s obj) \\<and>* ptr \\<mapsto>E obj) s;\n   finite (dom (object_slots obj))\\<rbrakk>\n    \\<Longrightarrow>\n  (ptr \\<mapsto>o obj) s\"",
        "output": "",
        "raw_output": "proof (prove)\ngoal (1 subgoal):\n 1. \\<lbrakk>(ptr \\<mapsto>f obj \\<and>* (SETSEPCONJ slot:dom (object_slots obj). (ptr, slot) \\<mapsto>s obj) \\<and>* ptr \\<mapsto>E obj) s; finite (dom (object_slots obj))\\<rbrakk> \\<Longrightarrow> (ptr \\<mapsto>o obj) s",
        "step_time": 0.014303445816040039
    },
    {
        "index": 127,
        "step": "by (metis sep_map_S_decomp sep_map_o_decomp)",
        "output": "",
        "raw_output": "",
        "step_time": 0.03139996528625488
    },
    {
        "index": 128,
        "step": "\n\n(* sep_curry *)\n\n",
        "output": "",
        "raw_output": "",
        "step_time": 0.004853487014770508
    },
    {
        "index": 129,
        "step": "lemma sep_drule_example_lemma:\n  \"\\<lbrakk>(H \\<and>* Z \\<and>* J \\<and>* L \\<and>* Y \\<and>* ptr \\<mapsto>f obj \\<and>* A \\<and>* B \\<and>*\n    (\\<And>* slot\\<in>dom (object_slots obj). (ptr, slot) \\<mapsto>s obj) \\<and>* D \\<and>* G \\<and>* E \\<and>* F \\<and>* ptr \\<mapsto>E obj ) s;\n    finite (dom (object_slots obj))\\<rbrakk>\n  \\<Longrightarrow>\n   (D \\<and>* G \\<and>* E \\<and>* F  \\<and>* ptr \\<mapsto>o obj \\<and>* H \\<and>* Z \\<and>* J \\<and>* L \\<and>* Y \\<and>* A \\<and>* B) s\"",
        "output": "",
        "raw_output": "proof (prove)\ngoal (1 subgoal):\n 1. \\<lbrakk>(H \\<and>* Z \\<and>* J \\<and>* L \\<and>* Y \\<and>* ptr \\<mapsto>f obj \\<and>* A \\<and>* B \\<and>* (SETSEPCONJ slot:dom (object_slots obj). (ptr, slot) \\<mapsto>s obj) \\<and>* D \\<and>* G \\<and>* E \\<and>* F \\<and>* ptr \\<mapsto>E obj) s; finite (dom (object_slots obj))\\<rbrakk> \\<Longrightarrow> (D \\<and>* G \\<and>* E \\<and>* F \\<and>* ptr \\<mapsto>o obj \\<and>* H \\<and>* Z \\<and>* J \\<and>* L \\<and>* Y \\<and>* A \\<and>* B) s",
        "step_time": 0.026341915130615234
    },
    {
        "index": 130,
        "step": "apply (sep_drule sep_drule_example2)",
        "output": "",
        "raw_output": "proof (prove)\ngoal (2 subgoals):\n 1. \\<And>s. finite (dom (object_slots obj)) \\<Longrightarrow> finite (dom (object_slots obj))\n 2. \\<lbrakk>finite (dom (object_slots obj)); (ptr \\<mapsto>o obj \\<and>* H \\<and>* Z \\<and>* J \\<and>* L \\<and>* Y \\<and>* A \\<and>* B \\<and>* D \\<and>* G \\<and>* E \\<and>* F) s\\<rbrakk> \\<Longrightarrow> (D \\<and>* G \\<and>* E \\<and>* F \\<and>* ptr \\<mapsto>o obj \\<and>* H \\<and>* Z \\<and>* J \\<and>* L \\<and>* Y \\<and>* A \\<and>* B) s",
        "step_time": 1.5147414207458496
    },
    {
        "index": 131,
        "step": "apply assumption",
        "output": "",
        "raw_output": "proof (prove)\ngoal (1 subgoal):\n 1. \\<lbrakk>finite (dom (object_slots obj)); (ptr \\<mapsto>o obj \\<and>* H \\<and>* Z \\<and>* J \\<and>* L \\<and>* Y \\<and>* A \\<and>* B \\<and>* D \\<and>* G \\<and>* E \\<and>* F) s\\<rbrakk> \\<Longrightarrow> (D \\<and>* G \\<and>* E \\<and>* F \\<and>* ptr \\<mapsto>o obj \\<and>* H \\<and>* Z \\<and>* J \\<and>* L \\<and>* Y \\<and>* A \\<and>* B) s",
        "step_time": 0.010691642761230469
    },
    {
        "index": 132,
        "step": "apply sep_solve",
        "output": "",
        "raw_output": "proof (prove)\ngoal:\nNo subgoals!",
        "step_time": 0.1886615753173828
    },
    {
        "index": 133,
        "step": "done",
        "output": "",
        "raw_output": "",
        "step_time": 0.024646520614624023
    },
    {
        "index": 134,
        "step": "\n\n\n(* sep_back *)\n\n\n",
        "output": "",
        "raw_output": "",
        "step_time": 0.004949331283569336
    },
    {
        "index": 135,
        "step": "lemma sep_rule_example_lemma:\n \"\\<lbrakk>(H \\<and>* Z \\<and>* J \\<and>* L \\<and>* Y \\<and>* ptr \\<mapsto>o obj \\<and>* A \\<and>* B \\<and>* D \\<and>* G \\<and>* E \\<and>* F ) s;\n  finite (dom (object_slots obj))\\<rbrakk> \\<Longrightarrow>\n  (D \\<and>* G \\<and>* E \\<and>* F  \\<and>* ptr \\<mapsto>f obj \\<and>* H \\<and>* Z \\<and>* J \\<and>* L \\<and>* Y \\<and>* ptr \\<mapsto>E obj \\<and>*\n   A \\<and>* B \\<and>* (\\<And>* slot\\<in>dom (object_slots obj). (ptr, slot) \\<mapsto>s obj)) s\"",
        "output": "",
        "raw_output": "proof (prove)\ngoal (1 subgoal):\n 1. \\<lbrakk>(H \\<and>* Z \\<and>* J \\<and>* L \\<and>* Y \\<and>* ptr \\<mapsto>o obj \\<and>* A \\<and>* B \\<and>* D \\<and>* G \\<and>* E \\<and>* F) s; finite (dom (object_slots obj))\\<rbrakk> \\<Longrightarrow> (D \\<and>* G \\<and>* E \\<and>* F \\<and>* ptr \\<mapsto>f obj \\<and>* H \\<and>* Z \\<and>* J \\<and>* L \\<and>* Y \\<and>* ptr \\<mapsto>E obj \\<and>* A \\<and>* B \\<and>* (SETSEPCONJ slot:dom (object_slots obj). (ptr, slot) \\<mapsto>s obj)) s",
        "step_time": 0.1480574607849121
    },
    {
        "index": 136,
        "step": "apply (sep_rule sep_rule_example2)",
        "output": "",
        "raw_output": "proof (prove)\ngoal (2 subgoals):\n 1. \\<lbrakk>(H \\<and>* Z \\<and>* J \\<and>* L \\<and>* Y \\<and>* ptr \\<mapsto>o obj \\<and>* A \\<and>* B \\<and>* D \\<and>* G \\<and>* E \\<and>* F) s; finite (dom (object_slots obj))\\<rbrakk> \\<Longrightarrow> (D \\<and>* G \\<and>* E \\<and>* F \\<and>* H \\<and>* Z \\<and>* J \\<and>* L \\<and>* Y \\<and>* A \\<and>* B \\<and>* ptr \\<mapsto>o obj) s\n 2. \\<lbrakk>(H \\<and>* Z \\<and>* J \\<and>* L \\<and>* Y \\<and>* ptr \\<mapsto>o obj \\<and>* A \\<and>* B \\<and>* D \\<and>* G \\<and>* E \\<and>* F) s; finite (dom (object_slots obj))\\<rbrakk> \\<Longrightarrow> finite (dom (object_slots obj))",
        "step_time": 0.4221608638763428
    },
    {
        "index": 137,
        "step": "apply sep_solve",
        "output": "",
        "raw_output": "proof (prove)\ngoal (1 subgoal):\n 1. \\<lbrakk>(H \\<and>* Z \\<and>* J \\<and>* L \\<and>* Y \\<and>* ptr \\<mapsto>o obj \\<and>* A \\<and>* B \\<and>* D \\<and>* G \\<and>* E \\<and>* F) s; finite (dom (object_slots obj))\\<rbrakk> \\<Longrightarrow> finite (dom (object_slots obj))",
        "step_time": 0.24678921699523926
    },
    {
        "index": 138,
        "step": "apply assumption",
        "output": "",
        "raw_output": "proof (prove)\ngoal:\nNo subgoals!",
        "step_time": 0.0045316219329833984
    },
    {
        "index": 139,
        "step": "done",
        "output": "",
        "raw_output": "",
        "step_time": 0.02127814292907715
    },
    {
        "index": 140,
        "step": "\n\n\n(* works even with multiple conjuncts in assumptions and conclusions *)\n",
        "output": "",
        "raw_output": "",
        "step_time": 0.004414558410644531
    },
    {
        "index": 141,
        "step": "lemma sep_rule_double_conjunct_example:\n  \"\\<lbrakk>((obj_id, slot) \\<mapsto>c cap \\<and>* obj_id \\<mapsto>f obj) s;\n    object_slots obj slot = Some cap\\<rbrakk>\n  \\<Longrightarrow> ((obj_id, slot) \\<mapsto>s obj \\<and>* obj_id \\<mapsto>f obj) s\"",
        "output": "",
        "raw_output": "proof (prove)\ngoal (1 subgoal):\n 1. \\<lbrakk>((obj_id, slot) \\<mapsto>c cap \\<and>* obj_id \\<mapsto>f obj) s; object_slots obj slot = Some cap\\<rbrakk> \\<Longrightarrow> ((obj_id, slot) \\<mapsto>s obj \\<and>* obj_id \\<mapsto>f obj) s",
        "step_time": 0.011843681335449219
    },
    {
        "index": 142,
        "step": "apply (sep_drule sep_map_s_sep_map_c)",
        "output": "",
        "raw_output": "proof (prove)\ngoal (2 subgoals):\n 1. \\<And>s. object_slots obj slot = Some cap \\<Longrightarrow> object_slots (?obj7 s) slot = Some cap\n 2. \\<lbrakk>object_slots obj slot = Some cap; ((\\<lambda>s. ((obj_id, slot) \\<mapsto>s ?obj7 s) s) \\<and>* obj_id \\<mapsto>f obj) s\\<rbrakk> \\<Longrightarrow> ((obj_id, slot) \\<mapsto>s obj \\<and>* obj_id \\<mapsto>f obj) s",
        "step_time": 0.010663747787475586
    },
    {
        "index": 143,
        "step": "apply assumption",
        "output": "",
        "raw_output": "proof (prove)\ngoal (1 subgoal):\n 1. \\<lbrakk>object_slots obj slot = Some cap; ((obj_id, slot) \\<mapsto>s obj \\<and>* obj_id \\<mapsto>f obj) s\\<rbrakk> \\<Longrightarrow> ((obj_id, slot) \\<mapsto>s obj \\<and>* obj_id \\<mapsto>f obj) s",
        "step_time": 0.006056547164916992
    },
    {
        "index": 144,
        "step": "apply (sep_cancel)+",
        "output": "",
        "raw_output": "proof (prove)\ngoal:\nNo subgoals!",
        "step_time": 0.010531902313232422
    },
    {
        "index": 145,
        "step": "done",
        "output": "",
        "raw_output": "",
        "step_time": 0.007613420486450195
    },
    {
        "index": 146,
        "step": "lemma sep_rule_double_conjunct_lemma:\n  \"\\<lbrakk>(H \\<and>* Z \\<and>* J \\<and>* L \\<and>* Y \\<and>* obj_id \\<mapsto>f obj \\<and>* A \\<and>* B \\<and>* D \\<and>* G \\<and>* E \\<and>* F \\<and>* (obj_id, slot) \\<mapsto>c cap ) s;\n    object_slots obj slot = Some cap\\<rbrakk> \\<Longrightarrow>\n   (D \\<and>* G \\<and>* E \\<and>* F  \\<and>*(obj_id, slot) \\<mapsto>s obj \\<and>* H \\<and>* Z \\<and>* J \\<and>* L \\<and>* Y \\<and>* A \\<and>* B \\<and>*  obj_id \\<mapsto>f obj) s\"",
        "output": "",
        "raw_output": "proof (prove)\ngoal (1 subgoal):\n 1. \\<lbrakk>(H \\<and>* Z \\<and>* J \\<and>* L \\<and>* Y \\<and>* obj_id \\<mapsto>f obj \\<and>* A \\<and>* B \\<and>* D \\<and>* G \\<and>* E \\<and>* F \\<and>* (obj_id, slot) \\<mapsto>c cap) s; object_slots obj slot = Some cap\\<rbrakk> \\<Longrightarrow> (D \\<and>* G \\<and>* E \\<and>* F \\<and>* (obj_id, slot) \\<mapsto>s obj \\<and>* H \\<and>* Z \\<and>* J \\<and>* L \\<and>* Y \\<and>* A \\<and>* B \\<and>* obj_id \\<mapsto>f obj) s",
        "step_time": 0.018593549728393555
    },
    {
        "index": 147,
        "step": "apply (sep_rule sep_rule_double_conjunct_example)",
        "output": "",
        "raw_output": "proof (prove)\ngoal (2 subgoals):\n 1. \\<lbrakk>(H \\<and>* Z \\<and>* J \\<and>* L \\<and>* Y \\<and>* obj_id \\<mapsto>f obj \\<and>* A \\<and>* B \\<and>* D \\<and>* G \\<and>* E \\<and>* F \\<and>* (obj_id, slot) \\<mapsto>c cap) s; object_slots obj slot = Some cap\\<rbrakk> \\<Longrightarrow> (D \\<and>* G \\<and>* E \\<and>* F \\<and>* H \\<and>* Z \\<and>* J \\<and>* L \\<and>* Y \\<and>* A \\<and>* B \\<and>* (obj_id, slot) \\<mapsto>c ?cap17 \\<and>* obj_id \\<mapsto>f obj) s\n 2. \\<lbrakk>(H \\<and>* Z \\<and>* J \\<and>* L \\<and>* Y \\<and>* obj_id \\<mapsto>f obj \\<and>* A \\<and>* B \\<and>* D \\<and>* G \\<and>* E \\<and>* F \\<and>* (obj_id, slot) \\<mapsto>c cap) s; object_slots obj slot = Some cap\\<rbrakk> \\<Longrightarrow> object_slots obj slot = Some ?cap17",
        "step_time": 0.20862960815429688
    },
    {
        "index": 148,
        "step": "apply sep_solve",
        "output": "",
        "raw_output": "proof (prove)\ngoal (1 subgoal):\n 1. \\<lbrakk>(H \\<and>* Z \\<and>* J \\<and>* L \\<and>* Y \\<and>* obj_id \\<mapsto>f obj \\<and>* A \\<and>* B \\<and>* D \\<and>* G \\<and>* E \\<and>* F \\<and>* (obj_id, slot) \\<mapsto>c cap) s; object_slots obj slot = Some cap\\<rbrakk> \\<Longrightarrow> object_slots obj slot = Some cap",
        "step_time": 0.28150248527526855
    },
    {
        "index": 149,
        "step": "apply assumption",
        "output": "",
        "raw_output": "proof (prove)\ngoal:\nNo subgoals!",
        "step_time": 0.0053446292877197266
    },
    {
        "index": 150,
        "step": "done",
        "output": "",
        "raw_output": "",
        "step_time": 0.010519027709960938
    },
    {
        "index": 151,
        "step": "\n\n(* side-conditions*)\n\n\n",
        "output": "",
        "raw_output": "",
        "step_time": 0.0044820308685302734
    },
    {
        "index": 152,
        "step": "lemma sep_drule_side_condition_lemma:\n \"\\<lbrakk>(H \\<and>* Z \\<and>* J \\<and>* L \\<and>* Y \\<and>* obj_id \\<mapsto>f obj \\<and>* A \\<and>* B \\<and>* D \\<and>* G \\<and>* E \\<and>* F \\<and>* (obj_id, slot) \\<mapsto>c cap ) s;\n    object_slots obj slot = Some cap\\<rbrakk> \\<Longrightarrow>\n   (D \\<and>* G \\<and>* E \\<and>* F  \\<and>*(obj_id, slot) \\<mapsto>s obj \\<and>* H \\<and>* Z \\<and>* J \\<and>* L \\<and>* Y \\<and>* A \\<and>* B \\<and>*  obj_id \\<mapsto>f obj) s\"",
        "output": "",
        "raw_output": "proof (prove)\ngoal (1 subgoal):\n 1. \\<lbrakk>(H \\<and>* Z \\<and>* J \\<and>* L \\<and>* Y \\<and>* obj_id \\<mapsto>f obj \\<and>* A \\<and>* B \\<and>* D \\<and>* G \\<and>* E \\<and>* F \\<and>* (obj_id, slot) \\<mapsto>c cap) s; object_slots obj slot = Some cap\\<rbrakk> \\<Longrightarrow> (D \\<and>* G \\<and>* E \\<and>* F \\<and>* (obj_id, slot) \\<mapsto>s obj \\<and>* H \\<and>* Z \\<and>* J \\<and>* L \\<and>* Y \\<and>* A \\<and>* B \\<and>* obj_id \\<mapsto>f obj) s",
        "step_time": 0.018811464309692383
    },
    {
        "index": 153,
        "step": "apply (sep_drule sep_rule_double_conjunct_example, assumption)",
        "output": "",
        "raw_output": "proof (prove)\ngoal (1 subgoal):\n 1. \\<lbrakk>object_slots obj slot = Some cap; ((obj_id, slot) \\<mapsto>s obj \\<and>* obj_id \\<mapsto>f obj \\<and>* H \\<and>* Z \\<and>* J \\<and>* L \\<and>* Y \\<and>* A \\<and>* B \\<and>* D \\<and>* G \\<and>* E \\<and>* F) s\\<rbrakk> \\<Longrightarrow> (D \\<and>* G \\<and>* E \\<and>* F \\<and>* (obj_id, slot) \\<mapsto>s obj \\<and>* H \\<and>* Z \\<and>* J \\<and>* L \\<and>* Y \\<and>* A \\<and>* B \\<and>* obj_id \\<mapsto>f obj) s",
        "step_time": 0.6538419723510742
    },
    {
        "index": 154,
        "step": "apply (sep_solve)",
        "output": "",
        "raw_output": "proof (prove)\ngoal:\nNo subgoals!",
        "step_time": 0.3556520938873291
    },
    {
        "index": 155,
        "step": "done",
        "output": "",
        "raw_output": "",
        "step_time": 0.009121179580688477
    },
    {
        "index": 156,
        "step": "schematic_goal \"(P \\<and>* ?A) s \\<Longrightarrow> (A \\<and>* B \\<and>* P) s\"",
        "output": "",
        "raw_output": "proof (prove)\ngoal (1 subgoal):\n 1. (P \\<and>* ?A) s \\<Longrightarrow> (A \\<and>* B \\<and>* P) s",
        "step_time": 0.008903741836547852
    },
    {
        "index": 157,
        "step": "apply (sep_solve)",
        "output": "",
        "raw_output": "proof (prove)\ngoal:\nNo subgoals!\ngoal instantiation:\n?A \\<leadsto> P \\<longrightarrow>* A \\<and>* B \\<and>* P",
        "step_time": 0.014540433883666992
    },
    {
        "index": 158,
        "step": "done",
        "output": "",
        "raw_output": "",
        "step_time": 0.009528636932373047
    },
    {
        "index": 159,
        "step": "end",
        "output": "",
        "raw_output": "",
        "step_time": 0.005980253219604492
    }
]