[
    {
        "index": 0,
        "step": "(*\n * Copyright 2020, Data61, CSIRO (ABN 41 687 119 230)\n *\n * SPDX-License-Identifier: GPL-2.0-only\n *)\n\n",
        "output": "",
        "raw_output": "",
        "step_time": 0.006302356719970703
    },
    {
        "index": 1,
        "step": "theory ArchTypes\nimports Deterministic_AC\nbegin",
        "output": "",
        "raw_output": "",
        "step_time": 0.006257295608520508
    },
    {
        "index": 2,
        "step": "section \\<open>Policy and policy refinement\\<close>",
        "output": "",
        "raw_output": "",
        "step_time": 0.005355358123779297
    },
    {
        "index": 3,
        "step": "subsection \\<open>Arch-specific definitions\\<close>",
        "output": "",
        "raw_output": "",
        "step_time": 0.0050199031829833984
    },
    {
        "index": 4,
        "step": "datatype arch_auth = ASIDPoolMapsASID",
        "output": "",
        "raw_output": "",
        "step_time": 0.49384236335754395
    },
    {
        "index": 5,
        "step": "end",
        "output": "",
        "raw_output": "",
        "step_time": 0.008346319198608398
    }
]