[
    {
        "index": 0,
        "step": "(*\n * Copyright 2020, Data61, CSIRO (ABN 41 687 119 230)\n *\n * SPDX-License-Identifier: BSD-2-Clause\n *)\n\n(*\nHoare reasoning and WP (weakest-precondition) generator rules for the reader option monad.\n\nThis list is almost certainly incomplete; add rules here as they are needed.\n*)\n\n",
        "output": "",
        "raw_output": "",
        "step_time": 0.005511045455932617
    },
    {
        "index": 1,
        "step": "theory Reader_Option_VCG\nimports\n  Reader_Option_Monad\n  WPSimp\nbegin",
        "output": "",
        "raw_output": "",
        "step_time": 0.0049664974212646484
    },
    {
        "index": 2,
        "step": "\n\n(* Hoare triples.\n   TODO: design a sensible syntax for them. *)\n\n(* Partial correctness. *)\n",
        "output": "",
        "raw_output": "",
        "step_time": 0.0035936832427978516
    },
    {
        "index": 3,
        "step": "definition ovalid :: \"('s \\<Rightarrow> bool) \\<Rightarrow> ('s \\<Rightarrow> 'a option) \\<Rightarrow> ('a \\<Rightarrow> 's \\<Rightarrow> bool) \\<Rightarrow> bool\"\n  (\"\\<lblot>_\\<rblot>/ _ /\\<lblot>_\\<rblot>\") where\n  \"\\<lblot>P\\<rblot> f \\<lblot>Q\\<rblot> \\<equiv> \\<forall>s r. P s \\<and> f s = Some r \\<longrightarrow> Q r s\"",
        "output": "",
        "raw_output": "",
        "step_time": 0.07187271118164062
    },
    {
        "index": 4,
        "step": "\n\n(* Total correctness. *)\n",
        "output": "",
        "raw_output": "",
        "step_time": 0.005913734436035156
    },
    {
        "index": 5,
        "step": "definition ovalidNF :: \"('s \\<Rightarrow> bool) \\<Rightarrow> ('s \\<Rightarrow> 'a option) \\<Rightarrow> ('a \\<Rightarrow> 's \\<Rightarrow> bool) \\<Rightarrow> bool\" where\n  \"ovalidNF P f Q \\<equiv> \\<forall>s. P s \\<longrightarrow> (f s \\<noteq> None \\<and> (\\<forall>r. f s = Some r \\<longrightarrow> Q r s))\"",
        "output": "",
        "raw_output": "",
        "step_time": 0.021393299102783203
    },
    {
        "index": 6,
        "step": "\n(* Termination. *)\n",
        "output": "",
        "raw_output": "",
        "step_time": 0.005383014678955078
    },
    {
        "index": 7,
        "step": "definition no_ofail where \"no_ofail P f \\<equiv> \\<forall>s. P s \\<longrightarrow> f s \\<noteq> None\"",
        "output": "",
        "raw_output": "",
        "step_time": 0.016666650772094727
    },
    {
        "index": 8,
        "step": "\n\n(*\nThis rule lets us apply ovalidNF machinery for proving no_ofail.\nHowever, we ought to eventually write working wp rules for no_ofail (see below).\n*)\n",
        "output": "",
        "raw_output": "",
        "step_time": 0.005181074142456055
    },
    {
        "index": 9,
        "step": "lemma no_ofail_is_ovalidNF: \"no_ofail P f \\<equiv> ovalidNF P f (\\<lambda>_ _. True)\"",
        "output": "",
        "raw_output": "proof (prove)\ngoal (1 subgoal):\n 1. no_ofail P f \\<equiv> ovalidNF P f (\\<lambda>_ _. True)",
        "step_time": 0.009912729263305664
    },
    {
        "index": 10,
        "step": "by (simp add: no_ofail_def ovalidNF_def)",
        "output": "",
        "raw_output": "",
        "step_time": 0.009403467178344727
    },
    {
        "index": 11,
        "step": "lemma ovalidNF_combine: \"\\<lbrakk> ovalid P f Q; no_ofail P f \\<rbrakk> \\<Longrightarrow> ovalidNF P f Q\"",
        "output": "",
        "raw_output": "proof (prove)\ngoal (1 subgoal):\n 1. \\<lbrakk>\\<lblot>P\\<rblot> f \\<lblot>Q\\<rblot>; no_ofail P f\\<rbrakk> \\<Longrightarrow> ovalidNF P f Q",
        "step_time": 0.010316610336303711
    },
    {
        "index": 12,
        "step": "by (auto simp: ovalidNF_def ovalid_def no_ofail_def)",
        "output": "",
        "raw_output": "",
        "step_time": 0.013491392135620117
    },
    {
        "index": 13,
        "step": "\n\n(* use ovalid with f s = Some r *)\n",
        "output": "",
        "raw_output": "",
        "step_time": 0.0052831172943115234
    },
    {
        "index": 14,
        "step": "lemma use_ovalidE:\n  \"\\<lbrakk>ovalid P f Q; P s; f s = Some r; Q r s \\<Longrightarrow> R\\<rbrakk> \\<Longrightarrow> R\"",
        "output": "",
        "raw_output": "proof (prove)\ngoal (1 subgoal):\n 1. \\<lbrakk>\\<lblot>P\\<rblot> f \\<lblot>Q\\<rblot>; P s; f s = Some r; Q r s \\<Longrightarrow> R\\<rbrakk> \\<Longrightarrow> R",
        "step_time": 0.011801481246948242
    },
    {
        "index": 15,
        "step": "by (clarsimp simp: ovalid_def)",
        "output": "",
        "raw_output": "",
        "step_time": 0.012778043746948242
    },
    {
        "index": 16,
        "step": "lemma use_ovalid:\n  \"\\<lbrakk>ovalid P f Q; f s = Some r; P s \\<rbrakk> \\<Longrightarrow> Q r s\"",
        "output": "",
        "raw_output": "proof (prove)\ngoal (1 subgoal):\n 1. \\<lbrakk>\\<lblot>P\\<rblot> f \\<lblot>Q\\<rblot>; f s = Some r; P s\\<rbrakk> \\<Longrightarrow> Q r s",
        "step_time": 0.01109623908996582
    },
    {
        "index": 17,
        "step": "by (clarsimp simp: ovalid_def)",
        "output": "",
        "raw_output": "",
        "step_time": 0.01148843765258789
    },
    {
        "index": 18,
        "step": "\n\n(* Annotating programs with loop invariant and measure. *)\n",
        "output": "",
        "raw_output": "",
        "step_time": 0.004864931106567383
    },
    {
        "index": 19,
        "step": "definition owhile_inv ::\n  \"('a \\<Rightarrow> 's \\<Rightarrow> bool) \\<Rightarrow> ('a \\<Rightarrow> 's \\<Rightarrow> 'a option) \\<Rightarrow> 'a\n   \\<Rightarrow> ('a \\<Rightarrow> 's \\<Rightarrow> bool) \\<Rightarrow> ('a \\<Rightarrow> 's \\<Rightarrow> nat) \\<Rightarrow> 's \\<Rightarrow> 'a option\"\n  where \"owhile_inv C B x I M = owhile C B x\"",
        "output": "",
        "raw_output": "",
        "step_time": 0.017632484436035156
    },
    {
        "index": 20,
        "step": "lemmas owhile_add_inv = owhile_inv_def[symmetric]",
        "output": "",
        "raw_output": "",
        "step_time": 0.006220579147338867
    },
    {
        "index": 21,
        "step": "\n\n\n(* WP rules for ovalid. *)\n",
        "output": "",
        "raw_output": "",
        "step_time": 0.004790782928466797
    },
    {
        "index": 22,
        "step": "lemma ovalid_post_taut[wp]:\n  \"\\<lblot>P\\<rblot> f \\<lblot>\\<top>\\<top>\\<rblot>\"",
        "output": "",
        "raw_output": "proof (prove)\ngoal (1 subgoal):\n 1. \\<lblot>P\\<rblot> f \\<lblot>\\<lambda>_ _. True\\<rblot>",
        "step_time": 0.006960391998291016
    },
    {
        "index": 23,
        "step": "by (simp add: ovalid_def)",
        "output": "",
        "raw_output": "",
        "step_time": 0.007792234420776367
    },
    {
        "index": 24,
        "step": "lemma ovalid_inv[wp]:\n  \"ovalid P f (\\<lambda>_. P)\"",
        "output": "",
        "raw_output": "proof (prove)\ngoal (1 subgoal):\n 1. \\<lblot>P\\<rblot> f \\<lblot>\\<lambda>_. P\\<rblot>",
        "step_time": 0.0069921016693115234
    },
    {
        "index": 25,
        "step": "by (simp add: ovalid_def)",
        "output": "",
        "raw_output": "",
        "step_time": 0.007535219192504883
    },
    {
        "index": 26,
        "step": "lemma obind_wp[wp]:\n  \"\\<lbrakk> \\<And>r. ovalid (R r) (g r) Q; ovalid P f R \\<rbrakk> \\<Longrightarrow> ovalid P (obind f g) Q\"",
        "output": "",
        "raw_output": "proof (prove)\ngoal (1 subgoal):\n 1. \\<lbrakk>\\<And>r. \\<lblot>R r\\<rblot> g r \\<lblot>Q\\<rblot>; \\<lblot>P\\<rblot> f \\<lblot>R\\<rblot>\\<rbrakk> \\<Longrightarrow> \\<lblot>P\\<rblot> f >>= g \\<lblot>Q\\<rblot>",
        "step_time": 0.012786865234375
    },
    {
        "index": 27,
        "step": "by (simp add: ovalid_def obind_def split: option.splits, fast)",
        "output": "",
        "raw_output": "",
        "step_time": 0.024570703506469727
    },
    {
        "index": 28,
        "step": "lemma oreturn_wp[wp]:\n  \"ovalid (P x) (oreturn x) P\"",
        "output": "",
        "raw_output": "proof (prove)\ngoal (1 subgoal):\n 1. \\<lblot>P x\\<rblot> oreturn x \\<lblot>P\\<rblot>",
        "step_time": 0.00822758674621582
    },
    {
        "index": 29,
        "step": "by (simp add: ovalid_def)",
        "output": "",
        "raw_output": "",
        "step_time": 0.009372949600219727
    },
    {
        "index": 30,
        "step": "lemma ocondition_wp[wp]:\n  \"\\<lbrakk> ovalid L l Q; ovalid R r Q \\<rbrakk>\n   \\<Longrightarrow> ovalid (\\<lambda>s. if C s then L s else R s) (ocondition C l r) Q\"",
        "output": "",
        "raw_output": "proof (prove)\ngoal (1 subgoal):\n 1. \\<lbrakk>\\<lblot>L\\<rblot> l \\<lblot>Q\\<rblot>; \\<lblot>R\\<rblot> r \\<lblot>Q\\<rblot>\\<rbrakk> \\<Longrightarrow> \\<lblot>\\<lambda>s. if C s then L s else R s\\<rblot> ocondition C l r \\<lblot>Q\\<rblot>",
        "step_time": 0.01225137710571289
    },
    {
        "index": 31,
        "step": "by (auto simp: ovalid_def ocondition_def)",
        "output": "",
        "raw_output": "",
        "step_time": 0.024523496627807617
    },
    {
        "index": 32,
        "step": "lemma ofail_wp[wp]:\n  \"ovalid (\\<lambda>_. True) ofail Q\"",
        "output": "",
        "raw_output": "proof (prove)\ngoal (1 subgoal):\n 1. \\<lblot>\\<lambda>_. True\\<rblot> ofail \\<lblot>Q\\<rblot>",
        "step_time": 0.006314277648925781
    },
    {
        "index": 33,
        "step": "by (simp add: ovalid_def ofail_def)",
        "output": "",
        "raw_output": "",
        "step_time": 0.006283760070800781
    },
    {
        "index": 34,
        "step": "lemma asks_wp[wp]:\n  \"ovalid (\\<lambda>s. P (f s) s) (asks f) P\"",
        "output": "",
        "raw_output": "proof (prove)\ngoal (1 subgoal):\n 1. \\<lblot>\\<lambda>s. P (f s) s\\<rblot> ogets f \\<lblot>P\\<rblot>",
        "step_time": 0.010139942169189453
    },
    {
        "index": 35,
        "step": "by (simp add: split_def asks_def oreturn_def obind_def ovalid_def)",
        "output": "",
        "raw_output": "",
        "step_time": 0.009665727615356445
    },
    {
        "index": 36,
        "step": "\n\n(* more direct form *)\n",
        "output": "",
        "raw_output": "",
        "step_time": 0.00410008430480957
    },
    {
        "index": 37,
        "step": "lemma asks_SomeD:\n  \"\\<lbrakk>asks f s = Some r; Q (f s) s\\<rbrakk> \\<Longrightarrow> Q r s\"",
        "output": "",
        "raw_output": "proof (prove)\ngoal (1 subgoal):\n 1. \\<lbrakk>ogets f s = Some r; Q (f s) s\\<rbrakk> \\<Longrightarrow> Q r s",
        "step_time": 0.009804010391235352
    },
    {
        "index": 38,
        "step": "by (rule use_ovalid[OF asks_wp])",
        "output": "",
        "raw_output": "",
        "step_time": 0.0065615177154541016
    },
    {
        "index": 39,
        "step": "lemma oassert_wp[wp]:\n  \"\\<lblot>\\<lambda>s. Q \\<longrightarrow> P () s\\<rblot> oassert Q \\<lblot>P\\<rblot>\"",
        "output": "",
        "raw_output": "proof (prove)\ngoal (1 subgoal):\n 1. \\<lblot>\\<lambda>s. Q \\<longrightarrow> P () s\\<rblot> oassert Q \\<lblot>P\\<rblot>",
        "step_time": 0.008499622344970703
    },
    {
        "index": 40,
        "step": "apply (simp add: oassert_def)",
        "output": "",
        "raw_output": "proof (prove)\ngoal (1 subgoal):\n 1. (Q \\<longrightarrow> \\<lblot>P ()\\<rblot> oreturn () \\<lblot>P\\<rblot>) \\<and> (\\<not> Q \\<longrightarrow> \\<lblot>\\<lambda>s. True\\<rblot> ofail \\<lblot>P\\<rblot>)",
        "step_time": 0.009340763092041016
    },
    {
        "index": 41,
        "step": "apply (intro conjI; wpsimp)",
        "output": "",
        "raw_output": "proof (prove)\ngoal:\nNo subgoals!",
        "step_time": 0.00948786735534668
    },
    {
        "index": 42,
        "step": "done",
        "output": "",
        "raw_output": "",
        "step_time": 0.005283832550048828
    },
    {
        "index": 43,
        "step": "lemma ogets_wp[wp]:\n  \"ovalid (\\<lambda>s. P (f s) s) (ogets f) P\"",
        "output": "",
        "raw_output": "proof (prove)\ngoal (1 subgoal):\n 1. \\<lblot>\\<lambda>s. P (f s) s\\<rblot> ogets f \\<lblot>P\\<rblot>",
        "step_time": 0.009800195693969727
    },
    {
        "index": 44,
        "step": "by wp",
        "output": "",
        "raw_output": "",
        "step_time": 0.0062634944915771484
    },
    {
        "index": 45,
        "step": "lemma oguard_wp[wp]:\n  \"ovalid (\\<lambda>s. f s \\<longrightarrow> P () s) (oguard f) P\"",
        "output": "",
        "raw_output": "proof (prove)\ngoal (1 subgoal):\n 1. \\<lblot>\\<lambda>s. f s \\<longrightarrow> P () s\\<rblot> oguard f \\<lblot>P\\<rblot>",
        "step_time": 0.007784128189086914
    },
    {
        "index": 46,
        "step": "by (simp add: ovalid_def oguard_def)",
        "output": "",
        "raw_output": "",
        "step_time": 0.01159214973449707
    },
    {
        "index": 47,
        "step": "lemma oskip_wp[wp]:\n  \"ovalid (\\<lambda>s. P () s) oskip P\"",
        "output": "",
        "raw_output": "proof (prove)\ngoal (1 subgoal):\n 1. \\<lblot>P ()\\<rblot> oskip \\<lblot>P\\<rblot>",
        "step_time": 0.007721662521362305
    },
    {
        "index": 48,
        "step": "by (simp add: ovalid_def oskip_def)",
        "output": "",
        "raw_output": "",
        "step_time": 0.006884098052978516
    },
    {
        "index": 49,
        "step": "lemma ovalid_if_split:\n  \"\\<lbrakk> P \\<Longrightarrow> \\<lblot>Q\\<rblot> f \\<lblot>S\\<rblot>; \\<not>P \\<Longrightarrow> \\<lblot>R\\<rblot> g \\<lblot>S\\<rblot> \\<rbrakk> \\<Longrightarrow> \\<lblot>\\<lambda>s. (P \\<longrightarrow> Q s) \\<and> (\\<not>P \\<longrightarrow> R s)\\<rblot> if P then f else g \\<lblot>S\\<rblot>\"",
        "output": "",
        "raw_output": "proof (prove)\ngoal (1 subgoal):\n 1. \\<lbrakk>P \\<Longrightarrow> \\<lblot>Q\\<rblot> f \\<lblot>S\\<rblot>; \\<not> P \\<Longrightarrow> \\<lblot>R\\<rblot> g \\<lblot>S\\<rblot>\\<rbrakk> \\<Longrightarrow> \\<lblot>\\<lambda>s. (P \\<longrightarrow> Q s) \\<and> (\\<not> P \\<longrightarrow> R s)\\<rblot> if P then f else g \\<lblot>S\\<rblot>",
        "step_time": 0.01129460334777832
    },
    {
        "index": 50,
        "step": "by simp",
        "output": "",
        "raw_output": "",
        "step_time": 0.012830257415771484
    },
    {
        "index": 51,
        "step": "lemma ovalid_case_prod[wp]:\n  assumes \"(\\<And>x y. ovalid (P x y) (B x y) Q)\"\n  shows \"ovalid (case v of (x, y) \\<Rightarrow> P x y) (case v of (x, y) \\<Rightarrow> B x y) Q\"",
        "output": "",
        "raw_output": "proof (prove)\ngoal (1 subgoal):\n 1. \\<lblot>case v of (x, y) \\<Rightarrow> P x y\\<rblot> case v of (x, y) \\<Rightarrow> B x y \\<lblot>Q\\<rblot>",
        "step_time": 0.015585184097290039
    },
    {
        "index": 52,
        "step": "using assms",
        "output": "",
        "raw_output": "proof (prove)\nusing this:\n\\<lblot>P ?x ?y\\<rblot> B ?x ?y \\<lblot>Q\\<rblot>\n\ngoal (1 subgoal):\n 1. \\<lblot>case v of (x, y) \\<Rightarrow> P x y\\<rblot> case v of (x, y) \\<Rightarrow> B x y \\<lblot>Q\\<rblot>",
        "step_time": 0.005919933319091797
    },
    {
        "index": 53,
        "step": "unfolding ovalid_def",
        "output": "",
        "raw_output": "proof (prove)\nusing this:\n\\<forall>s r. P ?x ?y s \\<and> B ?x ?y s = Some r \\<longrightarrow> Q r s\n\ngoal (1 subgoal):\n 1. \\<forall>s r. (case v of (x, xa) \\<Rightarrow> P x xa) s \\<and> (case v of (x, xa) \\<Rightarrow> B x xa) s = Some r \\<longrightarrow> Q r s",
        "step_time": 0.00640416145324707
    },
    {
        "index": 54,
        "step": "by auto",
        "output": "",
        "raw_output": "",
        "step_time": 0.012250185012817383
    },
    {
        "index": 55,
        "step": "lemma owhile_ovalid[wp]:\n  \"\\<lbrakk>\\<And>a. ovalid (\\<lambda>s. I a s \\<and> C a s) (B a) I;\n    \\<And>a s. \\<lbrakk>I a s; \\<not> C a s\\<rbrakk> \\<Longrightarrow> Q a s\\<rbrakk>\n   \\<Longrightarrow> ovalid (I a) (owhile_inv C B a I M) Q\"",
        "output": "",
        "raw_output": "proof (prove)\ngoal (1 subgoal):\n 1. \\<lbrakk>\\<And>a. \\<lblot>\\<lambda>s. I a s \\<and> C a s\\<rblot> B a \\<lblot>I\\<rblot>; \\<And>a s. \\<lbrakk>I a s; \\<not> C a s\\<rbrakk> \\<Longrightarrow> Q a s\\<rbrakk> \\<Longrightarrow> \\<lblot>I a\\<rblot> owhile_inv C B a I M \\<lblot>Q\\<rblot>",
        "step_time": 0.030794382095336914
    },
    {
        "index": 56,
        "step": "unfolding owhile_inv_def owhile_def ovalid_def",
        "output": "",
        "raw_output": "proof (prove)\ngoal (1 subgoal):\n 1. \\<lbrakk>\\<And>a. \\<forall>s r. (I a s \\<and> C a s) \\<and> B a s = Some r \\<longrightarrow> I r s; \\<And>a s. \\<lbrakk>I a s; \\<not> C a s\\<rbrakk> \\<Longrightarrow> Q a s\\<rbrakk> \\<Longrightarrow> \\<forall>s r. I a s \\<and> option_while (\\<lambda>a. C a s) (\\<lambda>a. B a s) a = Some r \\<longrightarrow> Q r s",
        "step_time": 0.005141258239746094
    },
    {
        "index": 57,
        "step": "apply clarify",
        "output": "",
        "raw_output": "proof (prove)\ngoal (1 subgoal):\n 1. \\<And>s r. \\<lbrakk>\\<And>a. \\<forall>s r. (I a s \\<and> C a s) \\<and> B a s = Some r \\<longrightarrow> I r s; \\<And>a s. \\<lbrakk>I a s; \\<not> C a s\\<rbrakk> \\<Longrightarrow> Q a s; I a s; option_while (\\<lambda>a. C a s) (\\<lambda>a. B a s) a = Some r\\<rbrakk> \\<Longrightarrow> Q r s",
        "step_time": 0.0051517486572265625
    },
    {
        "index": 58,
        "step": "apply (frule (1) option_while_rule[where I = \"\\<lambda>a. I a s\" for s])",
        "output": "",
        "raw_output": "proof (prove)\ngoal (2 subgoals):\n 1. \\<And>s r sa s'. \\<lbrakk>\\<And>a. \\<forall>s r. (I a s \\<and> C a s) \\<and> B a s = Some r \\<longrightarrow> I r s; \\<And>a s. \\<lbrakk>I a s; \\<not> C a s\\<rbrakk> \\<Longrightarrow> Q a s; I a s; option_while (\\<lambda>a. C a s) (\\<lambda>a. B a s) a = Some r; C sa s; I sa s; B sa s = Some s'\\<rbrakk> \\<Longrightarrow> I s' s\n 2. \\<And>s r. \\<lbrakk>\\<And>a. \\<forall>s r. (I a s \\<and> C a s) \\<and> B a s = Some r \\<longrightarrow> I r s; \\<And>a s. \\<lbrakk>I a s; \\<not> C a s\\<rbrakk> \\<Longrightarrow> Q a s; I a s; option_while (\\<lambda>a. C a s) (\\<lambda>a. B a s) a = Some r; I r s \\<and> \\<not> C r s\\<rbrakk> \\<Longrightarrow> Q r s",
        "step_time": 0.008971691131591797
    },
    {
        "index": 59,
        "step": "apply auto",
        "output": "",
        "raw_output": "proof (prove)\ngoal:\nNo subgoals!",
        "step_time": 0.2493751049041748
    },
    {
        "index": 60,
        "step": "done",
        "output": "",
        "raw_output": "",
        "step_time": 0.008558034896850586
    },
    {
        "index": 61,
        "step": "lemma assert_opt_ovalid:\n  \"\\<lblot>\\<lambda>s. \\<forall>y. x = Some y \\<longrightarrow> Q y s\\<rblot> oassert_opt x \\<lblot>Q\\<rblot>\"",
        "output": "",
        "raw_output": "proof (prove)\ngoal (1 subgoal):\n 1. \\<lblot>\\<lambda>s. \\<forall>y. x = Some y \\<longrightarrow> Q y s\\<rblot> oassert_opt x \\<lblot>Q\\<rblot>",
        "step_time": 0.010811567306518555
    },
    {
        "index": 62,
        "step": "unfolding oassert_opt_def",
        "output": "",
        "raw_output": "proof (prove)\ngoal (1 subgoal):\n 1. \\<lblot>\\<lambda>s. \\<forall>y. x = Some y \\<longrightarrow> Q y s\\<rblot> case x of None \\<Rightarrow> ofail | Some x \\<Rightarrow> oreturn x \\<lblot>Q\\<rblot>",
        "step_time": 0.007784605026245117
    },
    {
        "index": 63,
        "step": "by (case_tac x; wpsimp)",
        "output": "",
        "raw_output": "",
        "step_time": 0.013562202453613281
    },
    {
        "index": 64,
        "step": "definition ovalid_property where \"ovalid_property P x = (\\<lambda>s f. (\\<forall>r. Some r = x s f \\<longrightarrow> P r s))\"",
        "output": "",
        "raw_output": "",
        "step_time": 0.017648696899414062
    },
    {
        "index": 65,
        "step": "lemma ovalid_is_triple[wp_trip]:\n  \"ovalid P f Q = triple_judgement P f (ovalid_property Q (\\<lambda>s f. f s))\"",
        "output": "",
        "raw_output": "proof (prove)\ngoal (1 subgoal):\n 1. \\<lblot>P\\<rblot> f \\<lblot>Q\\<rblot> = triple_judgement P f (ovalid_property Q (\\<lambda>s f. f s))",
        "step_time": 0.009236812591552734
    },
    {
        "index": 66,
        "step": "by (auto simp: triple_judgement_def ovalid_def ovalid_property_def)",
        "output": "",
        "raw_output": "",
        "step_time": 0.019729137420654297
    },
    {
        "index": 67,
        "step": "lemma ovalid_wp_comb1[wp_comb]:\n  \"\\<lbrakk> ovalid P' f Q; ovalid P f Q'; \\<And>s. P s \\<Longrightarrow> P' s \\<rbrakk> \\<Longrightarrow> ovalid P f (\\<lambda>r s. Q r s \\<and> Q' r s)\"",
        "output": "",
        "raw_output": "proof (prove)\ngoal (1 subgoal):\n 1. \\<lbrakk>\\<lblot>P'\\<rblot> f \\<lblot>Q\\<rblot>; \\<lblot>P\\<rblot> f \\<lblot>Q'\\<rblot>; \\<And>s. P s \\<Longrightarrow> P' s\\<rbrakk> \\<Longrightarrow> \\<lblot>P\\<rblot> f \\<lblot>\\<lambda>r s. Q r s \\<and> Q' r s\\<rblot>",
        "step_time": 0.012905597686767578
    },
    {
        "index": 68,
        "step": "by (simp add: ovalid_def)",
        "output": "",
        "raw_output": "",
        "step_time": 0.016712665557861328
    },
    {
        "index": 69,
        "step": "lemma ovalid_wp_comb2[wp_comb]:\n  \"\\<lbrakk> ovalid P f Q; \\<And>s. P' s \\<Longrightarrow> P s \\<rbrakk> \\<Longrightarrow> ovalid P' f Q\"",
        "output": "",
        "raw_output": "proof (prove)\ngoal (1 subgoal):\n 1. \\<lbrakk>\\<lblot>P\\<rblot> f \\<lblot>Q\\<rblot>; \\<And>s. P' s \\<Longrightarrow> P s\\<rbrakk> \\<Longrightarrow> \\<lblot>P'\\<rblot> f \\<lblot>Q\\<rblot>",
        "step_time": 0.010514974594116211
    },
    {
        "index": 70,
        "step": "by (auto simp: ovalid_def)",
        "output": "",
        "raw_output": "",
        "step_time": 0.010943412780761719
    },
    {
        "index": 71,
        "step": "lemma ovalid_wp_comb3[wp_comb]:\n  \"\\<lbrakk> ovalid P f Q; ovalid P' f Q' \\<rbrakk> \\<Longrightarrow> ovalid (\\<lambda>s. P s \\<and> P' s) f (\\<lambda>r s. Q r s \\<and> Q' r s)\"",
        "output": "",
        "raw_output": "proof (prove)\ngoal (1 subgoal):\n 1. \\<lbrakk>\\<lblot>P\\<rblot> f \\<lblot>Q\\<rblot>; \\<lblot>P'\\<rblot> f \\<lblot>Q'\\<rblot>\\<rbrakk> \\<Longrightarrow> \\<lblot>\\<lambda>s. P s \\<and> P' s\\<rblot> f \\<lblot>\\<lambda>r s. Q r s \\<and> Q' r s\\<rblot>",
        "step_time": 0.013193368911743164
    },
    {
        "index": 72,
        "step": "by (auto simp: ovalid_def)",
        "output": "",
        "raw_output": "",
        "step_time": 0.013893365859985352
    },
    {
        "index": 73,
        "step": "\n\n\n(* WP rules for ovalidNF. *)\n",
        "output": "",
        "raw_output": "",
        "step_time": 0.004467487335205078
    },
    {
        "index": 74,
        "step": "lemma obind_NF_wp[wp]:\n  \"\\<lbrakk> \\<And>r. ovalidNF (R r) (g r) Q; ovalidNF P f R \\<rbrakk> \\<Longrightarrow> ovalidNF P (obind f g) Q\"",
        "output": "",
        "raw_output": "proof (prove)\ngoal (1 subgoal):\n 1. \\<lbrakk>\\<And>r. ovalidNF (R r) (g r) Q; ovalidNF P f R\\<rbrakk> \\<Longrightarrow> ovalidNF P (f >>= g) Q",
        "step_time": 0.010671615600585938
    },
    {
        "index": 75,
        "step": "by (auto simp: ovalidNF_def obind_def split: option.splits)",
        "output": "",
        "raw_output": "",
        "step_time": 0.03262162208557129
    },
    {
        "index": 76,
        "step": "lemma oreturn_NF_wp[wp]:\n  \"ovalidNF (P x) (oreturn x) P\"",
        "output": "",
        "raw_output": "proof (prove)\ngoal (1 subgoal):\n 1. ovalidNF (P x) (oreturn x) P",
        "step_time": 0.0071222782135009766
    },
    {
        "index": 77,
        "step": "by (simp add: ovalidNF_def oreturn_def)",
        "output": "",
        "raw_output": "",
        "step_time": 0.0078887939453125
    },
    {
        "index": 78,
        "step": "lemma ocondition_NF_wp[wp]:\n  \"\\<lbrakk> ovalidNF L l Q; ovalidNF R r Q \\<rbrakk>\n   \\<Longrightarrow> ovalidNF (\\<lambda>s. if C s then L s else R s) (ocondition C l r) Q\"",
        "output": "",
        "raw_output": "proof (prove)\ngoal (1 subgoal):\n 1. \\<lbrakk>ovalidNF L l Q; ovalidNF R r Q\\<rbrakk> \\<Longrightarrow> ovalidNF (\\<lambda>s. if C s then L s else R s) (ocondition C l r) Q",
        "step_time": 0.011818647384643555
    },
    {
        "index": 79,
        "step": "by (simp add: ovalidNF_def ocondition_def)",
        "output": "",
        "raw_output": "",
        "step_time": 0.023562908172607422
    },
    {
        "index": 80,
        "step": "lemma ofail_NF_wp[wp]:\n  \"ovalidNF (\\<lambda>_. False) ofail Q\"",
        "output": "",
        "raw_output": "proof (prove)\ngoal (1 subgoal):\n 1. ovalidNF (\\<lambda>_. False) ofail Q",
        "step_time": 0.006449222564697266
    },
    {
        "index": 81,
        "step": "by (simp add: ovalidNF_def ofail_def)",
        "output": "",
        "raw_output": "",
        "step_time": 0.007369041442871094
    },
    {
        "index": 82,
        "step": "lemma ogets_NF_wp[wp]:\n  \"ovalidNF (\\<lambda>s. P (f s) s) (ogets f) P\"",
        "output": "",
        "raw_output": "proof (prove)\ngoal (1 subgoal):\n 1. ovalidNF (\\<lambda>s. P (f s) s) (ogets f) P",
        "step_time": 0.007572650909423828
    },
    {
        "index": 83,
        "step": "by (simp add: ovalidNF_def ogets_def)",
        "output": "",
        "raw_output": "",
        "step_time": 0.008367300033569336
    },
    {
        "index": 84,
        "step": "lemma oguard_NF_wp[wp]:\n  \"ovalidNF (\\<lambda>s. f s \\<and> P () s) (oguard f) P\"",
        "output": "",
        "raw_output": "proof (prove)\ngoal (1 subgoal):\n 1. ovalidNF (\\<lambda>s. f s \\<and> P () s) (oguard f) P",
        "step_time": 0.007302999496459961
    },
    {
        "index": 85,
        "step": "by (simp add: ovalidNF_def oguard_def)",
        "output": "",
        "raw_output": "",
        "step_time": 0.008137226104736328
    },
    {
        "index": 86,
        "step": "lemma oskip_NF_wp[wp]:\n  \"ovalidNF (\\<lambda>s. P () s) oskip P\"",
        "output": "",
        "raw_output": "proof (prove)\ngoal (1 subgoal):\n 1. ovalidNF (P ()) oskip P",
        "step_time": 0.006034374237060547
    },
    {
        "index": 87,
        "step": "by (simp add: ovalidNF_def oskip_def)",
        "output": "",
        "raw_output": "",
        "step_time": 0.007120370864868164
    },
    {
        "index": 88,
        "step": "lemma ovalid_NF_case_prod[wp]:\n  assumes \"(\\<And>x y. ovalidNF (P x y) (B x y) Q)\"\n  shows \"ovalidNF (case v of (x, y) \\<Rightarrow> P x y) (case v of (x, y) \\<Rightarrow> B x y) Q\"",
        "output": "",
        "raw_output": "proof (prove)\ngoal (1 subgoal):\n 1. ovalidNF (case v of (x, y) \\<Rightarrow> P x y) (case v of (x, y) \\<Rightarrow> B x y) Q",
        "step_time": 0.01330256462097168
    },
    {
        "index": 89,
        "step": "using assms",
        "output": "",
        "raw_output": "proof (prove)\nusing this:\novalidNF (P ?x ?y) (B ?x ?y) Q\n\ngoal (1 subgoal):\n 1. ovalidNF (case v of (x, y) \\<Rightarrow> P x y) (case v of (x, y) \\<Rightarrow> B x y) Q",
        "step_time": 0.005705833435058594
    },
    {
        "index": 90,
        "step": "unfolding ovalidNF_def",
        "output": "",
        "raw_output": "proof (prove)\nusing this:\n\\<forall>s. P ?x ?y s \\<longrightarrow> B ?x ?y s \\<noteq> None \\<and> (\\<forall>r. B ?x ?y s = Some r \\<longrightarrow> Q r s)\n\ngoal (1 subgoal):\n 1. \\<forall>s. (case v of (x, xa) \\<Rightarrow> P x xa) s \\<longrightarrow> (case v of (x, xa) \\<Rightarrow> B x xa) s \\<noteq> None \\<and> (\\<forall>r. (case v of (x, xa) \\<Rightarrow> B x xa) s = Some r \\<longrightarrow> Q r s)",
        "step_time": 0.0066530704498291016
    },
    {
        "index": 91,
        "step": "by auto",
        "output": "",
        "raw_output": "",
        "step_time": 0.014802932739257812
    },
    {
        "index": 92,
        "step": "lemma owhile_NF[wp]:\n  \"\\<lbrakk>\\<And>a. ovalidNF (\\<lambda>s. I a s \\<and> C a s) (B a) I;\n    \\<And>a m. ovalid (\\<lambda>s. I a s \\<and> C a s \\<and> M a s = m) (B a) (\\<lambda>r s. M r s < m);\n    \\<And>a s. \\<lbrakk>I a s; \\<not> C a s\\<rbrakk> \\<Longrightarrow> Q a s\\<rbrakk>\n   \\<Longrightarrow> ovalidNF (I a) (owhile_inv C B a I M) Q\"",
        "output": "",
        "raw_output": "proof (prove)\ngoal (1 subgoal):\n 1. \\<lbrakk>\\<And>a. ovalidNF (\\<lambda>s. I a s \\<and> C a s) (B a) I; \\<And>a m. \\<lblot>\\<lambda>s. I a s \\<and> C a s \\<and> M a s = m\\<rblot> B a \\<lblot>\\<lambda>r s. M r s < m\\<rblot>; \\<And>a s. \\<lbrakk>I a s; \\<not> C a s\\<rbrakk> \\<Longrightarrow> Q a s\\<rbrakk> \\<Longrightarrow> ovalidNF (I a) (owhile_inv C B a I M) Q",
        "step_time": 0.021684885025024414
    },
    {
        "index": 93,
        "step": "unfolding owhile_inv_def ovalidNF_def ovalid_def",
        "output": "",
        "raw_output": "proof (prove)\ngoal (1 subgoal):\n 1. \\<lbrakk>\\<And>a. \\<forall>s. I a s \\<and> C a s \\<longrightarrow> B a s \\<noteq> None \\<and> (\\<forall>r. B a s = Some r \\<longrightarrow> I r s); \\<And>a m. \\<forall>s r. (I a s \\<and> C a s \\<and> M a s = m) \\<and> B a s = Some r \\<longrightarrow> M r s < m; \\<And>a s. \\<lbrakk>I a s; \\<not> C a s\\<rbrakk> \\<Longrightarrow> Q a s\\<rbrakk> \\<Longrightarrow> \\<forall>s. I a s \\<longrightarrow> owhile C B a s \\<noteq> None \\<and> (\\<forall>r. owhile C B a s = Some r \\<longrightarrow> Q r s)",
        "step_time": 0.007101774215698242
    },
    {
        "index": 94,
        "step": "apply clarify",
        "output": "",
        "raw_output": "proof (prove)\ngoal (1 subgoal):\n 1. \\<And>s. \\<lbrakk>\\<And>a. \\<forall>s. I a s \\<and> C a s \\<longrightarrow> B a s \\<noteq> None \\<and> (\\<forall>r. B a s = Some r \\<longrightarrow> I r s); \\<And>a m. \\<forall>s r. (I a s \\<and> C a s \\<and> M a s = m) \\<and> B a s = Some r \\<longrightarrow> M r s < m; \\<And>a s. \\<lbrakk>I a s; \\<not> C a s\\<rbrakk> \\<Longrightarrow> Q a s; I a s\\<rbrakk> \\<Longrightarrow> owhile C B a s \\<noteq> None \\<and> (\\<forall>r. owhile C B a s = Some r \\<longrightarrow> Q r s)",
        "step_time": 0.0076715946197509766
    },
    {
        "index": 95,
        "step": "apply (rule owhile_rule[where I = I and M = \"measure (\\<lambda>r. M r s)\" and s = s for s])",
        "output": "",
        "raw_output": "proof (prove)\ngoal (6 subgoals):\n 1. \\<And>s. \\<lbrakk>\\<And>a. \\<forall>s. I a s \\<and> C a s \\<longrightarrow> B a s \\<noteq> None \\<and> (\\<forall>r. B a s = Some r \\<longrightarrow> I r s); \\<And>a m. \\<forall>s r. (I a s \\<and> C a s \\<and> M a s = m) \\<and> B a s = Some r \\<longrightarrow> M r s < m; \\<And>a s. \\<lbrakk>I a s; \\<not> C a s\\<rbrakk> \\<Longrightarrow> Q a s; I a s\\<rbrakk> \\<Longrightarrow> I a s\n 2. \\<And>s. \\<lbrakk>\\<And>a. \\<forall>s. I a s \\<and> C a s \\<longrightarrow> B a s \\<noteq> None \\<and> (\\<forall>r. B a s = Some r \\<longrightarrow> I r s); \\<And>a m. \\<forall>s r. (I a s \\<and> C a s \\<and> M a s = m) \\<and> B a s = Some r \\<longrightarrow> M r s < m; \\<And>a s. \\<lbrakk>I a s; \\<not> C a s\\<rbrakk> \\<Longrightarrow> Q a s; I a s\\<rbrakk> \\<Longrightarrow> wf (measure (\\<lambda>r. M r s))\n 3. \\<And>s r r'. \\<lbrakk>\\<And>a. \\<forall>s. I a s \\<and> C a s \\<longrightarrow> B a s \\<noteq> None \\<and> (\\<forall>r. B a s = Some r \\<longrightarrow> I r s); \\<And>a m. \\<forall>s r. (I a s \\<and> C a s \\<and> M a s = m) \\<and> B a s = Some r \\<longrightarrow> M r s < m; \\<And>a s. \\<lbrakk>I a s; \\<not> C a s\\<rbrakk> \\<Longrightarrow> Q a s; I a s; I r s; C r s; B r s = Some r'\\<rbrakk> \\<Longrightarrow> (r', r) \\<in> measure (\\<lambda>r. M r s)\n 4. \\<And>s r r'. \\<lbrakk>\\<And>a. \\<forall>s. I a s \\<and> C a s \\<longrightarrow> B a s \\<noteq> None \\<and> (\\<forall>r. B a s = Some r \\<longrightarrow> I r s); \\<And>a m. \\<forall>s r. (I a s \\<and> C a s \\<and> M a s = m) \\<and> B a s = Some r \\<longrightarrow> M r s < m; \\<And>a s. \\<lbrakk>I a s; \\<not> C a s\\<rbrakk> \\<Longrightarrow> Q a s; I a s; I r s; C r s; B r s = Some r'\\<rbrakk> \\<Longrightarrow> I r' s\n 5. \\<And>s r. \\<lbrakk>\\<And>a. \\<forall>s. I a s \\<and> C a s \\<longrightarrow> B a s \\<noteq> None \\<and> (\\<forall>r. B a s = Some r \\<longrightarrow> I r s); \\<And>a m. \\<forall>s r. (I a s \\<and> C a s \\<and> M a s = m) \\<and> B a s = Some r \\<longrightarrow> M r s < m; \\<And>a s. \\<lbrakk>I a s; \\<not> C a s\\<rbrakk> \\<Longrightarrow> Q a s; I a s; I r s; C r s; B r s = None\\<rbrakk> \\<Longrightarrow> None \\<noteq> None \\<and> (\\<forall>r. None = Some r \\<longrightarrow> Q r s)\n 6. \\<And>s r. \\<lbrakk>\\<And>a. \\<forall>s. I a s \\<and> C a s \\<longrightarrow> B a s \\<noteq> None \\<and> (\\<forall>r. B a s = Some r \\<longrightarrow> I r s); \\<And>a m. \\<forall>s r. (I a s \\<and> C a s \\<and> M a s = m) \\<and> B a s = Some r \\<longrightarrow> M r s < m; \\<And>a s. \\<lbrakk>I a s; \\<not> C a s\\<rbrakk> \\<Longrightarrow> Q a s; I a s; I r s; \\<not> C r s\\<rbrakk> \\<Longrightarrow> Some r \\<noteq> None \\<and> (\\<forall>ra. Some r = Some ra \\<longrightarrow> Q ra s)",
        "step_time": 0.02070903778076172
    },
    {
        "index": 96,
        "step": "apply fastforce",
        "output": "",
        "raw_output": "proof (prove)\ngoal (5 subgoals):\n 1. \\<And>s. \\<lbrakk>\\<And>a. \\<forall>s. I a s \\<and> C a s \\<longrightarrow> B a s \\<noteq> None \\<and> (\\<forall>r. B a s = Some r \\<longrightarrow> I r s); \\<And>a m. \\<forall>s r. (I a s \\<and> C a s \\<and> M a s = m) \\<and> B a s = Some r \\<longrightarrow> M r s < m; \\<And>a s. \\<lbrakk>I a s; \\<not> C a s\\<rbrakk> \\<Longrightarrow> Q a s; I a s\\<rbrakk> \\<Longrightarrow> wf (measure (\\<lambda>r. M r s))\n 2. \\<And>s r r'. \\<lbrakk>\\<And>a. \\<forall>s. I a s \\<and> C a s \\<longrightarrow> B a s \\<noteq> None \\<and> (\\<forall>r. B a s = Some r \\<longrightarrow> I r s); \\<And>a m. \\<forall>s r. (I a s \\<and> C a s \\<and> M a s = m) \\<and> B a s = Some r \\<longrightarrow> M r s < m; \\<And>a s. \\<lbrakk>I a s; \\<not> C a s\\<rbrakk> \\<Longrightarrow> Q a s; I a s; I r s; C r s; B r s = Some r'\\<rbrakk> \\<Longrightarrow> (r', r) \\<in> measure (\\<lambda>r. M r s)\n 3. \\<And>s r r'. \\<lbrakk>\\<And>a. \\<forall>s. I a s \\<and> C a s \\<longrightarrow> B a s \\<noteq> None \\<and> (\\<forall>r. B a s = Some r \\<longrightarrow> I r s); \\<And>a m. \\<forall>s r. (I a s \\<and> C a s \\<and> M a s = m) \\<and> B a s = Some r \\<longrightarrow> M r s < m; \\<And>a s. \\<lbrakk>I a s; \\<not> C a s\\<rbrakk> \\<Longrightarrow> Q a s; I a s; I r s; C r s; B r s = Some r'\\<rbrakk> \\<Longrightarrow> I r' s\n 4. \\<And>s r. \\<lbrakk>\\<And>a. \\<forall>s. I a s \\<and> C a s \\<longrightarrow> B a s \\<noteq> None \\<and> (\\<forall>r. B a s = Some r \\<longrightarrow> I r s); \\<And>a m. \\<forall>s r. (I a s \\<and> C a s \\<and> M a s = m) \\<and> B a s = Some r \\<longrightarrow> M r s < m; \\<And>a s. \\<lbrakk>I a s; \\<not> C a s\\<rbrakk> \\<Longrightarrow> Q a s; I a s; I r s; C r s; B r s = None\\<rbrakk> \\<Longrightarrow> None \\<noteq> None \\<and> (\\<forall>r. None = Some r \\<longrightarrow> Q r s)\n 5. \\<And>s r. \\<lbrakk>\\<And>a. \\<forall>s. I a s \\<and> C a s \\<longrightarrow> B a s \\<noteq> None \\<and> (\\<forall>r. B a s = Some r \\<longrightarrow> I r s); \\<And>a m. \\<forall>s r. (I a s \\<and> C a s \\<and> M a s = m) \\<and> B a s = Some r \\<longrightarrow> M r s < m; \\<And>a s. \\<lbrakk>I a s; \\<not> C a s\\<rbrakk> \\<Longrightarrow> Q a s; I a s; I r s; \\<not> C r s\\<rbrakk> \\<Longrightarrow> Some r \\<noteq> None \\<and> (\\<forall>ra. Some r = Some ra \\<longrightarrow> Q ra s)",
        "step_time": 0.020008325576782227
    },
    {
        "index": 97,
        "step": "apply fastforce",
        "output": "",
        "raw_output": "proof (prove)\ngoal (4 subgoals):\n 1. \\<And>s r r'. \\<lbrakk>\\<And>a. \\<forall>s. I a s \\<and> C a s \\<longrightarrow> B a s \\<noteq> None \\<and> (\\<forall>r. B a s = Some r \\<longrightarrow> I r s); \\<And>a m. \\<forall>s r. (I a s \\<and> C a s \\<and> M a s = m) \\<and> B a s = Some r \\<longrightarrow> M r s < m; \\<And>a s. \\<lbrakk>I a s; \\<not> C a s\\<rbrakk> \\<Longrightarrow> Q a s; I a s; I r s; C r s; B r s = Some r'\\<rbrakk> \\<Longrightarrow> (r', r) \\<in> measure (\\<lambda>r. M r s)\n 2. \\<And>s r r'. \\<lbrakk>\\<And>a. \\<forall>s. I a s \\<and> C a s \\<longrightarrow> B a s \\<noteq> None \\<and> (\\<forall>r. B a s = Some r \\<longrightarrow> I r s); \\<And>a m. \\<forall>s r. (I a s \\<and> C a s \\<and> M a s = m) \\<and> B a s = Some r \\<longrightarrow> M r s < m; \\<And>a s. \\<lbrakk>I a s; \\<not> C a s\\<rbrakk> \\<Longrightarrow> Q a s; I a s; I r s; C r s; B r s = Some r'\\<rbrakk> \\<Longrightarrow> I r' s\n 3. \\<And>s r. \\<lbrakk>\\<And>a. \\<forall>s. I a s \\<and> C a s \\<longrightarrow> B a s \\<noteq> None \\<and> (\\<forall>r. B a s = Some r \\<longrightarrow> I r s); \\<And>a m. \\<forall>s r. (I a s \\<and> C a s \\<and> M a s = m) \\<and> B a s = Some r \\<longrightarrow> M r s < m; \\<And>a s. \\<lbrakk>I a s; \\<not> C a s\\<rbrakk> \\<Longrightarrow> Q a s; I a s; I r s; C r s; B r s = None\\<rbrakk> \\<Longrightarrow> None \\<noteq> None \\<and> (\\<forall>r. None = Some r \\<longrightarrow> Q r s)\n 4. \\<And>s r. \\<lbrakk>\\<And>a. \\<forall>s. I a s \\<and> C a s \\<longrightarrow> B a s \\<noteq> None \\<and> (\\<forall>r. B a s = Some r \\<longrightarrow> I r s); \\<And>a m. \\<forall>s r. (I a s \\<and> C a s \\<and> M a s = m) \\<and> B a s = Some r \\<longrightarrow> M r s < m; \\<And>a s. \\<lbrakk>I a s; \\<not> C a s\\<rbrakk> \\<Longrightarrow> Q a s; I a s; I r s; \\<not> C r s\\<rbrakk> \\<Longrightarrow> Some r \\<noteq> None \\<and> (\\<forall>ra. Some r = Some ra \\<longrightarrow> Q ra s)",
        "step_time": 0.01735997200012207
    },
    {
        "index": 98,
        "step": "apply fastforce",
        "output": "",
        "raw_output": "proof (prove)\ngoal (3 subgoals):\n 1. \\<And>s r r'. \\<lbrakk>\\<And>a. \\<forall>s. I a s \\<and> C a s \\<longrightarrow> B a s \\<noteq> None \\<and> (\\<forall>r. B a s = Some r \\<longrightarrow> I r s); \\<And>a m. \\<forall>s r. (I a s \\<and> C a s \\<and> M a s = m) \\<and> B a s = Some r \\<longrightarrow> M r s < m; \\<And>a s. \\<lbrakk>I a s; \\<not> C a s\\<rbrakk> \\<Longrightarrow> Q a s; I a s; I r s; C r s; B r s = Some r'\\<rbrakk> \\<Longrightarrow> I r' s\n 2. \\<And>s r. \\<lbrakk>\\<And>a. \\<forall>s. I a s \\<and> C a s \\<longrightarrow> B a s \\<noteq> None \\<and> (\\<forall>r. B a s = Some r \\<longrightarrow> I r s); \\<And>a m. \\<forall>s r. (I a s \\<and> C a s \\<and> M a s = m) \\<and> B a s = Some r \\<longrightarrow> M r s < m; \\<And>a s. \\<lbrakk>I a s; \\<not> C a s\\<rbrakk> \\<Longrightarrow> Q a s; I a s; I r s; C r s; B r s = None\\<rbrakk> \\<Longrightarrow> None \\<noteq> None \\<and> (\\<forall>r. None = Some r \\<longrightarrow> Q r s)\n 3. \\<And>s r. \\<lbrakk>\\<And>a. \\<forall>s. I a s \\<and> C a s \\<longrightarrow> B a s \\<noteq> None \\<and> (\\<forall>r. B a s = Some r \\<longrightarrow> I r s); \\<And>a m. \\<forall>s r. (I a s \\<and> C a s \\<and> M a s = m) \\<and> B a s = Some r \\<longrightarrow> M r s < m; \\<And>a s. \\<lbrakk>I a s; \\<not> C a s\\<rbrakk> \\<Longrightarrow> Q a s; I a s; I r s; \\<not> C r s\\<rbrakk> \\<Longrightarrow> Some r \\<noteq> None \\<and> (\\<forall>ra. Some r = Some ra \\<longrightarrow> Q ra s)",
        "step_time": 0.29930877685546875
    },
    {
        "index": 99,
        "step": "apply blast+",
        "output": "",
        "raw_output": "proof (prove)\ngoal:\nNo subgoals!",
        "step_time": 0.021395206451416016
    },
    {
        "index": 100,
        "step": "done",
        "output": "",
        "raw_output": "",
        "step_time": 0.007764577865600586
    },
    {
        "index": 101,
        "step": "definition ovalidNF_property where\n  \"ovalidNF_property P x = (\\<lambda>s f. (x s f \\<noteq> None \\<and> (\\<forall>r. Some r = x s f \\<longrightarrow> P r s)))\"",
        "output": "",
        "raw_output": "",
        "step_time": 0.01699066162109375
    },
    {
        "index": 102,
        "step": "lemma ovalidNF_is_triple[wp_trip]:\n  \"ovalidNF P f Q = triple_judgement P f (ovalidNF_property Q (\\<lambda>s f. f s))\"",
        "output": "",
        "raw_output": "proof (prove)\ngoal (1 subgoal):\n 1. ovalidNF P f Q = triple_judgement P f (ovalidNF_property Q (\\<lambda>s f. f s))",
        "step_time": 0.011079549789428711
    },
    {
        "index": 103,
        "step": "by (auto simp: triple_judgement_def ovalidNF_def ovalidNF_property_def)",
        "output": "",
        "raw_output": "",
        "step_time": 0.026521921157836914
    },
    {
        "index": 104,
        "step": "lemma ovalidNF_wp_comb1[wp_comb]:\n  \"\\<lbrakk> ovalidNF P' f Q; ovalidNF P f Q'; \\<And>s. P s \\<Longrightarrow> P' s \\<rbrakk> \\<Longrightarrow> ovalidNF P f (\\<lambda>r s. Q r s \\<and> Q' r s)\"",
        "output": "",
        "raw_output": "proof (prove)\ngoal (1 subgoal):\n 1. \\<lbrakk>ovalidNF P' f Q; ovalidNF P f Q'; \\<And>s. P s \\<Longrightarrow> P' s\\<rbrakk> \\<Longrightarrow> ovalidNF P f (\\<lambda>r s. Q r s \\<and> Q' r s)",
        "step_time": 0.01125335693359375
    },
    {
        "index": 105,
        "step": "by (simp add: ovalidNF_def)",
        "output": "",
        "raw_output": "",
        "step_time": 0.01814866065979004
    },
    {
        "index": 106,
        "step": "lemma ovalidNF_wp_comb2[wp_comb]:\n  \"\\<lbrakk> ovalidNF P f Q; \\<And>s. P' s \\<Longrightarrow> P s \\<rbrakk> \\<Longrightarrow> ovalidNF P' f Q\"",
        "output": "",
        "raw_output": "proof (prove)\ngoal (1 subgoal):\n 1. \\<lbrakk>ovalidNF P f Q; \\<And>s. P' s \\<Longrightarrow> P s\\<rbrakk> \\<Longrightarrow> ovalidNF P' f Q",
        "step_time": 0.009593963623046875
    },
    {
        "index": 107,
        "step": "by (simp add: ovalidNF_def)",
        "output": "",
        "raw_output": "",
        "step_time": 0.012163400650024414
    },
    {
        "index": 108,
        "step": "lemma ovalidNF_wp_comb3[wp_comb]:\n  \"\\<lbrakk> ovalidNF P f Q; ovalidNF P' f Q' \\<rbrakk> \\<Longrightarrow> ovalidNF (\\<lambda>s. P s \\<and> P' s) f (\\<lambda>r s. Q r s \\<and> Q' r s)\"",
        "output": "",
        "raw_output": "proof (prove)\ngoal (1 subgoal):\n 1. \\<lbrakk>ovalidNF P f Q; ovalidNF P' f Q'\\<rbrakk> \\<Longrightarrow> ovalidNF (\\<lambda>s. P s \\<and> P' s) f (\\<lambda>r s. Q r s \\<and> Q' r s)",
        "step_time": 0.011471986770629883
    },
    {
        "index": 109,
        "step": "by (simp add: ovalidNF_def)",
        "output": "",
        "raw_output": "",
        "step_time": 0.018498897552490234
    },
    {
        "index": 110,
        "step": "\n\n\n(* FIXME: WP rules for no_ofail, which might not be correct. *)\n",
        "output": "",
        "raw_output": "",
        "step_time": 0.0051538944244384766
    },
    {
        "index": 111,
        "step": "lemma no_ofailD:\n  \"\\<lbrakk> no_ofail P m; P s \\<rbrakk> \\<Longrightarrow> \\<exists>y. m s = Some y\"",
        "output": "",
        "raw_output": "proof (prove)\ngoal (1 subgoal):\n 1. \\<lbrakk>no_ofail P m; P s\\<rbrakk> \\<Longrightarrow> \\<exists>y. m s = Some y",
        "step_time": 0.008556127548217773
    },
    {
        "index": 112,
        "step": "by (simp add: no_ofail_def)",
        "output": "",
        "raw_output": "",
        "step_time": 0.008153676986694336
    },
    {
        "index": 113,
        "step": "lemma no_ofail_obind2[simp]:\n  assumes f: \"no_ofail P f\"\n  assumes v: \"ovalid Q f R\"\n  assumes g: \"\\<And>r. no_ofail (R r) (g r)\"\n  shows \"no_ofail (P and Q) (f |>> g)\"",
        "output": "",
        "raw_output": "proof (prove)\ngoal (1 subgoal):\n 1. no_ofail (P and Q) (f >>= g)",
        "step_time": 0.009831428527832031
    },
    {
        "index": 114,
        "step": "using v g",
        "output": "",
        "raw_output": "proof (prove)\nusing this:\n\\<lblot>Q\\<rblot> f \\<lblot>R\\<rblot>\nno_ofail (R ?r) (g ?r)\n\ngoal (1 subgoal):\n 1. no_ofail (P and Q) (f >>= g)",
        "step_time": 0.0046732425689697266
    },
    {
        "index": 115,
        "step": "by (fastforce simp: no_ofail_def obind_def pred_conj_def ovalid_def dest: no_ofailD [OF f])",
        "output": "",
        "raw_output": "",
        "step_time": 0.022239208221435547
    },
    {
        "index": 116,
        "step": "lemma no_ofail_ofail[wp]:\n  \"no_ofail \\<bottom> ofail\"",
        "output": "",
        "raw_output": "proof (prove)\ngoal (1 subgoal):\n 1. no_ofail (\\<lambda>_. False) ofail",
        "step_time": 0.0058629512786865234
    },
    {
        "index": 117,
        "step": "by (simp add: no_ofail_def)",
        "output": "",
        "raw_output": "",
        "step_time": 0.007394075393676758
    },
    {
        "index": 118,
        "step": "lemma no_ofail_asks_simp[simp]:\n  \"no_ofail P (asks f)\"",
        "output": "",
        "raw_output": "proof (prove)\ngoal (1 subgoal):\n 1. no_ofail P (ogets f)",
        "step_time": 0.007348299026489258
    },
    {
        "index": 119,
        "step": "unfolding asks_def oreturn_def obind_def no_ofail_def",
        "output": "",
        "raw_output": "proof (prove)\ngoal (1 subgoal):\n 1. \\<forall>s. P s \\<longrightarrow> (case Some s of None \\<Rightarrow> None | Some x \\<Rightarrow> (K \\<circ> Some) (f x) s) \\<noteq> None",
        "step_time": 0.00648951530456543
    },
    {
        "index": 120,
        "step": "by simp",
        "output": "",
        "raw_output": "",
        "step_time": 0.007004261016845703
    },
    {
        "index": 121,
        "step": "lemma no_ofail_asks[wp]:\n  \"no_ofail \\<top> (asks f)\"",
        "output": "",
        "raw_output": "proof (prove)\ngoal (1 subgoal):\n 1. no_ofail (\\<lambda>_. True) (ogets f)",
        "step_time": 0.0067026615142822266
    },
    {
        "index": 122,
        "step": "by simp",
        "output": "",
        "raw_output": "",
        "step_time": 0.005996227264404297
    },
    {
        "index": 123,
        "step": "lemma no_ofail_ogets[wp]:\n  \"no_ofail \\<top> (ogets f)\"",
        "output": "",
        "raw_output": "proof (prove)\ngoal (1 subgoal):\n 1. no_ofail (\\<lambda>_. True) (ogets f)",
        "step_time": 0.00661158561706543
    },
    {
        "index": 124,
        "step": "by simp",
        "output": "",
        "raw_output": "",
        "step_time": 0.00521087646484375
    },
    {
        "index": 125,
        "step": "lemma no_ofail_obind[wp]:\n  \"\\<lbrakk> \\<And>r. no_ofail (R r) (g r); \\<lblot>Q\\<rblot> f \\<lblot>R\\<rblot>; no_ofail P f \\<rbrakk> \\<Longrightarrow> no_ofail (P and Q) (f |>> g)\"",
        "output": "",
        "raw_output": "proof (prove)\ngoal (1 subgoal):\n 1. \\<lbrakk>\\<And>r. no_ofail (R r) (g r); \\<lblot>Q\\<rblot> f \\<lblot>R\\<rblot>; no_ofail P f\\<rbrakk> \\<Longrightarrow> no_ofail (P and Q) (f >>= g)",
        "step_time": 0.010589122772216797
    },
    {
        "index": 126,
        "step": "by (auto simp: no_ofail_def obind_def ovalid_def)",
        "output": "",
        "raw_output": "",
        "step_time": 0.03032088279724121
    },
    {
        "index": 127,
        "step": "lemma no_ofail_oguard[wp]:\n  \"no_ofail (\\<lambda>s. f s) (oguard f)\"",
        "output": "",
        "raw_output": "proof (prove)\ngoal (1 subgoal):\n 1. no_ofail f (oguard f)",
        "step_time": 0.007168292999267578
    },
    {
        "index": 128,
        "step": "by (auto simp: no_ofail_def oguard_def)",
        "output": "",
        "raw_output": "",
        "step_time": 0.0062255859375
    },
    {
        "index": 129,
        "step": "lemma no_ofail_ocondition[wp]:\n  \"\\<lbrakk> no_ofail L l; no_ofail R r \\<rbrakk>\n     \\<Longrightarrow> no_ofail (\\<lambda>s. if C s then L s else R s) (ocondition C l r)\"",
        "output": "",
        "raw_output": "proof (prove)\ngoal (1 subgoal):\n 1. \\<lbrakk>no_ofail L l; no_ofail R r\\<rbrakk> \\<Longrightarrow> no_ofail (\\<lambda>s. if C s then L s else R s) (ocondition C l r)",
        "step_time": 0.010525226593017578
    },
    {
        "index": 130,
        "step": "by (simp add: no_ofail_def ocondition_def)",
        "output": "",
        "raw_output": "",
        "step_time": 0.014578819274902344
    },
    {
        "index": 131,
        "step": "lemma no_ofail_oreturn[wp]:\n  \"no_ofail (\\<lambda>_. True) (oreturn x)\"",
        "output": "",
        "raw_output": "proof (prove)\ngoal (1 subgoal):\n 1. no_ofail (\\<lambda>_. True) (oreturn x)",
        "step_time": 0.006536245346069336
    },
    {
        "index": 132,
        "step": "by (simp add: no_ofail_def oreturn_def)",
        "output": "",
        "raw_output": "",
        "step_time": 0.006988048553466797
    },
    {
        "index": 133,
        "step": "lemma no_ofail_oskip[wp]:\n  \"no_ofail (\\<lambda>_. True) oskip\"",
        "output": "",
        "raw_output": "proof (prove)\ngoal (1 subgoal):\n 1. no_ofail (\\<lambda>_. True) oskip",
        "step_time": 0.0059070587158203125
    },
    {
        "index": 134,
        "step": "by (simp add: no_ofail_def oskip_def)",
        "output": "",
        "raw_output": "",
        "step_time": 0.006102085113525391
    },
    {
        "index": 135,
        "step": "lemma no_ofail_oassert_opt[simp, wp]:\n  \"no_ofail (\\<lambda>_. P \\<noteq> None) (oassert_opt P)\"",
        "output": "",
        "raw_output": "proof (prove)\ngoal (1 subgoal):\n 1. no_ofail (\\<lambda>_. P \\<noteq> None) (oassert_opt P)",
        "step_time": 0.00757598876953125
    },
    {
        "index": 136,
        "step": "by (simp add: no_ofail_def oassert_opt_def split: option.splits)",
        "output": "",
        "raw_output": "",
        "step_time": 0.011208057403564453
    },
    {
        "index": 137,
        "step": "lemma no_ofail_if[wp]:\n  \"\\<lbrakk> P \\<Longrightarrow> no_ofail Q f; \\<not> P \\<Longrightarrow> no_ofail R g \\<rbrakk>\n   \\<Longrightarrow> no_ofail (if P then Q else R) (if P then f else g)\"",
        "output": "",
        "raw_output": "proof (prove)\ngoal (1 subgoal):\n 1. \\<lbrakk>P \\<Longrightarrow> no_ofail Q f; \\<not> P \\<Longrightarrow> no_ofail R g\\<rbrakk> \\<Longrightarrow> no_ofail (if P then Q else R) (if P then f else g)",
        "step_time": 0.011425971984863281
    },
    {
        "index": 138,
        "step": "by simp",
        "output": "",
        "raw_output": "",
        "step_time": 0.011111736297607422
    },
    {
        "index": 139,
        "step": "lemma no_ofail_owhen[wp]:\n  \"(P \\<Longrightarrow> no_ofail Q f) \\<Longrightarrow> no_ofail (if P then Q else \\<top>) (owhen P f)\"",
        "output": "",
        "raw_output": "proof (prove)\ngoal (1 subgoal):\n 1. (P \\<Longrightarrow> no_ofail Q f) \\<Longrightarrow> no_ofail (if P then Q else (\\<lambda>_. True)) (owhen P f)",
        "step_time": 0.008811235427856445
    },
    {
        "index": 140,
        "step": "by (simp add: no_ofail_def owhen_def)",
        "output": "",
        "raw_output": "",
        "step_time": 0.011835098266601562
    },
    {
        "index": 141,
        "step": "lemma no_ofail_ounless[wp]:\n  \"(\\<not>P \\<Longrightarrow> no_ofail Q f) \\<Longrightarrow> no_ofail (if P then \\<top> else Q) (ounless P f)\"",
        "output": "",
        "raw_output": "proof (prove)\ngoal (1 subgoal):\n 1. (\\<not> P \\<Longrightarrow> no_ofail Q f) \\<Longrightarrow> no_ofail (if P then \\<lambda>_. True else Q) (ounless P f)",
        "step_time": 0.009045124053955078
    },
    {
        "index": 142,
        "step": "by (simp add: no_ofail_def ounless_def)",
        "output": "",
        "raw_output": "",
        "step_time": 0.013276815414428711
    },
    {
        "index": 143,
        "step": "lemma no_ofail_oassert[simp, wp]:\n  \"no_ofail (\\<lambda>_. P) (oassert P)\"",
        "output": "",
        "raw_output": "proof (prove)\ngoal (1 subgoal):\n 1. no_ofail (\\<lambda>_. P) (oassert P)",
        "step_time": 0.007003307342529297
    },
    {
        "index": 144,
        "step": "by (simp add: oassert_def no_ofail_def)",
        "output": "",
        "raw_output": "",
        "step_time": 0.007263660430908203
    },
    {
        "index": 145,
        "step": "lemma no_ofail_is_triple[wp_trip]:\n  \"no_ofail P f = triple_judgement P f (\\<lambda>s f. f s \\<noteq> None)\"",
        "output": "",
        "raw_output": "proof (prove)\ngoal (1 subgoal):\n 1. no_ofail P f = triple_judgement P f (\\<lambda>s f. f s \\<noteq> None)",
        "step_time": 0.007141590118408203
    },
    {
        "index": 146,
        "step": "by (auto simp: triple_judgement_def no_ofail_def)",
        "output": "",
        "raw_output": "",
        "step_time": 0.01338815689086914
    },
    {
        "index": 147,
        "step": "lemma no_ofail_wp_comb1[wp_comb]:\n  \"\\<lbrakk> no_ofail P f; \\<And>s. P' s \\<Longrightarrow> P s \\<rbrakk> \\<Longrightarrow> no_ofail P' f\"",
        "output": "",
        "raw_output": "proof (prove)\ngoal (1 subgoal):\n 1. \\<lbrakk>no_ofail P f; \\<And>s. P' s \\<Longrightarrow> P s\\<rbrakk> \\<Longrightarrow> no_ofail P' f",
        "step_time": 0.008191108703613281
    },
    {
        "index": 148,
        "step": "by (simp add: no_ofail_def)",
        "output": "",
        "raw_output": "",
        "step_time": 0.00792837142944336
    },
    {
        "index": 149,
        "step": "lemma no_ofail_wp_comb2[wp_comb]:\n  \"\\<lbrakk> no_ofail P f; no_ofail P' f \\<rbrakk> \\<Longrightarrow> no_ofail (\\<lambda>s. P s \\<and> P' s) f\"",
        "output": "",
        "raw_output": "proof (prove)\ngoal (1 subgoal):\n 1. \\<lbrakk>no_ofail P f; no_ofail P' f\\<rbrakk> \\<Longrightarrow> no_ofail (\\<lambda>s. P s \\<and> P' s) f",
        "step_time": 0.009530305862426758
    },
    {
        "index": 150,
        "step": "by (simp add: no_ofail_def)",
        "output": "",
        "raw_output": "",
        "step_time": 0.011269569396972656
    },
    {
        "index": 151,
        "step": "\n\n\n(* Some extra lemmas for our predicates. *)\n",
        "output": "",
        "raw_output": "",
        "step_time": 0.004267692565917969
    },
    {
        "index": 152,
        "step": "lemma ovalid_grab_asm:\n  \"(G \\<Longrightarrow> ovalid P f Q) \\<Longrightarrow> ovalid (\\<lambda>s. G \\<and> P s) f Q\"",
        "output": "",
        "raw_output": "proof (prove)\ngoal (1 subgoal):\n 1. (G \\<Longrightarrow> \\<lblot>P\\<rblot> f \\<lblot>Q\\<rblot>) \\<Longrightarrow> \\<lblot>\\<lambda>s. G \\<and> P s\\<rblot> f \\<lblot>Q\\<rblot>",
        "step_time": 0.009640932083129883
    },
    {
        "index": 153,
        "step": "by (simp add: ovalid_def)",
        "output": "",
        "raw_output": "",
        "step_time": 0.008177518844604492
    },
    {
        "index": 154,
        "step": "lemma ovalidNF_grab_asm:\n  \"(G \\<Longrightarrow> ovalidNF P f Q) \\<Longrightarrow> ovalidNF (\\<lambda>s. G \\<and> P s) f Q\"",
        "output": "",
        "raw_output": "proof (prove)\ngoal (1 subgoal):\n 1. (G \\<Longrightarrow> ovalidNF P f Q) \\<Longrightarrow> ovalidNF (\\<lambda>s. G \\<and> P s) f Q",
        "step_time": 0.008580207824707031
    },
    {
        "index": 155,
        "step": "by (simp add: ovalidNF_def)",
        "output": "",
        "raw_output": "",
        "step_time": 0.010065555572509766
    },
    {
        "index": 156,
        "step": "lemma no_ofail_grab_asm:\n  \"(G \\<Longrightarrow> no_ofail P f) \\<Longrightarrow> no_ofail (\\<lambda>s. G \\<and> P s) f\"",
        "output": "",
        "raw_output": "proof (prove)\ngoal (1 subgoal):\n 1. (G \\<Longrightarrow> no_ofail P f) \\<Longrightarrow> no_ofail (\\<lambda>s. G \\<and> P s) f",
        "step_time": 0.006821155548095703
    },
    {
        "index": 157,
        "step": "by (simp add: no_ofail_def)",
        "output": "",
        "raw_output": "",
        "step_time": 0.008221626281738281
    },
    {
        "index": 158,
        "step": "lemma ovalid_assume_pre:\n  \"(\\<And>s. P s \\<Longrightarrow> ovalid P f Q) \\<Longrightarrow> ovalid P f Q\"",
        "output": "",
        "raw_output": "proof (prove)\ngoal (1 subgoal):\n 1. (\\<And>s. P s \\<Longrightarrow> \\<lblot>P\\<rblot> f \\<lblot>Q\\<rblot>) \\<Longrightarrow> \\<lblot>P\\<rblot> f \\<lblot>Q\\<rblot>",
        "step_time": 0.007265806198120117
    },
    {
        "index": 159,
        "step": "by (auto simp: ovalid_def)",
        "output": "",
        "raw_output": "",
        "step_time": 0.011221170425415039
    },
    {
        "index": 160,
        "step": "lemma ovalidNF_assume_pre:\n  \"(\\<And>s. P s \\<Longrightarrow> ovalidNF P f Q) \\<Longrightarrow> ovalidNF P f Q\"",
        "output": "",
        "raw_output": "proof (prove)\ngoal (1 subgoal):\n 1. (\\<And>s. P s \\<Longrightarrow> ovalidNF P f Q) \\<Longrightarrow> ovalidNF P f Q",
        "step_time": 0.007451295852661133
    },
    {
        "index": 161,
        "step": "by (simp add: ovalidNF_def)",
        "output": "",
        "raw_output": "",
        "step_time": 0.010307788848876953
    },
    {
        "index": 162,
        "step": "lemma no_ofail_assume_pre:\n  \"(\\<And>s. P s \\<Longrightarrow> no_ofail P f) \\<Longrightarrow> no_ofail P f\"",
        "output": "",
        "raw_output": "proof (prove)\ngoal (1 subgoal):\n 1. (\\<And>s. P s \\<Longrightarrow> no_ofail P f) \\<Longrightarrow> no_ofail P f",
        "step_time": 0.007321834564208984
    },
    {
        "index": 163,
        "step": "by (simp add: no_ofail_def)",
        "output": "",
        "raw_output": "",
        "step_time": 0.006907463073730469
    },
    {
        "index": 164,
        "step": "lemma ovalid_pre_imp:\n  \"\\<lbrakk> \\<And>s. P' s \\<Longrightarrow> P s; ovalid P f Q \\<rbrakk> \\<Longrightarrow> ovalid P' f Q\"",
        "output": "",
        "raw_output": "proof (prove)\ngoal (1 subgoal):\n 1. \\<lbrakk>\\<And>s. P' s \\<Longrightarrow> P s; \\<lblot>P\\<rblot> f \\<lblot>Q\\<rblot>\\<rbrakk> \\<Longrightarrow> \\<lblot>P'\\<rblot> f \\<lblot>Q\\<rblot>",
        "step_time": 0.00880742073059082
    },
    {
        "index": 165,
        "step": "by (simp add: ovalid_def)",
        "output": "",
        "raw_output": "",
        "step_time": 0.009415388107299805
    },
    {
        "index": 166,
        "step": "lemma ovalidNF_pre_imp:\n  \"\\<lbrakk> \\<And>s. P' s \\<Longrightarrow> P s; ovalidNF P f Q \\<rbrakk> \\<Longrightarrow> ovalidNF P' f Q\"",
        "output": "",
        "raw_output": "proof (prove)\ngoal (1 subgoal):\n 1. \\<lbrakk>\\<And>s. P' s \\<Longrightarrow> P s; ovalidNF P f Q\\<rbrakk> \\<Longrightarrow> ovalidNF P' f Q",
        "step_time": 0.008936643600463867
    },
    {
        "index": 167,
        "step": "by (simp add: ovalidNF_def)",
        "output": "",
        "raw_output": "",
        "step_time": 0.00917363166809082
    },
    {
        "index": 168,
        "step": "lemma no_ofail_pre_imp[wp_pre]:\n  \"\\<lbrakk> no_ofail P f; \\<And>s. P' s \\<Longrightarrow> P s \\<rbrakk> \\<Longrightarrow> no_ofail P' f\"",
        "output": "",
        "raw_output": "proof (prove)\ngoal (1 subgoal):\n 1. \\<lbrakk>no_ofail P f; \\<And>s. P' s \\<Longrightarrow> P s\\<rbrakk> \\<Longrightarrow> no_ofail P' f",
        "step_time": 0.007922887802124023
    },
    {
        "index": 169,
        "step": "by (simp add: no_ofail_def)",
        "output": "",
        "raw_output": "",
        "step_time": 0.008788824081420898
    },
    {
        "index": 170,
        "step": "lemma ovalid_post_imp:\n  \"\\<lbrakk> \\<And>r s. Q r s \\<Longrightarrow> Q' r s; ovalid P f Q \\<rbrakk> \\<Longrightarrow> ovalid P f Q'\"",
        "output": "",
        "raw_output": "proof (prove)\ngoal (1 subgoal):\n 1. \\<lbrakk>\\<And>r s. Q r s \\<Longrightarrow> Q' r s; \\<lblot>P\\<rblot> f \\<lblot>Q\\<rblot>\\<rbrakk> \\<Longrightarrow> \\<lblot>P\\<rblot> f \\<lblot>Q'\\<rblot>",
        "step_time": 0.009196043014526367
    },
    {
        "index": 171,
        "step": "by (simp add: ovalid_def)",
        "output": "",
        "raw_output": "",
        "step_time": 0.010291337966918945
    },
    {
        "index": 172,
        "step": "lemma ovalidNF_post_imp:\n  \"\\<lbrakk> \\<And>r s. Q r s \\<Longrightarrow> Q' r s; ovalidNF P f Q \\<rbrakk> \\<Longrightarrow> ovalidNF P f Q'\"",
        "output": "",
        "raw_output": "proof (prove)\ngoal (1 subgoal):\n 1. \\<lbrakk>\\<And>r s. Q r s \\<Longrightarrow> Q' r s; ovalidNF P f Q\\<rbrakk> \\<Longrightarrow> ovalidNF P f Q'",
        "step_time": 0.009755611419677734
    },
    {
        "index": 173,
        "step": "by (simp add: ovalidNF_def)",
        "output": "",
        "raw_output": "",
        "step_time": 0.011062145233154297
    },
    {
        "index": 174,
        "step": "lemma ovalid_post_imp_assuming_pre:\n  \"\\<lbrakk> \\<And>r s. \\<lbrakk> P s; Q r s \\<rbrakk> \\<Longrightarrow> Q' r s; ovalid P f Q \\<rbrakk> \\<Longrightarrow> ovalid P f Q'\"",
        "output": "",
        "raw_output": "proof (prove)\ngoal (1 subgoal):\n 1. \\<lbrakk>\\<And>r s. \\<lbrakk>P s; Q r s\\<rbrakk> \\<Longrightarrow> Q' r s; \\<lblot>P\\<rblot> f \\<lblot>Q\\<rblot>\\<rbrakk> \\<Longrightarrow> \\<lblot>P\\<rblot> f \\<lblot>Q'\\<rblot>",
        "step_time": 0.010296344757080078
    },
    {
        "index": 175,
        "step": "by (simp add: ovalid_def)",
        "output": "",
        "raw_output": "",
        "step_time": 0.010253667831420898
    },
    {
        "index": 176,
        "step": "lemma ovalidNF_post_imp_assuming_pre:\n  \"\\<lbrakk> \\<And>r s. \\<lbrakk> P s; Q r s \\<rbrakk> \\<Longrightarrow> Q' r s; ovalidNF P f Q \\<rbrakk> \\<Longrightarrow> ovalidNF P f Q'\"",
        "output": "",
        "raw_output": "proof (prove)\ngoal (1 subgoal):\n 1. \\<lbrakk>\\<And>r s. \\<lbrakk>P s; Q r s\\<rbrakk> \\<Longrightarrow> Q' r s; ovalidNF P f Q\\<rbrakk> \\<Longrightarrow> ovalidNF P f Q'",
        "step_time": 0.009833097457885742
    },
    {
        "index": 177,
        "step": "by (simp add: ovalidNF_def)",
        "output": "",
        "raw_output": "",
        "step_time": 0.011340141296386719
    },
    {
        "index": 178,
        "step": "end",
        "output": "",
        "raw_output": "",
        "step_time": 0.0060236454010009766
    }
]