[
    {
        "index": 0,
        "step": "(*\n * Copyright 2020, Data61, CSIRO (ABN 41 687 119 230)\n *\n * SPDX-License-Identifier: BSD-2-Clause\n *)\n\n",
        "output": "",
        "raw_output": "",
        "step_time": 0.005762815475463867
    },
    {
        "index": 1,
        "step": "theory Simp_No_Conditional\n\nimports Main\n\nbegin",
        "output": "",
        "raw_output": "",
        "step_time": 0.005032777786254883
    },
    {
        "index": 2,
        "step": "text \\<open>\nSimplification without conditional rewriting. Setting the simplifier depth\nlimit to zero prevents attempts at conditional rewriting. This should make\nthe simplifier faster and more predictable on average. It may be particularly\nuseful in derived tactics and methods to avoid situations where the simplifier\nrepeatedly attempts and fails a conditional rewrite.\n\nAs always, there are caveats. Failing to perform a simple conditional rewrite\nmay open the door to expensive alternatives. Various simprocs which are\nconditional in nature will not be deactivated.\n\\<close>",
        "output": "",
        "raw_output": "",
        "step_time": 0.005009174346923828
    },
    {
        "index": 3,
        "step": "ML \\<open>\n\nstructure Simp_No_Conditional = struct\n\nval set_no_cond = Config.put Raw_Simplifier.simp_depth_limit 0\n\nval simp_tac = Simplifier.simp_tac o set_no_cond\nval asm_simp_tac = Simplifier.asm_simp_tac o set_no_cond\nval full_simp_tac = Simplifier.full_simp_tac o set_no_cond\nval asm_full_simp_tac = Simplifier.asm_full_simp_tac o set_no_cond\n\nval clarsimp_tac = Clasimp.clarsimp_tac o set_no_cond\nval auto_tac = Clasimp.auto_tac o set_no_cond\n\nfun mk_method secs tac\n    = Method.sections secs >> K (SIMPLE_METHOD' o tac)\nval mk_clasimp_method = mk_method Clasimp.clasimp_modifiers\n\nfun mk_clasimp_all_method tac =\n    Method.sections Clasimp.clasimp_modifiers >> K (SIMPLE_METHOD o tac)\n\nval simp_method = mk_method Simplifier.simp_modifiers\n    (CHANGED_PROP oo asm_full_simp_tac)\nval clarsimp_method = mk_clasimp_method (CHANGED_PROP oo clarsimp_tac)\nval auto_method = mk_clasimp_all_method (CHANGED_PROP o auto_tac)\n\nend\n\n\\<close>",
        "output": "",
        "raw_output": "",
        "step_time": 0.02382946014404297
    },
    {
        "index": 4,
        "step": "method_setup simp_no_cond = \\<open>Simp_No_Conditional.simp_method\\<close>\n    \"Simplification with no conditional simplification.\"",
        "output": "",
        "raw_output": "",
        "step_time": 0.008248567581176758
    },
    {
        "index": 5,
        "step": "method_setup clarsimp_no_cond = \\<open>Simp_No_Conditional.clarsimp_method\\<close>\n    \"Clarsimp with no conditional simplification.\"",
        "output": "",
        "raw_output": "",
        "step_time": 0.008215188980102539
    },
    {
        "index": 6,
        "step": "method_setup auto_no_cond = \\<open>Simp_No_Conditional.auto_method\\<close>\n    \"Auto with no conditional simplification.\"",
        "output": "",
        "raw_output": "",
        "step_time": 0.007542848587036133
    },
    {
        "index": 7,
        "step": "end",
        "output": "",
        "raw_output": "",
        "step_time": 0.006066083908081055
    }
]